<?xml version="1.0" encoding="UTF-8"?>
<gpx creator="StravaGPX" version="1.1" xmlns="http://www.topografix.com/GPX/1/1" xmlns:xsi="http://www.w3.org/2001/XMLSchema-instance" xsi:schemaLocation="http://www.topografix.com/GPX/1/1 http://www.topografix.com/GPX/1/1/gpx.xsd http://www.garmin.com/xmlschemas/GpxExtensions/v3 http://www.garmin.com/xmlschemas/GpxExtensionsv3.xsd http://www.garmin.com/xmlschemas/TrackPointExtension/v1 http://www.garmin.com/xmlschemas/TrackPointExtensionv1.xsd" xmlns:gpxtpx="http://www.garmin.com/xmlschemas/TrackPointExtension/v1" xmlns:gpxx="http://www.garmin.com/xmlschemas/GpxExtensions/v3">
 <trk>
  <name>Midsummer Run 2024</name>
  <type>running</type>
  <trkseg>
   <trkpt lat="46.9338200" lon="7.4461660"/>
   <trkpt lat="46.9337980" lon="7.4461920"/>
   <trkpt lat="46.9337820" lon="7.4462250"/>
   <trkpt lat="46.9337600" lon="7.4462590"/>
   <trkpt lat="46.9337400" lon="7.4462930"/>
   <trkpt lat="46.9337190" lon="7.4463290"/>
   <trkpt lat="46.9336970" lon="7.4463640"/>
   <trkpt lat="46.9336780" lon="7.4463970"/>
   <trkpt lat="46.9336570" lon="7.4464320"/>
   <trkpt lat="46.9336360" lon="7.4464650"/>
   <trkpt lat="46.9336170" lon="7.4464960"/>
   <trkpt lat="46.9335960" lon="7.4465310"/>
   <trkpt lat="46.9335760" lon="7.4465640"/>
   <trkpt lat="46.9335570" lon="7.4465950"/>
   <trkpt lat="46.9335410" lon="7.4466260"/>
   <trkpt lat="46.9335240" lon="7.4466590"/>
   <trkpt lat="46.9335030" lon="7.4466940"/>
   <trkpt lat="46.9334850" lon="7.4467310"/>
   <trkpt lat="46.9334700" lon="7.4467670"/>
   <trkpt lat="46.9334550" lon="7.4468080"/>
   <trkpt lat="46.9334400" lon="7.4468420"/>
   <trkpt lat="46.9334270" lon="7.4468790"/>
   <trkpt lat="46.9334110" lon="7.4469150"/>
   <trkpt lat="46.9333930" lon="7.4469530"/>
   <trkpt lat="46.9333710" lon="7.4469900"/>
   <trkpt lat="46.9333530" lon="7.4470250"/>
   <trkpt lat="46.9333350" lon="7.4470690"/>
   <trkpt lat="46.9333150" lon="7.4471130"/>
   <trkpt lat="46.9332990" lon="7.4471530"/>
   <trkpt lat="46.9332870" lon="7.4471960"/>
   <trkpt lat="46.9332730" lon="7.4472320"/>
   <trkpt lat="46.9332610" lon="7.4472640"/>
   <trkpt lat="46.9332450" lon="7.4473000"/>
   <trkpt lat="46.9332270" lon="7.4473340"/>
   <trkpt lat="46.9332130" lon="7.4473680"/>
   <trkpt lat="46.9331980" lon="7.4474100"/>
   <trkpt lat="46.9331870" lon="7.4474490"/>
   <trkpt lat="46.9331710" lon="7.4474970"/>
   <trkpt lat="46.9331590" lon="7.4475400"/>
   <trkpt lat="46.9331450" lon="7.4475800"/>
   <trkpt lat="46.9331350" lon="7.4476230"/>
   <trkpt lat="46.9331230" lon="7.4476570"/>
   <trkpt lat="46.9331080" lon="7.4476960"/>
   <trkpt lat="46.9330900" lon="7.4477330"/>
   <trkpt lat="46.9330730" lon="7.4477670"/>
   <trkpt lat="46.9330530" lon="7.4478050"/>
   <trkpt lat="46.9330380" lon="7.4478360"/>
   <trkpt lat="46.9330290" lon="7.4478750"/>
   <trkpt lat="46.9330210" lon="7.4479190"/>
   <trkpt lat="46.9330160" lon="7.4479600"/>
   <trkpt lat="46.9330080" lon="7.4479980"/>
   <trkpt lat="46.9330020" lon="7.4480390"/>
   <trkpt lat="46.9329930" lon="7.4480840"/>
   <trkpt lat="46.9329880" lon="7.4481350"/>
   <trkpt lat="46.9329820" lon="7.4481770"/>
   <trkpt lat="46.9329790" lon="7.4482230"/>
   <trkpt lat="46.9329820" lon="7.4482610"/>
   <trkpt lat="46.9329800" lon="7.4482970"/>
   <trkpt lat="46.9329800" lon="7.4483380"/>
   <trkpt lat="46.9329720" lon="7.4483750"/>
   <trkpt lat="46.9329660" lon="7.4484110"/>
   <trkpt lat="46.9329610" lon="7.4484540"/>
   <trkpt lat="46.9329540" lon="7.4484960"/>
   <trkpt lat="46.9329470" lon="7.4485370"/>
   <trkpt lat="46.9329370" lon="7.4485790"/>
   <trkpt lat="46.9329280" lon="7.4486180"/>
   <trkpt lat="46.9329220" lon="7.4486620"/>
   <trkpt lat="46.9329140" lon="7.4487030"/>
   <trkpt lat="46.9329080" lon="7.4487420"/>
   <trkpt lat="46.9329010" lon="7.4487800"/>
   <trkpt lat="46.9328920" lon="7.4488160"/>
   <trkpt lat="46.9328860" lon="7.4488540"/>
   <trkpt lat="46.9328790" lon="7.4489020"/>
   <trkpt lat="46.9328680" lon="7.4489400"/>
   <trkpt lat="46.9328610" lon="7.4489820"/>
   <trkpt lat="46.9328540" lon="7.4490240"/>
   <trkpt lat="46.9328450" lon="7.4490650"/>
   <trkpt lat="46.9328400" lon="7.4491130"/>
   <trkpt lat="46.9328320" lon="7.4491600"/>
   <trkpt lat="46.9328250" lon="7.4492020"/>
   <trkpt lat="46.9328170" lon="7.4492430"/>
   <trkpt lat="46.9328110" lon="7.4492810"/>
   <trkpt lat="46.9328030" lon="7.4493220"/>
   <trkpt lat="46.9327920" lon="7.4493690"/>
   <trkpt lat="46.9327800" lon="7.4494140"/>
   <trkpt lat="46.9327740" lon="7.4494490"/>
   <trkpt lat="46.9327690" lon="7.4494940"/>
   <trkpt lat="46.9327660" lon="7.4495320"/>
   <trkpt lat="46.9327610" lon="7.4495730"/>
   <trkpt lat="46.9327540" lon="7.4496170"/>
   <trkpt lat="46.9327480" lon="7.4496580"/>
   <trkpt lat="46.9327450" lon="7.4496980"/>
   <trkpt lat="46.9327430" lon="7.4497420"/>
   <trkpt lat="46.9327400" lon="7.4497840"/>
   <trkpt lat="46.9327370" lon="7.4498280"/>
   <trkpt lat="46.9327340" lon="7.4498720"/>
   <trkpt lat="46.9327330" lon="7.4499070"/>
   <trkpt lat="46.9327280" lon="7.4499500"/>
   <trkpt lat="46.9327160" lon="7.4499910"/>
   <trkpt lat="46.9327040" lon="7.4500300"/>
   <trkpt lat="46.9326900" lon="7.4500730"/>
   <trkpt lat="46.9326790" lon="7.4501150"/>
   <trkpt lat="46.9326690" lon="7.4501600"/>
   <trkpt lat="46.9326580" lon="7.4502060"/>
   <trkpt lat="46.9326540" lon="7.4502450"/>
   <trkpt lat="46.9326520" lon="7.4502910"/>
   <trkpt lat="46.9326520" lon="7.4503380"/>
   <trkpt lat="46.9326530" lon="7.4503800"/>
   <trkpt lat="46.9326560" lon="7.4504250"/>
   <trkpt lat="46.9326600" lon="7.4504710"/>
   <trkpt lat="46.9326660" lon="7.4505200"/>
   <trkpt lat="46.9326660" lon="7.4505670"/>
   <trkpt lat="46.9326670" lon="7.4506090"/>
   <trkpt lat="46.9326680" lon="7.4506480"/>
   <trkpt lat="46.9326640" lon="7.4506930"/>
   <trkpt lat="46.9326590" lon="7.4507360"/>
   <trkpt lat="46.9326600" lon="7.4507810"/>
   <trkpt lat="46.9326580" lon="7.4508280"/>
   <trkpt lat="46.9326540" lon="7.4508740"/>
   <trkpt lat="46.9326510" lon="7.4509150"/>
   <trkpt lat="46.9326510" lon="7.4509590"/>
   <trkpt lat="46.9326520" lon="7.4510130"/>
   <trkpt lat="46.9326530" lon="7.4510540"/>
   <trkpt lat="46.9326540" lon="7.4510990"/>
   <trkpt lat="46.9326550" lon="7.4511390"/>
   <trkpt lat="46.9326550" lon="7.4511890"/>
   <trkpt lat="46.9326560" lon="7.4512330"/>
   <trkpt lat="46.9326590" lon="7.4512770"/>
   <trkpt lat="46.9326580" lon="7.4513180"/>
   <trkpt lat="46.9326600" lon="7.4513570"/>
   <trkpt lat="46.9326590" lon="7.4514000"/>
   <trkpt lat="46.9326600" lon="7.4514430"/>
   <trkpt lat="46.9326590" lon="7.4514910"/>
   <trkpt lat="46.9326600" lon="7.4515380"/>
   <trkpt lat="46.9326600" lon="7.4515850"/>
   <trkpt lat="46.9326610" lon="7.4516300"/>
   <trkpt lat="46.9326590" lon="7.4516720"/>
   <trkpt lat="46.9326610" lon="7.4517080"/>
   <trkpt lat="46.9326630" lon="7.4517500"/>
   <trkpt lat="46.9326640" lon="7.4517940"/>
   <trkpt lat="46.9326660" lon="7.4518370"/>
   <trkpt lat="46.9326670" lon="7.4518860"/>
   <trkpt lat="46.9326670" lon="7.4519300"/>
   <trkpt lat="46.9326690" lon="7.4519750"/>
   <trkpt lat="46.9326720" lon="7.4520220"/>
   <trkpt lat="46.9326760" lon="7.4520610"/>
   <trkpt lat="46.9326790" lon="7.4521100"/>
   <trkpt lat="46.9326850" lon="7.4521580"/>
   <trkpt lat="46.9326910" lon="7.4522030"/>
   <trkpt lat="46.9326980" lon="7.4522500"/>
   <trkpt lat="46.9327040" lon="7.4522850"/>
   <trkpt lat="46.9327110" lon="7.4523320"/>
   <trkpt lat="46.9327210" lon="7.4523740"/>
   <trkpt lat="46.9327290" lon="7.4524180"/>
   <trkpt lat="46.9327340" lon="7.4524640"/>
   <trkpt lat="46.9327410" lon="7.4525020"/>
   <trkpt lat="46.9327480" lon="7.4525500"/>
   <trkpt lat="46.9327530" lon="7.4526010"/>
   <trkpt lat="46.9327600" lon="7.4526420"/>
   <trkpt lat="46.9327700" lon="7.4526860"/>
   <trkpt lat="46.9327780" lon="7.4527290"/>
   <trkpt lat="46.9327850" lon="7.4527770"/>
   <trkpt lat="46.9327940" lon="7.4528210"/>
   <trkpt lat="46.9328050" lon="7.4528600"/>
   <trkpt lat="46.9328150" lon="7.4529110"/>
   <trkpt lat="46.9328250" lon="7.4529500"/>
   <trkpt lat="46.9328370" lon="7.4529880"/>
   <trkpt lat="46.9328500" lon="7.4530310"/>
   <trkpt lat="46.9328650" lon="7.4530660"/>
   <trkpt lat="46.9328810" lon="7.4531130"/>
   <trkpt lat="46.9328930" lon="7.4531490"/>
   <trkpt lat="46.9329110" lon="7.4531850"/>
   <trkpt lat="46.9329270" lon="7.4532240"/>
   <trkpt lat="46.9329410" lon="7.4532570"/>
   <trkpt lat="46.9329540" lon="7.4532970"/>
   <trkpt lat="46.9329680" lon="7.4533360"/>
   <trkpt lat="46.9329860" lon="7.4533700"/>
   <trkpt lat="46.9330050" lon="7.4534160"/>
   <trkpt lat="46.9330170" lon="7.4534540"/>
   <trkpt lat="46.9330340" lon="7.4534910"/>
   <trkpt lat="46.9330470" lon="7.4535340"/>
   <trkpt lat="46.9330600" lon="7.4535710"/>
   <trkpt lat="46.9330750" lon="7.4536120"/>
   <trkpt lat="46.9330910" lon="7.4536490"/>
   <trkpt lat="46.9331080" lon="7.4536830"/>
   <trkpt lat="46.9331270" lon="7.4537220"/>
   <trkpt lat="46.9331450" lon="7.4537560"/>
   <trkpt lat="46.9331640" lon="7.4537940"/>
   <trkpt lat="46.9331820" lon="7.4538330"/>
   <trkpt lat="46.9332010" lon="7.4538670"/>
   <trkpt lat="46.9332190" lon="7.4539030"/>
   <trkpt lat="46.9332340" lon="7.4539380"/>
   <trkpt lat="46.9332510" lon="7.4539710"/>
   <trkpt lat="46.9332680" lon="7.4540110"/>
   <trkpt lat="46.9332830" lon="7.4540500"/>
   <trkpt lat="46.9333010" lon="7.4540890"/>
   <trkpt lat="46.9333180" lon="7.4541330"/>
   <trkpt lat="46.9333340" lon="7.4541710"/>
   <trkpt lat="46.9333500" lon="7.4542150"/>
   <trkpt lat="46.9333610" lon="7.4542560"/>
   <trkpt lat="46.9333750" lon="7.4542960"/>
   <trkpt lat="46.9333920" lon="7.4543350"/>
   <trkpt lat="46.9334070" lon="7.4543690"/>
   <trkpt lat="46.9334240" lon="7.4544130"/>
   <trkpt lat="46.9334400" lon="7.4544530"/>
   <trkpt lat="46.9334600" lon="7.4544930"/>
   <trkpt lat="46.9334870" lon="7.4545260"/>
   <trkpt lat="46.9335050" lon="7.4545610"/>
   <trkpt lat="46.9335210" lon="7.4546050"/>
   <trkpt lat="46.9335320" lon="7.4546430"/>
   <trkpt lat="46.9335470" lon="7.4546850"/>
   <trkpt lat="46.9335620" lon="7.4547290"/>
   <trkpt lat="46.9335770" lon="7.4547650"/>
   <trkpt lat="46.9335930" lon="7.4548130"/>
   <trkpt lat="46.9336040" lon="7.4548560"/>
   <trkpt lat="46.9336210" lon="7.4548990"/>
   <trkpt lat="46.9336350" lon="7.4549410"/>
   <trkpt lat="46.9336450" lon="7.4549790"/>
   <trkpt lat="46.9336520" lon="7.4550300"/>
   <trkpt lat="46.9336570" lon="7.4550750"/>
   <trkpt lat="46.9336630" lon="7.4551210"/>
   <trkpt lat="46.9336630" lon="7.4551720"/>
   <trkpt lat="46.9336640" lon="7.4552170"/>
   <trkpt lat="46.9336640" lon="7.4552650"/>
   <trkpt lat="46.9336590" lon="7.4553120"/>
   <trkpt lat="46.9336540" lon="7.4553530"/>
   <trkpt lat="46.9336520" lon="7.4553940"/>
   <trkpt lat="46.9336560" lon="7.4554330"/>
   <trkpt lat="46.9336710" lon="7.4554680"/>
   <trkpt lat="46.9336910" lon="7.4555010"/>
   <trkpt lat="46.9337110" lon="7.4555330"/>
   <trkpt lat="46.9337300" lon="7.4555760"/>
   <trkpt lat="46.9337470" lon="7.4556080"/>
   <trkpt lat="46.9337670" lon="7.4556370"/>
   <trkpt lat="46.9337860" lon="7.4556760"/>
   <trkpt lat="46.9338030" lon="7.4557090"/>
   <trkpt lat="46.9338140" lon="7.4557560"/>
   <trkpt lat="46.9338250" lon="7.4558020"/>
   <trkpt lat="46.9338380" lon="7.4558440"/>
   <trkpt lat="46.9338480" lon="7.4558950"/>
   <trkpt lat="46.9338620" lon="7.4559360"/>
   <trkpt lat="46.9338770" lon="7.4559790"/>
   <trkpt lat="46.9338920" lon="7.4560230"/>
   <trkpt lat="46.9339090" lon="7.4560570"/>
   <trkpt lat="46.9339250" lon="7.4560970"/>
   <trkpt lat="46.9339400" lon="7.4561280"/>
   <trkpt lat="46.9339590" lon="7.4561640"/>
   <trkpt lat="46.9339760" lon="7.4561980"/>
   <trkpt lat="46.9339920" lon="7.4562350"/>
   <trkpt lat="46.9340090" lon="7.4562830"/>
   <trkpt lat="46.9340240" lon="7.4563230"/>
   <trkpt lat="46.9340370" lon="7.4563690"/>
   <trkpt lat="46.9340460" lon="7.4564180"/>
   <trkpt lat="46.9340490" lon="7.4564640"/>
   <trkpt lat="46.9340490" lon="7.4565110"/>
   <trkpt lat="46.9340490" lon="7.4565510"/>
   <trkpt lat="46.9340470" lon="7.4565930"/>
   <trkpt lat="46.9340390" lon="7.4566390"/>
   <trkpt lat="46.9340330" lon="7.4566810"/>
   <trkpt lat="46.9340300" lon="7.4567240"/>
   <trkpt lat="46.9340250" lon="7.4567670"/>
   <trkpt lat="46.9340220" lon="7.4568120"/>
   <trkpt lat="46.9340210" lon="7.4568580"/>
   <trkpt lat="46.9340190" lon="7.4568980"/>
   <trkpt lat="46.9340140" lon="7.4569470"/>
   <trkpt lat="46.9340120" lon="7.4569920"/>
   <trkpt lat="46.9340140" lon="7.4570350"/>
   <trkpt lat="46.9340200" lon="7.4570770"/>
   <trkpt lat="46.9340270" lon="7.4571090"/>
   <trkpt lat="46.9340340" lon="7.4571520"/>
   <trkpt lat="46.9340420" lon="7.4571890"/>
   <trkpt lat="46.9340560" lon="7.4572310"/>
   <trkpt lat="46.9340710" lon="7.4572760"/>
   <trkpt lat="46.9340840" lon="7.4573140"/>
   <trkpt lat="46.9340970" lon="7.4573600"/>
   <trkpt lat="46.9341070" lon="7.4574010"/>
   <trkpt lat="46.9341190" lon="7.4574390"/>
   <trkpt lat="46.9341260" lon="7.4574780"/>
   <trkpt lat="46.9341390" lon="7.4575160"/>
   <trkpt lat="46.9341530" lon="7.4575540"/>
   <trkpt lat="46.9341630" lon="7.4575940"/>
   <trkpt lat="46.9341760" lon="7.4576330"/>
   <trkpt lat="46.9341880" lon="7.4576780"/>
   <trkpt lat="46.9342030" lon="7.4577210"/>
   <trkpt lat="46.9342160" lon="7.4577580"/>
   <trkpt lat="46.9342270" lon="7.4578020"/>
   <trkpt lat="46.9342390" lon="7.4578430"/>
   <trkpt lat="46.9342500" lon="7.4578870"/>
   <trkpt lat="46.9342580" lon="7.4579290"/>
   <trkpt lat="46.9342670" lon="7.4579690"/>
   <trkpt lat="46.9342790" lon="7.4580110"/>
   <trkpt lat="46.9342930" lon="7.4580470"/>
   <trkpt lat="46.9343070" lon="7.4580960"/>
   <trkpt lat="46.9343220" lon="7.4581310"/>
   <trkpt lat="46.9343360" lon="7.4581660"/>
   <trkpt lat="46.9343500" lon="7.4582070"/>
   <trkpt lat="46.9343650" lon="7.4582470"/>
   <trkpt lat="46.9343800" lon="7.4582890"/>
   <trkpt lat="46.9344010" lon="7.4583280"/>
   <trkpt lat="46.9344200" lon="7.4583670"/>
   <trkpt lat="46.9344340" lon="7.4584090"/>
   <trkpt lat="46.9344470" lon="7.4584460"/>
   <trkpt lat="46.9344600" lon="7.4584880"/>
   <trkpt lat="46.9344710" lon="7.4585310"/>
   <trkpt lat="46.9344810" lon="7.4585690"/>
   <trkpt lat="46.9344940" lon="7.4586110"/>
   <trkpt lat="46.9345100" lon="7.4586560"/>
   <trkpt lat="46.9345220" lon="7.4587030"/>
   <trkpt lat="46.9345320" lon="7.4587460"/>
   <trkpt lat="46.9345380" lon="7.4587870"/>
   <trkpt lat="46.9345360" lon="7.4588390"/>
   <trkpt lat="46.9345340" lon="7.4588790"/>
   <trkpt lat="46.9345320" lon="7.4589190"/>
   <trkpt lat="46.9345280" lon="7.4589640"/>
   <trkpt lat="46.9345220" lon="7.4590030"/>
   <trkpt lat="46.9345130" lon="7.4590440"/>
   <trkpt lat="46.9345060" lon="7.4590850"/>
   <trkpt lat="46.9344970" lon="7.4591280"/>
   <trkpt lat="46.9344850" lon="7.4591710"/>
   <trkpt lat="46.9344710" lon="7.4592110"/>
   <trkpt lat="46.9344580" lon="7.4592550"/>
   <trkpt lat="46.9344490" lon="7.4592950"/>
   <trkpt lat="46.9344330" lon="7.4593260"/>
   <trkpt lat="46.9344170" lon="7.4593660"/>
   <trkpt lat="46.9344030" lon="7.4594030"/>
   <trkpt lat="46.9343880" lon="7.4594410"/>
   <trkpt lat="46.9343720" lon="7.4594800"/>
   <trkpt lat="46.9343540" lon="7.4595130"/>
   <trkpt lat="46.9343370" lon="7.4595500"/>
   <trkpt lat="46.9343200" lon="7.4595870"/>
   <trkpt lat="46.9343030" lon="7.4596200"/>
   <trkpt lat="46.9342850" lon="7.4596600"/>
   <trkpt lat="46.9342660" lon="7.4596940"/>
   <trkpt lat="46.9342480" lon="7.4597300"/>
   <trkpt lat="46.9342300" lon="7.4597700"/>
   <trkpt lat="46.9342130" lon="7.4598040"/>
   <trkpt lat="46.9341940" lon="7.4598420"/>
   <trkpt lat="46.9341750" lon="7.4598780"/>
   <trkpt lat="46.9341560" lon="7.4599130"/>
   <trkpt lat="46.9341340" lon="7.4599520"/>
   <trkpt lat="46.9341110" lon="7.4599860"/>
   <trkpt lat="46.9340900" lon="7.4600190"/>
   <trkpt lat="46.9340690" lon="7.4600510"/>
   <trkpt lat="46.9340490" lon="7.4600790"/>
   <trkpt lat="46.9340280" lon="7.4601090"/>
   <trkpt lat="46.9340070" lon="7.4601420"/>
   <trkpt lat="46.9339870" lon="7.4601690"/>
   <trkpt lat="46.9339630" lon="7.4601980"/>
   <trkpt lat="46.9339370" lon="7.4602190"/>
   <trkpt lat="46.9339120" lon="7.4602450"/>
   <trkpt lat="46.9338870" lon="7.4602670"/>
   <trkpt lat="46.9338600" lon="7.4602890"/>
   <trkpt lat="46.9338340" lon="7.4603110"/>
   <trkpt lat="46.9338060" lon="7.4603330"/>
   <trkpt lat="46.9337800" lon="7.4603530"/>
   <trkpt lat="46.9337550" lon="7.4603710"/>
   <trkpt lat="46.9337290" lon="7.4603880"/>
   <trkpt lat="46.9337060" lon="7.4604100"/>
   <trkpt lat="46.9336810" lon="7.4604320"/>
   <trkpt lat="46.9336550" lon="7.4604530"/>
   <trkpt lat="46.9336300" lon="7.4604740"/>
   <trkpt lat="46.9336040" lon="7.4604950"/>
   <trkpt lat="46.9335780" lon="7.4605120"/>
   <trkpt lat="46.9335500" lon="7.4605280"/>
   <trkpt lat="46.9335230" lon="7.4605410"/>
   <trkpt lat="46.9334960" lon="7.4605540"/>
   <trkpt lat="46.9334700" lon="7.4605660"/>
   <trkpt lat="46.9334440" lon="7.4605770"/>
   <trkpt lat="46.9334190" lon="7.4605890"/>
   <trkpt lat="46.9333930" lon="7.4606000"/>
   <trkpt lat="46.9333670" lon="7.4606120"/>
   <trkpt lat="46.9333400" lon="7.4606260"/>
   <trkpt lat="46.9333110" lon="7.4606280"/>
   <trkpt lat="46.9332830" lon="7.4606400"/>
   <trkpt lat="46.9332540" lon="7.4606460"/>
   <trkpt lat="46.9332270" lon="7.4606540"/>
   <trkpt lat="46.9331990" lon="7.4606670"/>
   <trkpt lat="46.9331710" lon="7.4606780"/>
   <trkpt lat="46.9331430" lon="7.4606910"/>
   <trkpt lat="46.9331080" lon="7.4607040"/>
   <trkpt lat="46.9330780" lon="7.4607160"/>
   <trkpt lat="46.9330450" lon="7.4607330"/>
   <trkpt lat="46.9330150" lon="7.4607510"/>
   <trkpt lat="46.9329860" lon="7.4607700"/>
   <trkpt lat="46.9329560" lon="7.4607880"/>
   <trkpt lat="46.9329280" lon="7.4608030"/>
   <trkpt lat="46.9328990" lon="7.4608220"/>
   <trkpt lat="46.9328710" lon="7.4608410"/>
   <trkpt lat="46.9328460" lon="7.4608660"/>
   <trkpt lat="46.9328180" lon="7.4608840"/>
   <trkpt lat="46.9327920" lon="7.4609030"/>
   <trkpt lat="46.9327630" lon="7.4609190"/>
   <trkpt lat="46.9327340" lon="7.4609360"/>
   <trkpt lat="46.9327090" lon="7.4609520"/>
   <trkpt lat="46.9326790" lon="7.4609690"/>
   <trkpt lat="46.9326480" lon="7.4609840"/>
   <trkpt lat="46.9326180" lon="7.4610010"/>
   <trkpt lat="46.9325860" lon="7.4610200"/>
   <trkpt lat="46.9325580" lon="7.4610360"/>
   <trkpt lat="46.9325280" lon="7.4610510"/>
   <trkpt lat="46.9324980" lon="7.4610640"/>
   <trkpt lat="46.9324720" lon="7.4610840"/>
   <trkpt lat="46.9324430" lon="7.4610990"/>
   <trkpt lat="46.9324130" lon="7.4611100"/>
   <trkpt lat="46.9323820" lon="7.4611240"/>
   <trkpt lat="46.9323520" lon="7.4611350"/>
   <trkpt lat="46.9323230" lon="7.4611470"/>
   <trkpt lat="46.9322930" lon="7.4611600"/>
   <trkpt lat="46.9322640" lon="7.4611720"/>
   <trkpt lat="46.9322360" lon="7.4611870"/>
   <trkpt lat="46.9322060" lon="7.4612000"/>
   <trkpt lat="46.9321810" lon="7.4612090"/>
   <trkpt lat="46.9321550" lon="7.4612240"/>
   <trkpt lat="46.9321280" lon="7.4612390"/>
   <trkpt lat="46.9321010" lon="7.4612550"/>
   <trkpt lat="46.9320700" lon="7.4612680"/>
   <trkpt lat="46.9320440" lon="7.4612810"/>
   <trkpt lat="46.9320210" lon="7.4612930"/>
   <trkpt lat="46.9319920" lon="7.4613040"/>
   <trkpt lat="46.9319680" lon="7.4613160"/>
   <trkpt lat="46.9319420" lon="7.4613320"/>
   <trkpt lat="46.9319150" lon="7.4613470"/>
   <trkpt lat="46.9318880" lon="7.4613620"/>
   <trkpt lat="46.9318600" lon="7.4613740"/>
   <trkpt lat="46.9318350" lon="7.4613850"/>
   <trkpt lat="46.9318060" lon="7.4614000"/>
   <trkpt lat="46.9317760" lon="7.4614160"/>
   <trkpt lat="46.9317490" lon="7.4614340"/>
   <trkpt lat="46.9317190" lon="7.4614500"/>
   <trkpt lat="46.9316920" lon="7.4614660"/>
   <trkpt lat="46.9316620" lon="7.4614810"/>
   <trkpt lat="46.9316340" lon="7.4614930"/>
   <trkpt lat="46.9316050" lon="7.4615090"/>
   <trkpt lat="46.9315740" lon="7.4615330"/>
   <trkpt lat="46.9315450" lon="7.4615500"/>
   <trkpt lat="46.9315170" lon="7.4615650"/>
   <trkpt lat="46.9314840" lon="7.4615770"/>
   <trkpt lat="46.9314560" lon="7.4615890"/>
   <trkpt lat="46.9314310" lon="7.4616020"/>
   <trkpt lat="46.9314060" lon="7.4616180"/>
   <trkpt lat="46.9313780" lon="7.4616380"/>
   <trkpt lat="46.9313480" lon="7.4616570"/>
   <trkpt lat="46.9313220" lon="7.4616820"/>
   <trkpt lat="46.9312930" lon="7.4617070"/>
   <trkpt lat="46.9312660" lon="7.4617300"/>
   <trkpt lat="46.9312410" lon="7.4617580"/>
   <trkpt lat="46.9312140" lon="7.4617870"/>
   <trkpt lat="46.9311880" lon="7.4618170"/>
   <trkpt lat="46.9311600" lon="7.4618470"/>
   <trkpt lat="46.9311320" lon="7.4618740"/>
   <trkpt lat="46.9311070" lon="7.4619000"/>
   <trkpt lat="46.9310800" lon="7.4619270"/>
   <trkpt lat="46.9310530" lon="7.4619520"/>
   <trkpt lat="46.9310280" lon="7.4619780"/>
   <trkpt lat="46.9310030" lon="7.4620020"/>
   <trkpt lat="46.9309800" lon="7.4620240"/>
   <trkpt lat="46.9309530" lon="7.4620450"/>
   <trkpt lat="46.9309280" lon="7.4620720"/>
   <trkpt lat="46.9309000" lon="7.4621000"/>
   <trkpt lat="46.9308730" lon="7.4621230"/>
   <trkpt lat="46.9308480" lon="7.4621510"/>
   <trkpt lat="46.9308240" lon="7.4621800"/>
   <trkpt lat="46.9308040" lon="7.4622100"/>
   <trkpt lat="46.9307840" lon="7.4622340"/>
   <trkpt lat="46.9307640" lon="7.4622620"/>
   <trkpt lat="46.9307440" lon="7.4622910"/>
   <trkpt lat="46.9307250" lon="7.4623130"/>
   <trkpt lat="46.9307040" lon="7.4623420"/>
   <trkpt lat="46.9306810" lon="7.4623720"/>
   <trkpt lat="46.9306640" lon="7.4624030"/>
   <trkpt lat="46.9306440" lon="7.4624380"/>
   <trkpt lat="46.9306210" lon="7.4624720"/>
   <trkpt lat="46.9305980" lon="7.4625080"/>
   <trkpt lat="46.9305760" lon="7.4625440"/>
   <trkpt lat="46.9305570" lon="7.4625760"/>
   <trkpt lat="46.9305360" lon="7.4626140"/>
   <trkpt lat="46.9305120" lon="7.4626430"/>
   <trkpt lat="46.9304880" lon="7.4626760"/>
   <trkpt lat="46.9304620" lon="7.4627140"/>
   <trkpt lat="46.9304370" lon="7.4627460"/>
   <trkpt lat="46.9304080" lon="7.4627800"/>
   <trkpt lat="46.9303810" lon="7.4628050"/>
   <trkpt lat="46.9303560" lon="7.4628300"/>
   <trkpt lat="46.9303270" lon="7.4628490"/>
   <trkpt lat="46.9303040" lon="7.4628690"/>
   <trkpt lat="46.9302790" lon="7.4628920"/>
   <trkpt lat="46.9302550" lon="7.4629190"/>
   <trkpt lat="46.9302330" lon="7.4629470"/>
   <trkpt lat="46.9302100" lon="7.4629750"/>
   <trkpt lat="46.9301910" lon="7.4629970"/>
   <trkpt lat="46.9301710" lon="7.4630270"/>
   <trkpt lat="46.9301480" lon="7.4630560"/>
   <trkpt lat="46.9301280" lon="7.4630870"/>
   <trkpt lat="46.9301030" lon="7.4631190"/>
   <trkpt lat="46.9300830" lon="7.4631490"/>
   <trkpt lat="46.9300580" lon="7.4631910"/>
   <trkpt lat="46.9300300" lon="7.4632270"/>
   <trkpt lat="46.9300050" lon="7.4632660"/>
   <trkpt lat="46.9299810" lon="7.4633010"/>
   <trkpt lat="46.9299580" lon="7.4633340"/>
   <trkpt lat="46.9299320" lon="7.4633700"/>
   <trkpt lat="46.9299080" lon="7.4634040"/>
   <trkpt lat="46.9298870" lon="7.4634420"/>
   <trkpt lat="46.9298630" lon="7.4634720"/>
   <trkpt lat="46.9298400" lon="7.4635060"/>
   <trkpt lat="46.9298180" lon="7.4635430"/>
   <trkpt lat="46.9297970" lon="7.4635730"/>
   <trkpt lat="46.9297760" lon="7.4636030"/>
   <trkpt lat="46.9297560" lon="7.4636360"/>
   <trkpt lat="46.9297350" lon="7.4636750"/>
   <trkpt lat="46.9297120" lon="7.4637110"/>
   <trkpt lat="46.9296920" lon="7.4637420"/>
   <trkpt lat="46.9296690" lon="7.4637750"/>
   <trkpt lat="46.9296460" lon="7.4638050"/>
   <trkpt lat="46.9296220" lon="7.4638390"/>
   <trkpt lat="46.9295970" lon="7.4638750"/>
   <trkpt lat="46.9295760" lon="7.4639100"/>
   <trkpt lat="46.9295560" lon="7.4639410"/>
   <trkpt lat="46.9295350" lon="7.4639680"/>
   <trkpt lat="46.9295160" lon="7.4639980"/>
   <trkpt lat="46.9294930" lon="7.4640310"/>
   <trkpt lat="46.9294720" lon="7.4640650"/>
   <trkpt lat="46.9294490" lon="7.4640960"/>
   <trkpt lat="46.9294300" lon="7.4641260"/>
   <trkpt lat="46.9294060" lon="7.4641630"/>
   <trkpt lat="46.9293850" lon="7.4641940"/>
   <trkpt lat="46.9293650" lon="7.4642280"/>
   <trkpt lat="46.9293460" lon="7.4642640"/>
   <trkpt lat="46.9293270" lon="7.4642960"/>
   <trkpt lat="46.9293050" lon="7.4643340"/>
   <trkpt lat="46.9292840" lon="7.4643690"/>
   <trkpt lat="46.9292620" lon="7.4644070"/>
   <trkpt lat="46.9292370" lon="7.4644420"/>
   <trkpt lat="46.9292170" lon="7.4644720"/>
   <trkpt lat="46.9291950" lon="7.4645090"/>
   <trkpt lat="46.9291730" lon="7.4645410"/>
   <trkpt lat="46.9291540" lon="7.4645720"/>
   <trkpt lat="46.9291320" lon="7.4646040"/>
   <trkpt lat="46.9291110" lon="7.4646320"/>
   <trkpt lat="46.9290910" lon="7.4646640"/>
   <trkpt lat="46.9290690" lon="7.4646940"/>
   <trkpt lat="46.9290450" lon="7.4647240"/>
   <trkpt lat="46.9290170" lon="7.4647580"/>
   <trkpt lat="46.9289950" lon="7.4647890"/>
   <trkpt lat="46.9289710" lon="7.4648230"/>
   <trkpt lat="46.9289530" lon="7.4648520"/>
   <trkpt lat="46.9289410" lon="7.4648880"/>
   <trkpt lat="46.9289240" lon="7.4649240"/>
   <trkpt lat="46.9289050" lon="7.4649540"/>
   <trkpt lat="46.9288880" lon="7.4649830"/>
   <trkpt lat="46.9288710" lon="7.4650170"/>
   <trkpt lat="46.9288540" lon="7.4650550"/>
   <trkpt lat="46.9288350" lon="7.4650920"/>
   <trkpt lat="46.9288160" lon="7.4651300"/>
   <trkpt lat="46.9287970" lon="7.4651680"/>
   <trkpt lat="46.9287800" lon="7.4652000"/>
   <trkpt lat="46.9287600" lon="7.4652350"/>
   <trkpt lat="46.9287380" lon="7.4652670"/>
   <trkpt lat="46.9287180" lon="7.4652990"/>
   <trkpt lat="46.9286960" lon="7.4653340"/>
   <trkpt lat="46.9286730" lon="7.4653660"/>
   <trkpt lat="46.9286520" lon="7.4653990"/>
   <trkpt lat="46.9286270" lon="7.4654330"/>
   <trkpt lat="46.9286030" lon="7.4654650"/>
   <trkpt lat="46.9285790" lon="7.4654940"/>
   <trkpt lat="46.9285560" lon="7.4655200"/>
   <trkpt lat="46.9285360" lon="7.4655490"/>
   <trkpt lat="46.9285160" lon="7.4655810"/>
   <trkpt lat="46.9284940" lon="7.4656110"/>
   <trkpt lat="46.9284740" lon="7.4656440"/>
   <trkpt lat="46.9284540" lon="7.4656740"/>
   <trkpt lat="46.9284320" lon="7.4657040"/>
   <trkpt lat="46.9284120" lon="7.4657330"/>
   <trkpt lat="46.9283970" lon="7.4657680"/>
   <trkpt lat="46.9283790" lon="7.4658040"/>
   <trkpt lat="46.9283590" lon="7.4658420"/>
   <trkpt lat="46.9283430" lon="7.4658780"/>
   <trkpt lat="46.9283240" lon="7.4659120"/>
   <trkpt lat="46.9283060" lon="7.4659480"/>
   <trkpt lat="46.9282850" lon="7.4659910"/>
   <trkpt lat="46.9282650" lon="7.4660260"/>
   <trkpt lat="46.9282460" lon="7.4660590"/>
   <trkpt lat="46.9282230" lon="7.4660900"/>
   <trkpt lat="46.9282020" lon="7.4661200"/>
   <trkpt lat="46.9281820" lon="7.4661520"/>
   <trkpt lat="46.9281620" lon="7.4661790"/>
   <trkpt lat="46.9281450" lon="7.4662120"/>
   <trkpt lat="46.9281280" lon="7.4662450"/>
   <trkpt lat="46.9281090" lon="7.4662780"/>
   <trkpt lat="46.9280930" lon="7.4663120"/>
   <trkpt lat="46.9280720" lon="7.4663420"/>
   <trkpt lat="46.9280500" lon="7.4663740"/>
   <trkpt lat="46.9280300" lon="7.4664030"/>
   <trkpt lat="46.9280090" lon="7.4664320"/>
   <trkpt lat="46.9279920" lon="7.4664680"/>
   <trkpt lat="46.9279730" lon="7.4665020"/>
   <trkpt lat="46.9279540" lon="7.4665370"/>
   <trkpt lat="46.9279320" lon="7.4665710"/>
   <trkpt lat="46.9279130" lon="7.4666050"/>
   <trkpt lat="46.9278920" lon="7.4666380"/>
   <trkpt lat="46.9278670" lon="7.4666710"/>
   <trkpt lat="46.9278460" lon="7.4667050"/>
   <trkpt lat="46.9278220" lon="7.4667360"/>
   <trkpt lat="46.9278010" lon="7.4667660"/>
   <trkpt lat="46.9277800" lon="7.4668010"/>
   <trkpt lat="46.9277600" lon="7.4668350"/>
   <trkpt lat="46.9277410" lon="7.4668710"/>
   <trkpt lat="46.9277190" lon="7.4669020"/>
   <trkpt lat="46.9277020" lon="7.4669350"/>
   <trkpt lat="46.9276810" lon="7.4669760"/>
   <trkpt lat="46.9276600" lon="7.4670120"/>
   <trkpt lat="46.9276400" lon="7.4670510"/>
   <trkpt lat="46.9276190" lon="7.4670860"/>
   <trkpt lat="46.9276000" lon="7.4671270"/>
   <trkpt lat="46.9275800" lon="7.4671560"/>
   <trkpt lat="46.9275620" lon="7.4671840"/>
   <trkpt lat="46.9275450" lon="7.4672170"/>
   <trkpt lat="46.9275280" lon="7.4672450"/>
   <trkpt lat="46.9275070" lon="7.4672780"/>
   <trkpt lat="46.9274860" lon="7.4673070"/>
   <trkpt lat="46.9274670" lon="7.4673380"/>
   <trkpt lat="46.9274480" lon="7.4673700"/>
   <trkpt lat="46.9274280" lon="7.4673970"/>
   <trkpt lat="46.9274060" lon="7.4674290"/>
   <trkpt lat="46.9273860" lon="7.4674570"/>
   <trkpt lat="46.9273640" lon="7.4674940"/>
   <trkpt lat="46.9273410" lon="7.4675360"/>
   <trkpt lat="46.9273170" lon="7.4675700"/>
   <trkpt lat="46.9272950" lon="7.4676040"/>
   <trkpt lat="46.9272710" lon="7.4676320"/>
   <trkpt lat="46.9272480" lon="7.4676580"/>
   <trkpt lat="46.9272240" lon="7.4676900"/>
   <trkpt lat="46.9272050" lon="7.4677230"/>
   <trkpt lat="46.9271860" lon="7.4677590"/>
   <trkpt lat="46.9271700" lon="7.4677940"/>
   <trkpt lat="46.9271490" lon="7.4678280"/>
   <trkpt lat="46.9271260" lon="7.4678600"/>
   <trkpt lat="46.9271070" lon="7.4678940"/>
   <trkpt lat="46.9270850" lon="7.4679240"/>
   <trkpt lat="46.9270630" lon="7.4679570"/>
   <trkpt lat="46.9270410" lon="7.4679890"/>
   <trkpt lat="46.9270210" lon="7.4680140"/>
   <trkpt lat="46.9270000" lon="7.4680460"/>
   <trkpt lat="46.9269790" lon="7.4680810"/>
   <trkpt lat="46.9269570" lon="7.4681120"/>
   <trkpt lat="46.9269370" lon="7.4681420"/>
   <trkpt lat="46.9269140" lon="7.4681730"/>
   <trkpt lat="46.9268970" lon="7.4682060"/>
   <trkpt lat="46.9268760" lon="7.4682390"/>
   <trkpt lat="46.9268570" lon="7.4682720"/>
   <trkpt lat="46.9268360" lon="7.4683090"/>
   <trkpt lat="46.9268170" lon="7.4683400"/>
   <trkpt lat="46.9268010" lon="7.4683750"/>
   <trkpt lat="46.9267820" lon="7.4684100"/>
   <trkpt lat="46.9267640" lon="7.4684450"/>
   <trkpt lat="46.9267430" lon="7.4684860"/>
   <trkpt lat="46.9267230" lon="7.4685210"/>
   <trkpt lat="46.9267040" lon="7.4685550"/>
   <trkpt lat="46.9266890" lon="7.4685840"/>
   <trkpt lat="46.9266700" lon="7.4686170"/>
   <trkpt lat="46.9266480" lon="7.4686470"/>
   <trkpt lat="46.9266250" lon="7.4686750"/>
   <trkpt lat="46.9266030" lon="7.4687050"/>
   <trkpt lat="46.9265850" lon="7.4687300"/>
   <trkpt lat="46.9265680" lon="7.4687560"/>
   <trkpt lat="46.9265490" lon="7.4687870"/>
   <trkpt lat="46.9265270" lon="7.4688210"/>
   <trkpt lat="46.9265020" lon="7.4688620"/>
   <trkpt lat="46.9264800" lon="7.4688940"/>
   <trkpt lat="46.9264600" lon="7.4689280"/>
   <trkpt lat="46.9264420" lon="7.4689600"/>
   <trkpt lat="46.9264310" lon="7.4689980"/>
   <trkpt lat="46.9264160" lon="7.4690390"/>
   <trkpt lat="46.9264040" lon="7.4690730"/>
   <trkpt lat="46.9263860" lon="7.4691110"/>
   <trkpt lat="46.9263720" lon="7.4691470"/>
   <trkpt lat="46.9263540" lon="7.4691830"/>
   <trkpt lat="46.9263300" lon="7.4692190"/>
   <trkpt lat="46.9263090" lon="7.4692530"/>
   <trkpt lat="46.9262890" lon="7.4692870"/>
   <trkpt lat="46.9262660" lon="7.4693150"/>
   <trkpt lat="46.9262430" lon="7.4693440"/>
   <trkpt lat="46.9262180" lon="7.4693660"/>
   <trkpt lat="46.9261920" lon="7.4693930"/>
   <trkpt lat="46.9261670" lon="7.4694190"/>
   <trkpt lat="46.9261450" lon="7.4694430"/>
   <trkpt lat="46.9261250" lon="7.4694680"/>
   <trkpt lat="46.9261040" lon="7.4694920"/>
   <trkpt lat="46.9260810" lon="7.4695200"/>
   <trkpt lat="46.9260510" lon="7.4695460"/>
   <trkpt lat="46.9260280" lon="7.4695740"/>
   <trkpt lat="46.9260070" lon="7.4696040"/>
   <trkpt lat="46.9259850" lon="7.4696290"/>
   <trkpt lat="46.9259590" lon="7.4696570"/>
   <trkpt lat="46.9259340" lon="7.4696810"/>
   <trkpt lat="46.9259110" lon="7.4697090"/>
   <trkpt lat="46.9258850" lon="7.4697350"/>
   <trkpt lat="46.9258610" lon="7.4697580"/>
   <trkpt lat="46.9258350" lon="7.4697810"/>
   <trkpt lat="46.9258060" lon="7.4698060"/>
   <trkpt lat="46.9257800" lon="7.4698310"/>
   <trkpt lat="46.9257500" lon="7.4698560"/>
   <trkpt lat="46.9257240" lon="7.4698770"/>
   <trkpt lat="46.9256950" lon="7.4699010"/>
   <trkpt lat="46.9256680" lon="7.4699200"/>
   <trkpt lat="46.9256460" lon="7.4699410"/>
   <trkpt lat="46.9256220" lon="7.4699610"/>
   <trkpt lat="46.9256000" lon="7.4699800"/>
   <trkpt lat="46.9255740" lon="7.4699920"/>
   <trkpt lat="46.9255470" lon="7.4700050"/>
   <trkpt lat="46.9255180" lon="7.4700190"/>
   <trkpt lat="46.9254890" lon="7.4700380"/>
   <trkpt lat="46.9254590" lon="7.4700580"/>
   <trkpt lat="46.9254240" lon="7.4700760"/>
   <trkpt lat="46.9253920" lon="7.4700950"/>
   <trkpt lat="46.9253600" lon="7.4701180"/>
   <trkpt lat="46.9253300" lon="7.4701430"/>
   <trkpt lat="46.9253020" lon="7.4701730"/>
   <trkpt lat="46.9252740" lon="7.4701980"/>
   <trkpt lat="46.9252460" lon="7.4702200"/>
   <trkpt lat="46.9252140" lon="7.4702430"/>
   <trkpt lat="46.9251860" lon="7.4702630"/>
   <trkpt lat="46.9251600" lon="7.4702870"/>
   <trkpt lat="46.9251310" lon="7.4703060"/>
   <trkpt lat="46.9251050" lon="7.4703320"/>
   <trkpt lat="46.9250790" lon="7.4703600"/>
   <trkpt lat="46.9250510" lon="7.4703870"/>
   <trkpt lat="46.9250240" lon="7.4704120"/>
   <trkpt lat="46.9249990" lon="7.4704320"/>
   <trkpt lat="46.9249750" lon="7.4704560"/>
   <trkpt lat="46.9249480" lon="7.4704780"/>
   <trkpt lat="46.9249210" lon="7.4705020"/>
   <trkpt lat="46.9248920" lon="7.4705260"/>
   <trkpt lat="46.9248640" lon="7.4705500"/>
   <trkpt lat="46.9248420" lon="7.4705740"/>
   <trkpt lat="46.9248170" lon="7.4705970"/>
   <trkpt lat="46.9247940" lon="7.4706240"/>
   <trkpt lat="46.9247690" lon="7.4706520"/>
   <trkpt lat="46.9247440" lon="7.4706800"/>
   <trkpt lat="46.9247200" lon="7.4707090"/>
   <trkpt lat="46.9246980" lon="7.4707330"/>
   <trkpt lat="46.9246760" lon="7.4707620"/>
   <trkpt lat="46.9246550" lon="7.4707910"/>
   <trkpt lat="46.9246340" lon="7.4708170"/>
   <trkpt lat="46.9246100" lon="7.4708400"/>
   <trkpt lat="46.9245890" lon="7.4708630"/>
   <trkpt lat="46.9245720" lon="7.4708920"/>
   <trkpt lat="46.9245610" lon="7.4709250"/>
   <trkpt lat="46.9245610" lon="7.4709590"/>
   <trkpt lat="46.9245730" lon="7.4710050"/>
   <trkpt lat="46.9245880" lon="7.4710410"/>
   <trkpt lat="46.9246130" lon="7.4710750"/>
   <trkpt lat="46.9246320" lon="7.4711080"/>
   <trkpt lat="46.9246510" lon="7.4711350"/>
   <trkpt lat="46.9246650" lon="7.4711730"/>
   <trkpt lat="46.9246680" lon="7.4712050"/>
   <trkpt lat="46.9246600" lon="7.4712330"/>
   <trkpt lat="46.9246460" lon="7.4712640"/>
   <trkpt lat="46.9246240" lon="7.4712950"/>
   <trkpt lat="46.9245980" lon="7.4713200"/>
   <trkpt lat="46.9245710" lon="7.4713510"/>
   <trkpt lat="46.9245400" lon="7.4713800"/>
   <trkpt lat="46.9245100" lon="7.4714070"/>
   <trkpt lat="46.9244820" lon="7.4714310"/>
   <trkpt lat="46.9244590" lon="7.4714530"/>
   <trkpt lat="46.9244340" lon="7.4714770"/>
   <trkpt lat="46.9244080" lon="7.4715030"/>
   <trkpt lat="46.9243830" lon="7.4715310"/>
   <trkpt lat="46.9243590" lon="7.4715590"/>
   <trkpt lat="46.9243370" lon="7.4715910"/>
   <trkpt lat="46.9243150" lon="7.4716210"/>
   <trkpt lat="46.9242890" lon="7.4716450"/>
   <trkpt lat="46.9242630" lon="7.4716710"/>
   <trkpt lat="46.9242380" lon="7.4716930"/>
   <trkpt lat="46.9242130" lon="7.4717280"/>
   <trkpt lat="46.9241930" lon="7.4717620"/>
   <trkpt lat="46.9241680" lon="7.4717940"/>
   <trkpt lat="46.9241430" lon="7.4718170"/>
   <trkpt lat="46.9241220" lon="7.4718440"/>
   <trkpt lat="46.9240970" lon="7.4718730"/>
   <trkpt lat="46.9240730" lon="7.4718980"/>
   <trkpt lat="46.9240450" lon="7.4719180"/>
   <trkpt lat="46.9240220" lon="7.4719370"/>
   <trkpt lat="46.9239990" lon="7.4719560"/>
   <trkpt lat="46.9239800" lon="7.4719760"/>
   <trkpt lat="46.9239560" lon="7.4720040"/>
   <trkpt lat="46.9239330" lon="7.4720220"/>
   <trkpt lat="46.9239090" lon="7.4720510"/>
   <trkpt lat="46.9238820" lon="7.4720770"/>
   <trkpt lat="46.9238570" lon="7.4721070"/>
   <trkpt lat="46.9238290" lon="7.4721380"/>
   <trkpt lat="46.9238040" lon="7.4721680"/>
   <trkpt lat="46.9237760" lon="7.4721910"/>
   <trkpt lat="46.9237510" lon="7.4722130"/>
   <trkpt lat="46.9237220" lon="7.4722410"/>
   <trkpt lat="46.9236920" lon="7.4722670"/>
   <trkpt lat="46.9236650" lon="7.4722940"/>
   <trkpt lat="46.9236360" lon="7.4723210"/>
   <trkpt lat="46.9236100" lon="7.4723490"/>
   <trkpt lat="46.9235800" lon="7.4723800"/>
   <trkpt lat="46.9235530" lon="7.4724050"/>
   <trkpt lat="46.9235270" lon="7.4724330"/>
   <trkpt lat="46.9235010" lon="7.4724600"/>
   <trkpt lat="46.9234800" lon="7.4724870"/>
   <trkpt lat="46.9234560" lon="7.4725160"/>
   <trkpt lat="46.9234370" lon="7.4725420"/>
   <trkpt lat="46.9234140" lon="7.4725730"/>
   <trkpt lat="46.9233900" lon="7.4726000"/>
   <trkpt lat="46.9233670" lon="7.4726320"/>
   <trkpt lat="46.9233440" lon="7.4726630"/>
   <trkpt lat="46.9233230" lon="7.4726910"/>
   <trkpt lat="46.9233010" lon="7.4727240"/>
   <trkpt lat="46.9232800" lon="7.4727520"/>
   <trkpt lat="46.9232580" lon="7.4727880"/>
   <trkpt lat="46.9232380" lon="7.4728190"/>
   <trkpt lat="46.9232160" lon="7.4728580"/>
   <trkpt lat="46.9231950" lon="7.4728950"/>
   <trkpt lat="46.9231730" lon="7.4729320"/>
   <trkpt lat="46.9231510" lon="7.4729660"/>
   <trkpt lat="46.9231320" lon="7.4729950"/>
   <trkpt lat="46.9231160" lon="7.4730320"/>
   <trkpt lat="46.9230990" lon="7.4730640"/>
   <trkpt lat="46.9230820" lon="7.4730960"/>
   <trkpt lat="46.9230630" lon="7.4731300"/>
   <trkpt lat="46.9230450" lon="7.4731640"/>
   <trkpt lat="46.9230270" lon="7.4732010"/>
   <trkpt lat="46.9230070" lon="7.4732350"/>
   <trkpt lat="46.9229870" lon="7.4732760"/>
   <trkpt lat="46.9229690" lon="7.4733090"/>
   <trkpt lat="46.9229560" lon="7.4733500"/>
   <trkpt lat="46.9229400" lon="7.4733880"/>
   <trkpt lat="46.9229230" lon="7.4734200"/>
   <trkpt lat="46.9229010" lon="7.4734550"/>
   <trkpt lat="46.9228820" lon="7.4734890"/>
   <trkpt lat="46.9228610" lon="7.4735300"/>
   <trkpt lat="46.9228440" lon="7.4735630"/>
   <trkpt lat="46.9228270" lon="7.4736020"/>
   <trkpt lat="46.9228110" lon="7.4736370"/>
   <trkpt lat="46.9227980" lon="7.4736710"/>
   <trkpt lat="46.9227870" lon="7.4737100"/>
   <trkpt lat="46.9227740" lon="7.4737470"/>
   <trkpt lat="46.9227630" lon="7.4737830"/>
   <trkpt lat="46.9227490" lon="7.4738220"/>
   <trkpt lat="46.9227360" lon="7.4738610"/>
   <trkpt lat="46.9227190" lon="7.4739020"/>
   <trkpt lat="46.9227010" lon="7.4739400"/>
   <trkpt lat="46.9226840" lon="7.4739780"/>
   <trkpt lat="46.9226670" lon="7.4740120"/>
   <trkpt lat="46.9226550" lon="7.4740430"/>
   <trkpt lat="46.9226430" lon="7.4740790"/>
   <trkpt lat="46.9226290" lon="7.4741180"/>
   <trkpt lat="46.9226140" lon="7.4741600"/>
   <trkpt lat="46.9225990" lon="7.4741990"/>
   <trkpt lat="46.9225870" lon="7.4742460"/>
   <trkpt lat="46.9225780" lon="7.4742840"/>
   <trkpt lat="46.9225690" lon="7.4743270"/>
   <trkpt lat="46.9225660" lon="7.4743730"/>
   <trkpt lat="46.9225560" lon="7.4744200"/>
   <trkpt lat="46.9225410" lon="7.4744690"/>
   <trkpt lat="46.9225280" lon="7.4745050"/>
   <trkpt lat="46.9225150" lon="7.4745430"/>
   <trkpt lat="46.9225030" lon="7.4745870"/>
   <trkpt lat="46.9224970" lon="7.4746280"/>
   <trkpt lat="46.9224900" lon="7.4746700"/>
   <trkpt lat="46.9224790" lon="7.4747150"/>
   <trkpt lat="46.9224720" lon="7.4747640"/>
   <trkpt lat="46.9224680" lon="7.4748080"/>
   <trkpt lat="46.9224640" lon="7.4748520"/>
   <trkpt lat="46.9224570" lon="7.4748990"/>
   <trkpt lat="46.9224490" lon="7.4749430"/>
   <trkpt lat="46.9224410" lon="7.4749920"/>
   <trkpt lat="46.9224360" lon="7.4750350"/>
   <trkpt lat="46.9224300" lon="7.4750800"/>
   <trkpt lat="46.9224260" lon="7.4751290"/>
   <trkpt lat="46.9224230" lon="7.4751790"/>
   <trkpt lat="46.9224180" lon="7.4752250"/>
   <trkpt lat="46.9224160" lon="7.4752670"/>
   <trkpt lat="46.9224140" lon="7.4753160"/>
   <trkpt lat="46.9224120" lon="7.4753570"/>
   <trkpt lat="46.9224090" lon="7.4754070"/>
   <trkpt lat="46.9224040" lon="7.4754490"/>
   <trkpt lat="46.9223980" lon="7.4754940"/>
   <trkpt lat="46.9223940" lon="7.4755370"/>
   <trkpt lat="46.9223950" lon="7.4755760"/>
   <trkpt lat="46.9223910" lon="7.4756230"/>
   <trkpt lat="46.9223890" lon="7.4756660"/>
   <trkpt lat="46.9223890" lon="7.4757170"/>
   <trkpt lat="46.9223880" lon="7.4757670"/>
   <trkpt lat="46.9223880" lon="7.4758120"/>
   <trkpt lat="46.9223870" lon="7.4758540"/>
   <trkpt lat="46.9223840" lon="7.4758950"/>
   <trkpt lat="46.9223760" lon="7.4759470"/>
   <trkpt lat="46.9223700" lon="7.4759900"/>
   <trkpt lat="46.9223640" lon="7.4760310"/>
   <trkpt lat="46.9223620" lon="7.4760770"/>
   <trkpt lat="46.9223590" lon="7.4761200"/>
   <trkpt lat="46.9223560" lon="7.4761700"/>
   <trkpt lat="46.9223540" lon="7.4762110"/>
   <trkpt lat="46.9223490" lon="7.4762600"/>
   <trkpt lat="46.9223440" lon="7.4763060"/>
   <trkpt lat="46.9223410" lon="7.4763510"/>
   <trkpt lat="46.9223380" lon="7.4763990"/>
   <trkpt lat="46.9223360" lon="7.4764360"/>
   <trkpt lat="46.9223310" lon="7.4764840"/>
   <trkpt lat="46.9223240" lon="7.4765240"/>
   <trkpt lat="46.9223240" lon="7.4765720"/>
   <trkpt lat="46.9223220" lon="7.4766230"/>
   <trkpt lat="46.9223240" lon="7.4766670"/>
   <trkpt lat="46.9223210" lon="7.4767120"/>
   <trkpt lat="46.9223180" lon="7.4767480"/>
   <trkpt lat="46.9223170" lon="7.4767950"/>
   <trkpt lat="46.9223150" lon="7.4768390"/>
   <trkpt lat="46.9223120" lon="7.4768880"/>
   <trkpt lat="46.9223090" lon="7.4769370"/>
   <trkpt lat="46.9223070" lon="7.4769780"/>
   <trkpt lat="46.9223050" lon="7.4770260"/>
   <trkpt lat="46.9223010" lon="7.4770640"/>
   <trkpt lat="46.9222990" lon="7.4771080"/>
   <trkpt lat="46.9222970" lon="7.4771560"/>
   <trkpt lat="46.9222970" lon="7.4772040"/>
   <trkpt lat="46.9222950" lon="7.4772560"/>
   <trkpt lat="46.9222940" lon="7.4772990"/>
   <trkpt lat="46.9222930" lon="7.4773440"/>
   <trkpt lat="46.9222910" lon="7.4773850"/>
   <trkpt lat="46.9222910" lon="7.4774270"/>
   <trkpt lat="46.9222910" lon="7.4774700"/>
   <trkpt lat="46.9222900" lon="7.4775120"/>
   <trkpt lat="46.9222870" lon="7.4775580"/>
   <trkpt lat="46.9222840" lon="7.4776010"/>
   <trkpt lat="46.9222820" lon="7.4776470"/>
   <trkpt lat="46.9222800" lon="7.4776890"/>
   <trkpt lat="46.9222790" lon="7.4777270"/>
   <trkpt lat="46.9222770" lon="7.4777710"/>
   <trkpt lat="46.9222730" lon="7.4778140"/>
   <trkpt lat="46.9222690" lon="7.4778610"/>
   <trkpt lat="46.9222660" lon="7.4779050"/>
   <trkpt lat="46.9222650" lon="7.4779500"/>
   <trkpt lat="46.9222650" lon="7.4779980"/>
   <trkpt lat="46.9222660" lon="7.4780370"/>
   <trkpt lat="46.9222660" lon="7.4780830"/>
   <trkpt lat="46.9222660" lon="7.4781280"/>
   <trkpt lat="46.9222650" lon="7.4781740"/>
   <trkpt lat="46.9222640" lon="7.4782180"/>
   <trkpt lat="46.9222640" lon="7.4782610"/>
   <trkpt lat="46.9222610" lon="7.4783050"/>
   <trkpt lat="46.9222550" lon="7.4783450"/>
   <trkpt lat="46.9222500" lon="7.4783880"/>
   <trkpt lat="46.9222450" lon="7.4784310"/>
   <trkpt lat="46.9222400" lon="7.4784740"/>
   <trkpt lat="46.9222350" lon="7.4785190"/>
   <trkpt lat="46.9222300" lon="7.4785590"/>
   <trkpt lat="46.9222280" lon="7.4786030"/>
   <trkpt lat="46.9222260" lon="7.4786460"/>
   <trkpt lat="46.9222210" lon="7.4786950"/>
   <trkpt lat="46.9222170" lon="7.4787470"/>
   <trkpt lat="46.9222140" lon="7.4787940"/>
   <trkpt lat="46.9222130" lon="7.4788450"/>
   <trkpt lat="46.9222120" lon="7.4788880"/>
   <trkpt lat="46.9222110" lon="7.4789350"/>
   <trkpt lat="46.9222130" lon="7.4789780"/>
   <trkpt lat="46.9222150" lon="7.4790220"/>
   <trkpt lat="46.9222190" lon="7.4790650"/>
   <trkpt lat="46.9222230" lon="7.4791070"/>
   <trkpt lat="46.9222260" lon="7.4791560"/>
   <trkpt lat="46.9222270" lon="7.4791980"/>
   <trkpt lat="46.9222270" lon="7.4792480"/>
   <trkpt lat="46.9222240" lon="7.4792920"/>
   <trkpt lat="46.9222280" lon="7.4793310"/>
   <trkpt lat="46.9222270" lon="7.4793800"/>
   <trkpt lat="46.9222280" lon="7.4794210"/>
   <trkpt lat="46.9222290" lon="7.4794760"/>
   <trkpt lat="46.9222320" lon="7.4795250"/>
   <trkpt lat="46.9222370" lon="7.4795740"/>
   <trkpt lat="46.9222420" lon="7.4796190"/>
   <trkpt lat="46.9222490" lon="7.4796580"/>
   <trkpt lat="46.9222600" lon="7.4797060"/>
   <trkpt lat="46.9222670" lon="7.4797440"/>
   <trkpt lat="46.9222780" lon="7.4797940"/>
   <trkpt lat="46.9222850" lon="7.4798420"/>
   <trkpt lat="46.9222930" lon="7.4798850"/>
   <trkpt lat="46.9223010" lon="7.4799300"/>
   <trkpt lat="46.9223120" lon="7.4799670"/>
   <trkpt lat="46.9223250" lon="7.4800110"/>
   <trkpt lat="46.9223370" lon="7.4800470"/>
   <trkpt lat="46.9223500" lon="7.4800940"/>
   <trkpt lat="46.9223590" lon="7.4801340"/>
   <trkpt lat="46.9223700" lon="7.4801770"/>
   <trkpt lat="46.9223790" lon="7.4802240"/>
   <trkpt lat="46.9223890" lon="7.4802620"/>
   <trkpt lat="46.9224010" lon="7.4803120"/>
   <trkpt lat="46.9224120" lon="7.4803520"/>
   <trkpt lat="46.9224270" lon="7.4803990"/>
   <trkpt lat="46.9224360" lon="7.4804440"/>
   <trkpt lat="46.9224460" lon="7.4804860"/>
   <trkpt lat="46.9224530" lon="7.4805310"/>
   <trkpt lat="46.9224600" lon="7.4805670"/>
   <trkpt lat="46.9224710" lon="7.4806130"/>
   <trkpt lat="46.9224800" lon="7.4806540"/>
   <trkpt lat="46.9224920" lon="7.4806980"/>
   <trkpt lat="46.9225040" lon="7.4807420"/>
   <trkpt lat="46.9225160" lon="7.4807800"/>
   <trkpt lat="46.9225320" lon="7.4808270"/>
   <trkpt lat="46.9225450" lon="7.4808610"/>
   <trkpt lat="46.9225630" lon="7.4809040"/>
   <trkpt lat="46.9225790" lon="7.4809460"/>
   <trkpt lat="46.9225970" lon="7.4809840"/>
   <trkpt lat="46.9226110" lon="7.4810190"/>
   <trkpt lat="46.9226270" lon="7.4810500"/>
   <trkpt lat="46.9226450" lon="7.4810890"/>
   <trkpt lat="46.9226590" lon="7.4811200"/>
   <trkpt lat="46.9226820" lon="7.4811640"/>
   <trkpt lat="46.9226990" lon="7.4812020"/>
   <trkpt lat="46.9227230" lon="7.4812440"/>
   <trkpt lat="46.9227440" lon="7.4812790"/>
   <trkpt lat="46.9227660" lon="7.4813090"/>
   <trkpt lat="46.9227860" lon="7.4813450"/>
   <trkpt lat="46.9228020" lon="7.4813710"/>
   <trkpt lat="46.9228270" lon="7.4814040"/>
   <trkpt lat="46.9228460" lon="7.4814290"/>
   <trkpt lat="46.9228680" lon="7.4814530"/>
   <trkpt lat="46.9228910" lon="7.4814810"/>
   <trkpt lat="46.9229130" lon="7.4815040"/>
   <trkpt lat="46.9229380" lon="7.4815360"/>
   <trkpt lat="46.9229560" lon="7.4815560"/>
   <trkpt lat="46.9229800" lon="7.4815810"/>
   <trkpt lat="46.9230020" lon="7.4816060"/>
   <trkpt lat="46.9230280" lon="7.4816300"/>
   <trkpt lat="46.9230520" lon="7.4816560"/>
   <trkpt lat="46.9230770" lon="7.4816780"/>
   <trkpt lat="46.9231060" lon="7.4817090"/>
   <trkpt lat="46.9231320" lon="7.4817350"/>
   <trkpt lat="46.9231600" lon="7.4817610"/>
   <trkpt lat="46.9231880" lon="7.4817860"/>
   <trkpt lat="46.9232150" lon="7.4818070"/>
   <trkpt lat="46.9232430" lon="7.4818290"/>
   <trkpt lat="46.9232690" lon="7.4818460"/>
   <trkpt lat="46.9232990" lon="7.4818680"/>
   <trkpt lat="46.9233250" lon="7.4818840"/>
   <trkpt lat="46.9233560" lon="7.4819030"/>
   <trkpt lat="46.9233850" lon="7.4819240"/>
   <trkpt lat="46.9234130" lon="7.4819430"/>
   <trkpt lat="46.9234430" lon="7.4819670"/>
   <trkpt lat="46.9234710" lon="7.4819850"/>
   <trkpt lat="46.9235010" lon="7.4820030"/>
   <trkpt lat="46.9235300" lon="7.4820200"/>
   <trkpt lat="46.9235590" lon="7.4820350"/>
   <trkpt lat="46.9235870" lon="7.4820520"/>
   <trkpt lat="46.9236120" lon="7.4820640"/>
   <trkpt lat="46.9236400" lon="7.4820800"/>
   <trkpt lat="46.9236710" lon="7.4820960"/>
   <trkpt lat="46.9237050" lon="7.4821090"/>
   <trkpt lat="46.9237380" lon="7.4821210"/>
   <trkpt lat="46.9237690" lon="7.4821320"/>
   <trkpt lat="46.9238010" lon="7.4821450"/>
   <trkpt lat="46.9238290" lon="7.4821560"/>
   <trkpt lat="46.9238590" lon="7.4821690"/>
   <trkpt lat="46.9238890" lon="7.4821860"/>
   <trkpt lat="46.9239200" lon="7.4822020"/>
   <trkpt lat="46.9239570" lon="7.4822310"/>
   <trkpt lat="46.9239830" lon="7.4822510"/>
   <trkpt lat="46.9240110" lon="7.4822760"/>
   <trkpt lat="46.9240320" lon="7.4823000"/>
   <trkpt lat="46.9240600" lon="7.4823240"/>
   <trkpt lat="46.9240860" lon="7.4823510"/>
   <trkpt lat="46.9241120" lon="7.4823690"/>
   <trkpt lat="46.9241410" lon="7.4823980"/>
   <trkpt lat="46.9241660" lon="7.4824230"/>
   <trkpt lat="46.9241920" lon="7.4824480"/>
   <trkpt lat="46.9242170" lon="7.4824720"/>
   <trkpt lat="46.9242460" lon="7.4825000"/>
   <trkpt lat="46.9242700" lon="7.4825300"/>
   <trkpt lat="46.9242930" lon="7.4825520"/>
   <trkpt lat="46.9243210" lon="7.4825830"/>
   <trkpt lat="46.9243450" lon="7.4826080"/>
   <trkpt lat="46.9243730" lon="7.4826370"/>
   <trkpt lat="46.9243980" lon="7.4826650"/>
   <trkpt lat="46.9244250" lon="7.4826890"/>
   <trkpt lat="46.9244540" lon="7.4827190"/>
   <trkpt lat="46.9244780" lon="7.4827390"/>
   <trkpt lat="46.9245070" lon="7.4827710"/>
   <trkpt lat="46.9245250" lon="7.4827930"/>
   <trkpt lat="46.9245490" lon="7.4828180"/>
   <trkpt lat="46.9245740" lon="7.4828470"/>
   <trkpt lat="46.9245930" lon="7.4828700"/>
   <trkpt lat="46.9246160" lon="7.4829070"/>
   <trkpt lat="46.9246340" lon="7.4829370"/>
   <trkpt lat="46.9246520" lon="7.4829760"/>
   <trkpt lat="46.9246690" lon="7.4830140"/>
   <trkpt lat="46.9246920" lon="7.4830510"/>
   <trkpt lat="46.9247090" lon="7.4830910"/>
   <trkpt lat="46.9247250" lon="7.4831230"/>
   <trkpt lat="46.9247400" lon="7.4831680"/>
   <trkpt lat="46.9247530" lon="7.4832050"/>
   <trkpt lat="46.9247660" lon="7.4832470"/>
   <trkpt lat="46.9247740" lon="7.4832920"/>
   <trkpt lat="46.9247830" lon="7.4833280"/>
   <trkpt lat="46.9247920" lon="7.4833760"/>
   <trkpt lat="46.9248020" lon="7.4834130"/>
   <trkpt lat="46.9248080" lon="7.4834580"/>
   <trkpt lat="46.9248130" lon="7.4834990"/>
   <trkpt lat="46.9248210" lon="7.4835420"/>
   <trkpt lat="46.9248230" lon="7.4835910"/>
   <trkpt lat="46.9248270" lon="7.4836290"/>
   <trkpt lat="46.9248290" lon="7.4836760"/>
   <trkpt lat="46.9248280" lon="7.4837160"/>
   <trkpt lat="46.9248270" lon="7.4837620"/>
   <trkpt lat="46.9248230" lon="7.4838040"/>
   <trkpt lat="46.9248230" lon="7.4838400"/>
   <trkpt lat="46.9248220" lon="7.4838910"/>
   <trkpt lat="46.9248210" lon="7.4839340"/>
   <trkpt lat="46.9248210" lon="7.4839820"/>
   <trkpt lat="46.9248190" lon="7.4840270"/>
   <trkpt lat="46.9248150" lon="7.4840680"/>
   <trkpt lat="46.9248090" lon="7.4841220"/>
   <trkpt lat="46.9248060" lon="7.4841640"/>
   <trkpt lat="46.9248030" lon="7.4842130"/>
   <trkpt lat="46.9247960" lon="7.4842570"/>
   <trkpt lat="46.9247910" lon="7.4843030"/>
   <trkpt lat="46.9247850" lon="7.4843510"/>
   <trkpt lat="46.9247790" lon="7.4843930"/>
   <trkpt lat="46.9247730" lon="7.4844380"/>
   <trkpt lat="46.9247640" lon="7.4844790"/>
   <trkpt lat="46.9247580" lon="7.4845230"/>
   <trkpt lat="46.9247510" lon="7.4845660"/>
   <trkpt lat="46.9247440" lon="7.4846070"/>
   <trkpt lat="46.9247340" lon="7.4846510"/>
   <trkpt lat="46.9247240" lon="7.4846910"/>
   <trkpt lat="46.9247110" lon="7.4847310"/>
   <trkpt lat="46.9246990" lon="7.4847750"/>
   <trkpt lat="46.9246880" lon="7.4848190"/>
   <trkpt lat="46.9246740" lon="7.4848630"/>
   <trkpt lat="46.9246630" lon="7.4849040"/>
   <trkpt lat="46.9246500" lon="7.4849510"/>
   <trkpt lat="46.9246380" lon="7.4849930"/>
   <trkpt lat="46.9246250" lon="7.4850380"/>
   <trkpt lat="46.9246130" lon="7.4850800"/>
   <trkpt lat="46.9246030" lon="7.4851230"/>
   <trkpt lat="46.9245910" lon="7.4851660"/>
   <trkpt lat="46.9245810" lon="7.4852030"/>
   <trkpt lat="46.9245670" lon="7.4852440"/>
   <trkpt lat="46.9245550" lon="7.4852850"/>
   <trkpt lat="46.9245430" lon="7.4853250"/>
   <trkpt lat="46.9245290" lon="7.4853680"/>
   <trkpt lat="46.9245160" lon="7.4854110"/>
   <trkpt lat="46.9245010" lon="7.4854560"/>
   <trkpt lat="46.9244870" lon="7.4854930"/>
   <trkpt lat="46.9244710" lon="7.4855390"/>
   <trkpt lat="46.9244560" lon="7.4855790"/>
   <trkpt lat="46.9244410" lon="7.4856230"/>
   <trkpt lat="46.9244280" lon="7.4856660"/>
   <trkpt lat="46.9244160" lon="7.4857060"/>
   <trkpt lat="46.9244000" lon="7.4857500"/>
   <trkpt lat="46.9243870" lon="7.4857890"/>
   <trkpt lat="46.9243750" lon="7.4858340"/>
   <trkpt lat="46.9243630" lon="7.4858750"/>
   <trkpt lat="46.9243500" lon="7.4859150"/>
   <trkpt lat="46.9243350" lon="7.4859550"/>
   <trkpt lat="46.9243200" lon="7.4859910"/>
   <trkpt lat="46.9243070" lon="7.4860270"/>
   <trkpt lat="46.9242940" lon="7.4860610"/>
   <trkpt lat="46.9242790" lon="7.4860970"/>
   <trkpt lat="46.9242640" lon="7.4861350"/>
   <trkpt lat="46.9242500" lon="7.4861750"/>
   <trkpt lat="46.9242310" lon="7.4862170"/>
   <trkpt lat="46.9242160" lon="7.4862540"/>
   <trkpt lat="46.9242000" lon="7.4862970"/>
   <trkpt lat="46.9241830" lon="7.4863330"/>
   <trkpt lat="46.9241660" lon="7.4863760"/>
   <trkpt lat="46.9241500" lon="7.4864170"/>
   <trkpt lat="46.9241360" lon="7.4864560"/>
   <trkpt lat="46.9241200" lon="7.4864960"/>
   <trkpt lat="46.9241060" lon="7.4865340"/>
   <trkpt lat="46.9240910" lon="7.4865760"/>
   <trkpt lat="46.9240770" lon="7.4866150"/>
   <trkpt lat="46.9240620" lon="7.4866590"/>
   <trkpt lat="46.9240430" lon="7.4867020"/>
   <trkpt lat="46.9240290" lon="7.4867390"/>
   <trkpt lat="46.9240130" lon="7.4867780"/>
   <trkpt lat="46.9239990" lon="7.4868140"/>
   <trkpt lat="46.9239840" lon="7.4868560"/>
   <trkpt lat="46.9239700" lon="7.4868900"/>
   <trkpt lat="46.9239570" lon="7.4869300"/>
   <trkpt lat="46.9239390" lon="7.4869700"/>
   <trkpt lat="46.9239240" lon="7.4870100"/>
   <trkpt lat="46.9239070" lon="7.4870530"/>
   <trkpt lat="46.9238920" lon="7.4870910"/>
   <trkpt lat="46.9238770" lon="7.4871330"/>
   <trkpt lat="46.9238610" lon="7.4871730"/>
   <trkpt lat="46.9238470" lon="7.4872130"/>
   <trkpt lat="46.9238300" lon="7.4872560"/>
   <trkpt lat="46.9238140" lon="7.4872930"/>
   <trkpt lat="46.9237960" lon="7.4873380"/>
   <trkpt lat="46.9237810" lon="7.4873740"/>
   <trkpt lat="46.9237660" lon="7.4874110"/>
   <trkpt lat="46.9237480" lon="7.4874520"/>
   <trkpt lat="46.9237340" lon="7.4874920"/>
   <trkpt lat="46.9237190" lon="7.4875320"/>
   <trkpt lat="46.9237050" lon="7.4875690"/>
   <trkpt lat="46.9236900" lon="7.4876100"/>
   <trkpt lat="46.9236760" lon="7.4876490"/>
   <trkpt lat="46.9236620" lon="7.4876900"/>
   <trkpt lat="46.9236460" lon="7.4877310"/>
   <trkpt lat="46.9236330" lon="7.4877690"/>
   <trkpt lat="46.9236200" lon="7.4878140"/>
   <trkpt lat="46.9236110" lon="7.4878560"/>
   <trkpt lat="46.9236020" lon="7.4879000"/>
   <trkpt lat="46.9235950" lon="7.4879420"/>
   <trkpt lat="46.9235920" lon="7.4879840"/>
   <trkpt lat="46.9235890" lon="7.4880260"/>
   <trkpt lat="46.9235860" lon="7.4880620"/>
   <trkpt lat="46.9235830" lon="7.4881080"/>
   <trkpt lat="46.9235790" lon="7.4881510"/>
   <trkpt lat="46.9235770" lon="7.4881950"/>
   <trkpt lat="46.9235710" lon="7.4882390"/>
   <trkpt lat="46.9235660" lon="7.4882820"/>
   <trkpt lat="46.9235590" lon="7.4883260"/>
   <trkpt lat="46.9235520" lon="7.4883640"/>
   <trkpt lat="46.9235420" lon="7.4884090"/>
   <trkpt lat="46.9235270" lon="7.4884480"/>
   <trkpt lat="46.9235140" lon="7.4884860"/>
   <trkpt lat="46.9234980" lon="7.4885250"/>
   <trkpt lat="46.9234850" lon="7.4885590"/>
   <trkpt lat="46.9234710" lon="7.4885990"/>
   <trkpt lat="46.9234530" lon="7.4886330"/>
   <trkpt lat="46.9234370" lon="7.4886750"/>
   <trkpt lat="46.9234210" lon="7.4887140"/>
   <trkpt lat="46.9234040" lon="7.4887540"/>
   <trkpt lat="46.9233850" lon="7.4887940"/>
   <trkpt lat="46.9233700" lon="7.4888310"/>
   <trkpt lat="46.9233530" lon="7.4888730"/>
   <trkpt lat="46.9233360" lon="7.4889090"/>
   <trkpt lat="46.9233210" lon="7.4889490"/>
   <trkpt lat="46.9233030" lon="7.4889860"/>
   <trkpt lat="46.9232880" lon="7.4890260"/>
   <trkpt lat="46.9232710" lon="7.4890670"/>
   <trkpt lat="46.9232570" lon="7.4891040"/>
   <trkpt lat="46.9232400" lon="7.4891490"/>
   <trkpt lat="46.9232250" lon="7.4891870"/>
   <trkpt lat="46.9232100" lon="7.4892260"/>
   <trkpt lat="46.9231930" lon="7.4892650"/>
   <trkpt lat="46.9231780" lon="7.4893000"/>
   <trkpt lat="46.9231630" lon="7.4893400"/>
   <trkpt lat="46.9231470" lon="7.4893770"/>
   <trkpt lat="46.9231320" lon="7.4894180"/>
   <trkpt lat="46.9231150" lon="7.4894540"/>
   <trkpt lat="46.9230990" lon="7.4894920"/>
   <trkpt lat="46.9230830" lon="7.4895310"/>
   <trkpt lat="46.9230700" lon="7.4895680"/>
   <trkpt lat="46.9230550" lon="7.4896080"/>
   <trkpt lat="46.9230380" lon="7.4896440"/>
   <trkpt lat="46.9230220" lon="7.4896820"/>
   <trkpt lat="46.9230050" lon="7.4897210"/>
   <trkpt lat="46.9229900" lon="7.4897590"/>
   <trkpt lat="46.9229730" lon="7.4898000"/>
   <trkpt lat="46.9229600" lon="7.4898360"/>
   <trkpt lat="46.9229450" lon="7.4898770"/>
   <trkpt lat="46.9229310" lon="7.4899160"/>
   <trkpt lat="46.9229150" lon="7.4899600"/>
   <trkpt lat="46.9228970" lon="7.4900010"/>
   <trkpt lat="46.9228820" lon="7.4900460"/>
   <trkpt lat="46.9228670" lon="7.4900860"/>
   <trkpt lat="46.9228530" lon="7.4901250"/>
   <trkpt lat="46.9228380" lon="7.4901660"/>
   <trkpt lat="46.9228230" lon="7.4902050"/>
   <trkpt lat="46.9228090" lon="7.4902450"/>
   <trkpt lat="46.9227960" lon="7.4902820"/>
   <trkpt lat="46.9227820" lon="7.4903200"/>
   <trkpt lat="46.9227660" lon="7.4903600"/>
   <trkpt lat="46.9227510" lon="7.4903950"/>
   <trkpt lat="46.9227340" lon="7.4904330"/>
   <trkpt lat="46.9227190" lon="7.4904680"/>
   <trkpt lat="46.9227000" lon="7.4905040"/>
   <trkpt lat="46.9226840" lon="7.4905400"/>
   <trkpt lat="46.9226670" lon="7.4905750"/>
   <trkpt lat="46.9226470" lon="7.4906110"/>
   <trkpt lat="46.9226300" lon="7.4906440"/>
   <trkpt lat="46.9226130" lon="7.4906830"/>
   <trkpt lat="46.9225960" lon="7.4907220"/>
   <trkpt lat="46.9225790" lon="7.4907640"/>
   <trkpt lat="46.9225640" lon="7.4908020"/>
   <trkpt lat="46.9225490" lon="7.4908400"/>
   <trkpt lat="46.9225320" lon="7.4908830"/>
   <trkpt lat="46.9225180" lon="7.4909210"/>
   <trkpt lat="46.9225020" lon="7.4909630"/>
   <trkpt lat="46.9224890" lon="7.4910000"/>
   <trkpt lat="46.9224750" lon="7.4910390"/>
   <trkpt lat="46.9224600" lon="7.4910780"/>
   <trkpt lat="46.9224460" lon="7.4911160"/>
   <trkpt lat="46.9224290" lon="7.4911560"/>
   <trkpt lat="46.9224130" lon="7.4911930"/>
   <trkpt lat="46.9223950" lon="7.4912350"/>
   <trkpt lat="46.9223790" lon="7.4912720"/>
   <trkpt lat="46.9223640" lon="7.4913120"/>
   <trkpt lat="46.9223480" lon="7.4913480"/>
   <trkpt lat="46.9223310" lon="7.4913860"/>
   <trkpt lat="46.9223150" lon="7.4914240"/>
   <trkpt lat="46.9223010" lon="7.4914620"/>
   <trkpt lat="46.9222840" lon="7.4915040"/>
   <trkpt lat="46.9222700" lon="7.4915390"/>
   <trkpt lat="46.9222530" lon="7.4915820"/>
   <trkpt lat="46.9222370" lon="7.4916230"/>
   <trkpt lat="46.9222190" lon="7.4916640"/>
   <trkpt lat="46.9222030" lon="7.4917060"/>
   <trkpt lat="46.9221870" lon="7.4917430"/>
   <trkpt lat="46.9221700" lon="7.4917830"/>
   <trkpt lat="46.9221570" lon="7.4918190"/>
   <trkpt lat="46.9221440" lon="7.4918540"/>
   <trkpt lat="46.9221280" lon="7.4918970"/>
   <trkpt lat="46.9221130" lon="7.4919370"/>
   <trkpt lat="46.9220980" lon="7.4919750"/>
   <trkpt lat="46.9220820" lon="7.4920100"/>
   <trkpt lat="46.9220670" lon="7.4920460"/>
   <trkpt lat="46.9220540" lon="7.4920790"/>
   <trkpt lat="46.9220400" lon="7.4921130"/>
   <trkpt lat="46.9220230" lon="7.4921510"/>
   <trkpt lat="46.9220080" lon="7.4921830"/>
   <trkpt lat="46.9219910" lon="7.4922170"/>
   <trkpt lat="46.9219750" lon="7.4922540"/>
   <trkpt lat="46.9219590" lon="7.4922920"/>
   <trkpt lat="46.9219410" lon="7.4923300"/>
   <trkpt lat="46.9219240" lon="7.4923670"/>
   <trkpt lat="46.9219090" lon="7.4924080"/>
   <trkpt lat="46.9218930" lon="7.4924470"/>
   <trkpt lat="46.9218780" lon="7.4924870"/>
   <trkpt lat="46.9218630" lon="7.4925240"/>
   <trkpt lat="46.9218480" lon="7.4925600"/>
   <trkpt lat="46.9218330" lon="7.4926010"/>
   <trkpt lat="46.9218170" lon="7.4926380"/>
   <trkpt lat="46.9217980" lon="7.4926800"/>
   <trkpt lat="46.9217810" lon="7.4927160"/>
   <trkpt lat="46.9217620" lon="7.4927560"/>
   <trkpt lat="46.9217450" lon="7.4927940"/>
   <trkpt lat="46.9217290" lon="7.4928320"/>
   <trkpt lat="46.9217140" lon="7.4928710"/>
   <trkpt lat="46.9217000" lon="7.4929060"/>
   <trkpt lat="46.9216860" lon="7.4929440"/>
   <trkpt lat="46.9216720" lon="7.4929790"/>
   <trkpt lat="46.9216590" lon="7.4930130"/>
   <trkpt lat="46.9216450" lon="7.4930520"/>
   <trkpt lat="46.9216300" lon="7.4930880"/>
   <trkpt lat="46.9216120" lon="7.4931230"/>
   <trkpt lat="46.9215950" lon="7.4931600"/>
   <trkpt lat="46.9215770" lon="7.4931970"/>
   <trkpt lat="46.9215610" lon="7.4932330"/>
   <trkpt lat="46.9215490" lon="7.4932670"/>
   <trkpt lat="46.9215330" lon="7.4933070"/>
   <trkpt lat="46.9215180" lon="7.4933430"/>
   <trkpt lat="46.9215050" lon="7.4933830"/>
   <trkpt lat="46.9214880" lon="7.4934200"/>
   <trkpt lat="46.9214740" lon="7.4934560"/>
   <trkpt lat="46.9214560" lon="7.4934940"/>
   <trkpt lat="46.9214400" lon="7.4935290"/>
   <trkpt lat="46.9214240" lon="7.4935670"/>
   <trkpt lat="46.9214090" lon="7.4936030"/>
   <trkpt lat="46.9213920" lon="7.4936400"/>
   <trkpt lat="46.9213740" lon="7.4936780"/>
   <trkpt lat="46.9213570" lon="7.4937150"/>
   <trkpt lat="46.9213390" lon="7.4937560"/>
   <trkpt lat="46.9213220" lon="7.4937930"/>
   <trkpt lat="46.9213030" lon="7.4938360"/>
   <trkpt lat="46.9212880" lon="7.4938730"/>
   <trkpt lat="46.9212740" lon="7.4939100"/>
   <trkpt lat="46.9212600" lon="7.4939460"/>
   <trkpt lat="46.9212460" lon="7.4939790"/>
   <trkpt lat="46.9212310" lon="7.4940180"/>
   <trkpt lat="46.9212180" lon="7.4940520"/>
   <trkpt lat="46.9212030" lon="7.4940880"/>
   <trkpt lat="46.9211880" lon="7.4941270"/>
   <trkpt lat="46.9211730" lon="7.4941660"/>
   <trkpt lat="46.9211570" lon="7.4942060"/>
   <trkpt lat="46.9211410" lon="7.4942450"/>
   <trkpt lat="46.9211250" lon="7.4942870"/>
   <trkpt lat="46.9211100" lon="7.4943240"/>
   <trkpt lat="46.9210950" lon="7.4943640"/>
   <trkpt lat="46.9210780" lon="7.4944010"/>
   <trkpt lat="46.9210620" lon="7.4944370"/>
   <trkpt lat="46.9210460" lon="7.4944760"/>
   <trkpt lat="46.9210310" lon="7.4945140"/>
   <trkpt lat="46.9210150" lon="7.4945560"/>
   <trkpt lat="46.9210000" lon="7.4945920"/>
   <trkpt lat="46.9209820" lon="7.4946320"/>
   <trkpt lat="46.9209630" lon="7.4946710"/>
   <trkpt lat="46.9209450" lon="7.4947110"/>
   <trkpt lat="46.9209250" lon="7.4947550"/>
   <trkpt lat="46.9209080" lon="7.4947920"/>
   <trkpt lat="46.9208910" lon="7.4948320"/>
   <trkpt lat="46.9208760" lon="7.4948690"/>
   <trkpt lat="46.9208610" lon="7.4949080"/>
   <trkpt lat="46.9208440" lon="7.4949440"/>
   <trkpt lat="46.9208290" lon="7.4949830"/>
   <trkpt lat="46.9208130" lon="7.4950250"/>
   <trkpt lat="46.9207960" lon="7.4950650"/>
   <trkpt lat="46.9207810" lon="7.4951080"/>
   <trkpt lat="46.9207650" lon="7.4951460"/>
   <trkpt lat="46.9207480" lon="7.4951900"/>
   <trkpt lat="46.9207300" lon="7.4952250"/>
   <trkpt lat="46.9207130" lon="7.4952620"/>
   <trkpt lat="46.9206950" lon="7.4952970"/>
   <trkpt lat="46.9206790" lon="7.4953310"/>
   <trkpt lat="46.9206640" lon="7.4953660"/>
   <trkpt lat="46.9206490" lon="7.4953990"/>
   <trkpt lat="46.9206370" lon="7.4954400"/>
   <trkpt lat="46.9206220" lon="7.4954810"/>
   <trkpt lat="46.9206070" lon="7.4955290"/>
   <trkpt lat="46.9205910" lon="7.4955710"/>
   <trkpt lat="46.9205770" lon="7.4956080"/>
   <trkpt lat="46.9205560" lon="7.4956460"/>
   <trkpt lat="46.9205370" lon="7.4956860"/>
   <trkpt lat="46.9205200" lon="7.4957270"/>
   <trkpt lat="46.9205030" lon="7.4957660"/>
   <trkpt lat="46.9204830" lon="7.4958010"/>
   <trkpt lat="46.9204690" lon="7.4958370"/>
   <trkpt lat="46.9204500" lon="7.4958760"/>
   <trkpt lat="46.9204330" lon="7.4959090"/>
   <trkpt lat="46.9204170" lon="7.4959460"/>
   <trkpt lat="46.9204000" lon="7.4959800"/>
   <trkpt lat="46.9203850" lon="7.4960140"/>
   <trkpt lat="46.9203500" lon="7.4960830"/>
   <trkpt lat="46.9203340" lon="7.4961200"/>
   <trkpt lat="46.9203180" lon="7.4961560"/>
   <trkpt lat="46.9203070" lon="7.4961960"/>
   <trkpt lat="46.9202930" lon="7.4962390"/>
   <trkpt lat="46.9202780" lon="7.4962760"/>
   <trkpt lat="46.9202600" lon="7.4963140"/>
   <trkpt lat="46.9202420" lon="7.4963470"/>
   <trkpt lat="46.9202190" lon="7.4963900"/>
   <trkpt lat="46.9202010" lon="7.4964200"/>
   <trkpt lat="46.9201830" lon="7.4964560"/>
   <trkpt lat="46.9201640" lon="7.4964950"/>
   <trkpt lat="46.9201500" lon="7.4965320"/>
   <trkpt lat="46.9201340" lon="7.4965730"/>
   <trkpt lat="46.9201170" lon="7.4966070"/>
   <trkpt lat="46.9201000" lon="7.4966450"/>
   <trkpt lat="46.9200820" lon="7.4966800"/>
   <trkpt lat="46.9200670" lon="7.4967130"/>
   <trkpt lat="46.9200480" lon="7.4967490"/>
   <trkpt lat="46.9200300" lon="7.4967810"/>
   <trkpt lat="46.9200090" lon="7.4968130"/>
   <trkpt lat="46.9199910" lon="7.4968420"/>
   <trkpt lat="46.9199740" lon="7.4968800"/>
   <trkpt lat="46.9199600" lon="7.4969180"/>
   <trkpt lat="46.9199490" lon="7.4969560"/>
   <trkpt lat="46.9199340" lon="7.4969980"/>
   <trkpt lat="46.9199210" lon="7.4970390"/>
   <trkpt lat="46.9199060" lon="7.4970900"/>
   <trkpt lat="46.9198950" lon="7.4971310"/>
   <trkpt lat="46.9198810" lon="7.4971760"/>
   <trkpt lat="46.9198660" lon="7.4972210"/>
   <trkpt lat="46.9198540" lon="7.4972640"/>
   <trkpt lat="46.9198420" lon="7.4973040"/>
   <trkpt lat="46.9198300" lon="7.4973360"/>
   <trkpt lat="46.9198180" lon="7.4973690"/>
   <trkpt lat="46.9198080" lon="7.4974000"/>
   <trkpt lat="46.9197990" lon="7.4974370"/>
   <trkpt lat="46.9197890" lon="7.4974710"/>
   <trkpt lat="46.9197780" lon="7.4975050"/>
   <trkpt lat="46.9197640" lon="7.4975410"/>
   <trkpt lat="46.9197490" lon="7.4975810"/>
   <trkpt lat="46.9197350" lon="7.4976210"/>
   <trkpt lat="46.9197190" lon="7.4976630"/>
   <trkpt lat="46.9197030" lon="7.4977000"/>
   <trkpt lat="46.9196830" lon="7.4977430"/>
   <trkpt lat="46.9196610" lon="7.4977820"/>
   <trkpt lat="46.9196440" lon="7.4978250"/>
   <trkpt lat="46.9196260" lon="7.4978620"/>
   <trkpt lat="46.9196100" lon="7.4979010"/>
   <trkpt lat="46.9195980" lon="7.4979360"/>
   <trkpt lat="46.9195820" lon="7.4979700"/>
   <trkpt lat="46.9195640" lon="7.4980130"/>
   <trkpt lat="46.9195470" lon="7.4980510"/>
   <trkpt lat="46.9195360" lon="7.4980950"/>
   <trkpt lat="46.9195240" lon="7.4981300"/>
   <trkpt lat="46.9195120" lon="7.4981680"/>
   <trkpt lat="46.9194970" lon="7.4982090"/>
   <trkpt lat="46.9194870" lon="7.4982500"/>
   <trkpt lat="46.9194710" lon="7.4982960"/>
   <trkpt lat="46.9194550" lon="7.4983360"/>
   <trkpt lat="46.9194400" lon="7.4983790"/>
   <trkpt lat="46.9194280" lon="7.4984180"/>
   <trkpt lat="46.9194190" lon="7.4984560"/>
   <trkpt lat="46.9194060" lon="7.4984930"/>
   <trkpt lat="46.9193910" lon="7.4985320"/>
   <trkpt lat="46.9193730" lon="7.4985720"/>
   <trkpt lat="46.9193550" lon="7.4986010"/>
   <trkpt lat="46.9193360" lon="7.4986400"/>
   <trkpt lat="46.9193220" lon="7.4986750"/>
   <trkpt lat="46.9193040" lon="7.4987170"/>
   <trkpt lat="46.9192890" lon="7.4987530"/>
   <trkpt lat="46.9192710" lon="7.4987880"/>
   <trkpt lat="46.9192520" lon="7.4988170"/>
   <trkpt lat="46.9192360" lon="7.4988470"/>
   <trkpt lat="46.9192170" lon="7.4988850"/>
   <trkpt lat="46.9192030" lon="7.4989230"/>
   <trkpt lat="46.9191890" lon="7.4989650"/>
   <trkpt lat="46.9191750" lon="7.4989990"/>
   <trkpt lat="46.9191560" lon="7.4990320"/>
   <trkpt lat="46.9191330" lon="7.4990720"/>
   <trkpt lat="46.9191170" lon="7.4991090"/>
   <trkpt lat="46.9190980" lon="7.4991430"/>
   <trkpt lat="46.9190780" lon="7.4991730"/>
   <trkpt lat="46.9190610" lon="7.4992090"/>
   <trkpt lat="46.9190480" lon="7.4992460"/>
   <trkpt lat="46.9190320" lon="7.4992830"/>
   <trkpt lat="46.9190140" lon="7.4993300"/>
   <trkpt lat="46.9189990" lon="7.4993670"/>
   <trkpt lat="46.9189830" lon="7.4994040"/>
   <trkpt lat="46.9189670" lon="7.4994370"/>
   <trkpt lat="46.9189510" lon="7.4994800"/>
   <trkpt lat="46.9189390" lon="7.4995210"/>
   <trkpt lat="46.9189250" lon="7.4995570"/>
   <trkpt lat="46.9189090" lon="7.4995960"/>
   <trkpt lat="46.9188900" lon="7.4996310"/>
   <trkpt lat="46.9188760" lon="7.4996680"/>
   <trkpt lat="46.9188590" lon="7.4997060"/>
   <trkpt lat="46.9188430" lon="7.4997370"/>
   <trkpt lat="46.9188260" lon="7.4997750"/>
   <trkpt lat="46.9188090" lon="7.4998130"/>
   <trkpt lat="46.9187940" lon="7.4998550"/>
   <trkpt lat="46.9187770" lon="7.4998930"/>
   <trkpt lat="46.9187610" lon="7.4999320"/>
   <trkpt lat="46.9187440" lon="7.4999660"/>
   <trkpt lat="46.9187320" lon="7.4999990"/>
   <trkpt lat="46.9187290" lon="7.5000360"/>
   <trkpt lat="46.9187320" lon="7.5000660"/>
   <trkpt lat="46.9187470" lon="7.5001000"/>
   <trkpt lat="46.9187540" lon="7.5001360"/>
   <trkpt lat="46.9187610" lon="7.5001650"/>
   <trkpt lat="46.9187730" lon="7.5001970"/>
   <trkpt lat="46.9187860" lon="7.5002290"/>
   <trkpt lat="46.9188000" lon="7.5002620"/>
   <trkpt lat="46.9188200" lon="7.5002880"/>
   <trkpt lat="46.9188450" lon="7.5003140"/>
   <trkpt lat="46.9188740" lon="7.5003430"/>
   <trkpt lat="46.9189100" lon="7.5003690"/>
   <trkpt lat="46.9189420" lon="7.5003990"/>
   <trkpt lat="46.9189750" lon="7.5004250"/>
   <trkpt lat="46.9190090" lon="7.5004500"/>
   <trkpt lat="46.9190420" lon="7.5004760"/>
   <trkpt lat="46.9190740" lon="7.5005040"/>
   <trkpt lat="46.9191030" lon="7.5005260"/>
   <trkpt lat="46.9191290" lon="7.5005470"/>
   <trkpt lat="46.9191560" lon="7.5005690"/>
   <trkpt lat="46.9191850" lon="7.5005860"/>
   <trkpt lat="46.9192090" lon="7.5006060"/>
   <trkpt lat="46.9192310" lon="7.5006210"/>
   <trkpt lat="46.9192650" lon="7.5006450"/>
   <trkpt lat="46.9192990" lon="7.5006500"/>
   <trkpt lat="46.9193350" lon="7.5006420"/>
   <trkpt lat="46.9193650" lon="7.5006220"/>
   <trkpt lat="46.9193930" lon="7.5005940"/>
   <trkpt lat="46.9194170" lon="7.5005720"/>
   <trkpt lat="46.9194400" lon="7.5005440"/>
   <trkpt lat="46.9194630" lon="7.5005120"/>
   <trkpt lat="46.9194840" lon="7.5004740"/>
   <trkpt lat="46.9195030" lon="7.5004320"/>
   <trkpt lat="46.9195230" lon="7.5003960"/>
   <trkpt lat="46.9195450" lon="7.5003650"/>
   <trkpt lat="46.9195690" lon="7.5003280"/>
   <trkpt lat="46.9195880" lon="7.5002900"/>
   <trkpt lat="46.9196100" lon="7.5002510"/>
   <trkpt lat="46.9196300" lon="7.5002140"/>
   <trkpt lat="46.9196490" lon="7.5001780"/>
   <trkpt lat="46.9196700" lon="7.5001460"/>
   <trkpt lat="46.9196910" lon="7.5001130"/>
   <trkpt lat="46.9197180" lon="7.5000820"/>
   <trkpt lat="46.9197410" lon="7.5000560"/>
   <trkpt lat="46.9197630" lon="7.5000200"/>
   <trkpt lat="46.9197860" lon="7.4999820"/>
   <trkpt lat="46.9198090" lon="7.4999540"/>
   <trkpt lat="46.9198340" lon="7.4999260"/>
   <trkpt lat="46.9198590" lon="7.4998970"/>
   <trkpt lat="46.9198880" lon="7.4998650"/>
   <trkpt lat="46.9199130" lon="7.4998370"/>
   <trkpt lat="46.9199400" lon="7.4998040"/>
   <trkpt lat="46.9199670" lon="7.4997730"/>
   <trkpt lat="46.9199940" lon="7.4997400"/>
   <trkpt lat="46.9200210" lon="7.4997080"/>
   <trkpt lat="46.9200480" lon="7.4996780"/>
   <trkpt lat="46.9200770" lon="7.4996470"/>
   <trkpt lat="46.9201000" lon="7.4996160"/>
   <trkpt lat="46.9201260" lon="7.4995800"/>
   <trkpt lat="46.9201460" lon="7.4995490"/>
   <trkpt lat="46.9201670" lon="7.4995140"/>
   <trkpt lat="46.9201890" lon="7.4994790"/>
   <trkpt lat="46.9202060" lon="7.4994480"/>
   <trkpt lat="46.9202230" lon="7.4994120"/>
   <trkpt lat="46.9202370" lon="7.4993770"/>
   <trkpt lat="46.9202510" lon="7.4993240"/>
   <trkpt lat="46.9202670" lon="7.4992890"/>
   <trkpt lat="46.9202830" lon="7.4992610"/>
   <trkpt lat="46.9203040" lon="7.4992300"/>
   <trkpt lat="46.9203210" lon="7.4992010"/>
   <trkpt lat="46.9203410" lon="7.4991640"/>
   <trkpt lat="46.9203580" lon="7.4991240"/>
   <trkpt lat="46.9203750" lon="7.4990840"/>
   <trkpt lat="46.9203930" lon="7.4990510"/>
   <trkpt lat="46.9204090" lon="7.4990190"/>
   <trkpt lat="46.9204270" lon="7.4989840"/>
   <trkpt lat="46.9204460" lon="7.4989530"/>
   <trkpt lat="46.9204650" lon="7.4989150"/>
   <trkpt lat="46.9204840" lon="7.4988780"/>
   <trkpt lat="46.9205020" lon="7.4988430"/>
   <trkpt lat="46.9205240" lon="7.4988050"/>
   <trkpt lat="46.9205440" lon="7.4987710"/>
   <trkpt lat="46.9205630" lon="7.4987370"/>
   <trkpt lat="46.9205820" lon="7.4987010"/>
   <trkpt lat="46.9206020" lon="7.4986640"/>
   <trkpt lat="46.9206230" lon="7.4986350"/>
   <trkpt lat="46.9206420" lon="7.4986040"/>
   <trkpt lat="46.9206560" lon="7.4985740"/>
   <trkpt lat="46.9206720" lon="7.4985350"/>
   <trkpt lat="46.9206920" lon="7.4985120"/>
   <trkpt lat="46.9207140" lon="7.4984890"/>
   <trkpt lat="46.9207390" lon="7.4984570"/>
   <trkpt lat="46.9207670" lon="7.4984350"/>
   <trkpt lat="46.9207900" lon="7.4984130"/>
   <trkpt lat="46.9208160" lon="7.4983860"/>
   <trkpt lat="46.9208390" lon="7.4983590"/>
   <trkpt lat="46.9208630" lon="7.4983220"/>
   <trkpt lat="46.9208810" lon="7.4982860"/>
   <trkpt lat="46.9208970" lon="7.4982510"/>
   <trkpt lat="46.9209110" lon="7.4982070"/>
   <trkpt lat="46.9209210" lon="7.4981670"/>
   <trkpt lat="46.9209340" lon="7.4981180"/>
   <trkpt lat="46.9209430" lon="7.4980700"/>
   <trkpt lat="46.9209560" lon="7.4980200"/>
   <trkpt lat="46.9209670" lon="7.4979850"/>
   <trkpt lat="46.9209810" lon="7.4979410"/>
   <trkpt lat="46.9209950" lon="7.4979040"/>
   <trkpt lat="46.9210070" lon="7.4978680"/>
   <trkpt lat="46.9210200" lon="7.4978390"/>
   <trkpt lat="46.9210320" lon="7.4978080"/>
   <trkpt lat="46.9210480" lon="7.4977750"/>
   <trkpt lat="46.9210620" lon="7.4977550"/>
   <trkpt lat="46.9210840" lon="7.4977210"/>
   <trkpt lat="46.9211040" lon="7.4976870"/>
   <trkpt lat="46.9211240" lon="7.4976540"/>
   <trkpt lat="46.9211380" lon="7.4976220"/>
   <trkpt lat="46.9211510" lon="7.4975880"/>
   <trkpt lat="46.9211680" lon="7.4975460"/>
   <trkpt lat="46.9211840" lon="7.4975020"/>
   <trkpt lat="46.9212000" lon="7.4974560"/>
   <trkpt lat="46.9212160" lon="7.4974120"/>
   <trkpt lat="46.9212330" lon="7.4973740"/>
   <trkpt lat="46.9212530" lon="7.4973300"/>
   <trkpt lat="46.9212690" lon="7.4972930"/>
   <trkpt lat="46.9212890" lon="7.4972560"/>
   <trkpt lat="46.9213110" lon="7.4972240"/>
   <trkpt lat="46.9213350" lon="7.4971940"/>
   <trkpt lat="46.9213620" lon="7.4971640"/>
   <trkpt lat="46.9213850" lon="7.4971400"/>
   <trkpt lat="46.9214080" lon="7.4971150"/>
   <trkpt lat="46.9214340" lon="7.4970900"/>
   <trkpt lat="46.9214560" lon="7.4970670"/>
   <trkpt lat="46.9214820" lon="7.4970470"/>
   <trkpt lat="46.9215070" lon="7.4970300"/>
   <trkpt lat="46.9215330" lon="7.4970110"/>
   <trkpt lat="46.9215630" lon="7.4969890"/>
   <trkpt lat="46.9215900" lon="7.4969610"/>
   <trkpt lat="46.9216190" lon="7.4969310"/>
   <trkpt lat="46.9216450" lon="7.4969040"/>
   <trkpt lat="46.9216730" lon="7.4968680"/>
   <trkpt lat="46.9216950" lon="7.4968310"/>
   <trkpt lat="46.9217110" lon="7.4967860"/>
   <trkpt lat="46.9217240" lon="7.4967390"/>
   <trkpt lat="46.9217360" lon="7.4966970"/>
   <trkpt lat="46.9217440" lon="7.4966510"/>
   <trkpt lat="46.9217430" lon="7.4966100"/>
   <trkpt lat="46.9217420" lon="7.4965580"/>
   <trkpt lat="46.9217420" lon="7.4965140"/>
   <trkpt lat="46.9217420" lon="7.4964690"/>
   <trkpt lat="46.9217430" lon="7.4964220"/>
   <trkpt lat="46.9217450" lon="7.4963840"/>
   <trkpt lat="46.9217460" lon="7.4963400"/>
   <trkpt lat="46.9217460" lon="7.4962950"/>
   <trkpt lat="46.9217470" lon="7.4962470"/>
   <trkpt lat="46.9217490" lon="7.4962000"/>
   <trkpt lat="46.9217510" lon="7.4961570"/>
   <trkpt lat="46.9217550" lon="7.4961080"/>
   <trkpt lat="46.9217600" lon="7.4960690"/>
   <trkpt lat="46.9217670" lon="7.4960280"/>
   <trkpt lat="46.9217810" lon="7.4959860"/>
   <trkpt lat="46.9217920" lon="7.4959470"/>
   <trkpt lat="46.9218070" lon="7.4959020"/>
   <trkpt lat="46.9218220" lon="7.4958600"/>
   <trkpt lat="46.9218360" lon="7.4958160"/>
   <trkpt lat="46.9218490" lon="7.4957780"/>
   <trkpt lat="46.9218620" lon="7.4957400"/>
   <trkpt lat="46.9218750" lon="7.4957000"/>
   <trkpt lat="46.9218880" lon="7.4956640"/>
   <trkpt lat="46.9219000" lon="7.4956180"/>
   <trkpt lat="46.9219150" lon="7.4955820"/>
   <trkpt lat="46.9219350" lon="7.4955450"/>
   <trkpt lat="46.9219580" lon="7.4955070"/>
   <trkpt lat="46.9219800" lon="7.4954760"/>
   <trkpt lat="46.9220050" lon="7.4954450"/>
   <trkpt lat="46.9220290" lon="7.4954240"/>
   <trkpt lat="46.9220550" lon="7.4954020"/>
   <trkpt lat="46.9220820" lon="7.4953800"/>
   <trkpt lat="46.9221090" lon="7.4953590"/>
   <trkpt lat="46.9221370" lon="7.4953360"/>
   <trkpt lat="46.9221620" lon="7.4953140"/>
   <trkpt lat="46.9221890" lon="7.4952860"/>
   <trkpt lat="46.9222160" lon="7.4952590"/>
   <trkpt lat="46.9222430" lon="7.4952290"/>
   <trkpt lat="46.9222670" lon="7.4951980"/>
   <trkpt lat="46.9222910" lon="7.4951630"/>
   <trkpt lat="46.9223140" lon="7.4951270"/>
   <trkpt lat="46.9223340" lon="7.4950970"/>
   <trkpt lat="46.9223530" lon="7.4950610"/>
   <trkpt lat="46.9223720" lon="7.4950310"/>
   <trkpt lat="46.9223930" lon="7.4950000"/>
   <trkpt lat="46.9224140" lon="7.4949760"/>
   <trkpt lat="46.9224350" lon="7.4949520"/>
   <trkpt lat="46.9224580" lon="7.4949250"/>
   <trkpt lat="46.9224800" lon="7.4948990"/>
   <trkpt lat="46.9225000" lon="7.4948740"/>
   <trkpt lat="46.9225230" lon="7.4948460"/>
   <trkpt lat="46.9225440" lon="7.4948180"/>
   <trkpt lat="46.9225670" lon="7.4947880"/>
   <trkpt lat="46.9225870" lon="7.4947610"/>
   <trkpt lat="46.9226100" lon="7.4947270"/>
   <trkpt lat="46.9226280" lon="7.4946960"/>
   <trkpt lat="46.9226480" lon="7.4946620"/>
   <trkpt lat="46.9226680" lon="7.4946300"/>
   <trkpt lat="46.9226920" lon="7.4945930"/>
   <trkpt lat="46.9227160" lon="7.4945550"/>
   <trkpt lat="46.9227380" lon="7.4945170"/>
   <trkpt lat="46.9227620" lon="7.4944790"/>
   <trkpt lat="46.9227840" lon="7.4944460"/>
   <trkpt lat="46.9228060" lon="7.4944120"/>
   <trkpt lat="46.9228250" lon="7.4943800"/>
   <trkpt lat="46.9228450" lon="7.4943420"/>
   <trkpt lat="46.9228680" lon="7.4943070"/>
   <trkpt lat="46.9228890" lon="7.4942740"/>
   <trkpt lat="46.9229100" lon="7.4942390"/>
   <trkpt lat="46.9229310" lon="7.4942110"/>
   <trkpt lat="46.9229550" lon="7.4941810"/>
   <trkpt lat="46.9229790" lon="7.4941570"/>
   <trkpt lat="46.9230080" lon="7.4941340"/>
   <trkpt lat="46.9230360" lon="7.4941150"/>
   <trkpt lat="46.9230660" lon="7.4940970"/>
   <trkpt lat="46.9230950" lon="7.4940810"/>
   <trkpt lat="46.9231230" lon="7.4940650"/>
   <trkpt lat="46.9231540" lon="7.4940480"/>
   <trkpt lat="46.9231840" lon="7.4940320"/>
   <trkpt lat="46.9232120" lon="7.4940130"/>
   <trkpt lat="46.9232360" lon="7.4939950"/>
   <trkpt lat="46.9232600" lon="7.4939660"/>
   <trkpt lat="46.9232820" lon="7.4939430"/>
   <trkpt lat="46.9233040" lon="7.4939070"/>
   <trkpt lat="46.9233180" lon="7.4938740"/>
   <trkpt lat="46.9233310" lon="7.4938310"/>
   <trkpt lat="46.9233380" lon="7.4937910"/>
   <trkpt lat="46.9233400" lon="7.4937480"/>
   <trkpt lat="46.9233370" lon="7.4937070"/>
   <trkpt lat="46.9233360" lon="7.4936710"/>
   <trkpt lat="46.9233350" lon="7.4936230"/>
   <trkpt lat="46.9233320" lon="7.4935850"/>
   <trkpt lat="46.9233280" lon="7.4935410"/>
   <trkpt lat="46.9233260" lon="7.4935080"/>
   <trkpt lat="46.9233320" lon="7.4934680"/>
   <trkpt lat="46.9233410" lon="7.4934310"/>
   <trkpt lat="46.9233510" lon="7.4933930"/>
   <trkpt lat="46.9233680" lon="7.4933540"/>
   <trkpt lat="46.9233790" lon="7.4933200"/>
   <trkpt lat="46.9233950" lon="7.4932790"/>
   <trkpt lat="46.9234100" lon="7.4932470"/>
   <trkpt lat="46.9234240" lon="7.4932140"/>
   <trkpt lat="46.9234370" lon="7.4931820"/>
   <trkpt lat="46.9234480" lon="7.4931450"/>
   <trkpt lat="46.9234570" lon="7.4931020"/>
   <trkpt lat="46.9234620" lon="7.4930670"/>
   <trkpt lat="46.9234670" lon="7.4930200"/>
   <trkpt lat="46.9234720" lon="7.4929820"/>
   <trkpt lat="46.9234780" lon="7.4929390"/>
   <trkpt lat="46.9234820" lon="7.4928930"/>
   <trkpt lat="46.9234850" lon="7.4928510"/>
   <trkpt lat="46.9234900" lon="7.4928010"/>
   <trkpt lat="46.9234930" lon="7.4927630"/>
   <trkpt lat="46.9234970" lon="7.4927110"/>
   <trkpt lat="46.9235000" lon="7.4926750"/>
   <trkpt lat="46.9235030" lon="7.4926330"/>
   <trkpt lat="46.9235120" lon="7.4925880"/>
   <trkpt lat="46.9235170" lon="7.4925580"/>
   <trkpt lat="46.9235230" lon="7.4925170"/>
   <trkpt lat="46.9235270" lon="7.4924750"/>
   <trkpt lat="46.9235320" lon="7.4924300"/>
   <trkpt lat="46.9235400" lon="7.4923850"/>
   <trkpt lat="46.9235470" lon="7.4923460"/>
   <trkpt lat="46.9235550" lon="7.4923010"/>
   <trkpt lat="46.9235640" lon="7.4922570"/>
   <trkpt lat="46.9235740" lon="7.4922100"/>
   <trkpt lat="46.9235850" lon="7.4921620"/>
   <trkpt lat="46.9235920" lon="7.4921200"/>
   <trkpt lat="46.9236020" lon="7.4920740"/>
   <trkpt lat="46.9236050" lon="7.4920400"/>
   <trkpt lat="46.9236110" lon="7.4919950"/>
   <trkpt lat="46.9236180" lon="7.4919510"/>
   <trkpt lat="46.9236250" lon="7.4919100"/>
   <trkpt lat="46.9236370" lon="7.4918660"/>
   <trkpt lat="46.9236470" lon="7.4918310"/>
   <trkpt lat="46.9236570" lon="7.4917860"/>
   <trkpt lat="46.9236630" lon="7.4917470"/>
   <trkpt lat="46.9236650" lon="7.4917050"/>
   <trkpt lat="46.9236650" lon="7.4916590"/>
   <trkpt lat="46.9236630" lon="7.4916190"/>
   <trkpt lat="46.9236560" lon="7.4915700"/>
   <trkpt lat="46.9236440" lon="7.4915270"/>
   <trkpt lat="46.9236300" lon="7.4914900"/>
   <trkpt lat="46.9236150" lon="7.4914480"/>
   <trkpt lat="46.9236030" lon="7.4914100"/>
   <trkpt lat="46.9235910" lon="7.4913670"/>
   <trkpt lat="46.9235830" lon="7.4913290"/>
   <trkpt lat="46.9235760" lon="7.4912920"/>
   <trkpt lat="46.9235720" lon="7.4912510"/>
   <trkpt lat="46.9235710" lon="7.4912130"/>
   <trkpt lat="46.9235740" lon="7.4911760"/>
   <trkpt lat="46.9235800" lon="7.4911400"/>
   <trkpt lat="46.9235890" lon="7.4911030"/>
   <trkpt lat="46.9236000" lon="7.4910670"/>
   <trkpt lat="46.9236150" lon="7.4910280"/>
   <trkpt lat="46.9236420" lon="7.4909740"/>
   <trkpt lat="46.9236680" lon="7.4909380"/>
   <trkpt lat="46.9236930" lon="7.4909020"/>
   <trkpt lat="46.9237210" lon="7.4908630"/>
   <trkpt lat="46.9237450" lon="7.4908280"/>
   <trkpt lat="46.9237680" lon="7.4907920"/>
   <trkpt lat="46.9237860" lon="7.4907580"/>
   <trkpt lat="46.9238040" lon="7.4907100"/>
   <trkpt lat="46.9238150" lon="7.4906680"/>
   <trkpt lat="46.9238220" lon="7.4906230"/>
   <trkpt lat="46.9238240" lon="7.4905740"/>
   <trkpt lat="46.9238210" lon="7.4905350"/>
   <trkpt lat="46.9238170" lon="7.4904850"/>
   <trkpt lat="46.9238190" lon="7.4904380"/>
   <trkpt lat="46.9238210" lon="7.4903880"/>
   <trkpt lat="46.9238320" lon="7.4903520"/>
   <trkpt lat="46.9238450" lon="7.4903090"/>
   <trkpt lat="46.9238620" lon="7.4902690"/>
   <trkpt lat="46.9238810" lon="7.4902380"/>
   <trkpt lat="46.9239030" lon="7.4901990"/>
   <trkpt lat="46.9239230" lon="7.4901720"/>
   <trkpt lat="46.9239420" lon="7.4901390"/>
   <trkpt lat="46.9239570" lon="7.4901030"/>
   <trkpt lat="46.9239700" lon="7.4900710"/>
   <trkpt lat="46.9239860" lon="7.4900370"/>
   <trkpt lat="46.9240030" lon="7.4900040"/>
   <trkpt lat="46.9240180" lon="7.4899710"/>
   <trkpt lat="46.9240320" lon="7.4899390"/>
   <trkpt lat="46.9240480" lon="7.4899030"/>
   <trkpt lat="46.9240610" lon="7.4898630"/>
   <trkpt lat="46.9240790" lon="7.4898290"/>
   <trkpt lat="46.9240930" lon="7.4897880"/>
   <trkpt lat="46.9241110" lon="7.4897480"/>
   <trkpt lat="46.9241350" lon="7.4897060"/>
   <trkpt lat="46.9241550" lon="7.4896730"/>
   <trkpt lat="46.9241710" lon="7.4896360"/>
   <trkpt lat="46.9241880" lon="7.4895990"/>
   <trkpt lat="46.9242090" lon="7.4895590"/>
   <trkpt lat="46.9242270" lon="7.4895150"/>
   <trkpt lat="46.9242460" lon="7.4894730"/>
   <trkpt lat="46.9242640" lon="7.4894270"/>
   <trkpt lat="46.9242810" lon="7.4893900"/>
   <trkpt lat="46.9242920" lon="7.4893510"/>
   <trkpt lat="46.9243080" lon="7.4893160"/>
   <trkpt lat="46.9243240" lon="7.4892790"/>
   <trkpt lat="46.9243390" lon="7.4892400"/>
   <trkpt lat="46.9243510" lon="7.4892070"/>
   <trkpt lat="46.9243680" lon="7.4891650"/>
   <trkpt lat="46.9243850" lon="7.4891310"/>
   <trkpt lat="46.9244010" lon="7.4890930"/>
   <trkpt lat="46.9244150" lon="7.4890580"/>
   <trkpt lat="46.9244260" lon="7.4890220"/>
   <trkpt lat="46.9244450" lon="7.4889840"/>
   <trkpt lat="46.9244630" lon="7.4889400"/>
   <trkpt lat="46.9244760" lon="7.4888980"/>
   <trkpt lat="46.9244850" lon="7.4888640"/>
   <trkpt lat="46.9244980" lon="7.4888220"/>
   <trkpt lat="46.9245120" lon="7.4887830"/>
   <trkpt lat="46.9245270" lon="7.4887420"/>
   <trkpt lat="46.9245410" lon="7.4887000"/>
   <trkpt lat="46.9245560" lon="7.4886580"/>
   <trkpt lat="46.9245730" lon="7.4886090"/>
   <trkpt lat="46.9245910" lon="7.4885740"/>
   <trkpt lat="46.9246080" lon="7.4885330"/>
   <trkpt lat="46.9246240" lon="7.4884970"/>
   <trkpt lat="46.9246380" lon="7.4884600"/>
   <trkpt lat="46.9246550" lon="7.4884250"/>
   <trkpt lat="46.9246700" lon="7.4883910"/>
   <trkpt lat="46.9246870" lon="7.4883520"/>
   <trkpt lat="46.9247020" lon="7.4883120"/>
   <trkpt lat="46.9247150" lon="7.4882700"/>
   <trkpt lat="46.9247280" lon="7.4882380"/>
   <trkpt lat="46.9247410" lon="7.4881980"/>
   <trkpt lat="46.9247560" lon="7.4881600"/>
   <trkpt lat="46.9247710" lon="7.4881330"/>
   <trkpt lat="46.9247890" lon="7.4880880"/>
   <trkpt lat="46.9248050" lon="7.4880540"/>
   <trkpt lat="46.9248230" lon="7.4880210"/>
   <trkpt lat="46.9248420" lon="7.4879820"/>
   <trkpt lat="46.9248620" lon="7.4879380"/>
   <trkpt lat="46.9248780" lon="7.4878920"/>
   <trkpt lat="46.9248940" lon="7.4878470"/>
   <trkpt lat="46.9249100" lon="7.4877990"/>
   <trkpt lat="46.9249240" lon="7.4877580"/>
   <trkpt lat="46.9249370" lon="7.4877130"/>
   <trkpt lat="46.9249530" lon="7.4876700"/>
   <trkpt lat="46.9249640" lon="7.4876310"/>
   <trkpt lat="46.9249770" lon="7.4875930"/>
   <trkpt lat="46.9249900" lon="7.4875580"/>
   <trkpt lat="46.9250040" lon="7.4875170"/>
   <trkpt lat="46.9250190" lon="7.4874820"/>
   <trkpt lat="46.9250380" lon="7.4874430"/>
   <trkpt lat="46.9250650" lon="7.4874220"/>
   <trkpt lat="46.9250950" lon="7.4874160"/>
   <trkpt lat="46.9251220" lon="7.4874350"/>
   <trkpt lat="46.9251490" lon="7.4874530"/>
   <trkpt lat="46.9251770" lon="7.4874660"/>
   <trkpt lat="46.9252060" lon="7.4874860"/>
   <trkpt lat="46.9252330" lon="7.4874950"/>
   <trkpt lat="46.9252610" lon="7.4874970"/>
   <trkpt lat="46.9252860" lon="7.4874830"/>
   <trkpt lat="46.9253080" lon="7.4874580"/>
   <trkpt lat="46.9253280" lon="7.4874280"/>
   <trkpt lat="46.9253460" lon="7.4873960"/>
   <trkpt lat="46.9253610" lon="7.4873540"/>
   <trkpt lat="46.9253730" lon="7.4873180"/>
   <trkpt lat="46.9253860" lon="7.4872730"/>
   <trkpt lat="46.9254010" lon="7.4872350"/>
   <trkpt lat="46.9254130" lon="7.4871900"/>
   <trkpt lat="46.9254250" lon="7.4871440"/>
   <trkpt lat="46.9254350" lon="7.4870970"/>
   <trkpt lat="46.9254410" lon="7.4870440"/>
   <trkpt lat="46.9254480" lon="7.4870020"/>
   <trkpt lat="46.9254550" lon="7.4869520"/>
   <trkpt lat="46.9254610" lon="7.4869110"/>
   <trkpt lat="46.9254680" lon="7.4868650"/>
   <trkpt lat="46.9254790" lon="7.4868210"/>
   <trkpt lat="46.9254890" lon="7.4867720"/>
   <trkpt lat="46.9254980" lon="7.4867310"/>
   <trkpt lat="46.9255070" lon="7.4866880"/>
   <trkpt lat="46.9255170" lon="7.4866410"/>
   <trkpt lat="46.9255270" lon="7.4866100"/>
   <trkpt lat="46.9255350" lon="7.4865650"/>
   <trkpt lat="46.9255410" lon="7.4865250"/>
   <trkpt lat="46.9255490" lon="7.4864770"/>
   <trkpt lat="46.9255550" lon="7.4864300"/>
   <trkpt lat="46.9255650" lon="7.4863860"/>
   <trkpt lat="46.9255760" lon="7.4863440"/>
   <trkpt lat="46.9255830" lon="7.4863040"/>
   <trkpt lat="46.9255920" lon="7.4862590"/>
   <trkpt lat="46.9256030" lon="7.4862190"/>
   <trkpt lat="46.9256190" lon="7.4861760"/>
   <trkpt lat="46.9256260" lon="7.4861360"/>
   <trkpt lat="46.9256360" lon="7.4860880"/>
   <trkpt lat="46.9256480" lon="7.4860350"/>
   <trkpt lat="46.9256590" lon="7.4859890"/>
   <trkpt lat="46.9256710" lon="7.4859380"/>
   <trkpt lat="46.9256750" lon="7.4858980"/>
   <trkpt lat="46.9256850" lon="7.4858580"/>
   <trkpt lat="46.9256940" lon="7.4858190"/>
   <trkpt lat="46.9257020" lon="7.4857700"/>
   <trkpt lat="46.9257110" lon="7.4857130"/>
   <trkpt lat="46.9257160" lon="7.4856690"/>
   <trkpt lat="46.9257260" lon="7.4856160"/>
   <trkpt lat="46.9257330" lon="7.4855730"/>
   <trkpt lat="46.9257410" lon="7.4855240"/>
   <trkpt lat="46.9257450" lon="7.4854770"/>
   <trkpt lat="46.9257480" lon="7.4854260"/>
   <trkpt lat="46.9257540" lon="7.4853730"/>
   <trkpt lat="46.9257610" lon="7.4853270"/>
   <trkpt lat="46.9257660" lon="7.4852810"/>
   <trkpt lat="46.9257700" lon="7.4852440"/>
   <trkpt lat="46.9257790" lon="7.4852000"/>
   <trkpt lat="46.9257910" lon="7.4851600"/>
   <trkpt lat="46.9257970" lon="7.4851170"/>
   <trkpt lat="46.9258090" lon="7.4850690"/>
   <trkpt lat="46.9258180" lon="7.4850310"/>
   <trkpt lat="46.9258260" lon="7.4849810"/>
   <trkpt lat="46.9258360" lon="7.4849340"/>
   <trkpt lat="46.9258450" lon="7.4848830"/>
   <trkpt lat="46.9258550" lon="7.4848410"/>
   <trkpt lat="46.9258600" lon="7.4848020"/>
   <trkpt lat="46.9258680" lon="7.4847510"/>
   <trkpt lat="46.9258720" lon="7.4847080"/>
   <trkpt lat="46.9258780" lon="7.4846590"/>
   <trkpt lat="46.9258840" lon="7.4846160"/>
   <trkpt lat="46.9258880" lon="7.4845710"/>
   <trkpt lat="46.9258930" lon="7.4845280"/>
   <trkpt lat="46.9258990" lon="7.4844810"/>
   <trkpt lat="46.9259070" lon="7.4844330"/>
   <trkpt lat="46.9259140" lon="7.4843920"/>
   <trkpt lat="46.9259220" lon="7.4843460"/>
   <trkpt lat="46.9259320" lon="7.4843060"/>
   <trkpt lat="46.9259390" lon="7.4842560"/>
   <trkpt lat="46.9259440" lon="7.4842070"/>
   <trkpt lat="46.9259510" lon="7.4841610"/>
   <trkpt lat="46.9259540" lon="7.4841210"/>
   <trkpt lat="46.9259600" lon="7.4840840"/>
   <trkpt lat="46.9259660" lon="7.4840430"/>
   <trkpt lat="46.9259790" lon="7.4840100"/>
   <trkpt lat="46.9259900" lon="7.4839720"/>
   <trkpt lat="46.9259980" lon="7.4839290"/>
   <trkpt lat="46.9260080" lon="7.4838910"/>
   <trkpt lat="46.9260220" lon="7.4838450"/>
   <trkpt lat="46.9260310" lon="7.4838050"/>
   <trkpt lat="46.9260460" lon="7.4837600"/>
   <trkpt lat="46.9260580" lon="7.4837170"/>
   <trkpt lat="46.9260670" lon="7.4836700"/>
   <trkpt lat="46.9260740" lon="7.4836180"/>
   <trkpt lat="46.9260790" lon="7.4835700"/>
   <trkpt lat="46.9260830" lon="7.4835200"/>
   <trkpt lat="46.9260910" lon="7.4834780"/>
   <trkpt lat="46.9260990" lon="7.4834340"/>
   <trkpt lat="46.9261050" lon="7.4833930"/>
   <trkpt lat="46.9261090" lon="7.4833460"/>
   <trkpt lat="46.9261140" lon="7.4832990"/>
   <trkpt lat="46.9261170" lon="7.4832600"/>
   <trkpt lat="46.9261230" lon="7.4832130"/>
   <trkpt lat="46.9261270" lon="7.4831740"/>
   <trkpt lat="46.9261370" lon="7.4831330"/>
   <trkpt lat="46.9261450" lon="7.4830970"/>
   <trkpt lat="46.9261540" lon="7.4830540"/>
   <trkpt lat="46.9261610" lon="7.4830130"/>
   <trkpt lat="46.9261640" lon="7.4829680"/>
   <trkpt lat="46.9261680" lon="7.4829190"/>
   <trkpt lat="46.9261730" lon="7.4828730"/>
   <trkpt lat="46.9261770" lon="7.4828200"/>
   <trkpt lat="46.9261810" lon="7.4827760"/>
   <trkpt lat="46.9261880" lon="7.4827260"/>
   <trkpt lat="46.9261930" lon="7.4826860"/>
   <trkpt lat="46.9261930" lon="7.4826380"/>
   <trkpt lat="46.9261910" lon="7.4825950"/>
   <trkpt lat="46.9261880" lon="7.4825500"/>
   <trkpt lat="46.9261840" lon="7.4824990"/>
   <trkpt lat="46.9261760" lon="7.4824610"/>
   <trkpt lat="46.9261730" lon="7.4824050"/>
   <trkpt lat="46.9261670" lon="7.4823600"/>
   <trkpt lat="46.9261630" lon="7.4823090"/>
   <trkpt lat="46.9261570" lon="7.4822570"/>
   <trkpt lat="46.9261480" lon="7.4822110"/>
   <trkpt lat="46.9261390" lon="7.4821590"/>
   <trkpt lat="46.9261350" lon="7.4821120"/>
   <trkpt lat="46.9261310" lon="7.4820590"/>
   <trkpt lat="46.9261280" lon="7.4820170"/>
   <trkpt lat="46.9261300" lon="7.4819700"/>
   <trkpt lat="46.9261310" lon="7.4819260"/>
   <trkpt lat="46.9261250" lon="7.4818740"/>
   <trkpt lat="46.9261220" lon="7.4818250"/>
   <trkpt lat="46.9261150" lon="7.4817790"/>
   <trkpt lat="46.9261150" lon="7.4817340"/>
   <trkpt lat="46.9261140" lon="7.4816930"/>
   <trkpt lat="46.9261170" lon="7.4816520"/>
   <trkpt lat="46.9261170" lon="7.4816170"/>
   <trkpt lat="46.9261170" lon="7.4815660"/>
   <trkpt lat="46.9261150" lon="7.4815210"/>
   <trkpt lat="46.9261120" lon="7.4814660"/>
   <trkpt lat="46.9261090" lon="7.4814090"/>
   <trkpt lat="46.9261040" lon="7.4813560"/>
   <trkpt lat="46.9260980" lon="7.4813010"/>
   <trkpt lat="46.9260940" lon="7.4812570"/>
   <trkpt lat="46.9260900" lon="7.4812050"/>
   <trkpt lat="46.9260850" lon="7.4811680"/>
   <trkpt lat="46.9260780" lon="7.4811220"/>
   <trkpt lat="46.9260710" lon="7.4810760"/>
   <trkpt lat="46.9260630" lon="7.4810350"/>
   <trkpt lat="46.9260530" lon="7.4809870"/>
   <trkpt lat="46.9260440" lon="7.4809430"/>
   <trkpt lat="46.9260280" lon="7.4808980"/>
   <trkpt lat="46.9260190" lon="7.4808610"/>
   <trkpt lat="46.9260060" lon="7.4808200"/>
   <trkpt lat="46.9259930" lon="7.4807810"/>
   <trkpt lat="46.9259780" lon="7.4807410"/>
   <trkpt lat="46.9259680" lon="7.4806980"/>
   <trkpt lat="46.9259610" lon="7.4806580"/>
   <trkpt lat="46.9259480" lon="7.4806140"/>
   <trkpt lat="46.9259390" lon="7.4805740"/>
   <trkpt lat="46.9259280" lon="7.4805270"/>
   <trkpt lat="46.9259160" lon="7.4804880"/>
   <trkpt lat="46.9259040" lon="7.4804450"/>
   <trkpt lat="46.9258930" lon="7.4804010"/>
   <trkpt lat="46.9258820" lon="7.4803630"/>
   <trkpt lat="46.9258660" lon="7.4803180"/>
   <trkpt lat="46.9258510" lon="7.4802740"/>
   <trkpt lat="46.9258310" lon="7.4802300"/>
   <trkpt lat="46.9258160" lon="7.4801940"/>
   <trkpt lat="46.9257930" lon="7.4801530"/>
   <trkpt lat="46.9257740" lon="7.4801170"/>
   <trkpt lat="46.9257540" lon="7.4800820"/>
   <trkpt lat="46.9257340" lon="7.4800460"/>
   <trkpt lat="46.9257150" lon="7.4800170"/>
   <trkpt lat="46.9256980" lon="7.4799800"/>
   <trkpt lat="46.9256810" lon="7.4799430"/>
   <trkpt lat="46.9256650" lon="7.4799030"/>
   <trkpt lat="46.9256510" lon="7.4798650"/>
   <trkpt lat="46.9256350" lon="7.4798270"/>
   <trkpt lat="46.9256180" lon="7.4797920"/>
   <trkpt lat="46.9256030" lon="7.4797600"/>
   <trkpt lat="46.9255830" lon="7.4797240"/>
   <trkpt lat="46.9255650" lon="7.4796910"/>
   <trkpt lat="46.9255450" lon="7.4796520"/>
   <trkpt lat="46.9255230" lon="7.4796130"/>
   <trkpt lat="46.9255010" lon="7.4795760"/>
   <trkpt lat="46.9254800" lon="7.4795380"/>
   <trkpt lat="46.9254620" lon="7.4795050"/>
   <trkpt lat="46.9254400" lon="7.4794640"/>
   <trkpt lat="46.9254230" lon="7.4794290"/>
   <trkpt lat="46.9254040" lon="7.4793930"/>
   <trkpt lat="46.9253850" lon="7.4793620"/>
   <trkpt lat="46.9253650" lon="7.4793280"/>
   <trkpt lat="46.9253460" lon="7.4792940"/>
   <trkpt lat="46.9253260" lon="7.4792610"/>
   <trkpt lat="46.9253050" lon="7.4792220"/>
   <trkpt lat="46.9252870" lon="7.4791900"/>
   <trkpt lat="46.9252660" lon="7.4791470"/>
   <trkpt lat="46.9252500" lon="7.4791130"/>
   <trkpt lat="46.9252290" lon="7.4790780"/>
   <trkpt lat="46.9252100" lon="7.4790440"/>
   <trkpt lat="46.9251900" lon="7.4790130"/>
   <trkpt lat="46.9251660" lon="7.4789790"/>
   <trkpt lat="46.9251430" lon="7.4789440"/>
   <trkpt lat="46.9251200" lon="7.4789090"/>
   <trkpt lat="46.9250990" lon="7.4788770"/>
   <trkpt lat="46.9250770" lon="7.4788450"/>
   <trkpt lat="46.9250580" lon="7.4788130"/>
   <trkpt lat="46.9250350" lon="7.4787770"/>
   <trkpt lat="46.9250170" lon="7.4787380"/>
   <trkpt lat="46.9249970" lon="7.4787000"/>
   <trkpt lat="46.9249760" lon="7.4786610"/>
   <trkpt lat="46.9249540" lon="7.4786260"/>
   <trkpt lat="46.9249280" lon="7.4785950"/>
   <trkpt lat="46.9249020" lon="7.4785700"/>
   <trkpt lat="46.9248740" lon="7.4785460"/>
   <trkpt lat="46.9248480" lon="7.4785200"/>
   <trkpt lat="46.9248200" lon="7.4784940"/>
   <trkpt lat="46.9247940" lon="7.4784680"/>
   <trkpt lat="46.9247690" lon="7.4784430"/>
   <trkpt lat="46.9247440" lon="7.4784120"/>
   <trkpt lat="46.9247220" lon="7.4783870"/>
   <trkpt lat="46.9246990" lon="7.4783520"/>
   <trkpt lat="46.9246840" lon="7.4783180"/>
   <trkpt lat="46.9246660" lon="7.4782760"/>
   <trkpt lat="46.9246520" lon="7.4782360"/>
   <trkpt lat="46.9246380" lon="7.4782010"/>
   <trkpt lat="46.9246220" lon="7.4781640"/>
   <trkpt lat="46.9246050" lon="7.4781350"/>
   <trkpt lat="46.9245850" lon="7.4780960"/>
   <trkpt lat="46.9245690" lon="7.4780630"/>
   <trkpt lat="46.9245480" lon="7.4780190"/>
   <trkpt lat="46.9245310" lon="7.4779810"/>
   <trkpt lat="46.9245140" lon="7.4779440"/>
   <trkpt lat="46.9244970" lon="7.4779040"/>
   <trkpt lat="46.9244780" lon="7.4778720"/>
   <trkpt lat="46.9244610" lon="7.4778340"/>
   <trkpt lat="46.9244440" lon="7.4778000"/>
   <trkpt lat="46.9244260" lon="7.4777640"/>
   <trkpt lat="46.9244070" lon="7.4777300"/>
   <trkpt lat="46.9243850" lon="7.4776930"/>
   <trkpt lat="46.9243650" lon="7.4776560"/>
   <trkpt lat="46.9243430" lon="7.4776210"/>
   <trkpt lat="46.9243240" lon="7.4775790"/>
   <trkpt lat="46.9243080" lon="7.4775430"/>
   <trkpt lat="46.9242860" lon="7.4775070"/>
   <trkpt lat="46.9242680" lon="7.4774710"/>
   <trkpt lat="46.9242480" lon="7.4774350"/>
   <trkpt lat="46.9242270" lon="7.4773930"/>
   <trkpt lat="46.9242070" lon="7.4773590"/>
   <trkpt lat="46.9241820" lon="7.4773200"/>
   <trkpt lat="46.9241620" lon="7.4772880"/>
   <trkpt lat="46.9241430" lon="7.4772500"/>
   <trkpt lat="46.9241230" lon="7.4772140"/>
   <trkpt lat="46.9241010" lon="7.4771800"/>
   <trkpt lat="46.9240800" lon="7.4771440"/>
   <trkpt lat="46.9240640" lon="7.4771120"/>
   <trkpt lat="46.9240450" lon="7.4770700"/>
   <trkpt lat="46.9240310" lon="7.4770340"/>
   <trkpt lat="46.9240160" lon="7.4769990"/>
   <trkpt lat="46.9239990" lon="7.4769630"/>
   <trkpt lat="46.9239820" lon="7.4769300"/>
   <trkpt lat="46.9239670" lon="7.4768980"/>
   <trkpt lat="46.9239500" lon="7.4768690"/>
   <trkpt lat="46.9239350" lon="7.4768300"/>
   <trkpt lat="46.9239170" lon="7.4767930"/>
   <trkpt lat="46.9238970" lon="7.4767560"/>
   <trkpt lat="46.9238800" lon="7.4767160"/>
   <trkpt lat="46.9238630" lon="7.4766790"/>
   <trkpt lat="46.9238450" lon="7.4766430"/>
   <trkpt lat="46.9238260" lon="7.4766100"/>
   <trkpt lat="46.9238030" lon="7.4765780"/>
   <trkpt lat="46.9237840" lon="7.4765440"/>
   <trkpt lat="46.9237620" lon="7.4765070"/>
   <trkpt lat="46.9237440" lon="7.4764640"/>
   <trkpt lat="46.9237260" lon="7.4764290"/>
   <trkpt lat="46.9237110" lon="7.4763840"/>
   <trkpt lat="46.9236970" lon="7.4763460"/>
   <trkpt lat="46.9236800" lon="7.4763030"/>
   <trkpt lat="46.9236670" lon="7.4762640"/>
   <trkpt lat="46.9236510" lon="7.4762230"/>
   <trkpt lat="46.9236390" lon="7.4761750"/>
   <trkpt lat="46.9236260" lon="7.4761350"/>
   <trkpt lat="46.9236120" lon="7.4760930"/>
   <trkpt lat="46.9236010" lon="7.4760550"/>
   <trkpt lat="46.9235890" lon="7.4760130"/>
   <trkpt lat="46.9235780" lon="7.4759730"/>
   <trkpt lat="46.9235680" lon="7.4759380"/>
   <trkpt lat="46.9235550" lon="7.4758930"/>
   <trkpt lat="46.9235400" lon="7.4758490"/>
   <trkpt lat="46.9235270" lon="7.4758060"/>
   <trkpt lat="46.9235180" lon="7.4757670"/>
   <trkpt lat="46.9235080" lon="7.4757220"/>
   <trkpt lat="46.9235020" lon="7.4756790"/>
   <trkpt lat="46.9234970" lon="7.4756390"/>
   <trkpt lat="46.9234940" lon="7.4755940"/>
   <trkpt lat="46.9234910" lon="7.4755540"/>
   <trkpt lat="46.9234850" lon="7.4755090"/>
   <trkpt lat="46.9234820" lon="7.4754620"/>
   <trkpt lat="46.9234790" lon="7.4754160"/>
   <trkpt lat="46.9234780" lon="7.4753700"/>
   <trkpt lat="46.9234740" lon="7.4753270"/>
   <trkpt lat="46.9234680" lon="7.4752800"/>
   <trkpt lat="46.9234630" lon="7.4752410"/>
   <trkpt lat="46.9234600" lon="7.4752000"/>
   <trkpt lat="46.9234550" lon="7.4751640"/>
   <trkpt lat="46.9234510" lon="7.4751180"/>
   <trkpt lat="46.9234520" lon="7.4750720"/>
   <trkpt lat="46.9234530" lon="7.4750280"/>
   <trkpt lat="46.9234550" lon="7.4749840"/>
   <trkpt lat="46.9234570" lon="7.4749410"/>
   <trkpt lat="46.9234570" lon="7.4748880"/>
   <trkpt lat="46.9234610" lon="7.4748390"/>
   <trkpt lat="46.9234680" lon="7.4747960"/>
   <trkpt lat="46.9234760" lon="7.4747480"/>
   <trkpt lat="46.9234800" lon="7.4747060"/>
   <trkpt lat="46.9234860" lon="7.4746580"/>
   <trkpt lat="46.9234890" lon="7.4746170"/>
   <trkpt lat="46.9234890" lon="7.4745730"/>
   <trkpt lat="46.9234920" lon="7.4745220"/>
   <trkpt lat="46.9234970" lon="7.4744760"/>
   <trkpt lat="46.9235050" lon="7.4744300"/>
   <trkpt lat="46.9235130" lon="7.4743900"/>
   <trkpt lat="46.9235170" lon="7.4743480"/>
   <trkpt lat="46.9235250" lon="7.4743070"/>
   <trkpt lat="46.9235330" lon="7.4742600"/>
   <trkpt lat="46.9235450" lon="7.4742130"/>
   <trkpt lat="46.9235540" lon="7.4741740"/>
   <trkpt lat="46.9235660" lon="7.4741320"/>
   <trkpt lat="46.9235780" lon="7.4740930"/>
   <trkpt lat="46.9235870" lon="7.4740480"/>
   <trkpt lat="46.9235960" lon="7.4740030"/>
   <trkpt lat="46.9236070" lon="7.4739560"/>
   <trkpt lat="46.9236200" lon="7.4739130"/>
   <trkpt lat="46.9236300" lon="7.4738770"/>
   <trkpt lat="46.9236430" lon="7.4738310"/>
   <trkpt lat="46.9236580" lon="7.4737920"/>
   <trkpt lat="46.9236720" lon="7.4737530"/>
   <trkpt lat="46.9236880" lon="7.4737200"/>
   <trkpt lat="46.9237040" lon="7.4736840"/>
   <trkpt lat="46.9237220" lon="7.4736440"/>
   <trkpt lat="46.9237400" lon="7.4736040"/>
   <trkpt lat="46.9237610" lon="7.4735650"/>
   <trkpt lat="46.9237790" lon="7.4735300"/>
   <trkpt lat="46.9237930" lon="7.4734900"/>
   <trkpt lat="46.9238080" lon="7.4734490"/>
   <trkpt lat="46.9238210" lon="7.4734060"/>
   <trkpt lat="46.9238370" lon="7.4733670"/>
   <trkpt lat="46.9238550" lon="7.4733410"/>
   <trkpt lat="46.9238760" lon="7.4733130"/>
   <trkpt lat="46.9239020" lon="7.4732730"/>
   <trkpt lat="46.9239260" lon="7.4732300"/>
   <trkpt lat="46.9239480" lon="7.4731890"/>
   <trkpt lat="46.9239650" lon="7.4731480"/>
   <trkpt lat="46.9239860" lon="7.4731100"/>
   <trkpt lat="46.9240040" lon="7.4730810"/>
   <trkpt lat="46.9240240" lon="7.4730530"/>
   <trkpt lat="46.9240410" lon="7.4730280"/>
   <trkpt lat="46.9240660" lon="7.4729940"/>
   <trkpt lat="46.9240900" lon="7.4729680"/>
   <trkpt lat="46.9241110" lon="7.4729410"/>
   <trkpt lat="46.9241340" lon="7.4729070"/>
   <trkpt lat="46.9241580" lon="7.4728810"/>
   <trkpt lat="46.9241830" lon="7.4728510"/>
   <trkpt lat="46.9242100" lon="7.4728270"/>
   <trkpt lat="46.9242340" lon="7.4727980"/>
   <trkpt lat="46.9242590" lon="7.4727730"/>
   <trkpt lat="46.9242850" lon="7.4727460"/>
   <trkpt lat="46.9243100" lon="7.4727190"/>
   <trkpt lat="46.9243320" lon="7.4726960"/>
   <trkpt lat="46.9243610" lon="7.4726680"/>
   <trkpt lat="46.9243860" lon="7.4726440"/>
   <trkpt lat="46.9244160" lon="7.4726120"/>
   <trkpt lat="46.9244410" lon="7.4725860"/>
   <trkpt lat="46.9244660" lon="7.4725530"/>
   <trkpt lat="46.9244930" lon="7.4725200"/>
   <trkpt lat="46.9245180" lon="7.4724940"/>
   <trkpt lat="46.9245450" lon="7.4724630"/>
   <trkpt lat="46.9245720" lon="7.4724320"/>
   <trkpt lat="46.9245960" lon="7.4724060"/>
   <trkpt lat="46.9246210" lon="7.4723830"/>
   <trkpt lat="46.9246490" lon="7.4723590"/>
   <trkpt lat="46.9246740" lon="7.4723390"/>
   <trkpt lat="46.9246980" lon="7.4723140"/>
   <trkpt lat="46.9247240" lon="7.4722940"/>
   <trkpt lat="46.9247480" lon="7.4722710"/>
   <trkpt lat="46.9247800" lon="7.4722450"/>
   <trkpt lat="46.9248090" lon="7.4722220"/>
   <trkpt lat="46.9248380" lon="7.4721950"/>
   <trkpt lat="46.9248630" lon="7.4721710"/>
   <trkpt lat="46.9248890" lon="7.4721400"/>
   <trkpt lat="46.9249150" lon="7.4721080"/>
   <trkpt lat="46.9249420" lon="7.4720770"/>
   <trkpt lat="46.9249720" lon="7.4720460"/>
   <trkpt lat="46.9250020" lon="7.4720180"/>
   <trkpt lat="46.9250330" lon="7.4719910"/>
   <trkpt lat="46.9250560" lon="7.4719680"/>
   <trkpt lat="46.9250820" lon="7.4719460"/>
   <trkpt lat="46.9251070" lon="7.4719230"/>
   <trkpt lat="46.9251310" lon="7.4718970"/>
   <trkpt lat="46.9251520" lon="7.4718720"/>
   <trkpt lat="46.9251720" lon="7.4718470"/>
   <trkpt lat="46.9251950" lon="7.4718200"/>
   <trkpt lat="46.9252200" lon="7.4717980"/>
   <trkpt lat="46.9252480" lon="7.4717730"/>
   <trkpt lat="46.9252750" lon="7.4717460"/>
   <trkpt lat="46.9253000" lon="7.4717150"/>
   <trkpt lat="46.9253250" lon="7.4716900"/>
   <trkpt lat="46.9253480" lon="7.4716650"/>
   <trkpt lat="46.9253720" lon="7.4716410"/>
   <trkpt lat="46.9253970" lon="7.4716150"/>
   <trkpt lat="46.9254290" lon="7.4715770"/>
   <trkpt lat="46.9254550" lon="7.4715420"/>
   <trkpt lat="46.9254810" lon="7.4715090"/>
   <trkpt lat="46.9255050" lon="7.4714790"/>
   <trkpt lat="46.9255270" lon="7.4714490"/>
   <trkpt lat="46.9255520" lon="7.4714160"/>
   <trkpt lat="46.9255720" lon="7.4713880"/>
   <trkpt lat="46.9255960" lon="7.4713590"/>
   <trkpt lat="46.9256190" lon="7.4713300"/>
   <trkpt lat="46.9256400" lon="7.4713010"/>
   <trkpt lat="46.9256660" lon="7.4712760"/>
   <trkpt lat="46.9256880" lon="7.4712580"/>
   <trkpt lat="46.9257110" lon="7.4712340"/>
   <trkpt lat="46.9257320" lon="7.4712140"/>
   <trkpt lat="46.9257550" lon="7.4711930"/>
   <trkpt lat="46.9257800" lon="7.4711760"/>
   <trkpt lat="46.9258060" lon="7.4711540"/>
   <trkpt lat="46.9258290" lon="7.4711270"/>
   <trkpt lat="46.9258530" lon="7.4711010"/>
   <trkpt lat="46.9258800" lon="7.4710690"/>
   <trkpt lat="46.9259030" lon="7.4710360"/>
   <trkpt lat="46.9259220" lon="7.4710070"/>
   <trkpt lat="46.9259410" lon="7.4709840"/>
   <trkpt lat="46.9259590" lon="7.4709580"/>
   <trkpt lat="46.9259790" lon="7.4709310"/>
   <trkpt lat="46.9259990" lon="7.4709020"/>
   <trkpt lat="46.9260180" lon="7.4708730"/>
   <trkpt lat="46.9260430" lon="7.4708430"/>
   <trkpt lat="46.9260700" lon="7.4708120"/>
   <trkpt lat="46.9260940" lon="7.4707790"/>
   <trkpt lat="46.9261130" lon="7.4707500"/>
   <trkpt lat="46.9261350" lon="7.4707210"/>
   <trkpt lat="46.9261550" lon="7.4706910"/>
   <trkpt lat="46.9261770" lon="7.4706570"/>
   <trkpt lat="46.9262000" lon="7.4706240"/>
   <trkpt lat="46.9262230" lon="7.4705970"/>
   <trkpt lat="46.9262480" lon="7.4705660"/>
   <trkpt lat="46.9262700" lon="7.4705390"/>
   <trkpt lat="46.9262920" lon="7.4705110"/>
   <trkpt lat="46.9263140" lon="7.4704810"/>
   <trkpt lat="46.9263380" lon="7.4704520"/>
   <trkpt lat="46.9263640" lon="7.4704260"/>
   <trkpt lat="46.9263860" lon="7.4704030"/>
   <trkpt lat="46.9264090" lon="7.4703660"/>
   <trkpt lat="46.9264290" lon="7.4703370"/>
   <trkpt lat="46.9264480" lon="7.4703050"/>
   <trkpt lat="46.9264690" lon="7.4702740"/>
   <trkpt lat="46.9264870" lon="7.4702480"/>
   <trkpt lat="46.9265060" lon="7.4702160"/>
   <trkpt lat="46.9265250" lon="7.4701870"/>
   <trkpt lat="46.9265480" lon="7.4701600"/>
   <trkpt lat="46.9265720" lon="7.4701360"/>
   <trkpt lat="46.9265950" lon="7.4701090"/>
   <trkpt lat="46.9266160" lon="7.4700790"/>
   <trkpt lat="46.9266370" lon="7.4700550"/>
   <trkpt lat="46.9266600" lon="7.4700270"/>
   <trkpt lat="46.9266800" lon="7.4700000"/>
   <trkpt lat="46.9266990" lon="7.4699630"/>
   <trkpt lat="46.9267210" lon="7.4699320"/>
   <trkpt lat="46.9267430" lon="7.4699070"/>
   <trkpt lat="46.9267700" lon="7.4698800"/>
   <trkpt lat="46.9268000" lon="7.4698460"/>
   <trkpt lat="46.9268260" lon="7.4698140"/>
   <trkpt lat="46.9268490" lon="7.4697860"/>
   <trkpt lat="46.9268730" lon="7.4697520"/>
   <trkpt lat="46.9268980" lon="7.4697190"/>
   <trkpt lat="46.9269180" lon="7.4696880"/>
   <trkpt lat="46.9269410" lon="7.4696530"/>
   <trkpt lat="46.9269600" lon="7.4696210"/>
   <trkpt lat="46.9269850" lon="7.4695920"/>
   <trkpt lat="46.9270060" lon="7.4695660"/>
   <trkpt lat="46.9270260" lon="7.4695370"/>
   <trkpt lat="46.9270470" lon="7.4695130"/>
   <trkpt lat="46.9270680" lon="7.4694840"/>
   <trkpt lat="46.9270890" lon="7.4694510"/>
   <trkpt lat="46.9271090" lon="7.4694180"/>
   <trkpt lat="46.9271290" lon="7.4693860"/>
   <trkpt lat="46.9271480" lon="7.4693590"/>
   <trkpt lat="46.9271660" lon="7.4693230"/>
   <trkpt lat="46.9271880" lon="7.4692900"/>
   <trkpt lat="46.9272070" lon="7.4692590"/>
   <trkpt lat="46.9272280" lon="7.4692270"/>
   <trkpt lat="46.9272490" lon="7.4691910"/>
   <trkpt lat="46.9272730" lon="7.4691560"/>
   <trkpt lat="46.9272950" lon="7.4691230"/>
   <trkpt lat="46.9273150" lon="7.4690860"/>
   <trkpt lat="46.9273360" lon="7.4690520"/>
   <trkpt lat="46.9273560" lon="7.4690190"/>
   <trkpt lat="46.9273760" lon="7.4689850"/>
   <trkpt lat="46.9273940" lon="7.4689520"/>
   <trkpt lat="46.9274130" lon="7.4689160"/>
   <trkpt lat="46.9274340" lon="7.4688840"/>
   <trkpt lat="46.9274580" lon="7.4688540"/>
   <trkpt lat="46.9274840" lon="7.4688220"/>
   <trkpt lat="46.9275060" lon="7.4687920"/>
   <trkpt lat="46.9275280" lon="7.4687570"/>
   <trkpt lat="46.9275460" lon="7.4687230"/>
   <trkpt lat="46.9275650" lon="7.4686860"/>
   <trkpt lat="46.9275870" lon="7.4686470"/>
   <trkpt lat="46.9276060" lon="7.4686130"/>
   <trkpt lat="46.9276280" lon="7.4685830"/>
   <trkpt lat="46.9276430" lon="7.4685560"/>
   <trkpt lat="46.9276610" lon="7.4685240"/>
   <trkpt lat="46.9276810" lon="7.4684920"/>
   <trkpt lat="46.9277000" lon="7.4684640"/>
   <trkpt lat="46.9277220" lon="7.4684310"/>
   <trkpt lat="46.9277410" lon="7.4683980"/>
   <trkpt lat="46.9277630" lon="7.4683620"/>
   <trkpt lat="46.9277850" lon="7.4683300"/>
   <trkpt lat="46.9278070" lon="7.4682920"/>
   <trkpt lat="46.9278300" lon="7.4682610"/>
   <trkpt lat="46.9278490" lon="7.4682280"/>
   <trkpt lat="46.9278710" lon="7.4681930"/>
   <trkpt lat="46.9278930" lon="7.4681590"/>
   <trkpt lat="46.9279130" lon="7.4681230"/>
   <trkpt lat="46.9279330" lon="7.4680850"/>
   <trkpt lat="46.9279530" lon="7.4680510"/>
   <trkpt lat="46.9279740" lon="7.4680170"/>
   <trkpt lat="46.9279920" lon="7.4679910"/>
   <trkpt lat="46.9280110" lon="7.4679620"/>
   <trkpt lat="46.9280300" lon="7.4679400"/>
   <trkpt lat="46.9280510" lon="7.4679130"/>
   <trkpt lat="46.9280680" lon="7.4678800"/>
   <trkpt lat="46.9280830" lon="7.4678450"/>
   <trkpt lat="46.9280960" lon="7.4678130"/>
   <trkpt lat="46.9281150" lon="7.4677870"/>
   <trkpt lat="46.9281350" lon="7.4677530"/>
   <trkpt lat="46.9281560" lon="7.4677220"/>
   <trkpt lat="46.9281750" lon="7.4676870"/>
   <trkpt lat="46.9281940" lon="7.4676550"/>
   <trkpt lat="46.9282130" lon="7.4676240"/>
   <trkpt lat="46.9282360" lon="7.4675880"/>
   <trkpt lat="46.9282540" lon="7.4675530"/>
   <trkpt lat="46.9282820" lon="7.4675120"/>
   <trkpt lat="46.9283060" lon="7.4674730"/>
   <trkpt lat="46.9283290" lon="7.4674370"/>
   <trkpt lat="46.9283530" lon="7.4674070"/>
   <trkpt lat="46.9283790" lon="7.4673730"/>
   <trkpt lat="46.9284000" lon="7.4673360"/>
   <trkpt lat="46.9284200" lon="7.4672990"/>
   <trkpt lat="46.9284410" lon="7.4672570"/>
   <trkpt lat="46.9284600" lon="7.4672200"/>
   <trkpt lat="46.9284800" lon="7.4671850"/>
   <trkpt lat="46.9285000" lon="7.4671490"/>
   <trkpt lat="46.9285210" lon="7.4671180"/>
   <trkpt lat="46.9285400" lon="7.4670850"/>
   <trkpt lat="46.9285580" lon="7.4670520"/>
   <trkpt lat="46.9285770" lon="7.4670190"/>
   <trkpt lat="46.9285960" lon="7.4669900"/>
   <trkpt lat="46.9286180" lon="7.4669570"/>
   <trkpt lat="46.9286380" lon="7.4669300"/>
   <trkpt lat="46.9286580" lon="7.4669020"/>
   <trkpt lat="46.9286800" lon="7.4668670"/>
   <trkpt lat="46.9287010" lon="7.4668380"/>
   <trkpt lat="46.9287210" lon="7.4668060"/>
   <trkpt lat="46.9287420" lon="7.4667780"/>
   <trkpt lat="46.9287610" lon="7.4667450"/>
   <trkpt lat="46.9287800" lon="7.4667160"/>
   <trkpt lat="46.9288010" lon="7.4666850"/>
   <trkpt lat="46.9288210" lon="7.4666500"/>
   <trkpt lat="46.9288430" lon="7.4666190"/>
   <trkpt lat="46.9288650" lon="7.4665840"/>
   <trkpt lat="46.9288870" lon="7.4665520"/>
   <trkpt lat="46.9289120" lon="7.4665150"/>
   <trkpt lat="46.9289330" lon="7.4664790"/>
   <trkpt lat="46.9289530" lon="7.4664460"/>
   <trkpt lat="46.9289760" lon="7.4664110"/>
   <trkpt lat="46.9289940" lon="7.4663840"/>
   <trkpt lat="46.9290130" lon="7.4663500"/>
   <trkpt lat="46.9290320" lon="7.4663220"/>
   <trkpt lat="46.9290520" lon="7.4662890"/>
   <trkpt lat="46.9290750" lon="7.4662560"/>
   <trkpt lat="46.9290950" lon="7.4662210"/>
   <trkpt lat="46.9291190" lon="7.4661830"/>
   <trkpt lat="46.9291370" lon="7.4661480"/>
   <trkpt lat="46.9291580" lon="7.4661100"/>
   <trkpt lat="46.9291760" lon="7.4660760"/>
   <trkpt lat="46.9291950" lon="7.4660360"/>
   <trkpt lat="46.9292160" lon="7.4659980"/>
   <trkpt lat="46.9292360" lon="7.4659650"/>
   <trkpt lat="46.9292540" lon="7.4659280"/>
   <trkpt lat="46.9292750" lon="7.4658980"/>
   <trkpt lat="46.9292980" lon="7.4658660"/>
   <trkpt lat="46.9293220" lon="7.4658340"/>
   <trkpt lat="46.9293400" lon="7.4657950"/>
   <trkpt lat="46.9293600" lon="7.4657610"/>
   <trkpt lat="46.9293780" lon="7.4657340"/>
   <trkpt lat="46.9294040" lon="7.4657030"/>
   <trkpt lat="46.9294260" lon="7.4656750"/>
   <trkpt lat="46.9294520" lon="7.4656400"/>
   <trkpt lat="46.9294730" lon="7.4656100"/>
   <trkpt lat="46.9294920" lon="7.4655760"/>
   <trkpt lat="46.9295120" lon="7.4655390"/>
   <trkpt lat="46.9295280" lon="7.4655040"/>
   <trkpt lat="46.9295470" lon="7.4654660"/>
   <trkpt lat="46.9295660" lon="7.4654380"/>
   <trkpt lat="46.9295840" lon="7.4654050"/>
   <trkpt lat="46.9296020" lon="7.4653790"/>
   <trkpt lat="46.9296200" lon="7.4653480"/>
   <trkpt lat="46.9296390" lon="7.4653170"/>
   <trkpt lat="46.9296580" lon="7.4652890"/>
   <trkpt lat="46.9296740" lon="7.4652520"/>
   <trkpt lat="46.9296940" lon="7.4652190"/>
   <trkpt lat="46.9297160" lon="7.4651820"/>
   <trkpt lat="46.9297400" lon="7.4651520"/>
   <trkpt lat="46.9297620" lon="7.4651210"/>
   <trkpt lat="46.9297870" lon="7.4650880"/>
   <trkpt lat="46.9298050" lon="7.4650550"/>
   <trkpt lat="46.9298230" lon="7.4650190"/>
   <trkpt lat="46.9298450" lon="7.4649840"/>
   <trkpt lat="46.9298670" lon="7.4649470"/>
   <trkpt lat="46.9298860" lon="7.4649160"/>
   <trkpt lat="46.9299050" lon="7.4648820"/>
   <trkpt lat="46.9299260" lon="7.4648500"/>
   <trkpt lat="46.9299430" lon="7.4648200"/>
   <trkpt lat="46.9299650" lon="7.4647850"/>
   <trkpt lat="46.9299830" lon="7.4647530"/>
   <trkpt lat="46.9300060" lon="7.4647160"/>
   <trkpt lat="46.9300280" lon="7.4646810"/>
   <trkpt lat="46.9300510" lon="7.4646390"/>
   <trkpt lat="46.9300760" lon="7.4646010"/>
   <trkpt lat="46.9300960" lon="7.4645640"/>
   <trkpt lat="46.9301200" lon="7.4645320"/>
   <trkpt lat="46.9301430" lon="7.4645070"/>
   <trkpt lat="46.9301640" lon="7.4644750"/>
   <trkpt lat="46.9301860" lon="7.4644460"/>
   <trkpt lat="46.9302070" lon="7.4644090"/>
   <trkpt lat="46.9302320" lon="7.4643790"/>
   <trkpt lat="46.9302550" lon="7.4643490"/>
   <trkpt lat="46.9302830" lon="7.4643230"/>
   <trkpt lat="46.9303060" lon="7.4643000"/>
   <trkpt lat="46.9303300" lon="7.4642730"/>
   <trkpt lat="46.9303530" lon="7.4642450"/>
   <trkpt lat="46.9303800" lon="7.4642190"/>
   <trkpt lat="46.9303980" lon="7.4641880"/>
   <trkpt lat="46.9304210" lon="7.4641540"/>
   <trkpt lat="46.9304430" lon="7.4641210"/>
   <trkpt lat="46.9304670" lon="7.4640890"/>
   <trkpt lat="46.9304930" lon="7.4640580"/>
   <trkpt lat="46.9305150" lon="7.4640270"/>
   <trkpt lat="46.9305400" lon="7.4639960"/>
   <trkpt lat="46.9305620" lon="7.4639670"/>
   <trkpt lat="46.9305870" lon="7.4639420"/>
   <trkpt lat="46.9306100" lon="7.4639150"/>
   <trkpt lat="46.9306370" lon="7.4638800"/>
   <trkpt lat="46.9306630" lon="7.4638530"/>
   <trkpt lat="46.9306870" lon="7.4638210"/>
   <trkpt lat="46.9307140" lon="7.4637900"/>
   <trkpt lat="46.9307390" lon="7.4637570"/>
   <trkpt lat="46.9307620" lon="7.4637220"/>
   <trkpt lat="46.9307860" lon="7.4636950"/>
   <trkpt lat="46.9308130" lon="7.4636660"/>
   <trkpt lat="46.9308340" lon="7.4636410"/>
   <trkpt lat="46.9308580" lon="7.4636090"/>
   <trkpt lat="46.9308780" lon="7.4635810"/>
   <trkpt lat="46.9309010" lon="7.4635530"/>
   <trkpt lat="46.9309250" lon="7.4635220"/>
   <trkpt lat="46.9309480" lon="7.4634930"/>
   <trkpt lat="46.9309700" lon="7.4634650"/>
   <trkpt lat="46.9309880" lon="7.4634360"/>
   <trkpt lat="46.9310110" lon="7.4633980"/>
   <trkpt lat="46.9310280" lon="7.4633590"/>
   <trkpt lat="46.9310470" lon="7.4633180"/>
   <trkpt lat="46.9310640" lon="7.4632820"/>
   <trkpt lat="46.9310830" lon="7.4632510"/>
   <trkpt lat="46.9311000" lon="7.4632170"/>
   <trkpt lat="46.9311160" lon="7.4631910"/>
   <trkpt lat="46.9311320" lon="7.4631640"/>
   <trkpt lat="46.9311520" lon="7.4631370"/>
   <trkpt lat="46.9311710" lon="7.4631100"/>
   <trkpt lat="46.9311930" lon="7.4630800"/>
   <trkpt lat="46.9312120" lon="7.4630470"/>
   <trkpt lat="46.9312360" lon="7.4630100"/>
   <trkpt lat="46.9312580" lon="7.4629790"/>
   <trkpt lat="46.9312780" lon="7.4629430"/>
   <trkpt lat="46.9312980" lon="7.4629160"/>
   <trkpt lat="46.9313240" lon="7.4628860"/>
   <trkpt lat="46.9313500" lon="7.4628580"/>
   <trkpt lat="46.9313760" lon="7.4628290"/>
   <trkpt lat="46.9314080" lon="7.4627970"/>
   <trkpt lat="46.9314350" lon="7.4627700"/>
   <trkpt lat="46.9314650" lon="7.4627410"/>
   <trkpt lat="46.9314920" lon="7.4627180"/>
   <trkpt lat="46.9315180" lon="7.4626970"/>
   <trkpt lat="46.9315460" lon="7.4626770"/>
   <trkpt lat="46.9315700" lon="7.4626540"/>
   <trkpt lat="46.9315950" lon="7.4626290"/>
   <trkpt lat="46.9316190" lon="7.4626040"/>
   <trkpt lat="46.9316470" lon="7.4625770"/>
   <trkpt lat="46.9316720" lon="7.4625550"/>
   <trkpt lat="46.9316960" lon="7.4625250"/>
   <trkpt lat="46.9317190" lon="7.4624980"/>
   <trkpt lat="46.9317450" lon="7.4624660"/>
   <trkpt lat="46.9317710" lon="7.4624380"/>
   <trkpt lat="46.9317940" lon="7.4624140"/>
   <trkpt lat="46.9318220" lon="7.4623910"/>
   <trkpt lat="46.9318470" lon="7.4623740"/>
   <trkpt lat="46.9318770" lon="7.4623520"/>
   <trkpt lat="46.9319030" lon="7.4623350"/>
   <trkpt lat="46.9319300" lon="7.4623120"/>
   <trkpt lat="46.9319570" lon="7.4622980"/>
   <trkpt lat="46.9319810" lon="7.4622810"/>
   <trkpt lat="46.9320070" lon="7.4622660"/>
   <trkpt lat="46.9320340" lon="7.4622560"/>
   <trkpt lat="46.9320620" lon="7.4622420"/>
   <trkpt lat="46.9320890" lon="7.4622240"/>
   <trkpt lat="46.9321170" lon="7.4622060"/>
   <trkpt lat="46.9321480" lon="7.4621900"/>
   <trkpt lat="46.9321810" lon="7.4621720"/>
   <trkpt lat="46.9322160" lon="7.4621600"/>
   <trkpt lat="46.9322460" lon="7.4621470"/>
   <trkpt lat="46.9322790" lon="7.4621350"/>
   <trkpt lat="46.9323060" lon="7.4621240"/>
   <trkpt lat="46.9323370" lon="7.4621100"/>
   <trkpt lat="46.9323690" lon="7.4621000"/>
   <trkpt lat="46.9324020" lon="7.4620870"/>
   <trkpt lat="46.9324350" lon="7.4620740"/>
   <trkpt lat="46.9324650" lon="7.4620600"/>
   <trkpt lat="46.9324980" lon="7.4620500"/>
   <trkpt lat="46.9325260" lon="7.4620390"/>
   <trkpt lat="46.9325560" lon="7.4620320"/>
   <trkpt lat="46.9325820" lon="7.4620250"/>
   <trkpt lat="46.9326100" lon="7.4620170"/>
   <trkpt lat="46.9326370" lon="7.4620070"/>
   <trkpt lat="46.9326650" lon="7.4619960"/>
   <trkpt lat="46.9326920" lon="7.4619850"/>
   <trkpt lat="46.9327190" lon="7.4619720"/>
   <trkpt lat="46.9327490" lon="7.4619490"/>
   <trkpt lat="46.9327710" lon="7.4619180"/>
   <trkpt lat="46.9327960" lon="7.4618770"/>
   <trkpt lat="46.9328200" lon="7.4618370"/>
   <trkpt lat="46.9328390" lon="7.4617970"/>
   <trkpt lat="46.9328530" lon="7.4617570"/>
   <trkpt lat="46.9328700" lon="7.4617100"/>
   <trkpt lat="46.9328870" lon="7.4616670"/>
   <trkpt lat="46.9329090" lon="7.4616330"/>
   <trkpt lat="46.9329350" lon="7.4616130"/>
   <trkpt lat="46.9329660" lon="7.4615940"/>
   <trkpt lat="46.9329930" lon="7.4615720"/>
   <trkpt lat="46.9330210" lon="7.4615560"/>
   <trkpt lat="46.9330510" lon="7.4615390"/>
   <trkpt lat="46.9330790" lon="7.4615250"/>
   <trkpt lat="46.9331090" lon="7.4615100"/>
   <trkpt lat="46.9331360" lon="7.4614980"/>
   <trkpt lat="46.9331660" lon="7.4614820"/>
   <trkpt lat="46.9331960" lon="7.4614710"/>
   <trkpt lat="46.9332250" lon="7.4614560"/>
   <trkpt lat="46.9332550" lon="7.4614350"/>
   <trkpt lat="46.9332860" lon="7.4614160"/>
   <trkpt lat="46.9333190" lon="7.4613950"/>
   <trkpt lat="46.9333510" lon="7.4613760"/>
   <trkpt lat="46.9333860" lon="7.4613590"/>
   <trkpt lat="46.9334160" lon="7.4613420"/>
   <trkpt lat="46.9334470" lon="7.4613230"/>
   <trkpt lat="46.9334790" lon="7.4613110"/>
   <trkpt lat="46.9335090" lon="7.4613010"/>
   <trkpt lat="46.9335450" lon="7.4612810"/>
   <trkpt lat="46.9335800" lon="7.4612560"/>
   <trkpt lat="46.9336140" lon="7.4612350"/>
   <trkpt lat="46.9336460" lon="7.4612130"/>
   <trkpt lat="46.9336800" lon="7.4611920"/>
   <trkpt lat="46.9337130" lon="7.4611740"/>
   <trkpt lat="46.9337460" lon="7.4611530"/>
   <trkpt lat="46.9337790" lon="7.4611330"/>
   <trkpt lat="46.9338100" lon="7.4611200"/>
   <trkpt lat="46.9338400" lon="7.4611060"/>
   <trkpt lat="46.9338730" lon="7.4610840"/>
   <trkpt lat="46.9339050" lon="7.4610650"/>
   <trkpt lat="46.9339360" lon="7.4610420"/>
   <trkpt lat="46.9339660" lon="7.4610240"/>
   <trkpt lat="46.9339970" lon="7.4610050"/>
   <trkpt lat="46.9340280" lon="7.4609800"/>
   <trkpt lat="46.9340550" lon="7.4609550"/>
   <trkpt lat="46.9340860" lon="7.4609270"/>
   <trkpt lat="46.9341120" lon="7.4609040"/>
   <trkpt lat="46.9341410" lon="7.4608770"/>
   <trkpt lat="46.9341720" lon="7.4608490"/>
   <trkpt lat="46.9342010" lon="7.4608160"/>
   <trkpt lat="46.9342280" lon="7.4607870"/>
   <trkpt lat="46.9342520" lon="7.4607590"/>
   <trkpt lat="46.9342760" lon="7.4607300"/>
   <trkpt lat="46.9343010" lon="7.4607000"/>
   <trkpt lat="46.9343280" lon="7.4606650"/>
   <trkpt lat="46.9343540" lon="7.4606280"/>
   <trkpt lat="46.9343820" lon="7.4605890"/>
   <trkpt lat="46.9344060" lon="7.4605620"/>
   <trkpt lat="46.9344280" lon="7.4605290"/>
   <trkpt lat="46.9344490" lon="7.4604990"/>
   <trkpt lat="46.9344680" lon="7.4604670"/>
   <trkpt lat="46.9344900" lon="7.4604310"/>
   <trkpt lat="46.9345080" lon="7.4603990"/>
   <trkpt lat="46.9345290" lon="7.4603560"/>
   <trkpt lat="46.9345500" lon="7.4603230"/>
   <trkpt lat="46.9345720" lon="7.4602820"/>
   <trkpt lat="46.9345880" lon="7.4602540"/>
   <trkpt lat="46.9346070" lon="7.4602110"/>
   <trkpt lat="46.9346250" lon="7.4601680"/>
   <trkpt lat="46.9346430" lon="7.4601290"/>
   <trkpt lat="46.9346650" lon="7.4600920"/>
   <trkpt lat="46.9346840" lon="7.4600600"/>
   <trkpt lat="46.9347060" lon="7.4600180"/>
   <trkpt lat="46.9347220" lon="7.4599840"/>
   <trkpt lat="46.9347420" lon="7.4599460"/>
   <trkpt lat="46.9347630" lon="7.4599120"/>
   <trkpt lat="46.9347820" lon="7.4598750"/>
   <trkpt lat="46.9347950" lon="7.4598300"/>
   <trkpt lat="46.9348090" lon="7.4597940"/>
   <trkpt lat="46.9348260" lon="7.4597510"/>
   <trkpt lat="46.9348400" lon="7.4597140"/>
   <trkpt lat="46.9348550" lon="7.4596720"/>
   <trkpt lat="46.9348680" lon="7.4596320"/>
   <trkpt lat="46.9348830" lon="7.4595930"/>
   <trkpt lat="46.9348980" lon="7.4595580"/>
   <trkpt lat="46.9349120" lon="7.4595150"/>
   <trkpt lat="46.9349270" lon="7.4594730"/>
   <trkpt lat="46.9349400" lon="7.4594270"/>
   <trkpt lat="46.9349540" lon="7.4593780"/>
   <trkpt lat="46.9349670" lon="7.4593370"/>
   <trkpt lat="46.9349770" lon="7.4592940"/>
   <trkpt lat="46.9349870" lon="7.4592560"/>
   <trkpt lat="46.9350000" lon="7.4592130"/>
   <trkpt lat="46.9350130" lon="7.4591770"/>
   <trkpt lat="46.9350240" lon="7.4591310"/>
   <trkpt lat="46.9350370" lon="7.4590770"/>
   <trkpt lat="46.9350460" lon="7.4590270"/>
   <trkpt lat="46.9350570" lon="7.4589810"/>
   <trkpt lat="46.9350640" lon="7.4589380"/>
   <trkpt lat="46.9350700" lon="7.4588920"/>
   <trkpt lat="46.9350770" lon="7.4588520"/>
   <trkpt lat="46.9350830" lon="7.4588070"/>
   <trkpt lat="46.9350900" lon="7.4587630"/>
   <trkpt lat="46.9350940" lon="7.4587220"/>
   <trkpt lat="46.9350990" lon="7.4586780"/>
   <trkpt lat="46.9351040" lon="7.4586380"/>
   <trkpt lat="46.9351070" lon="7.4585920"/>
   <trkpt lat="46.9351120" lon="7.4585490"/>
   <trkpt lat="46.9351170" lon="7.4585010"/>
   <trkpt lat="46.9351230" lon="7.4584520"/>
   <trkpt lat="46.9351270" lon="7.4584050"/>
   <trkpt lat="46.9351320" lon="7.4583610"/>
   <trkpt lat="46.9351360" lon="7.4583150"/>
   <trkpt lat="46.9351400" lon="7.4582680"/>
   <trkpt lat="46.9351450" lon="7.4582170"/>
   <trkpt lat="46.9351500" lon="7.4581680"/>
   <trkpt lat="46.9351560" lon="7.4581210"/>
   <trkpt lat="46.9351570" lon="7.4580730"/>
   <trkpt lat="46.9351580" lon="7.4580230"/>
   <trkpt lat="46.9351590" lon="7.4579740"/>
   <trkpt lat="46.9351600" lon="7.4579240"/>
   <trkpt lat="46.9351600" lon="7.4578760"/>
   <trkpt lat="46.9351600" lon="7.4578290"/>
   <trkpt lat="46.9351590" lon="7.4577830"/>
   <trkpt lat="46.9351560" lon="7.4577330"/>
   <trkpt lat="46.9351550" lon="7.4576860"/>
   <trkpt lat="46.9351510" lon="7.4576360"/>
   <trkpt lat="46.9351460" lon="7.4575910"/>
   <trkpt lat="46.9351400" lon="7.4575420"/>
   <trkpt lat="46.9351350" lon="7.4575000"/>
   <trkpt lat="46.9351250" lon="7.4574530"/>
   <trkpt lat="46.9351170" lon="7.4574110"/>
   <trkpt lat="46.9351100" lon="7.4573650"/>
   <trkpt lat="46.9351010" lon="7.4573170"/>
   <trkpt lat="46.9350950" lon="7.4572720"/>
   <trkpt lat="46.9350860" lon="7.4572230"/>
   <trkpt lat="46.9350760" lon="7.4571820"/>
   <trkpt lat="46.9350660" lon="7.4571330"/>
   <trkpt lat="46.9350550" lon="7.4570900"/>
   <trkpt lat="46.9350420" lon="7.4570460"/>
   <trkpt lat="46.9350270" lon="7.4570030"/>
   <trkpt lat="46.9350150" lon="7.4569620"/>
   <trkpt lat="46.9350020" lon="7.4569150"/>
   <trkpt lat="46.9349910" lon="7.4568740"/>
   <trkpt lat="46.9349760" lon="7.4568240"/>
   <trkpt lat="46.9349660" lon="7.4567830"/>
   <trkpt lat="46.9349530" lon="7.4567390"/>
   <trkpt lat="46.9349400" lon="7.4566990"/>
   <trkpt lat="46.9349260" lon="7.4566610"/>
   <trkpt lat="46.9349110" lon="7.4566190"/>
   <trkpt lat="46.9348960" lon="7.4565800"/>
   <trkpt lat="46.9348810" lon="7.4565310"/>
   <trkpt lat="46.9348700" lon="7.4564920"/>
   <trkpt lat="46.9348560" lon="7.4564470"/>
   <trkpt lat="46.9348400" lon="7.4564060"/>
   <trkpt lat="46.9348260" lon="7.4563640"/>
   <trkpt lat="46.9348090" lon="7.4563190"/>
   <trkpt lat="46.9347980" lon="7.4562810"/>
   <trkpt lat="46.9347840" lon="7.4562380"/>
   <trkpt lat="46.9347730" lon="7.4561970"/>
   <trkpt lat="46.9347580" lon="7.4561560"/>
   <trkpt lat="46.9347430" lon="7.4561160"/>
   <trkpt lat="46.9347280" lon="7.4560780"/>
   <trkpt lat="46.9347170" lon="7.4560380"/>
   <trkpt lat="46.9347050" lon="7.4560010"/>
   <trkpt lat="46.9346860" lon="7.4559580"/>
   <trkpt lat="46.9346680" lon="7.4559200"/>
   <trkpt lat="46.9346530" lon="7.4558840"/>
   <trkpt lat="46.9346400" lon="7.4558510"/>
   <trkpt lat="46.9346210" lon="7.4558090"/>
   <trkpt lat="46.9346050" lon="7.4557690"/>
   <trkpt lat="46.9345850" lon="7.4557290"/>
   <trkpt lat="46.9345690" lon="7.4556840"/>
   <trkpt lat="46.9345540" lon="7.4556440"/>
   <trkpt lat="46.9345390" lon="7.4555970"/>
   <trkpt lat="46.9345290" lon="7.4555610"/>
   <trkpt lat="46.9345150" lon="7.4555170"/>
   <trkpt lat="46.9345010" lon="7.4554770"/>
   <trkpt lat="46.9344880" lon="7.4554390"/>
   <trkpt lat="46.9344760" lon="7.4553990"/>
   <trkpt lat="46.9344640" lon="7.4553630"/>
   <trkpt lat="46.9344500" lon="7.4553220"/>
   <trkpt lat="46.9344360" lon="7.4552900"/>
   <trkpt lat="46.9344180" lon="7.4552500"/>
   <trkpt lat="46.9344020" lon="7.4552160"/>
   <trkpt lat="46.9343860" lon="7.4551780"/>
   <trkpt lat="46.9343670" lon="7.4551370"/>
   <trkpt lat="46.9343470" lon="7.4551020"/>
   <trkpt lat="46.9343270" lon="7.4550550"/>
   <trkpt lat="46.9343100" lon="7.4550210"/>
   <trkpt lat="46.9342900" lon="7.4549800"/>
   <trkpt lat="46.9342740" lon="7.4549450"/>
   <trkpt lat="46.9342520" lon="7.4549120"/>
   <trkpt lat="46.9342320" lon="7.4548690"/>
   <trkpt lat="46.9342140" lon="7.4548360"/>
   <trkpt lat="46.9341940" lon="7.4547920"/>
   <trkpt lat="46.9341820" lon="7.4547570"/>
   <trkpt lat="46.9341650" lon="7.4547110"/>
   <trkpt lat="46.9341480" lon="7.4546710"/>
   <trkpt lat="46.9341300" lon="7.4546280"/>
   <trkpt lat="46.9341130" lon="7.4545900"/>
   <trkpt lat="46.9340950" lon="7.4545520"/>
   <trkpt lat="46.9340790" lon="7.4545050"/>
   <trkpt lat="46.9340610" lon="7.4544690"/>
   <trkpt lat="46.9340430" lon="7.4544220"/>
   <trkpt lat="46.9340290" lon="7.4543910"/>
   <trkpt lat="46.9340110" lon="7.4543450"/>
   <trkpt lat="46.9339970" lon="7.4543080"/>
   <trkpt lat="46.9339780" lon="7.4542670"/>
   <trkpt lat="46.9339630" lon="7.4542230"/>
   <trkpt lat="46.9339450" lon="7.4541850"/>
   <trkpt lat="46.9339290" lon="7.4541410"/>
   <trkpt lat="46.9339120" lon="7.4541050"/>
   <trkpt lat="46.9338910" lon="7.4540600"/>
   <trkpt lat="46.9338750" lon="7.4540250"/>
   <trkpt lat="46.9338520" lon="7.4539810"/>
   <trkpt lat="46.9338350" lon="7.4539420"/>
   <trkpt lat="46.9338180" lon="7.4539060"/>
   <trkpt lat="46.9337990" lon="7.4538670"/>
   <trkpt lat="46.9337820" lon="7.4538360"/>
   <trkpt lat="46.9337600" lon="7.4537950"/>
   <trkpt lat="46.9337440" lon="7.4537610"/>
   <trkpt lat="46.9337250" lon="7.4537190"/>
   <trkpt lat="46.9337070" lon="7.4536810"/>
   <trkpt lat="46.9336890" lon="7.4536460"/>
   <trkpt lat="46.9336700" lon="7.4536050"/>
   <trkpt lat="46.9336520" lon="7.4535630"/>
   <trkpt lat="46.9336340" lon="7.4535250"/>
   <trkpt lat="46.9336180" lon="7.4534940"/>
   <trkpt lat="46.9335990" lon="7.4534530"/>
   <trkpt lat="46.9335860" lon="7.4534190"/>
   <trkpt lat="46.9335690" lon="7.4533820"/>
   <trkpt lat="46.9335550" lon="7.4533450"/>
   <trkpt lat="46.9335380" lon="7.4533100"/>
   <trkpt lat="46.9335210" lon="7.4532670"/>
   <trkpt lat="46.9335050" lon="7.4532270"/>
   <trkpt lat="46.9334880" lon="7.4531820"/>
   <trkpt lat="46.9334750" lon="7.4531410"/>
   <trkpt lat="46.9334590" lon="7.4530980"/>
   <trkpt lat="46.9334430" lon="7.4530530"/>
   <trkpt lat="46.9334270" lon="7.4530150"/>
   <trkpt lat="46.9334110" lon="7.4529720"/>
   <trkpt lat="46.9333970" lon="7.4529350"/>
   <trkpt lat="46.9333830" lon="7.4528950"/>
   <trkpt lat="46.9333700" lon="7.4528590"/>
   <trkpt lat="46.9333560" lon="7.4528200"/>
   <trkpt lat="46.9333440" lon="7.4527720"/>
   <trkpt lat="46.9333280" lon="7.4527340"/>
   <trkpt lat="46.9333150" lon="7.4526930"/>
   <trkpt lat="46.9333040" lon="7.4526560"/>
   <trkpt lat="46.9332930" lon="7.4526130"/>
   <trkpt lat="46.9332840" lon="7.4525700"/>
   <trkpt lat="46.9332730" lon="7.4525220"/>
   <trkpt lat="46.9332640" lon="7.4524750"/>
   <trkpt lat="46.9332540" lon="7.4524330"/>
   <trkpt lat="46.9332450" lon="7.4523880"/>
   <trkpt lat="46.9332360" lon="7.4523470"/>
   <trkpt lat="46.9332280" lon="7.4522980"/>
   <trkpt lat="46.9332230" lon="7.4522520"/>
   <trkpt lat="46.9332200" lon="7.4522020"/>
   <trkpt lat="46.9332160" lon="7.4521550"/>
   <trkpt lat="46.9332130" lon="7.4521070"/>
   <trkpt lat="46.9332110" lon="7.4520570"/>
   <trkpt lat="46.9332050" lon="7.4520090"/>
   <trkpt lat="46.9332060" lon="7.4519610"/>
   <trkpt lat="46.9332040" lon="7.4519170"/>
   <trkpt lat="46.9332040" lon="7.4518640"/>
   <trkpt lat="46.9332000" lon="7.4518190"/>
   <trkpt lat="46.9331950" lon="7.4517690"/>
   <trkpt lat="46.9331950" lon="7.4517220"/>
   <trkpt lat="46.9331930" lon="7.4516720"/>
   <trkpt lat="46.9331960" lon="7.4516200"/>
   <trkpt lat="46.9331960" lon="7.4515750"/>
   <trkpt lat="46.9331960" lon="7.4515280"/>
   <trkpt lat="46.9331950" lon="7.4514870"/>
   <trkpt lat="46.9331980" lon="7.4514340"/>
   <trkpt lat="46.9331990" lon="7.4513880"/>
   <trkpt lat="46.9332010" lon="7.4513390"/>
   <trkpt lat="46.9332030" lon="7.4512890"/>
   <trkpt lat="46.9332030" lon="7.4512340"/>
   <trkpt lat="46.9332020" lon="7.4511820"/>
   <trkpt lat="46.9332010" lon="7.4511260"/>
   <trkpt lat="46.9332020" lon="7.4510730"/>
   <trkpt lat="46.9332040" lon="7.4510220"/>
   <trkpt lat="46.9332070" lon="7.4509660"/>
   <trkpt lat="46.9332100" lon="7.4509180"/>
   <trkpt lat="46.9332140" lon="7.4508650"/>
   <trkpt lat="46.9332170" lon="7.4508160"/>
   <trkpt lat="46.9332190" lon="7.4507630"/>
   <trkpt lat="46.9332200" lon="7.4507160"/>
   <trkpt lat="46.9332210" lon="7.4506610"/>
   <trkpt lat="46.9332230" lon="7.4506090"/>
   <trkpt lat="46.9332250" lon="7.4505500"/>
   <trkpt lat="46.9332270" lon="7.4504970"/>
   <trkpt lat="46.9332300" lon="7.4504430"/>
   <trkpt lat="46.9332360" lon="7.4503960"/>
   <trkpt lat="46.9332420" lon="7.4503480"/>
   <trkpt lat="46.9332500" lon="7.4503000"/>
   <trkpt lat="46.9332570" lon="7.4502490"/>
   <trkpt lat="46.9332650" lon="7.4501970"/>
   <trkpt lat="46.9332760" lon="7.4501330"/>
   <trkpt lat="46.9332850" lon="7.4500730"/>
   <trkpt lat="46.9332950" lon="7.4500080"/>
   <trkpt lat="46.9333010" lon="7.4499510"/>
   <trkpt lat="46.9333100" lon="7.4498870"/>
   <trkpt lat="46.9333170" lon="7.4498280"/>
   <trkpt lat="46.9333260" lon="7.4497640"/>
   <trkpt lat="46.9333320" lon="7.4497060"/>
   <trkpt lat="46.9333400" lon="7.4496470"/>
   <trkpt lat="46.9333460" lon="7.4495900"/>
   <trkpt lat="46.9333550" lon="7.4495300"/>
   <trkpt lat="46.9333630" lon="7.4494700"/>
   <trkpt lat="46.9333700" lon="7.4494130"/>
   <trkpt lat="46.9333780" lon="7.4493600"/>
   <trkpt lat="46.9333880" lon="7.4493080"/>
   <trkpt lat="46.9333980" lon="7.4492600"/>
   <trkpt lat="46.9334090" lon="7.4492080"/>
   <trkpt lat="46.9334210" lon="7.4491610"/>
   <trkpt lat="46.9334310" lon="7.4491150"/>
   <trkpt lat="46.9334380" lon="7.4490650"/>
   <trkpt lat="46.9334450" lon="7.4490060"/>
   <trkpt lat="46.9334520" lon="7.4489480"/>
   <trkpt lat="46.9334590" lon="7.4488870"/>
   <trkpt lat="46.9334660" lon="7.4488340"/>
   <trkpt lat="46.9334740" lon="7.4487770"/>
   <trkpt lat="46.9334810" lon="7.4487250"/>
   <trkpt lat="46.9334890" lon="7.4486680"/>
   <trkpt lat="46.9334970" lon="7.4486160"/>
   <trkpt lat="46.9335100" lon="7.4485610"/>
   <trkpt lat="46.9335240" lon="7.4485150"/>
   <trkpt lat="46.9335360" lon="7.4484780"/>
   <trkpt lat="46.9335480" lon="7.4484480"/>
   <trkpt lat="46.9335520" lon="7.4484320"/>
  </trkseg>
 </trk>
</gpx>
