<?xml version="1.0" encoding="UTF-8"?>
<gpx creator="StravaGPX" version="1.1" xmlns="http://www.topografix.com/GPX/1/1" xmlns:xsi="http://www.w3.org/2001/XMLSchema-instance" xsi:schemaLocation="http://www.topografix.com/GPX/1/1 http://www.topografix.com/GPX/1/1/gpx.xsd http://www.garmin.com/xmlschemas/GpxExtensions/v3 http://www.garmin.com/xmlschemas/GpxExtensionsv3.xsd http://www.garmin.com/xmlschemas/TrackPointExtension/v1 http://www.garmin.com/xmlschemas/TrackPointExtensionv1.xsd" xmlns:gpxtpx="http://www.garmin.com/xmlschemas/TrackPointExtension/v1" xmlns:gpxx="http://www.garmin.com/xmlschemas/GpxExtensions/v3">
 <trk>
  <name>Lausanne Marathon</name>
  <type>running</type>
  <trkseg>
   <trkpt lat="46.5131500" lon="6.6217760"/>
   <trkpt lat="46.5131390" lon="6.6218040"/>
   <trkpt lat="46.5131240" lon="6.6218330"/>
   <trkpt lat="46.5131050" lon="6.6218660"/>
   <trkpt lat="46.5130880" lon="6.6218990"/>
   <trkpt lat="46.5130700" lon="6.6219270"/>
   <trkpt lat="46.5130520" lon="6.6219590"/>
   <trkpt lat="46.5130360" lon="6.6219900"/>
   <trkpt lat="46.5130200" lon="6.6220200"/>
   <trkpt lat="46.5130020" lon="6.6220540"/>
   <trkpt lat="46.5129880" lon="6.6220840"/>
   <trkpt lat="46.5129670" lon="6.6221190"/>
   <trkpt lat="46.5129520" lon="6.6221560"/>
   <trkpt lat="46.5129370" lon="6.6221880"/>
   <trkpt lat="46.5129190" lon="6.6222260"/>
   <trkpt lat="46.5129060" lon="6.6222560"/>
   <trkpt lat="46.5128870" lon="6.6222940"/>
   <trkpt lat="46.5128720" lon="6.6223270"/>
   <trkpt lat="46.5128610" lon="6.6223580"/>
   <trkpt lat="46.5128490" lon="6.6223880"/>
   <trkpt lat="46.5128350" lon="6.6224190"/>
   <trkpt lat="46.5128240" lon="6.6224550"/>
   <trkpt lat="46.5128050" lon="6.6224910"/>
   <trkpt lat="46.5127920" lon="6.6225140"/>
   <trkpt lat="46.5127730" lon="6.6225490"/>
   <trkpt lat="46.5127650" lon="6.6225810"/>
   <trkpt lat="46.5127540" lon="6.6226140"/>
   <trkpt lat="46.5127380" lon="6.6226530"/>
   <trkpt lat="46.5127260" lon="6.6226850"/>
   <trkpt lat="46.5127130" lon="6.6227240"/>
   <trkpt lat="46.5126990" lon="6.6227660"/>
   <trkpt lat="46.5126910" lon="6.6227910"/>
   <trkpt lat="46.5126770" lon="6.6228300"/>
   <trkpt lat="46.5126670" lon="6.6228610"/>
   <trkpt lat="46.5126600" lon="6.6228930"/>
   <trkpt lat="46.5126440" lon="6.6229340"/>
   <trkpt lat="46.5126350" lon="6.6229690"/>
   <trkpt lat="46.5126190" lon="6.6230100"/>
   <trkpt lat="46.5126080" lon="6.6230460"/>
   <trkpt lat="46.5126020" lon="6.6230820"/>
   <trkpt lat="46.5125900" lon="6.6231320"/>
   <trkpt lat="46.5125860" lon="6.6231690"/>
   <trkpt lat="46.5125780" lon="6.6232140"/>
   <trkpt lat="46.5125680" lon="6.6232570"/>
   <trkpt lat="46.5125600" lon="6.6232920"/>
   <trkpt lat="46.5125490" lon="6.6233400"/>
   <trkpt lat="46.5125450" lon="6.6233790"/>
   <trkpt lat="46.5125390" lon="6.6234180"/>
   <trkpt lat="46.5125300" lon="6.6234590"/>
   <trkpt lat="46.5125290" lon="6.6234870"/>
   <trkpt lat="46.5125190" lon="6.6235350"/>
   <trkpt lat="46.5125140" lon="6.6235700"/>
   <trkpt lat="46.5125110" lon="6.6236050"/>
   <trkpt lat="46.5125020" lon="6.6236450"/>
   <trkpt lat="46.5125000" lon="6.6236800"/>
   <trkpt lat="46.5124940" lon="6.6237230"/>
   <trkpt lat="46.5124870" lon="6.6237660"/>
   <trkpt lat="46.5124860" lon="6.6237990"/>
   <trkpt lat="46.5124810" lon="6.6238500"/>
   <trkpt lat="46.5124750" lon="6.6238870"/>
   <trkpt lat="46.5124710" lon="6.6239290"/>
   <trkpt lat="46.5124610" lon="6.6239730"/>
   <trkpt lat="46.5124570" lon="6.6240090"/>
   <trkpt lat="46.5124480" lon="6.6240580"/>
   <trkpt lat="46.5124410" lon="6.6241000"/>
   <trkpt lat="46.5124380" lon="6.6241390"/>
   <trkpt lat="46.5124330" lon="6.6241840"/>
   <trkpt lat="46.5124310" lon="6.6242190"/>
   <trkpt lat="46.5124220" lon="6.6242660"/>
   <trkpt lat="46.5124170" lon="6.6243100"/>
   <trkpt lat="46.5124160" lon="6.6243450"/>
   <trkpt lat="46.5124060" lon="6.6243930"/>
   <trkpt lat="46.5123970" lon="6.6244290"/>
   <trkpt lat="46.5123900" lon="6.6244710"/>
   <trkpt lat="46.5123780" lon="6.6245160"/>
   <trkpt lat="46.5123760" lon="6.6245530"/>
   <trkpt lat="46.5123720" lon="6.6245930"/>
   <trkpt lat="46.5123740" lon="6.6246320"/>
   <trkpt lat="46.5123730" lon="6.6246670"/>
   <trkpt lat="46.5123650" lon="6.6247110"/>
   <trkpt lat="46.5123600" lon="6.6247430"/>
   <trkpt lat="46.5123580" lon="6.6247840"/>
   <trkpt lat="46.5123500" lon="6.6248250"/>
   <trkpt lat="46.5123430" lon="6.6248580"/>
   <trkpt lat="46.5123340" lon="6.6249020"/>
   <trkpt lat="46.5123300" lon="6.6249430"/>
   <trkpt lat="46.5123270" lon="6.6249780"/>
   <trkpt lat="46.5123190" lon="6.6250240"/>
   <trkpt lat="46.5123240" lon="6.6250610"/>
   <trkpt lat="46.5123180" lon="6.6250990"/>
   <trkpt lat="46.5123100" lon="6.6251400"/>
   <trkpt lat="46.5123120" lon="6.6251740"/>
   <trkpt lat="46.5123050" lon="6.6252090"/>
   <trkpt lat="46.5123030" lon="6.6252480"/>
   <trkpt lat="46.5123030" lon="6.6252730"/>
   <trkpt lat="46.5122940" lon="6.6253130"/>
   <trkpt lat="46.5122850" lon="6.6253470"/>
   <trkpt lat="46.5122820" lon="6.6253800"/>
   <trkpt lat="46.5122720" lon="6.6254190"/>
   <trkpt lat="46.5122700" lon="6.6254510"/>
   <trkpt lat="46.5122640" lon="6.6254900"/>
   <trkpt lat="46.5122580" lon="6.6255300"/>
   <trkpt lat="46.5122590" lon="6.6255550"/>
   <trkpt lat="46.5122500" lon="6.6256010"/>
   <trkpt lat="46.5122410" lon="6.6256390"/>
   <trkpt lat="46.5122380" lon="6.6256770"/>
   <trkpt lat="46.5122260" lon="6.6257240"/>
   <trkpt lat="46.5122150" lon="6.6257580"/>
   <trkpt lat="46.5122080" lon="6.6257990"/>
   <trkpt lat="46.5122030" lon="6.6258420"/>
   <trkpt lat="46.5122030" lon="6.6258750"/>
   <trkpt lat="46.5121930" lon="6.6259170"/>
   <trkpt lat="46.5121870" lon="6.6259580"/>
   <trkpt lat="46.5121860" lon="6.6259890"/>
   <trkpt lat="46.5121800" lon="6.6260320"/>
   <trkpt lat="46.5121760" lon="6.6260650"/>
   <trkpt lat="46.5121720" lon="6.6260980"/>
   <trkpt lat="46.5121650" lon="6.6261380"/>
   <trkpt lat="46.5121580" lon="6.6261700"/>
   <trkpt lat="46.5121510" lon="6.6262100"/>
   <trkpt lat="46.5121440" lon="6.6262490"/>
   <trkpt lat="46.5121400" lon="6.6262790"/>
   <trkpt lat="46.5121280" lon="6.6263250"/>
   <trkpt lat="46.5121260" lon="6.6263580"/>
   <trkpt lat="46.5121220" lon="6.6264010"/>
   <trkpt lat="46.5121140" lon="6.6264450"/>
   <trkpt lat="46.5121090" lon="6.6264710"/>
   <trkpt lat="46.5121030" lon="6.6265130"/>
   <trkpt lat="46.5120960" lon="6.6265500"/>
   <trkpt lat="46.5120970" lon="6.6265850"/>
   <trkpt lat="46.5120880" lon="6.6266380"/>
   <trkpt lat="46.5120840" lon="6.6266710"/>
   <trkpt lat="46.5120790" lon="6.6267090"/>
   <trkpt lat="46.5120730" lon="6.6267450"/>
   <trkpt lat="46.5120700" lon="6.6267750"/>
   <trkpt lat="46.5120620" lon="6.6268260"/>
   <trkpt lat="46.5120590" lon="6.6268700"/>
   <trkpt lat="46.5120610" lon="6.6269040"/>
   <trkpt lat="46.5120550" lon="6.6269550"/>
   <trkpt lat="46.5120540" lon="6.6269880"/>
   <trkpt lat="46.5120550" lon="6.6270270"/>
   <trkpt lat="46.5120510" lon="6.6270690"/>
   <trkpt lat="46.5120520" lon="6.6270980"/>
   <trkpt lat="46.5120460" lon="6.6271390"/>
   <trkpt lat="46.5120420" lon="6.6271780"/>
   <trkpt lat="46.5120380" lon="6.6272110"/>
   <trkpt lat="46.5120270" lon="6.6272560"/>
   <trkpt lat="46.5120220" lon="6.6272910"/>
   <trkpt lat="46.5120140" lon="6.6273350"/>
   <trkpt lat="46.5119980" lon="6.6273790"/>
   <trkpt lat="46.5119870" lon="6.6274140"/>
   <trkpt lat="46.5119730" lon="6.6274600"/>
   <trkpt lat="46.5119630" lon="6.6274990"/>
   <trkpt lat="46.5119520" lon="6.6275270"/>
   <trkpt lat="46.5119370" lon="6.6275710"/>
   <trkpt lat="46.5119280" lon="6.6276060"/>
   <trkpt lat="46.5119200" lon="6.6276460"/>
   <trkpt lat="46.5119180" lon="6.6276840"/>
   <trkpt lat="46.5119160" lon="6.6277090"/>
   <trkpt lat="46.5119130" lon="6.6277550"/>
   <trkpt lat="46.5119140" lon="6.6277900"/>
   <trkpt lat="46.5119210" lon="6.6278250"/>
   <trkpt lat="46.5119160" lon="6.6278730"/>
   <trkpt lat="46.5119170" lon="6.6279020"/>
   <trkpt lat="46.5119120" lon="6.6279380"/>
   <trkpt lat="46.5119020" lon="6.6279760"/>
   <trkpt lat="46.5118970" lon="6.6280060"/>
   <trkpt lat="46.5118890" lon="6.6280500"/>
   <trkpt lat="46.5118820" lon="6.6280930"/>
   <trkpt lat="46.5118790" lon="6.6281320"/>
   <trkpt lat="46.5118690" lon="6.6281780"/>
   <trkpt lat="46.5118650" lon="6.6282090"/>
   <trkpt lat="46.5118610" lon="6.6282460"/>
   <trkpt lat="46.5118550" lon="6.6282870"/>
   <trkpt lat="46.5118530" lon="6.6283190"/>
   <trkpt lat="46.5118470" lon="6.6283610"/>
   <trkpt lat="46.5118390" lon="6.6283970"/>
   <trkpt lat="46.5118320" lon="6.6284300"/>
   <trkpt lat="46.5118240" lon="6.6284750"/>
   <trkpt lat="46.5118200" lon="6.6285110"/>
   <trkpt lat="46.5118110" lon="6.6285530"/>
   <trkpt lat="46.5118030" lon="6.6285900"/>
   <trkpt lat="46.5117950" lon="6.6286140"/>
   <trkpt lat="46.5117810" lon="6.6286580"/>
   <trkpt lat="46.5117700" lon="6.6286920"/>
   <trkpt lat="46.5117640" lon="6.6287190"/>
   <trkpt lat="46.5117520" lon="6.6287630"/>
   <trkpt lat="46.5117490" lon="6.6287930"/>
   <trkpt lat="46.5117400" lon="6.6288320"/>
   <trkpt lat="46.5117310" lon="6.6288730"/>
   <trkpt lat="46.5117240" lon="6.6289050"/>
   <trkpt lat="46.5117120" lon="6.6289480"/>
   <trkpt lat="46.5116980" lon="6.6289830"/>
   <trkpt lat="46.5116870" lon="6.6290110"/>
   <trkpt lat="46.5116770" lon="6.6290520"/>
   <trkpt lat="46.5116730" lon="6.6290850"/>
   <trkpt lat="46.5116630" lon="6.6291210"/>
   <trkpt lat="46.5116480" lon="6.6291630"/>
   <trkpt lat="46.5116410" lon="6.6291920"/>
   <trkpt lat="46.5116310" lon="6.6292350"/>
   <trkpt lat="46.5116190" lon="6.6292720"/>
   <trkpt lat="46.5116160" lon="6.6293010"/>
   <trkpt lat="46.5116050" lon="6.6293470"/>
   <trkpt lat="46.5115990" lon="6.6293810"/>
   <trkpt lat="46.5115910" lon="6.6294140"/>
   <trkpt lat="46.5115790" lon="6.6294550"/>
   <trkpt lat="46.5115710" lon="6.6294820"/>
   <trkpt lat="46.5115570" lon="6.6295210"/>
   <trkpt lat="46.5115450" lon="6.6295520"/>
   <trkpt lat="46.5115400" lon="6.6295740"/>
   <trkpt lat="46.5115280" lon="6.6296140"/>
   <trkpt lat="46.5115160" lon="6.6296450"/>
   <trkpt lat="46.5115070" lon="6.6296740"/>
   <trkpt lat="46.5114920" lon="6.6297180"/>
   <trkpt lat="46.5114880" lon="6.6297470"/>
   <trkpt lat="46.5114800" lon="6.6297850"/>
   <trkpt lat="46.5114650" lon="6.6298250"/>
   <trkpt lat="46.5114600" lon="6.6298450"/>
   <trkpt lat="46.5114500" lon="6.6298820"/>
   <trkpt lat="46.5114390" lon="6.6299130"/>
   <trkpt lat="46.5114300" lon="6.6299400"/>
   <trkpt lat="46.5114150" lon="6.6299820"/>
   <trkpt lat="46.5114120" lon="6.6300110"/>
   <trkpt lat="46.5114070" lon="6.6300470"/>
   <trkpt lat="46.5113940" lon="6.6300840"/>
   <trkpt lat="46.5113870" lon="6.6301120"/>
   <trkpt lat="46.5113780" lon="6.6301460"/>
   <trkpt lat="46.5113680" lon="6.6301760"/>
   <trkpt lat="46.5113600" lon="6.6302050"/>
   <trkpt lat="46.5113470" lon="6.6302510"/>
   <trkpt lat="46.5113400" lon="6.6302820"/>
   <trkpt lat="46.5113300" lon="6.6303150"/>
   <trkpt lat="46.5113180" lon="6.6303530"/>
   <trkpt lat="46.5113120" lon="6.6303810"/>
   <trkpt lat="46.5113050" lon="6.6304240"/>
   <trkpt lat="46.5112960" lon="6.6304630"/>
   <trkpt lat="46.5112930" lon="6.6304880"/>
   <trkpt lat="46.5112830" lon="6.6305330"/>
   <trkpt lat="46.5112770" lon="6.6305690"/>
   <trkpt lat="46.5112700" lon="6.6306070"/>
   <trkpt lat="46.5112570" lon="6.6306500"/>
   <trkpt lat="46.5112530" lon="6.6306770"/>
   <trkpt lat="46.5112420" lon="6.6307150"/>
   <trkpt lat="46.5112320" lon="6.6307490"/>
   <trkpt lat="46.5112220" lon="6.6307810"/>
   <trkpt lat="46.5112090" lon="6.6308240"/>
   <trkpt lat="46.5111990" lon="6.6308560"/>
   <trkpt lat="46.5111890" lon="6.6308970"/>
   <trkpt lat="46.5111790" lon="6.6309350"/>
   <trkpt lat="46.5111770" lon="6.6309640"/>
   <trkpt lat="46.5111660" lon="6.6310110"/>
   <trkpt lat="46.5111570" lon="6.6310440"/>
   <trkpt lat="46.5111430" lon="6.6310860"/>
   <trkpt lat="46.5111340" lon="6.6311240"/>
   <trkpt lat="46.5111320" lon="6.6311530"/>
   <trkpt lat="46.5111220" lon="6.6311950"/>
   <trkpt lat="46.5111120" lon="6.6312250"/>
   <trkpt lat="46.5111030" lon="6.6312610"/>
   <trkpt lat="46.5110890" lon="6.6313050"/>
   <trkpt lat="46.5110860" lon="6.6313380"/>
   <trkpt lat="46.5110780" lon="6.6313780"/>
   <trkpt lat="46.5110710" lon="6.6314150"/>
   <trkpt lat="46.5110660" lon="6.6314510"/>
   <trkpt lat="46.5110540" lon="6.6314930"/>
   <trkpt lat="46.5110420" lon="6.6315260"/>
   <trkpt lat="46.5110310" lon="6.6315660"/>
   <trkpt lat="46.5110240" lon="6.6316090"/>
   <trkpt lat="46.5110170" lon="6.6316370"/>
   <trkpt lat="46.5110040" lon="6.6316820"/>
   <trkpt lat="46.5109970" lon="6.6317170"/>
   <trkpt lat="46.5109900" lon="6.6317590"/>
   <trkpt lat="46.5109830" lon="6.6318010"/>
   <trkpt lat="46.5109800" lon="6.6318350"/>
   <trkpt lat="46.5109670" lon="6.6318840"/>
   <trkpt lat="46.5109590" lon="6.6319240"/>
   <trkpt lat="46.5109500" lon="6.6319670"/>
   <trkpt lat="46.5109370" lon="6.6320070"/>
   <trkpt lat="46.5109300" lon="6.6320350"/>
   <trkpt lat="46.5109180" lon="6.6320800"/>
   <trkpt lat="46.5109090" lon="6.6321190"/>
   <trkpt lat="46.5108990" lon="6.6321560"/>
   <trkpt lat="46.5108870" lon="6.6322000"/>
   <trkpt lat="46.5108800" lon="6.6322300"/>
   <trkpt lat="46.5108670" lon="6.6322740"/>
   <trkpt lat="46.5108520" lon="6.6323110"/>
   <trkpt lat="46.5108410" lon="6.6323440"/>
   <trkpt lat="46.5108230" lon="6.6323850"/>
   <trkpt lat="46.5108160" lon="6.6324150"/>
   <trkpt lat="46.5108000" lon="6.6324610"/>
   <trkpt lat="46.5107850" lon="6.6324950"/>
   <trkpt lat="46.5107650" lon="6.6325300"/>
   <trkpt lat="46.5107470" lon="6.6325690"/>
   <trkpt lat="46.5107400" lon="6.6326020"/>
   <trkpt lat="46.5107260" lon="6.6326420"/>
   <trkpt lat="46.5107110" lon="6.6326810"/>
   <trkpt lat="46.5107010" lon="6.6327100"/>
   <trkpt lat="46.5106900" lon="6.6327480"/>
   <trkpt lat="46.5106730" lon="6.6327800"/>
   <trkpt lat="46.5106550" lon="6.6328130"/>
   <trkpt lat="46.5106330" lon="6.6328560"/>
   <trkpt lat="46.5106210" lon="6.6328880"/>
   <trkpt lat="46.5106040" lon="6.6329320"/>
   <trkpt lat="46.5105890" lon="6.6329670"/>
   <trkpt lat="46.5105700" lon="6.6330030"/>
   <trkpt lat="46.5105520" lon="6.6330430"/>
   <trkpt lat="46.5105350" lon="6.6330750"/>
   <trkpt lat="46.5105210" lon="6.6331160"/>
   <trkpt lat="46.5105030" lon="6.6331500"/>
   <trkpt lat="46.5104900" lon="6.6331880"/>
   <trkpt lat="46.5104720" lon="6.6332260"/>
   <trkpt lat="46.5104560" lon="6.6332610"/>
   <trkpt lat="46.5104370" lon="6.6333050"/>
   <trkpt lat="46.5104280" lon="6.6333420"/>
   <trkpt lat="46.5104100" lon="6.6333800"/>
   <trkpt lat="46.5103840" lon="6.6334170"/>
   <trkpt lat="46.5103700" lon="6.6334430"/>
   <trkpt lat="46.5103480" lon="6.6334860"/>
   <trkpt lat="46.5103320" lon="6.6335180"/>
   <trkpt lat="46.5103140" lon="6.6335560"/>
   <trkpt lat="46.5102940" lon="6.6335900"/>
   <trkpt lat="46.5102780" lon="6.6336180"/>
   <trkpt lat="46.5102600" lon="6.6336540"/>
   <trkpt lat="46.5102410" lon="6.6336910"/>
   <trkpt lat="46.5102240" lon="6.6337210"/>
   <trkpt lat="46.5102050" lon="6.6337600"/>
   <trkpt lat="46.5101900" lon="6.6337940"/>
   <trkpt lat="46.5101720" lon="6.6338280"/>
   <trkpt lat="46.5101550" lon="6.6338690"/>
   <trkpt lat="46.5101420" lon="6.6339040"/>
   <trkpt lat="46.5101260" lon="6.6339400"/>
   <trkpt lat="46.5101040" lon="6.6339660"/>
   <trkpt lat="46.5100860" lon="6.6339910"/>
   <trkpt lat="46.5100660" lon="6.6340250"/>
   <trkpt lat="46.5100520" lon="6.6340460"/>
   <trkpt lat="46.5100310" lon="6.6340860"/>
   <trkpt lat="46.5100130" lon="6.6341250"/>
   <trkpt lat="46.5099990" lon="6.6341560"/>
   <trkpt lat="46.5099740" lon="6.6341980"/>
   <trkpt lat="46.5099580" lon="6.6342360"/>
   <trkpt lat="46.5099410" lon="6.6342710"/>
   <trkpt lat="46.5099160" lon="6.6343060"/>
   <trkpt lat="46.5099010" lon="6.6343350"/>
   <trkpt lat="46.5098800" lon="6.6343740"/>
   <trkpt lat="46.5098660" lon="6.6344050"/>
   <trkpt lat="46.5098480" lon="6.6344360"/>
   <trkpt lat="46.5098270" lon="6.6344680"/>
   <trkpt lat="46.5098190" lon="6.6344930"/>
   <trkpt lat="46.5098050" lon="6.6345290"/>
   <trkpt lat="46.5097890" lon="6.6345590"/>
   <trkpt lat="46.5097720" lon="6.6345880"/>
   <trkpt lat="46.5097500" lon="6.6346210"/>
   <trkpt lat="46.5097340" lon="6.6346490"/>
   <trkpt lat="46.5097180" lon="6.6346830"/>
   <trkpt lat="46.5096980" lon="6.6347160"/>
   <trkpt lat="46.5096790" lon="6.6347470"/>
   <trkpt lat="46.5096590" lon="6.6347870"/>
   <trkpt lat="46.5096400" lon="6.6348160"/>
   <trkpt lat="46.5096200" lon="6.6348540"/>
   <trkpt lat="46.5095970" lon="6.6348880"/>
   <trkpt lat="46.5095870" lon="6.6349130"/>
   <trkpt lat="46.5095730" lon="6.6349540"/>
   <trkpt lat="46.5095600" lon="6.6349830"/>
   <trkpt lat="46.5095500" lon="6.6350150"/>
   <trkpt lat="46.5095350" lon="6.6350550"/>
   <trkpt lat="46.5095300" lon="6.6350890"/>
   <trkpt lat="46.5095230" lon="6.6351300"/>
   <trkpt lat="46.5095080" lon="6.6351660"/>
   <trkpt lat="46.5095010" lon="6.6351990"/>
   <trkpt lat="46.5094870" lon="6.6352390"/>
   <trkpt lat="46.5094750" lon="6.6352720"/>
   <trkpt lat="46.5094650" lon="6.6353070"/>
   <trkpt lat="46.5094480" lon="6.6353460"/>
   <trkpt lat="46.5094420" lon="6.6353760"/>
   <trkpt lat="46.5094280" lon="6.6354170"/>
   <trkpt lat="46.5094150" lon="6.6354530"/>
   <trkpt lat="46.5094030" lon="6.6354860"/>
   <trkpt lat="46.5093880" lon="6.6355220"/>
   <trkpt lat="46.5093800" lon="6.6355550"/>
   <trkpt lat="46.5093670" lon="6.6355970"/>
   <trkpt lat="46.5093530" lon="6.6356380"/>
   <trkpt lat="46.5093430" lon="6.6356710"/>
   <trkpt lat="46.5093250" lon="6.6357190"/>
   <trkpt lat="46.5093250" lon="6.6357540"/>
   <trkpt lat="46.5093140" lon="6.6357930"/>
   <trkpt lat="46.5092960" lon="6.6358350"/>
   <trkpt lat="46.5092850" lon="6.6358720"/>
   <trkpt lat="46.5092710" lon="6.6359190"/>
   <trkpt lat="46.5092630" lon="6.6359560"/>
   <trkpt lat="46.5092490" lon="6.6359930"/>
   <trkpt lat="46.5092350" lon="6.6360310"/>
   <trkpt lat="46.5092260" lon="6.6360580"/>
   <trkpt lat="46.5092130" lon="6.6360900"/>
   <trkpt lat="46.5091990" lon="6.6361280"/>
   <trkpt lat="46.5091880" lon="6.6361590"/>
   <trkpt lat="46.5091680" lon="6.6362010"/>
   <trkpt lat="46.5091550" lon="6.6362350"/>
   <trkpt lat="46.5091400" lon="6.6362660"/>
   <trkpt lat="46.5091250" lon="6.6363000"/>
   <trkpt lat="46.5091060" lon="6.6363320"/>
   <trkpt lat="46.5090960" lon="6.6363680"/>
   <trkpt lat="46.5090810" lon="6.6364050"/>
   <trkpt lat="46.5090730" lon="6.6364380"/>
   <trkpt lat="46.5090570" lon="6.6364800"/>
   <trkpt lat="46.5090460" lon="6.6365150"/>
   <trkpt lat="46.5090360" lon="6.6365460"/>
   <trkpt lat="46.5090230" lon="6.6365850"/>
   <trkpt lat="46.5090130" lon="6.6366230"/>
   <trkpt lat="46.5090010" lon="6.6366580"/>
   <trkpt lat="46.5089830" lon="6.6366960"/>
   <trkpt lat="46.5089680" lon="6.6367280"/>
   <trkpt lat="46.5089560" lon="6.6367640"/>
   <trkpt lat="46.5089390" lon="6.6368020"/>
   <trkpt lat="46.5089270" lon="6.6368320"/>
   <trkpt lat="46.5089070" lon="6.6368740"/>
   <trkpt lat="46.5088990" lon="6.6369050"/>
   <trkpt lat="46.5088850" lon="6.6369420"/>
   <trkpt lat="46.5088690" lon="6.6369840"/>
   <trkpt lat="46.5088610" lon="6.6370140"/>
   <trkpt lat="46.5088460" lon="6.6370500"/>
   <trkpt lat="46.5088280" lon="6.6370880"/>
   <trkpt lat="46.5088180" lon="6.6371160"/>
   <trkpt lat="46.5088040" lon="6.6371590"/>
   <trkpt lat="46.5087870" lon="6.6371950"/>
   <trkpt lat="46.5087720" lon="6.6372290"/>
   <trkpt lat="46.5087550" lon="6.6372640"/>
   <trkpt lat="46.5087410" lon="6.6372950"/>
   <trkpt lat="46.5087270" lon="6.6373300"/>
   <trkpt lat="46.5087040" lon="6.6373630"/>
   <trkpt lat="46.5086900" lon="6.6373920"/>
   <trkpt lat="46.5086710" lon="6.6374310"/>
   <trkpt lat="46.5086520" lon="6.6374610"/>
   <trkpt lat="46.5086320" lon="6.6374940"/>
   <trkpt lat="46.5086120" lon="6.6375300"/>
   <trkpt lat="46.5086000" lon="6.6375570"/>
   <trkpt lat="46.5085780" lon="6.6375970"/>
   <trkpt lat="46.5085610" lon="6.6376270"/>
   <trkpt lat="46.5085430" lon="6.6376580"/>
   <trkpt lat="46.5085250" lon="6.6376940"/>
   <trkpt lat="46.5085090" lon="6.6377250"/>
   <trkpt lat="46.5084910" lon="6.6377550"/>
   <trkpt lat="46.5084680" lon="6.6377850"/>
   <trkpt lat="46.5084520" lon="6.6378110"/>
   <trkpt lat="46.5084340" lon="6.6378490"/>
   <trkpt lat="46.5084150" lon="6.6378850"/>
   <trkpt lat="46.5083990" lon="6.6379160"/>
   <trkpt lat="46.5083750" lon="6.6379520"/>
   <trkpt lat="46.5083620" lon="6.6379850"/>
   <trkpt lat="46.5083470" lon="6.6380140"/>
   <trkpt lat="46.5083270" lon="6.6380470"/>
   <trkpt lat="46.5083100" lon="6.6380780"/>
   <trkpt lat="46.5082920" lon="6.6381110"/>
   <trkpt lat="46.5082730" lon="6.6381470"/>
   <trkpt lat="46.5082540" lon="6.6381740"/>
   <trkpt lat="46.5082300" lon="6.6382080"/>
   <trkpt lat="46.5082160" lon="6.6382330"/>
   <trkpt lat="46.5082000" lon="6.6382610"/>
   <trkpt lat="46.5081750" lon="6.6382920"/>
   <trkpt lat="46.5081580" lon="6.6383190"/>
   <trkpt lat="46.5081360" lon="6.6383530"/>
   <trkpt lat="46.5081160" lon="6.6383870"/>
   <trkpt lat="46.5081010" lon="6.6384180"/>
   <trkpt lat="46.5080790" lon="6.6384590"/>
   <trkpt lat="46.5080620" lon="6.6384870"/>
   <trkpt lat="46.5080460" lon="6.6385180"/>
   <trkpt lat="46.5080240" lon="6.6385530"/>
   <trkpt lat="46.5080080" lon="6.6385780"/>
   <trkpt lat="46.5079900" lon="6.6386180"/>
   <trkpt lat="46.5079780" lon="6.6386510"/>
   <trkpt lat="46.5079630" lon="6.6386870"/>
   <trkpt lat="46.5079440" lon="6.6387280"/>
   <trkpt lat="46.5079380" lon="6.6387570"/>
   <trkpt lat="46.5079290" lon="6.6387920"/>
   <trkpt lat="46.5079180" lon="6.6388350"/>
   <trkpt lat="46.5079160" lon="6.6388690"/>
   <trkpt lat="46.5079070" lon="6.6389070"/>
   <trkpt lat="46.5078960" lon="6.6389500"/>
   <trkpt lat="46.5078960" lon="6.6389800"/>
   <trkpt lat="46.5078830" lon="6.6390270"/>
   <trkpt lat="46.5078750" lon="6.6390670"/>
   <trkpt lat="46.5078690" lon="6.6391030"/>
   <trkpt lat="46.5078590" lon="6.6391510"/>
   <trkpt lat="46.5078520" lon="6.6391910"/>
   <trkpt lat="46.5078420" lon="6.6392300"/>
   <trkpt lat="46.5078290" lon="6.6392700"/>
   <trkpt lat="46.5078210" lon="6.6393020"/>
   <trkpt lat="46.5078080" lon="6.6393430"/>
   <trkpt lat="46.5077980" lon="6.6393780"/>
   <trkpt lat="46.5077840" lon="6.6394140"/>
   <trkpt lat="46.5077660" lon="6.6394560"/>
   <trkpt lat="46.5077570" lon="6.6394900"/>
   <trkpt lat="46.5077430" lon="6.6395270"/>
   <trkpt lat="46.5077270" lon="6.6395680"/>
   <trkpt lat="46.5077120" lon="6.6396060"/>
   <trkpt lat="46.5076950" lon="6.6396420"/>
   <trkpt lat="46.5076810" lon="6.6396740"/>
   <trkpt lat="46.5076660" lon="6.6397010"/>
   <trkpt lat="46.5076450" lon="6.6397340"/>
   <trkpt lat="46.5076260" lon="6.6397580"/>
   <trkpt lat="46.5076060" lon="6.6397870"/>
   <trkpt lat="46.5075800" lon="6.6398140"/>
   <trkpt lat="46.5075620" lon="6.6398450"/>
   <trkpt lat="46.5075360" lon="6.6398790"/>
   <trkpt lat="46.5075110" lon="6.6399080"/>
   <trkpt lat="46.5074970" lon="6.6399340"/>
   <trkpt lat="46.5074690" lon="6.6399710"/>
   <trkpt lat="46.5074470" lon="6.6399950"/>
   <trkpt lat="46.5074210" lon="6.6400220"/>
   <trkpt lat="46.5073940" lon="6.6400500"/>
   <trkpt lat="46.5073710" lon="6.6400760"/>
   <trkpt lat="46.5073450" lon="6.6401080"/>
   <trkpt lat="46.5073190" lon="6.6401340"/>
   <trkpt lat="46.5073010" lon="6.6401590"/>
   <trkpt lat="46.5072750" lon="6.6401850"/>
   <trkpt lat="46.5072610" lon="6.6402080"/>
   <trkpt lat="46.5072390" lon="6.6402390"/>
   <trkpt lat="46.5072120" lon="6.6402620"/>
   <trkpt lat="46.5071910" lon="6.6402900"/>
   <trkpt lat="46.5071670" lon="6.6403250"/>
   <trkpt lat="46.5071410" lon="6.6403550"/>
   <trkpt lat="46.5071200" lon="6.6403880"/>
   <trkpt lat="46.5070940" lon="6.6404240"/>
   <trkpt lat="46.5070740" lon="6.6404500"/>
   <trkpt lat="46.5070520" lon="6.6404830"/>
   <trkpt lat="46.5070280" lon="6.6405180"/>
   <trkpt lat="46.5070150" lon="6.6405470"/>
   <trkpt lat="46.5069980" lon="6.6405820"/>
   <trkpt lat="46.5069810" lon="6.6406140"/>
   <trkpt lat="46.5069640" lon="6.6406460"/>
   <trkpt lat="46.5069440" lon="6.6406830"/>
   <trkpt lat="46.5069320" lon="6.6407110"/>
   <trkpt lat="46.5069160" lon="6.6407450"/>
   <trkpt lat="46.5069000" lon="6.6407830"/>
   <trkpt lat="46.5068820" lon="6.6408180"/>
   <trkpt lat="46.5068650" lon="6.6408580"/>
   <trkpt lat="46.5068490" lon="6.6408920"/>
   <trkpt lat="46.5068400" lon="6.6409290"/>
   <trkpt lat="46.5068280" lon="6.6409680"/>
   <trkpt lat="46.5068150" lon="6.6409980"/>
   <trkpt lat="46.5067970" lon="6.6410420"/>
   <trkpt lat="46.5067840" lon="6.6410780"/>
   <trkpt lat="46.5067730" lon="6.6411170"/>
   <trkpt lat="46.5067600" lon="6.6411610"/>
   <trkpt lat="46.5067490" lon="6.6411980"/>
   <trkpt lat="46.5067380" lon="6.6412370"/>
   <trkpt lat="46.5067250" lon="6.6412790"/>
   <trkpt lat="46.5067140" lon="6.6413150"/>
   <trkpt lat="46.5067000" lon="6.6413620"/>
   <trkpt lat="46.5066920" lon="6.6413930"/>
   <trkpt lat="46.5066810" lon="6.6414270"/>
   <trkpt lat="46.5066650" lon="6.6414690"/>
   <trkpt lat="46.5066530" lon="6.6414990"/>
   <trkpt lat="46.5066470" lon="6.6415410"/>
   <trkpt lat="46.5066360" lon="6.6415840"/>
   <trkpt lat="46.5066270" lon="6.6416190"/>
   <trkpt lat="46.5066140" lon="6.6416690"/>
   <trkpt lat="46.5066110" lon="6.6417050"/>
   <trkpt lat="46.5066030" lon="6.6417470"/>
   <trkpt lat="46.5065960" lon="6.6417880"/>
   <trkpt lat="46.5065960" lon="6.6418190"/>
   <trkpt lat="46.5065890" lon="6.6418690"/>
   <trkpt lat="46.5065860" lon="6.6419100"/>
   <trkpt lat="46.5065880" lon="6.6419500"/>
   <trkpt lat="46.5065810" lon="6.6419970"/>
   <trkpt lat="46.5065810" lon="6.6420360"/>
   <trkpt lat="46.5065790" lon="6.6420840"/>
   <trkpt lat="46.5065730" lon="6.6421280"/>
   <trkpt lat="46.5065700" lon="6.6421680"/>
   <trkpt lat="46.5065680" lon="6.6422100"/>
   <trkpt lat="46.5065660" lon="6.6422470"/>
   <trkpt lat="46.5065610" lon="6.6422930"/>
   <trkpt lat="46.5065580" lon="6.6423350"/>
   <trkpt lat="46.5065590" lon="6.6423620"/>
   <trkpt lat="46.5065630" lon="6.6424060"/>
   <trkpt lat="46.5065670" lon="6.6424310"/>
   <trkpt lat="46.5065700" lon="6.6424700"/>
   <trkpt lat="46.5065760" lon="6.6425140"/>
   <trkpt lat="46.5065860" lon="6.6425500"/>
   <trkpt lat="46.5065900" lon="6.6426040"/>
   <trkpt lat="46.5065950" lon="6.6426410"/>
   <trkpt lat="46.5065960" lon="6.6426870"/>
   <trkpt lat="46.5065970" lon="6.6427260"/>
   <trkpt lat="46.5066010" lon="6.6427610"/>
   <trkpt lat="46.5065990" lon="6.6428110"/>
   <trkpt lat="46.5065980" lon="6.6428490"/>
   <trkpt lat="46.5065960" lon="6.6428890"/>
   <trkpt lat="46.5065920" lon="6.6429330"/>
   <trkpt lat="46.5065930" lon="6.6429620"/>
   <trkpt lat="46.5065840" lon="6.6430090"/>
   <trkpt lat="46.5065830" lon="6.6430470"/>
   <trkpt lat="46.5065810" lon="6.6430840"/>
   <trkpt lat="46.5065750" lon="6.6431270"/>
   <trkpt lat="46.5065780" lon="6.6431580"/>
   <trkpt lat="46.5065730" lon="6.6432010"/>
   <trkpt lat="46.5065700" lon="6.6432420"/>
   <trkpt lat="46.5065700" lon="6.6432800"/>
   <trkpt lat="46.5065650" lon="6.6433280"/>
   <trkpt lat="46.5065660" lon="6.6433610"/>
   <trkpt lat="46.5065660" lon="6.6434030"/>
   <trkpt lat="46.5065640" lon="6.6434520"/>
   <trkpt lat="46.5065650" lon="6.6434850"/>
   <trkpt lat="46.5065640" lon="6.6435290"/>
   <trkpt lat="46.5065600" lon="6.6435710"/>
   <trkpt lat="46.5065610" lon="6.6436080"/>
   <trkpt lat="46.5065570" lon="6.6436570"/>
   <trkpt lat="46.5065610" lon="6.6436990"/>
   <trkpt lat="46.5065570" lon="6.6437390"/>
   <trkpt lat="46.5065550" lon="6.6437770"/>
   <trkpt lat="46.5065520" lon="6.6438070"/>
   <trkpt lat="46.5065480" lon="6.6438540"/>
   <trkpt lat="46.5065460" lon="6.6438930"/>
   <trkpt lat="46.5065430" lon="6.6439410"/>
   <trkpt lat="46.5065360" lon="6.6439880"/>
   <trkpt lat="46.5065390" lon="6.6440180"/>
   <trkpt lat="46.5065360" lon="6.6440640"/>
   <trkpt lat="46.5065370" lon="6.6440970"/>
   <trkpt lat="46.5065390" lon="6.6441320"/>
   <trkpt lat="46.5065360" lon="6.6441770"/>
   <trkpt lat="46.5065390" lon="6.6442110"/>
   <trkpt lat="46.5065360" lon="6.6442530"/>
   <trkpt lat="46.5065320" lon="6.6442920"/>
   <trkpt lat="46.5065310" lon="6.6443310"/>
   <trkpt lat="46.5065290" lon="6.6443820"/>
   <trkpt lat="46.5065320" lon="6.6444110"/>
   <trkpt lat="46.5065330" lon="6.6444610"/>
   <trkpt lat="46.5065340" lon="6.6445020"/>
   <trkpt lat="46.5065370" lon="6.6445420"/>
   <trkpt lat="46.5065340" lon="6.6445880"/>
   <trkpt lat="46.5065340" lon="6.6446260"/>
   <trkpt lat="46.5065320" lon="6.6446710"/>
   <trkpt lat="46.5065310" lon="6.6447170"/>
   <trkpt lat="46.5065330" lon="6.6447490"/>
   <trkpt lat="46.5065330" lon="6.6447990"/>
   <trkpt lat="46.5065390" lon="6.6448340"/>
   <trkpt lat="46.5065390" lon="6.6448790"/>
   <trkpt lat="46.5065390" lon="6.6449210"/>
   <trkpt lat="46.5065390" lon="6.6449530"/>
   <trkpt lat="46.5065400" lon="6.6450010"/>
   <trkpt lat="46.5065410" lon="6.6450370"/>
   <trkpt lat="46.5065410" lon="6.6450790"/>
   <trkpt lat="46.5065410" lon="6.6451240"/>
   <trkpt lat="46.5065430" lon="6.6451560"/>
   <trkpt lat="46.5065420" lon="6.6452030"/>
   <trkpt lat="46.5065430" lon="6.6452410"/>
   <trkpt lat="46.5065400" lon="6.6452830"/>
   <trkpt lat="46.5065330" lon="6.6453250"/>
   <trkpt lat="46.5065340" lon="6.6453570"/>
   <trkpt lat="46.5065300" lon="6.6454030"/>
   <trkpt lat="46.5065260" lon="6.6454470"/>
   <trkpt lat="46.5065260" lon="6.6454840"/>
   <trkpt lat="46.5065220" lon="6.6455320"/>
   <trkpt lat="46.5065230" lon="6.6455660"/>
   <trkpt lat="46.5065260" lon="6.6456090"/>
   <trkpt lat="46.5065280" lon="6.6456520"/>
   <trkpt lat="46.5065260" lon="6.6456880"/>
   <trkpt lat="46.5065220" lon="6.6457350"/>
   <trkpt lat="46.5065230" lon="6.6457620"/>
   <trkpt lat="46.5065200" lon="6.6458070"/>
   <trkpt lat="46.5065190" lon="6.6458530"/>
   <trkpt lat="46.5065190" lon="6.6458890"/>
   <trkpt lat="46.5065120" lon="6.6459420"/>
   <trkpt lat="46.5065130" lon="6.6459760"/>
   <trkpt lat="46.5065110" lon="6.6460220"/>
   <trkpt lat="46.5065070" lon="6.6460640"/>
   <trkpt lat="46.5065110" lon="6.6460950"/>
   <trkpt lat="46.5065130" lon="6.6461440"/>
   <trkpt lat="46.5065160" lon="6.6461820"/>
   <trkpt lat="46.5065180" lon="6.6462200"/>
   <trkpt lat="46.5065150" lon="6.6462660"/>
   <trkpt lat="46.5065190" lon="6.6463010"/>
   <trkpt lat="46.5065180" lon="6.6463460"/>
   <trkpt lat="46.5065170" lon="6.6463870"/>
   <trkpt lat="46.5065170" lon="6.6464210"/>
   <trkpt lat="46.5065120" lon="6.6464670"/>
   <trkpt lat="46.5065200" lon="6.6464950"/>
   <trkpt lat="46.5065160" lon="6.6465440"/>
   <trkpt lat="46.5065130" lon="6.6465860"/>
   <trkpt lat="46.5065110" lon="6.6466300"/>
   <trkpt lat="46.5065070" lon="6.6466760"/>
   <trkpt lat="46.5065100" lon="6.6467100"/>
   <trkpt lat="46.5065070" lon="6.6467540"/>
   <trkpt lat="46.5065020" lon="6.6468000"/>
   <trkpt lat="46.5065000" lon="6.6468400"/>
   <trkpt lat="46.5064950" lon="6.6468880"/>
   <trkpt lat="46.5064980" lon="6.6469210"/>
   <trkpt lat="46.5064940" lon="6.6469680"/>
   <trkpt lat="46.5064960" lon="6.6470080"/>
   <trkpt lat="46.5064960" lon="6.6470420"/>
   <trkpt lat="46.5064900" lon="6.6470870"/>
   <trkpt lat="46.5064950" lon="6.6471200"/>
   <trkpt lat="46.5064970" lon="6.6471620"/>
   <trkpt lat="46.5064910" lon="6.6472050"/>
   <trkpt lat="46.5064900" lon="6.6472380"/>
   <trkpt lat="46.5064890" lon="6.6472840"/>
   <trkpt lat="46.5064860" lon="6.6473240"/>
   <trkpt lat="46.5064830" lon="6.6473610"/>
   <trkpt lat="46.5064770" lon="6.6474050"/>
   <trkpt lat="46.5064800" lon="6.6474370"/>
   <trkpt lat="46.5064790" lon="6.6474820"/>
   <trkpt lat="46.5064760" lon="6.6475270"/>
   <trkpt lat="46.5064780" lon="6.6475570"/>
   <trkpt lat="46.5064770" lon="6.6476020"/>
   <trkpt lat="46.5064740" lon="6.6476360"/>
   <trkpt lat="46.5064750" lon="6.6476690"/>
   <trkpt lat="46.5064760" lon="6.6477140"/>
   <trkpt lat="46.5064860" lon="6.6477420"/>
   <trkpt lat="46.5064880" lon="6.6477840"/>
   <trkpt lat="46.5064900" lon="6.6478220"/>
   <trkpt lat="46.5064920" lon="6.6478580"/>
   <trkpt lat="46.5064900" lon="6.6479040"/>
   <trkpt lat="46.5064940" lon="6.6479370"/>
   <trkpt lat="46.5064940" lon="6.6479800"/>
   <trkpt lat="46.5064910" lon="6.6480220"/>
   <trkpt lat="46.5064910" lon="6.6480540"/>
   <trkpt lat="46.5064880" lon="6.6481040"/>
   <trkpt lat="46.5064940" lon="6.6481410"/>
   <trkpt lat="46.5064920" lon="6.6481860"/>
   <trkpt lat="46.5064830" lon="6.6482330"/>
   <trkpt lat="46.5064850" lon="6.6482680"/>
   <trkpt lat="46.5064840" lon="6.6483190"/>
   <trkpt lat="46.5064860" lon="6.6483550"/>
   <trkpt lat="46.5064840" lon="6.6483980"/>
   <trkpt lat="46.5064790" lon="6.6484400"/>
   <trkpt lat="46.5064810" lon="6.6484680"/>
   <trkpt lat="46.5064820" lon="6.6485160"/>
   <trkpt lat="46.5064820" lon="6.6485570"/>
   <trkpt lat="46.5064850" lon="6.6485960"/>
   <trkpt lat="46.5064810" lon="6.6486410"/>
   <trkpt lat="46.5064840" lon="6.6486720"/>
   <trkpt lat="46.5064840" lon="6.6487140"/>
   <trkpt lat="46.5064850" lon="6.6487550"/>
   <trkpt lat="46.5064820" lon="6.6487900"/>
   <trkpt lat="46.5064800" lon="6.6488380"/>
   <trkpt lat="46.5064790" lon="6.6488760"/>
   <trkpt lat="46.5064780" lon="6.6489180"/>
   <trkpt lat="46.5064830" lon="6.6489620"/>
   <trkpt lat="46.5064820" lon="6.6489980"/>
   <trkpt lat="46.5064740" lon="6.6490440"/>
   <trkpt lat="46.5064730" lon="6.6490790"/>
   <trkpt lat="46.5064700" lon="6.6491220"/>
   <trkpt lat="46.5064690" lon="6.6491660"/>
   <trkpt lat="46.5064710" lon="6.6491990"/>
   <trkpt lat="46.5064740" lon="6.6492440"/>
   <trkpt lat="46.5064740" lon="6.6492850"/>
   <trkpt lat="46.5064720" lon="6.6493230"/>
   <trkpt lat="46.5064630" lon="6.6493680"/>
   <trkpt lat="46.5064660" lon="6.6493970"/>
   <trkpt lat="46.5064620" lon="6.6494380"/>
   <trkpt lat="46.5064580" lon="6.6494770"/>
   <trkpt lat="46.5064560" lon="6.6495100"/>
   <trkpt lat="46.5064520" lon="6.6495600"/>
   <trkpt lat="46.5064550" lon="6.6495950"/>
   <trkpt lat="46.5064530" lon="6.6496320"/>
   <trkpt lat="46.5064480" lon="6.6496800"/>
   <trkpt lat="46.5064510" lon="6.6497090"/>
   <trkpt lat="46.5064500" lon="6.6497560"/>
   <trkpt lat="46.5064460" lon="6.6497950"/>
   <trkpt lat="46.5064440" lon="6.6498290"/>
   <trkpt lat="46.5064370" lon="6.6498780"/>
   <trkpt lat="46.5064440" lon="6.6499120"/>
   <trkpt lat="46.5064480" lon="6.6499530"/>
   <trkpt lat="46.5064440" lon="6.6499930"/>
   <trkpt lat="46.5064470" lon="6.6500250"/>
   <trkpt lat="46.5064430" lon="6.6500730"/>
   <trkpt lat="46.5064450" lon="6.6501110"/>
   <trkpt lat="46.5064440" lon="6.6501530"/>
   <trkpt lat="46.5064390" lon="6.6502010"/>
   <trkpt lat="46.5064450" lon="6.6502350"/>
   <trkpt lat="46.5064460" lon="6.6502800"/>
   <trkpt lat="46.5064430" lon="6.6503210"/>
   <trkpt lat="46.5064440" lon="6.6503540"/>
   <trkpt lat="46.5064390" lon="6.6504010"/>
   <trkpt lat="46.5064390" lon="6.6504320"/>
   <trkpt lat="46.5064390" lon="6.6504710"/>
   <trkpt lat="46.5064350" lon="6.6505180"/>
   <trkpt lat="46.5064370" lon="6.6505490"/>
   <trkpt lat="46.5064330" lon="6.6505980"/>
   <trkpt lat="46.5064330" lon="6.6506370"/>
   <trkpt lat="46.5064330" lon="6.6506780"/>
   <trkpt lat="46.5064280" lon="6.6507250"/>
   <trkpt lat="46.5064330" lon="6.6507570"/>
   <trkpt lat="46.5064320" lon="6.6507990"/>
   <trkpt lat="46.5064310" lon="6.6508360"/>
   <trkpt lat="46.5064350" lon="6.6508690"/>
   <trkpt lat="46.5064320" lon="6.6509160"/>
   <trkpt lat="46.5064330" lon="6.6509490"/>
   <trkpt lat="46.5064330" lon="6.6509920"/>
   <trkpt lat="46.5064320" lon="6.6510330"/>
   <trkpt lat="46.5064320" lon="6.6510580"/>
   <trkpt lat="46.5064320" lon="6.6511050"/>
   <trkpt lat="46.5064310" lon="6.6511480"/>
   <trkpt lat="46.5064330" lon="6.6511810"/>
   <trkpt lat="46.5064320" lon="6.6512280"/>
   <trkpt lat="46.5064390" lon="6.6512600"/>
   <trkpt lat="46.5064410" lon="6.6513030"/>
   <trkpt lat="46.5064360" lon="6.6513470"/>
   <trkpt lat="46.5064360" lon="6.6513780"/>
   <trkpt lat="46.5064310" lon="6.6514190"/>
   <trkpt lat="46.5064290" lon="6.6514530"/>
   <trkpt lat="46.5064310" lon="6.6514890"/>
   <trkpt lat="46.5064260" lon="6.6515340"/>
   <trkpt lat="46.5064330" lon="6.6515600"/>
   <trkpt lat="46.5064360" lon="6.6516050"/>
   <trkpt lat="46.5064340" lon="6.6516500"/>
   <trkpt lat="46.5064360" lon="6.6516890"/>
   <trkpt lat="46.5064330" lon="6.6517360"/>
   <trkpt lat="46.5064370" lon="6.6517710"/>
   <trkpt lat="46.5064340" lon="6.6518080"/>
   <trkpt lat="46.5064330" lon="6.6518470"/>
   <trkpt lat="46.5064320" lon="6.6518760"/>
   <trkpt lat="46.5064310" lon="6.6519180"/>
   <trkpt lat="46.5064310" lon="6.6519560"/>
   <trkpt lat="46.5064310" lon="6.6519930"/>
   <trkpt lat="46.5064310" lon="6.6520380"/>
   <trkpt lat="46.5064290" lon="6.6520710"/>
   <trkpt lat="46.5064280" lon="6.6521100"/>
   <trkpt lat="46.5064260" lon="6.6521540"/>
   <trkpt lat="46.5064250" lon="6.6521920"/>
   <trkpt lat="46.5064220" lon="6.6522390"/>
   <trkpt lat="46.5064240" lon="6.6522690"/>
   <trkpt lat="46.5064260" lon="6.6523110"/>
   <trkpt lat="46.5064250" lon="6.6523500"/>
   <trkpt lat="46.5064280" lon="6.6523840"/>
   <trkpt lat="46.5064220" lon="6.6524240"/>
   <trkpt lat="46.5064200" lon="6.6524620"/>
   <trkpt lat="46.5064230" lon="6.6525000"/>
   <trkpt lat="46.5064190" lon="6.6525450"/>
   <trkpt lat="46.5064210" lon="6.6525760"/>
   <trkpt lat="46.5064220" lon="6.6526200"/>
   <trkpt lat="46.5064220" lon="6.6526590"/>
   <trkpt lat="46.5064220" lon="6.6526940"/>
   <trkpt lat="46.5064180" lon="6.6527390"/>
   <trkpt lat="46.5064180" lon="6.6527690"/>
   <trkpt lat="46.5064180" lon="6.6528110"/>
   <trkpt lat="46.5064150" lon="6.6528500"/>
   <trkpt lat="46.5064170" lon="6.6528800"/>
   <trkpt lat="46.5064170" lon="6.6529280"/>
   <trkpt lat="46.5064190" lon="6.6529630"/>
   <trkpt lat="46.5064200" lon="6.6530060"/>
   <trkpt lat="46.5064200" lon="6.6530520"/>
   <trkpt lat="46.5064280" lon="6.6530770"/>
   <trkpt lat="46.5064330" lon="6.6531200"/>
   <trkpt lat="46.5064340" lon="6.6531500"/>
   <trkpt lat="46.5064390" lon="6.6531860"/>
   <trkpt lat="46.5064400" lon="6.6532340"/>
   <trkpt lat="46.5064440" lon="6.6532720"/>
   <trkpt lat="46.5064390" lon="6.6533220"/>
   <trkpt lat="46.5064420" lon="6.6533630"/>
   <trkpt lat="46.5064450" lon="6.6533970"/>
   <trkpt lat="46.5064440" lon="6.6534410"/>
   <trkpt lat="46.5064450" lon="6.6534760"/>
   <trkpt lat="46.5064410" lon="6.6535180"/>
   <trkpt lat="46.5064400" lon="6.6535560"/>
   <trkpt lat="46.5064400" lon="6.6535850"/>
   <trkpt lat="46.5064380" lon="6.6536280"/>
   <trkpt lat="46.5064420" lon="6.6536570"/>
   <trkpt lat="46.5064460" lon="6.6537010"/>
   <trkpt lat="46.5064460" lon="6.6537460"/>
   <trkpt lat="46.5064490" lon="6.6537800"/>
   <trkpt lat="46.5064460" lon="6.6538300"/>
   <trkpt lat="46.5064490" lon="6.6538670"/>
   <trkpt lat="46.5064520" lon="6.6539120"/>
   <trkpt lat="46.5064480" lon="6.6539670"/>
   <trkpt lat="46.5064520" lon="6.6540040"/>
   <trkpt lat="46.5064490" lon="6.6540480"/>
   <trkpt lat="46.5064520" lon="6.6540790"/>
   <trkpt lat="46.5064580" lon="6.6541200"/>
   <trkpt lat="46.5064580" lon="6.6541610"/>
   <trkpt lat="46.5064610" lon="6.6541860"/>
   <trkpt lat="46.5064580" lon="6.6542320"/>
   <trkpt lat="46.5064550" lon="6.6542660"/>
   <trkpt lat="46.5064560" lon="6.6543090"/>
   <trkpt lat="46.5064560" lon="6.6543550"/>
   <trkpt lat="46.5064620" lon="6.6543850"/>
   <trkpt lat="46.5064680" lon="6.6544350"/>
   <trkpt lat="46.5064720" lon="6.6544680"/>
   <trkpt lat="46.5064740" lon="6.6545030"/>
   <trkpt lat="46.5064750" lon="6.6545460"/>
   <trkpt lat="46.5064780" lon="6.6545760"/>
   <trkpt lat="46.5064850" lon="6.6546210"/>
   <trkpt lat="46.5064880" lon="6.6546650"/>
   <trkpt lat="46.5064900" lon="6.6547050"/>
   <trkpt lat="46.5064920" lon="6.6547550"/>
   <trkpt lat="46.5064980" lon="6.6547870"/>
   <trkpt lat="46.5065000" lon="6.6548320"/>
   <trkpt lat="46.5064990" lon="6.6548780"/>
   <trkpt lat="46.5065020" lon="6.6549140"/>
   <trkpt lat="46.5065010" lon="6.6549580"/>
   <trkpt lat="46.5065070" lon="6.6549860"/>
   <trkpt lat="46.5065090" lon="6.6550270"/>
   <trkpt lat="46.5065110" lon="6.6550700"/>
   <trkpt lat="46.5065100" lon="6.6551120"/>
   <trkpt lat="46.5065130" lon="6.6551610"/>
   <trkpt lat="46.5065180" lon="6.6551950"/>
   <trkpt lat="46.5065210" lon="6.6552430"/>
   <trkpt lat="46.5065250" lon="6.6552820"/>
   <trkpt lat="46.5065330" lon="6.6553190"/>
   <trkpt lat="46.5065340" lon="6.6553690"/>
   <trkpt lat="46.5065410" lon="6.6554010"/>
   <trkpt lat="46.5065450" lon="6.6554400"/>
   <trkpt lat="46.5065480" lon="6.6554870"/>
   <trkpt lat="46.5065530" lon="6.6555220"/>
   <trkpt lat="46.5065570" lon="6.6555710"/>
   <trkpt lat="46.5065640" lon="6.6556090"/>
   <trkpt lat="46.5065700" lon="6.6556540"/>
   <trkpt lat="46.5065720" lon="6.6557010"/>
   <trkpt lat="46.5065770" lon="6.6557310"/>
   <trkpt lat="46.5065770" lon="6.6557790"/>
   <trkpt lat="46.5065840" lon="6.6558100"/>
   <trkpt lat="46.5065930" lon="6.6558510"/>
   <trkpt lat="46.5065990" lon="6.6558960"/>
   <trkpt lat="46.5066040" lon="6.6559270"/>
   <trkpt lat="46.5066080" lon="6.6559730"/>
   <trkpt lat="46.5066080" lon="6.6560070"/>
   <trkpt lat="46.5066120" lon="6.6560470"/>
   <trkpt lat="46.5066170" lon="6.6560920"/>
   <trkpt lat="46.5066280" lon="6.6561220"/>
   <trkpt lat="46.5066300" lon="6.6561720"/>
   <trkpt lat="46.5066340" lon="6.6562160"/>
   <trkpt lat="46.5066390" lon="6.6562520"/>
   <trkpt lat="46.5066410" lon="6.6562970"/>
   <trkpt lat="46.5066460" lon="6.6563380"/>
   <trkpt lat="46.5066480" lon="6.6563810"/>
   <trkpt lat="46.5066510" lon="6.6564180"/>
   <trkpt lat="46.5066570" lon="6.6564560"/>
   <trkpt lat="46.5066540" lon="6.6565020"/>
   <trkpt lat="46.5066580" lon="6.6565350"/>
   <trkpt lat="46.5066620" lon="6.6565790"/>
   <trkpt lat="46.5066660" lon="6.6566240"/>
   <trkpt lat="46.5066710" lon="6.6566590"/>
   <trkpt lat="46.5066750" lon="6.6567060"/>
   <trkpt lat="46.5066830" lon="6.6567360"/>
   <trkpt lat="46.5066850" lon="6.6567750"/>
   <trkpt lat="46.5066850" lon="6.6568220"/>
   <trkpt lat="46.5066890" lon="6.6568520"/>
   <trkpt lat="46.5066860" lon="6.6569000"/>
   <trkpt lat="46.5066900" lon="6.6569360"/>
   <trkpt lat="46.5066910" lon="6.6569690"/>
   <trkpt lat="46.5066910" lon="6.6570120"/>
   <trkpt lat="46.5066890" lon="6.6570490"/>
   <trkpt lat="46.5066830" lon="6.6571010"/>
   <trkpt lat="46.5066860" lon="6.6571370"/>
   <trkpt lat="46.5066900" lon="6.6571760"/>
   <trkpt lat="46.5066960" lon="6.6572230"/>
   <trkpt lat="46.5067020" lon="6.6572570"/>
   <trkpt lat="46.5067060" lon="6.6573030"/>
   <trkpt lat="46.5067100" lon="6.6573400"/>
   <trkpt lat="46.5067110" lon="6.6573770"/>
   <trkpt lat="46.5067110" lon="6.6574230"/>
   <trkpt lat="46.5067160" lon="6.6574520"/>
   <trkpt lat="46.5067200" lon="6.6574930"/>
   <trkpt lat="46.5067240" lon="6.6575360"/>
   <trkpt lat="46.5067290" lon="6.6575720"/>
   <trkpt lat="46.5067280" lon="6.6576260"/>
   <trkpt lat="46.5067340" lon="6.6576540"/>
   <trkpt lat="46.5067380" lon="6.6576970"/>
   <trkpt lat="46.5067370" lon="6.6577400"/>
   <trkpt lat="46.5067420" lon="6.6577640"/>
   <trkpt lat="46.5067470" lon="6.6578120"/>
   <trkpt lat="46.5067530" lon="6.6578440"/>
   <trkpt lat="46.5067580" lon="6.6578880"/>
   <trkpt lat="46.5067610" lon="6.6579380"/>
   <trkpt lat="46.5067650" lon="6.6579710"/>
   <trkpt lat="46.5067660" lon="6.6580190"/>
   <trkpt lat="46.5067690" lon="6.6580520"/>
   <trkpt lat="46.5067720" lon="6.6580890"/>
   <trkpt lat="46.5067730" lon="6.6581260"/>
   <trkpt lat="46.5067760" lon="6.6581590"/>
   <trkpt lat="46.5067770" lon="6.6582030"/>
   <trkpt lat="46.5067820" lon="6.6582410"/>
   <trkpt lat="46.5067940" lon="6.6582820"/>
   <trkpt lat="46.5067950" lon="6.6583260"/>
   <trkpt lat="46.5067980" lon="6.6583610"/>
   <trkpt lat="46.5067980" lon="6.6584080"/>
   <trkpt lat="46.5067960" lon="6.6584510"/>
   <trkpt lat="46.5068030" lon="6.6584790"/>
   <trkpt lat="46.5068040" lon="6.6585280"/>
   <trkpt lat="46.5068080" lon="6.6585660"/>
   <trkpt lat="46.5068140" lon="6.6586000"/>
   <trkpt lat="46.5068130" lon="6.6586410"/>
   <trkpt lat="46.5068190" lon="6.6586770"/>
   <trkpt lat="46.5068200" lon="6.6587270"/>
   <trkpt lat="46.5068200" lon="6.6587680"/>
   <trkpt lat="46.5068260" lon="6.6587980"/>
   <trkpt lat="46.5068270" lon="6.6588440"/>
   <trkpt lat="46.5068300" lon="6.6588770"/>
   <trkpt lat="46.5068300" lon="6.6589150"/>
   <trkpt lat="46.5068310" lon="6.6589590"/>
   <trkpt lat="46.5068400" lon="6.6589940"/>
   <trkpt lat="46.5068420" lon="6.6590410"/>
   <trkpt lat="46.5068470" lon="6.6590820"/>
   <trkpt lat="46.5068530" lon="6.6591240"/>
   <trkpt lat="46.5068550" lon="6.6591720"/>
   <trkpt lat="46.5068570" lon="6.6591990"/>
   <trkpt lat="46.5068550" lon="6.6592430"/>
   <trkpt lat="46.5068540" lon="6.6592860"/>
   <trkpt lat="46.5068560" lon="6.6593210"/>
   <trkpt lat="46.5068530" lon="6.6593700"/>
   <trkpt lat="46.5068560" lon="6.6594020"/>
   <trkpt lat="46.5068560" lon="6.6594410"/>
   <trkpt lat="46.5068540" lon="6.6594840"/>
   <trkpt lat="46.5068560" lon="6.6595170"/>
   <trkpt lat="46.5068450" lon="6.6595660"/>
   <trkpt lat="46.5068420" lon="6.6596060"/>
   <trkpt lat="46.5068370" lon="6.6596450"/>
   <trkpt lat="46.5068300" lon="6.6596910"/>
   <trkpt lat="46.5068270" lon="6.6597260"/>
   <trkpt lat="46.5068180" lon="6.6597720"/>
   <trkpt lat="46.5068120" lon="6.6598100"/>
   <trkpt lat="46.5068060" lon="6.6598470"/>
   <trkpt lat="46.5067960" lon="6.6598890"/>
   <trkpt lat="46.5067910" lon="6.6599160"/>
   <trkpt lat="46.5067820" lon="6.6599580"/>
   <trkpt lat="46.5067730" lon="6.6599960"/>
   <trkpt lat="46.5067670" lon="6.6600240"/>
   <trkpt lat="46.5067540" lon="6.6600730"/>
   <trkpt lat="46.5067550" lon="6.6601050"/>
   <trkpt lat="46.5067470" lon="6.6601430"/>
   <trkpt lat="46.5067390" lon="6.6601900"/>
   <trkpt lat="46.5067400" lon="6.6602210"/>
   <trkpt lat="46.5067300" lon="6.6602660"/>
   <trkpt lat="46.5067260" lon="6.6603010"/>
   <trkpt lat="46.5067220" lon="6.6603450"/>
   <trkpt lat="46.5067130" lon="6.6603940"/>
   <trkpt lat="46.5067090" lon="6.6604250"/>
   <trkpt lat="46.5066980" lon="6.6604730"/>
   <trkpt lat="46.5066960" lon="6.6605110"/>
   <trkpt lat="46.5066920" lon="6.6605550"/>
   <trkpt lat="46.5066840" lon="6.6606020"/>
   <trkpt lat="46.5066850" lon="6.6606390"/>
   <trkpt lat="46.5066810" lon="6.6606860"/>
   <trkpt lat="46.5066790" lon="6.6607290"/>
   <trkpt lat="46.5066810" lon="6.6607650"/>
   <trkpt lat="46.5066800" lon="6.6608130"/>
   <trkpt lat="46.5066800" lon="6.6608480"/>
   <trkpt lat="46.5066790" lon="6.6608870"/>
   <trkpt lat="46.5066820" lon="6.6609280"/>
   <trkpt lat="46.5066850" lon="6.6609600"/>
   <trkpt lat="46.5066840" lon="6.6610100"/>
   <trkpt lat="46.5066870" lon="6.6610500"/>
   <trkpt lat="46.5066840" lon="6.6610860"/>
   <trkpt lat="46.5066830" lon="6.6611290"/>
   <trkpt lat="46.5066840" lon="6.6611580"/>
   <trkpt lat="46.5066820" lon="6.6612000"/>
   <trkpt lat="46.5066820" lon="6.6612390"/>
   <trkpt lat="46.5066900" lon="6.6612740"/>
   <trkpt lat="46.5066860" lon="6.6613170"/>
   <trkpt lat="46.5066910" lon="6.6613520"/>
   <trkpt lat="46.5066900" lon="6.6614010"/>
   <trkpt lat="46.5066920" lon="6.6614440"/>
   <trkpt lat="46.5066940" lon="6.6614780"/>
   <trkpt lat="46.5066940" lon="6.6615270"/>
   <trkpt lat="46.5066970" lon="6.6615660"/>
   <trkpt lat="46.5067010" lon="6.6616050"/>
   <trkpt lat="46.5067070" lon="6.6616390"/>
   <trkpt lat="46.5067160" lon="6.6616650"/>
   <trkpt lat="46.5067210" lon="6.6617070"/>
   <trkpt lat="46.5067310" lon="6.6617370"/>
   <trkpt lat="46.5067350" lon="6.6617790"/>
   <trkpt lat="46.5067440" lon="6.6618170"/>
   <trkpt lat="46.5067630" lon="6.6618530"/>
   <trkpt lat="46.5067660" lon="6.6618990"/>
   <trkpt lat="46.5067700" lon="6.6619290"/>
   <trkpt lat="46.5067830" lon="6.6619700"/>
   <trkpt lat="46.5067920" lon="6.6620050"/>
   <trkpt lat="46.5067990" lon="6.6620360"/>
   <trkpt lat="46.5068030" lon="6.6620780"/>
   <trkpt lat="46.5068050" lon="6.6621070"/>
   <trkpt lat="46.5068120" lon="6.6621450"/>
   <trkpt lat="46.5068180" lon="6.6621850"/>
   <trkpt lat="46.5068280" lon="6.6622120"/>
   <trkpt lat="46.5068360" lon="6.6622600"/>
   <trkpt lat="46.5068460" lon="6.6622940"/>
   <trkpt lat="46.5068530" lon="6.6623320"/>
   <trkpt lat="46.5068540" lon="6.6623800"/>
   <trkpt lat="46.5068600" lon="6.6624120"/>
   <trkpt lat="46.5068650" lon="6.6624550"/>
   <trkpt lat="46.5068720" lon="6.6624950"/>
   <trkpt lat="46.5068810" lon="6.6625290"/>
   <trkpt lat="46.5068880" lon="6.6625720"/>
   <trkpt lat="46.5068920" lon="6.6626060"/>
   <trkpt lat="46.5068980" lon="6.6626500"/>
   <trkpt lat="46.5069060" lon="6.6626930"/>
   <trkpt lat="46.5069170" lon="6.6627220"/>
   <trkpt lat="46.5069240" lon="6.6627690"/>
   <trkpt lat="46.5069260" lon="6.6628060"/>
   <trkpt lat="46.5069320" lon="6.6628490"/>
   <trkpt lat="46.5069380" lon="6.6628910"/>
   <trkpt lat="46.5069450" lon="6.6629240"/>
   <trkpt lat="46.5069480" lon="6.6629700"/>
   <trkpt lat="46.5069520" lon="6.6630070"/>
   <trkpt lat="46.5069540" lon="6.6630470"/>
   <trkpt lat="46.5069570" lon="6.6630860"/>
   <trkpt lat="46.5069640" lon="6.6631110"/>
   <trkpt lat="46.5069730" lon="6.6631520"/>
   <trkpt lat="46.5069750" lon="6.6631880"/>
   <trkpt lat="46.5069810" lon="6.6632220"/>
   <trkpt lat="46.5069850" lon="6.6632710"/>
   <trkpt lat="46.5069950" lon="6.6632990"/>
   <trkpt lat="46.5070080" lon="6.6633460"/>
   <trkpt lat="46.5070140" lon="6.6633890"/>
   <trkpt lat="46.5070210" lon="6.6634170"/>
   <trkpt lat="46.5070260" lon="6.6634600"/>
   <trkpt lat="46.5070290" lon="6.6634870"/>
   <trkpt lat="46.5070420" lon="6.6635310"/>
   <trkpt lat="46.5070490" lon="6.6635740"/>
   <trkpt lat="46.5070520" lon="6.6636070"/>
   <trkpt lat="46.5070580" lon="6.6636540"/>
   <trkpt lat="46.5070620" lon="6.6636900"/>
   <trkpt lat="46.5070700" lon="6.6637290"/>
   <trkpt lat="46.5070760" lon="6.6637750"/>
   <trkpt lat="46.5070850" lon="6.6638020"/>
   <trkpt lat="46.5070940" lon="6.6638480"/>
   <trkpt lat="46.5071010" lon="6.6638850"/>
   <trkpt lat="46.5071080" lon="6.6639250"/>
   <trkpt lat="46.5071160" lon="6.6639670"/>
   <trkpt lat="46.5071260" lon="6.6639950"/>
   <trkpt lat="46.5071360" lon="6.6640400"/>
   <trkpt lat="46.5071430" lon="6.6640790"/>
   <trkpt lat="46.5071500" lon="6.6641120"/>
   <trkpt lat="46.5071580" lon="6.6641590"/>
   <trkpt lat="46.5071630" lon="6.6641920"/>
   <trkpt lat="46.5071670" lon="6.6642350"/>
   <trkpt lat="46.5071700" lon="6.6642760"/>
   <trkpt lat="46.5071800" lon="6.6643050"/>
   <trkpt lat="46.5071780" lon="6.6643520"/>
   <trkpt lat="46.5071870" lon="6.6643770"/>
   <trkpt lat="46.5071940" lon="6.6644220"/>
   <trkpt lat="46.5071990" lon="6.6644590"/>
   <trkpt lat="46.5072030" lon="6.6644870"/>
   <trkpt lat="46.5072090" lon="6.6645350"/>
   <trkpt lat="46.5072220" lon="6.6645820"/>
   <trkpt lat="46.5072280" lon="6.6646310"/>
   <trkpt lat="46.5072290" lon="6.6646750"/>
   <trkpt lat="46.5072310" lon="6.6647080"/>
   <trkpt lat="46.5072290" lon="6.6647530"/>
   <trkpt lat="46.5072280" lon="6.6647900"/>
   <trkpt lat="46.5072260" lon="6.6648370"/>
   <trkpt lat="46.5072280" lon="6.6648750"/>
   <trkpt lat="46.5072320" lon="6.6649020"/>
   <trkpt lat="46.5072310" lon="6.6649440"/>
   <trkpt lat="46.5072330" lon="6.6649680"/>
   <trkpt lat="46.5072360" lon="6.6650160"/>
   <trkpt lat="46.5072370" lon="6.6650620"/>
   <trkpt lat="46.5072380" lon="6.6650960"/>
   <trkpt lat="46.5072360" lon="6.6651470"/>
   <trkpt lat="46.5072370" lon="6.6651870"/>
   <trkpt lat="46.5072350" lon="6.6652320"/>
   <trkpt lat="46.5072330" lon="6.6652800"/>
   <trkpt lat="46.5072350" lon="6.6653110"/>
   <trkpt lat="46.5072340" lon="6.6653630"/>
   <trkpt lat="46.5072320" lon="6.6654050"/>
   <trkpt lat="46.5072320" lon="6.6654510"/>
   <trkpt lat="46.5072270" lon="6.6654920"/>
   <trkpt lat="46.5072280" lon="6.6655230"/>
   <trkpt lat="46.5072210" lon="6.6655620"/>
   <trkpt lat="46.5072170" lon="6.6656010"/>
   <trkpt lat="46.5072130" lon="6.6656320"/>
   <trkpt lat="46.5072030" lon="6.6656760"/>
   <trkpt lat="46.5071960" lon="6.6657120"/>
   <trkpt lat="46.5071890" lon="6.6657570"/>
   <trkpt lat="46.5071760" lon="6.6657970"/>
   <trkpt lat="46.5071710" lon="6.6658320"/>
   <trkpt lat="46.5071620" lon="6.6658770"/>
   <trkpt lat="46.5071550" lon="6.6659020"/>
   <trkpt lat="46.5071450" lon="6.6659440"/>
   <trkpt lat="46.5071320" lon="6.6659840"/>
   <trkpt lat="46.5071200" lon="6.6660190"/>
   <trkpt lat="46.5071090" lon="6.6660590"/>
   <trkpt lat="46.5071030" lon="6.6660900"/>
   <trkpt lat="46.5070920" lon="6.6661320"/>
   <trkpt lat="46.5070800" lon="6.6661750"/>
   <trkpt lat="46.5070760" lon="6.6662060"/>
   <trkpt lat="46.5070640" lon="6.6662500"/>
   <trkpt lat="46.5070520" lon="6.6662770"/>
   <trkpt lat="46.5070420" lon="6.6663030"/>
   <trkpt lat="46.5070300" lon="6.6663430"/>
   <trkpt lat="46.5070210" lon="6.6663740"/>
   <trkpt lat="46.5070120" lon="6.6664110"/>
   <trkpt lat="46.5070030" lon="6.6664520"/>
   <trkpt lat="46.5069980" lon="6.6664770"/>
   <trkpt lat="46.5069860" lon="6.6665120"/>
   <trkpt lat="46.5069780" lon="6.6665470"/>
   <trkpt lat="46.5069730" lon="6.6665740"/>
   <trkpt lat="46.5069610" lon="6.6666100"/>
   <trkpt lat="46.5069540" lon="6.6666420"/>
   <trkpt lat="46.5069450" lon="6.6666790"/>
   <trkpt lat="46.5069330" lon="6.6667140"/>
   <trkpt lat="46.5069260" lon="6.6667400"/>
   <trkpt lat="46.5069110" lon="6.6667810"/>
   <trkpt lat="46.5068980" lon="6.6668170"/>
   <trkpt lat="46.5068870" lon="6.6668510"/>
   <trkpt lat="46.5068710" lon="6.6668950"/>
   <trkpt lat="46.5068670" lon="6.6669190"/>
   <trkpt lat="46.5068520" lon="6.6669630"/>
   <trkpt lat="46.5068360" lon="6.6669870"/>
   <trkpt lat="46.5068260" lon="6.6670190"/>
   <trkpt lat="46.5068070" lon="6.6670600"/>
   <trkpt lat="46.5068020" lon="6.6670840"/>
   <trkpt lat="46.5067840" lon="6.6671320"/>
   <trkpt lat="46.5067690" lon="6.6671650"/>
   <trkpt lat="46.5067560" lon="6.6671990"/>
   <trkpt lat="46.5067400" lon="6.6672390"/>
   <trkpt lat="46.5067380" lon="6.6672710"/>
   <trkpt lat="46.5067260" lon="6.6673070"/>
   <trkpt lat="46.5067150" lon="6.6673470"/>
   <trkpt lat="46.5067070" lon="6.6673780"/>
   <trkpt lat="46.5066910" lon="6.6674240"/>
   <trkpt lat="46.5066790" lon="6.6674510"/>
   <trkpt lat="46.5066680" lon="6.6674890"/>
   <trkpt lat="46.5066520" lon="6.6675270"/>
   <trkpt lat="46.5066390" lon="6.6675580"/>
   <trkpt lat="46.5066190" lon="6.6676010"/>
   <trkpt lat="46.5066110" lon="6.6676260"/>
   <trkpt lat="46.5065990" lon="6.6676700"/>
   <trkpt lat="46.5065880" lon="6.6677070"/>
   <trkpt lat="46.5065840" lon="6.6677350"/>
   <trkpt lat="46.5065700" lon="6.6677830"/>
   <trkpt lat="46.5065620" lon="6.6678120"/>
   <trkpt lat="46.5065480" lon="6.6678550"/>
   <trkpt lat="46.5065370" lon="6.6678920"/>
   <trkpt lat="46.5065290" lon="6.6679270"/>
   <trkpt lat="46.5065130" lon="6.6679740"/>
   <trkpt lat="46.5065070" lon="6.6679980"/>
   <trkpt lat="46.5064920" lon="6.6680390"/>
   <trkpt lat="46.5064740" lon="6.6680730"/>
   <trkpt lat="46.5064610" lon="6.6681040"/>
   <trkpt lat="46.5064450" lon="6.6681450"/>
   <trkpt lat="46.5064360" lon="6.6681750"/>
   <trkpt lat="46.5064210" lon="6.6682190"/>
   <trkpt lat="46.5064110" lon="6.6682570"/>
   <trkpt lat="46.5064020" lon="6.6682890"/>
   <trkpt lat="46.5063870" lon="6.6683390"/>
   <trkpt lat="46.5063770" lon="6.6683670"/>
   <trkpt lat="46.5063660" lon="6.6684080"/>
   <trkpt lat="46.5063550" lon="6.6684490"/>
   <trkpt lat="46.5063450" lon="6.6684770"/>
   <trkpt lat="46.5063370" lon="6.6685240"/>
   <trkpt lat="46.5063320" lon="6.6685620"/>
   <trkpt lat="46.5063250" lon="6.6686080"/>
   <trkpt lat="46.5063190" lon="6.6686550"/>
   <trkpt lat="46.5063170" lon="6.6686900"/>
   <trkpt lat="46.5063080" lon="6.6687400"/>
   <trkpt lat="46.5063090" lon="6.6687740"/>
   <trkpt lat="46.5063070" lon="6.6688200"/>
   <trkpt lat="46.5063020" lon="6.6688620"/>
   <trkpt lat="46.5063020" lon="6.6688950"/>
   <trkpt lat="46.5062960" lon="6.6689430"/>
   <trkpt lat="46.5062880" lon="6.6689810"/>
   <trkpt lat="46.5062820" lon="6.6690250"/>
   <trkpt lat="46.5062750" lon="6.6690700"/>
   <trkpt lat="46.5062720" lon="6.6690940"/>
   <trkpt lat="46.5062570" lon="6.6691370"/>
   <trkpt lat="46.5062530" lon="6.6691750"/>
   <trkpt lat="46.5062480" lon="6.6692180"/>
   <trkpt lat="46.5062450" lon="6.6692660"/>
   <trkpt lat="46.5062440" lon="6.6692970"/>
   <trkpt lat="46.5062350" lon="6.6693480"/>
   <trkpt lat="46.5062320" lon="6.6693830"/>
   <trkpt lat="46.5062250" lon="6.6694180"/>
   <trkpt lat="46.5062150" lon="6.6694620"/>
   <trkpt lat="46.5062130" lon="6.6694920"/>
   <trkpt lat="46.5062020" lon="6.6695330"/>
   <trkpt lat="46.5062000" lon="6.6695700"/>
   <trkpt lat="46.5061940" lon="6.6696050"/>
   <trkpt lat="46.5061850" lon="6.6696450"/>
   <trkpt lat="46.5061800" lon="6.6696750"/>
   <trkpt lat="46.5061720" lon="6.6697250"/>
   <trkpt lat="46.5061660" lon="6.6697640"/>
   <trkpt lat="46.5061580" lon="6.6698040"/>
   <trkpt lat="46.5061500" lon="6.6698500"/>
   <trkpt lat="46.5061470" lon="6.6698830"/>
   <trkpt lat="46.5061360" lon="6.6699320"/>
   <trkpt lat="46.5061270" lon="6.6699680"/>
   <trkpt lat="46.5061190" lon="6.6700090"/>
   <trkpt lat="46.5061090" lon="6.6700550"/>
   <trkpt lat="46.5061050" lon="6.6700850"/>
   <trkpt lat="46.5060950" lon="6.6701330"/>
   <trkpt lat="46.5060850" lon="6.6701610"/>
   <trkpt lat="46.5060720" lon="6.6702030"/>
   <trkpt lat="46.5060610" lon="6.6702390"/>
   <trkpt lat="46.5060540" lon="6.6702720"/>
   <trkpt lat="46.5060360" lon="6.6703110"/>
   <trkpt lat="46.5060230" lon="6.6703400"/>
   <trkpt lat="46.5060120" lon="6.6703790"/>
   <trkpt lat="46.5059970" lon="6.6704180"/>
   <trkpt lat="46.5059860" lon="6.6704520"/>
   <trkpt lat="46.5059670" lon="6.6704960"/>
   <trkpt lat="46.5059580" lon="6.6705260"/>
   <trkpt lat="46.5059390" lon="6.6705690"/>
   <trkpt lat="46.5059260" lon="6.6706080"/>
   <trkpt lat="46.5059140" lon="6.6706440"/>
   <trkpt lat="46.5058950" lon="6.6706820"/>
   <trkpt lat="46.5058820" lon="6.6707110"/>
   <trkpt lat="46.5058660" lon="6.6707480"/>
   <trkpt lat="46.5058500" lon="6.6707800"/>
   <trkpt lat="46.5058350" lon="6.6708130"/>
   <trkpt lat="46.5058120" lon="6.6708610"/>
   <trkpt lat="46.5057970" lon="6.6708880"/>
   <trkpt lat="46.5057790" lon="6.6709280"/>
   <trkpt lat="46.5057600" lon="6.6709610"/>
   <trkpt lat="46.5057450" lon="6.6709880"/>
   <trkpt lat="46.5057250" lon="6.6710250"/>
   <trkpt lat="46.5057080" lon="6.6710450"/>
   <trkpt lat="46.5056910" lon="6.6710800"/>
   <trkpt lat="46.5056720" lon="6.6711080"/>
   <trkpt lat="46.5056570" lon="6.6711390"/>
   <trkpt lat="46.5056360" lon="6.6711770"/>
   <trkpt lat="46.5056200" lon="6.6712020"/>
   <trkpt lat="46.5056010" lon="6.6712420"/>
   <trkpt lat="46.5055810" lon="6.6712780"/>
   <trkpt lat="46.5055700" lon="6.6713080"/>
   <trkpt lat="46.5055500" lon="6.6713470"/>
   <trkpt lat="46.5055370" lon="6.6713770"/>
   <trkpt lat="46.5055190" lon="6.6714150"/>
   <trkpt lat="46.5055000" lon="6.6714530"/>
   <trkpt lat="46.5054840" lon="6.6714840"/>
   <trkpt lat="46.5054640" lon="6.6715260"/>
   <trkpt lat="46.5054530" lon="6.6715570"/>
   <trkpt lat="46.5054390" lon="6.6715890"/>
   <trkpt lat="46.5054240" lon="6.6716220"/>
   <trkpt lat="46.5054130" lon="6.6716490"/>
   <trkpt lat="46.5053950" lon="6.6716900"/>
   <trkpt lat="46.5053810" lon="6.6717200"/>
   <trkpt lat="46.5053630" lon="6.6717570"/>
   <trkpt lat="46.5053440" lon="6.6717890"/>
   <trkpt lat="46.5053330" lon="6.6718200"/>
   <trkpt lat="46.5053150" lon="6.6718620"/>
   <trkpt lat="46.5053050" lon="6.6718930"/>
   <trkpt lat="46.5052910" lon="6.6719300"/>
   <trkpt lat="46.5052780" lon="6.6719630"/>
   <trkpt lat="46.5052700" lon="6.6719980"/>
   <trkpt lat="46.5052550" lon="6.6720290"/>
   <trkpt lat="46.5052420" lon="6.6720630"/>
   <trkpt lat="46.5052310" lon="6.6721010"/>
   <trkpt lat="46.5052180" lon="6.6721440"/>
   <trkpt lat="46.5052090" lon="6.6721810"/>
   <trkpt lat="46.5051950" lon="6.6722290"/>
   <trkpt lat="46.5051880" lon="6.6722620"/>
   <trkpt lat="46.5051770" lon="6.6723060"/>
   <trkpt lat="46.5051670" lon="6.6723490"/>
   <trkpt lat="46.5051590" lon="6.6723780"/>
   <trkpt lat="46.5051440" lon="6.6724220"/>
   <trkpt lat="46.5051360" lon="6.6724550"/>
   <trkpt lat="46.5051270" lon="6.6724980"/>
   <trkpt lat="46.5051170" lon="6.6725410"/>
   <trkpt lat="46.5051100" lon="6.6725760"/>
   <trkpt lat="46.5050980" lon="6.6726230"/>
   <trkpt lat="46.5050900" lon="6.6726620"/>
   <trkpt lat="46.5050830" lon="6.6727030"/>
   <trkpt lat="46.5050730" lon="6.6727500"/>
   <trkpt lat="46.5050680" lon="6.6727840"/>
   <trkpt lat="46.5050540" lon="6.6728300"/>
   <trkpt lat="46.5050460" lon="6.6728660"/>
   <trkpt lat="46.5050370" lon="6.6729090"/>
   <trkpt lat="46.5050290" lon="6.6729520"/>
   <trkpt lat="46.5050270" lon="6.6729810"/>
   <trkpt lat="46.5050230" lon="6.6730220"/>
   <trkpt lat="46.5050200" lon="6.6730600"/>
   <trkpt lat="46.5050160" lon="6.6731010"/>
   <trkpt lat="46.5050110" lon="6.6731480"/>
   <trkpt lat="46.5050160" lon="6.6731770"/>
   <trkpt lat="46.5050130" lon="6.6732210"/>
   <trkpt lat="46.5050080" lon="6.6732570"/>
   <trkpt lat="46.5050040" lon="6.6733020"/>
   <trkpt lat="46.5049960" lon="6.6733520"/>
   <trkpt lat="46.5049970" lon="6.6733860"/>
   <trkpt lat="46.5049880" lon="6.6734310"/>
   <trkpt lat="46.5049820" lon="6.6734680"/>
   <trkpt lat="46.5049770" lon="6.6735120"/>
   <trkpt lat="46.5049700" lon="6.6735600"/>
   <trkpt lat="46.5049660" lon="6.6735930"/>
   <trkpt lat="46.5049610" lon="6.6736390"/>
   <trkpt lat="46.5049560" lon="6.6736820"/>
   <trkpt lat="46.5049540" lon="6.6737180"/>
   <trkpt lat="46.5049460" lon="6.6737650"/>
   <trkpt lat="46.5049420" lon="6.6738020"/>
   <trkpt lat="46.5049380" lon="6.6738430"/>
   <trkpt lat="46.5049310" lon="6.6738860"/>
   <trkpt lat="46.5049330" lon="6.6739190"/>
   <trkpt lat="46.5049280" lon="6.6739700"/>
   <trkpt lat="46.5049280" lon="6.6740040"/>
   <trkpt lat="46.5049290" lon="6.6740490"/>
   <trkpt lat="46.5049280" lon="6.6740930"/>
   <trkpt lat="46.5049270" lon="6.6741270"/>
   <trkpt lat="46.5049220" lon="6.6741730"/>
   <trkpt lat="46.5049180" lon="6.6742180"/>
   <trkpt lat="46.5049150" lon="6.6742560"/>
   <trkpt lat="46.5049070" lon="6.6742960"/>
   <trkpt lat="46.5049040" lon="6.6743230"/>
   <trkpt lat="46.5048990" lon="6.6743660"/>
   <trkpt lat="46.5048950" lon="6.6744050"/>
   <trkpt lat="46.5048920" lon="6.6744440"/>
   <trkpt lat="46.5048860" lon="6.6744900"/>
   <trkpt lat="46.5048820" lon="6.6745200"/>
   <trkpt lat="46.5048740" lon="6.6745640"/>
   <trkpt lat="46.5048680" lon="6.6746060"/>
   <trkpt lat="46.5048630" lon="6.6746450"/>
   <trkpt lat="46.5048530" lon="6.6746830"/>
   <trkpt lat="46.5048460" lon="6.6747140"/>
   <trkpt lat="46.5048360" lon="6.6747500"/>
   <trkpt lat="46.5048230" lon="6.6747910"/>
   <trkpt lat="46.5048190" lon="6.6748240"/>
   <trkpt lat="46.5048090" lon="6.6748710"/>
   <trkpt lat="46.5048010" lon="6.6749060"/>
   <trkpt lat="46.5047940" lon="6.6749500"/>
   <trkpt lat="46.5047860" lon="6.6749980"/>
   <trkpt lat="46.5047820" lon="6.6750300"/>
   <trkpt lat="46.5047690" lon="6.6750730"/>
   <trkpt lat="46.5047560" lon="6.6751100"/>
   <trkpt lat="46.5047480" lon="6.6751430"/>
   <trkpt lat="46.5047320" lon="6.6751910"/>
   <trkpt lat="46.5047240" lon="6.6752300"/>
   <trkpt lat="46.5047150" lon="6.6752710"/>
   <trkpt lat="46.5047020" lon="6.6753100"/>
   <trkpt lat="46.5046890" lon="6.6753360"/>
   <trkpt lat="46.5046710" lon="6.6753790"/>
   <trkpt lat="46.5046640" lon="6.6754090"/>
   <trkpt lat="46.5046520" lon="6.6754520"/>
   <trkpt lat="46.5046350" lon="6.6754940"/>
   <trkpt lat="46.5046280" lon="6.6755290"/>
   <trkpt lat="46.5046130" lon="6.6755710"/>
   <trkpt lat="46.5046010" lon="6.6756040"/>
   <trkpt lat="46.5045860" lon="6.6756500"/>
   <trkpt lat="46.5045670" lon="6.6756910"/>
   <trkpt lat="46.5045560" lon="6.6757210"/>
   <trkpt lat="46.5045420" lon="6.6757670"/>
   <trkpt lat="46.5045320" lon="6.6758040"/>
   <trkpt lat="46.5045220" lon="6.6758440"/>
   <trkpt lat="46.5045050" lon="6.6758840"/>
   <trkpt lat="46.5044960" lon="6.6759130"/>
   <trkpt lat="46.5044840" lon="6.6759590"/>
   <trkpt lat="46.5044740" lon="6.6759970"/>
   <trkpt lat="46.5044660" lon="6.6760310"/>
   <trkpt lat="46.5044580" lon="6.6760740"/>
   <trkpt lat="46.5044590" lon="6.6761080"/>
   <trkpt lat="46.5044530" lon="6.6761520"/>
   <trkpt lat="46.5044450" lon="6.6761930"/>
   <trkpt lat="46.5044380" lon="6.6762250"/>
   <trkpt lat="46.5044310" lon="6.6762730"/>
   <trkpt lat="46.5044310" lon="6.6763060"/>
   <trkpt lat="46.5044280" lon="6.6763490"/>
   <trkpt lat="46.5044210" lon="6.6763930"/>
   <trkpt lat="46.5044210" lon="6.6764210"/>
   <trkpt lat="46.5044090" lon="6.6764660"/>
   <trkpt lat="46.5044060" lon="6.6765020"/>
   <trkpt lat="46.5043970" lon="6.6765470"/>
   <trkpt lat="46.5043920" lon="6.6765880"/>
   <trkpt lat="46.5043850" lon="6.6766180"/>
   <trkpt lat="46.5043770" lon="6.6766660"/>
   <trkpt lat="46.5043700" lon="6.6767010"/>
   <trkpt lat="46.5043630" lon="6.6767430"/>
   <trkpt lat="46.5043500" lon="6.6767860"/>
   <trkpt lat="46.5043500" lon="6.6768150"/>
   <trkpt lat="46.5043410" lon="6.6768610"/>
   <trkpt lat="46.5043340" lon="6.6768990"/>
   <trkpt lat="46.5043300" lon="6.6769390"/>
   <trkpt lat="46.5043210" lon="6.6769860"/>
   <trkpt lat="46.5043180" lon="6.6770170"/>
   <trkpt lat="46.5043050" lon="6.6770660"/>
   <trkpt lat="46.5042950" lon="6.6771090"/>
   <trkpt lat="46.5042910" lon="6.6771450"/>
   <trkpt lat="46.5042810" lon="6.6771910"/>
   <trkpt lat="46.5042800" lon="6.6772230"/>
   <trkpt lat="46.5042740" lon="6.6772660"/>
   <trkpt lat="46.5042680" lon="6.6773040"/>
   <trkpt lat="46.5042640" lon="6.6773440"/>
   <trkpt lat="46.5042500" lon="6.6773830"/>
   <trkpt lat="46.5042470" lon="6.6774120"/>
   <trkpt lat="46.5042360" lon="6.6774570"/>
   <trkpt lat="46.5042230" lon="6.6774940"/>
   <trkpt lat="46.5042140" lon="6.6775210"/>
   <trkpt lat="46.5041990" lon="6.6775630"/>
   <trkpt lat="46.5041910" lon="6.6775920"/>
   <trkpt lat="46.5041790" lon="6.6776350"/>
   <trkpt lat="46.5041660" lon="6.6776800"/>
   <trkpt lat="46.5041600" lon="6.6777110"/>
   <trkpt lat="46.5041470" lon="6.6777540"/>
   <trkpt lat="46.5041460" lon="6.6777870"/>
   <trkpt lat="46.5041400" lon="6.6778270"/>
   <trkpt lat="46.5041280" lon="6.6778710"/>
   <trkpt lat="46.5041260" lon="6.6779120"/>
   <trkpt lat="46.5041210" lon="6.6779510"/>
   <trkpt lat="46.5041140" lon="6.6779910"/>
   <trkpt lat="46.5041120" lon="6.6780220"/>
   <trkpt lat="46.5041090" lon="6.6780630"/>
   <trkpt lat="46.5041190" lon="6.6780910"/>
   <trkpt lat="46.5041250" lon="6.6781420"/>
   <trkpt lat="46.5041240" lon="6.6781780"/>
   <trkpt lat="46.5041250" lon="6.6782240"/>
   <trkpt lat="46.5041190" lon="6.6782720"/>
   <trkpt lat="46.5041160" lon="6.6783100"/>
   <trkpt lat="46.5041070" lon="6.6783620"/>
   <trkpt lat="46.5041040" lon="6.6783970"/>
   <trkpt lat="46.5041020" lon="6.6784360"/>
   <trkpt lat="46.5040950" lon="6.6784800"/>
   <trkpt lat="46.5040890" lon="6.6785140"/>
   <trkpt lat="46.5040790" lon="6.6785630"/>
   <trkpt lat="46.5040720" lon="6.6785950"/>
   <trkpt lat="46.5040570" lon="6.6786440"/>
   <trkpt lat="46.5040480" lon="6.6786860"/>
   <trkpt lat="46.5040480" lon="6.6787160"/>
   <trkpt lat="46.5040370" lon="6.6787650"/>
   <trkpt lat="46.5040360" lon="6.6787950"/>
   <trkpt lat="46.5040290" lon="6.6788450"/>
   <trkpt lat="46.5040280" lon="6.6788870"/>
   <trkpt lat="46.5040270" lon="6.6789190"/>
   <trkpt lat="46.5040200" lon="6.6789750"/>
   <trkpt lat="46.5040170" lon="6.6790070"/>
   <trkpt lat="46.5040100" lon="6.6790520"/>
   <trkpt lat="46.5040020" lon="6.6790890"/>
   <trkpt lat="46.5039990" lon="6.6791210"/>
   <trkpt lat="46.5039910" lon="6.6791660"/>
   <trkpt lat="46.5039930" lon="6.6791910"/>
   <trkpt lat="46.5039880" lon="6.6792370"/>
   <trkpt lat="46.5039830" lon="6.6792770"/>
   <trkpt lat="46.5039830" lon="6.6793100"/>
   <trkpt lat="46.5039810" lon="6.6793560"/>
   <trkpt lat="46.5039760" lon="6.6793880"/>
   <trkpt lat="46.5039730" lon="6.6794310"/>
   <trkpt lat="46.5039700" lon="6.6794750"/>
   <trkpt lat="46.5039700" lon="6.6795040"/>
   <trkpt lat="46.5039610" lon="6.6795530"/>
   <trkpt lat="46.5039590" lon="6.6795860"/>
   <trkpt lat="46.5039570" lon="6.6796230"/>
   <trkpt lat="46.5039560" lon="6.6796660"/>
   <trkpt lat="46.5039600" lon="6.6797000"/>
   <trkpt lat="46.5039580" lon="6.6797520"/>
   <trkpt lat="46.5039610" lon="6.6797920"/>
   <trkpt lat="46.5039620" lon="6.6798410"/>
   <trkpt lat="46.5039600" lon="6.6798860"/>
   <trkpt lat="46.5039610" lon="6.6799150"/>
   <trkpt lat="46.5039590" lon="6.6799600"/>
   <trkpt lat="46.5039570" lon="6.6799970"/>
   <trkpt lat="46.5039550" lon="6.6800390"/>
   <trkpt lat="46.5039490" lon="6.6800820"/>
   <trkpt lat="46.5039530" lon="6.6801110"/>
   <trkpt lat="46.5039520" lon="6.6801560"/>
   <trkpt lat="46.5039510" lon="6.6801980"/>
   <trkpt lat="46.5039520" lon="6.6802300"/>
   <trkpt lat="46.5039500" lon="6.6802670"/>
   <trkpt lat="46.5039540" lon="6.6802950"/>
   <trkpt lat="46.5039580" lon="6.6803400"/>
   <trkpt lat="46.5039560" lon="6.6803730"/>
   <trkpt lat="46.5039560" lon="6.6804140"/>
   <trkpt lat="46.5039510" lon="6.6804580"/>
   <trkpt lat="46.5039530" lon="6.6804890"/>
   <trkpt lat="46.5039570" lon="6.6805340"/>
   <trkpt lat="46.5039540" lon="6.6805690"/>
   <trkpt lat="46.5039570" lon="6.6806090"/>
   <trkpt lat="46.5039570" lon="6.6806540"/>
   <trkpt lat="46.5039590" lon="6.6806870"/>
   <trkpt lat="46.5039590" lon="6.6807330"/>
   <trkpt lat="46.5039590" lon="6.6807720"/>
   <trkpt lat="46.5039570" lon="6.6808200"/>
   <trkpt lat="46.5039470" lon="6.6808640"/>
   <trkpt lat="46.5039440" lon="6.6808970"/>
   <trkpt lat="46.5039410" lon="6.6809440"/>
   <trkpt lat="46.5039390" lon="6.6809740"/>
   <trkpt lat="46.5039310" lon="6.6810150"/>
   <trkpt lat="46.5039220" lon="6.6810600"/>
   <trkpt lat="46.5039200" lon="6.6810920"/>
   <trkpt lat="46.5039090" lon="6.6811330"/>
   <trkpt lat="46.5038990" lon="6.6811680"/>
   <trkpt lat="46.5038920" lon="6.6812010"/>
   <trkpt lat="46.5038740" lon="6.6812380"/>
   <trkpt lat="46.5038660" lon="6.6812650"/>
   <trkpt lat="46.5038480" lon="6.6813050"/>
   <trkpt lat="46.5038350" lon="6.6813350"/>
   <trkpt lat="46.5038260" lon="6.6813710"/>
   <trkpt lat="46.5038070" lon="6.6814150"/>
   <trkpt lat="46.5037950" lon="6.6814390"/>
   <trkpt lat="46.5037790" lon="6.6814860"/>
   <trkpt lat="46.5037640" lon="6.6815200"/>
   <trkpt lat="46.5037530" lon="6.6815500"/>
   <trkpt lat="46.5037360" lon="6.6815890"/>
   <trkpt lat="46.5037260" lon="6.6816190"/>
   <trkpt lat="46.5037080" lon="6.6816670"/>
   <trkpt lat="46.5036940" lon="6.6817030"/>
   <trkpt lat="46.5036820" lon="6.6817370"/>
   <trkpt lat="46.5036670" lon="6.6817760"/>
   <trkpt lat="46.5036560" lon="6.6818030"/>
   <trkpt lat="46.5036420" lon="6.6818410"/>
   <trkpt lat="46.5036250" lon="6.6818750"/>
   <trkpt lat="46.5036110" lon="6.6819100"/>
   <trkpt lat="46.5036010" lon="6.6819470"/>
   <trkpt lat="46.5035880" lon="6.6819760"/>
   <trkpt lat="46.5035740" lon="6.6820150"/>
   <trkpt lat="46.5035560" lon="6.6820500"/>
   <trkpt lat="46.5035410" lon="6.6820810"/>
   <trkpt lat="46.5035240" lon="6.6821260"/>
   <trkpt lat="46.5035090" lon="6.6821620"/>
   <trkpt lat="46.5034940" lon="6.6821990"/>
   <trkpt lat="46.5034790" lon="6.6822350"/>
   <trkpt lat="46.5034680" lon="6.6822630"/>
   <trkpt lat="46.5034530" lon="6.6823070"/>
   <trkpt lat="46.5034440" lon="6.6823420"/>
   <trkpt lat="46.5034330" lon="6.6823760"/>
   <trkpt lat="46.5034190" lon="6.6824110"/>
   <trkpt lat="46.5034110" lon="6.6824410"/>
   <trkpt lat="46.5033970" lon="6.6824810"/>
   <trkpt lat="46.5033850" lon="6.6825110"/>
   <trkpt lat="46.5033750" lon="6.6825480"/>
   <trkpt lat="46.5033620" lon="6.6825850"/>
   <trkpt lat="46.5033490" lon="6.6826150"/>
   <trkpt lat="46.5033320" lon="6.6826570"/>
   <trkpt lat="46.5033190" lon="6.6826840"/>
   <trkpt lat="46.5033030" lon="6.6827190"/>
   <trkpt lat="46.5032890" lon="6.6827510"/>
   <trkpt lat="46.5032760" lon="6.6827810"/>
   <trkpt lat="46.5032590" lon="6.6828160"/>
   <trkpt lat="46.5032450" lon="6.6828450"/>
   <trkpt lat="46.5032230" lon="6.6828800"/>
   <trkpt lat="46.5032040" lon="6.6829080"/>
   <trkpt lat="46.5031890" lon="6.6829350"/>
   <trkpt lat="46.5031700" lon="6.6829730"/>
   <trkpt lat="46.5031570" lon="6.6829980"/>
   <trkpt lat="46.5031370" lon="6.6830410"/>
   <trkpt lat="46.5031180" lon="6.6830740"/>
   <trkpt lat="46.5031010" lon="6.6831050"/>
   <trkpt lat="46.5030790" lon="6.6831450"/>
   <trkpt lat="46.5030670" lon="6.6831730"/>
   <trkpt lat="46.5030480" lon="6.6832140"/>
   <trkpt lat="46.5030320" lon="6.6832470"/>
   <trkpt lat="46.5030180" lon="6.6832790"/>
   <trkpt lat="46.5029980" lon="6.6833220"/>
   <trkpt lat="46.5029860" lon="6.6833500"/>
   <trkpt lat="46.5029690" lon="6.6833920"/>
   <trkpt lat="46.5029550" lon="6.6834310"/>
   <trkpt lat="46.5029370" lon="6.6834670"/>
   <trkpt lat="46.5029180" lon="6.6835070"/>
   <trkpt lat="46.5029080" lon="6.6835340"/>
   <trkpt lat="46.5028960" lon="6.6835820"/>
   <trkpt lat="46.5028840" lon="6.6836210"/>
   <trkpt lat="46.5028740" lon="6.6836560"/>
   <trkpt lat="46.5028580" lon="6.6836950"/>
   <trkpt lat="46.5028440" lon="6.6837360"/>
   <trkpt lat="46.5028310" lon="6.6837700"/>
   <trkpt lat="46.5028140" lon="6.6838050"/>
   <trkpt lat="46.5028060" lon="6.6838330"/>
   <trkpt lat="46.5027960" lon="6.6838660"/>
   <trkpt lat="46.5027870" lon="6.6838820"/>
   <trkpt lat="46.5027800" lon="6.6839190"/>
   <trkpt lat="46.5027760" lon="6.6839610"/>
   <trkpt lat="46.5027690" lon="6.6839930"/>
   <trkpt lat="46.5027580" lon="6.6840380"/>
   <trkpt lat="46.5027500" lon="6.6840640"/>
   <trkpt lat="46.5027390" lon="6.6841070"/>
   <trkpt lat="46.5027280" lon="6.6841430"/>
   <trkpt lat="46.5027200" lon="6.6841720"/>
   <trkpt lat="46.5027100" lon="6.6842140"/>
   <trkpt lat="46.5027020" lon="6.6842480"/>
   <trkpt lat="46.5027020" lon="6.6842920"/>
   <trkpt lat="46.5027030" lon="6.6843370"/>
   <trkpt lat="46.5027070" lon="6.6843750"/>
   <trkpt lat="46.5026970" lon="6.6844210"/>
   <trkpt lat="46.5026830" lon="6.6844570"/>
   <trkpt lat="46.5026660" lon="6.6844940"/>
   <trkpt lat="46.5026430" lon="6.6845290"/>
   <trkpt lat="46.5026220" lon="6.6845550"/>
   <trkpt lat="46.5026050" lon="6.6845900"/>
   <trkpt lat="46.5025860" lon="6.6846200"/>
   <trkpt lat="46.5025600" lon="6.6846650"/>
   <trkpt lat="46.5025380" lon="6.6847020"/>
   <trkpt lat="46.5025190" lon="6.6847350"/>
   <trkpt lat="46.5024970" lon="6.6847740"/>
   <trkpt lat="46.5024860" lon="6.6848070"/>
   <trkpt lat="46.5024680" lon="6.6848470"/>
   <trkpt lat="46.5024530" lon="6.6848850"/>
   <trkpt lat="46.5024430" lon="6.6849230"/>
   <trkpt lat="46.5024270" lon="6.6849620"/>
   <trkpt lat="46.5024150" lon="6.6849900"/>
   <trkpt lat="46.5023940" lon="6.6850210"/>
   <trkpt lat="46.5023790" lon="6.6850520"/>
   <trkpt lat="46.5023740" lon="6.6850800"/>
   <trkpt lat="46.5023710" lon="6.6851130"/>
   <trkpt lat="46.5023660" lon="6.6851390"/>
   <trkpt lat="46.5023560" lon="6.6851770"/>
   <trkpt lat="46.5023500" lon="6.6852080"/>
   <trkpt lat="46.5023420" lon="6.6852460"/>
   <trkpt lat="46.5023360" lon="6.6852870"/>
   <trkpt lat="46.5023280" lon="6.6853180"/>
   <trkpt lat="46.5023130" lon="6.6853610"/>
   <trkpt lat="46.5023090" lon="6.6853960"/>
   <trkpt lat="46.5023030" lon="6.6854350"/>
   <trkpt lat="46.5023050" lon="6.6854820"/>
   <trkpt lat="46.5023090" lon="6.6855160"/>
   <trkpt lat="46.5023040" lon="6.6855640"/>
   <trkpt lat="46.5023110" lon="6.6856110"/>
   <trkpt lat="46.5023110" lon="6.6856520"/>
   <trkpt lat="46.5023060" lon="6.6856940"/>
   <trkpt lat="46.5023030" lon="6.6857240"/>
   <trkpt lat="46.5022910" lon="6.6857750"/>
   <trkpt lat="46.5022800" lon="6.6858150"/>
   <trkpt lat="46.5022770" lon="6.6858610"/>
   <trkpt lat="46.5022700" lon="6.6859130"/>
   <trkpt lat="46.5022630" lon="6.6859530"/>
   <trkpt lat="46.5022550" lon="6.6860040"/>
   <trkpt lat="46.5022480" lon="6.6860460"/>
   <trkpt lat="46.5022400" lon="6.6860950"/>
   <trkpt lat="46.5022310" lon="6.6861440"/>
   <trkpt lat="46.5022250" lon="6.6861820"/>
   <trkpt lat="46.5022260" lon="6.6862320"/>
   <trkpt lat="46.5022210" lon="6.6862670"/>
   <trkpt lat="46.5022110" lon="6.6863020"/>
   <trkpt lat="46.5022060" lon="6.6863410"/>
   <trkpt lat="46.5022090" lon="6.6863660"/>
   <trkpt lat="46.5022150" lon="6.6864010"/>
   <trkpt lat="46.5022160" lon="6.6864280"/>
   <trkpt lat="46.5022150" lon="6.6864600"/>
   <trkpt lat="46.5022060" lon="6.6865030"/>
   <trkpt lat="46.5022030" lon="6.6865270"/>
   <trkpt lat="46.5022020" lon="6.6865650"/>
   <trkpt lat="46.5021990" lon="6.6866020"/>
   <trkpt lat="46.5021950" lon="6.6866370"/>
   <trkpt lat="46.5021900" lon="6.6866780"/>
   <trkpt lat="46.5021790" lon="6.6867130"/>
   <trkpt lat="46.5021770" lon="6.6867560"/>
   <trkpt lat="46.5021710" lon="6.6867940"/>
   <trkpt lat="46.5021710" lon="6.6868280"/>
   <trkpt lat="46.5021640" lon="6.6868730"/>
   <trkpt lat="46.5021540" lon="6.6869050"/>
   <trkpt lat="46.5021410" lon="6.6869470"/>
   <trkpt lat="46.5021330" lon="6.6869890"/>
   <trkpt lat="46.5021230" lon="6.6870260"/>
   <trkpt lat="46.5021200" lon="6.6870690"/>
   <trkpt lat="46.5021120" lon="6.6870990"/>
   <trkpt lat="46.5021100" lon="6.6871420"/>
   <trkpt lat="46.5021070" lon="6.6871720"/>
   <trkpt lat="46.5021020" lon="6.6872110"/>
   <trkpt lat="46.5021030" lon="6.6872580"/>
   <trkpt lat="46.5021080" lon="6.6872940"/>
   <trkpt lat="46.5021110" lon="6.6873420"/>
   <trkpt lat="46.5021130" lon="6.6873770"/>
   <trkpt lat="46.5021190" lon="6.6874170"/>
   <trkpt lat="46.5021260" lon="6.6874590"/>
   <trkpt lat="46.5021370" lon="6.6874830"/>
   <trkpt lat="46.5021450" lon="6.6875280"/>
   <trkpt lat="46.5021540" lon="6.6875730"/>
   <trkpt lat="46.5021680" lon="6.6876060"/>
   <trkpt lat="46.5021820" lon="6.6876530"/>
   <trkpt lat="46.5022000" lon="6.6876790"/>
   <trkpt lat="46.5022170" lon="6.6877250"/>
   <trkpt lat="46.5022210" lon="6.6877670"/>
   <trkpt lat="46.5022310" lon="6.6878040"/>
   <trkpt lat="46.5022340" lon="6.6878530"/>
   <trkpt lat="46.5022380" lon="6.6878810"/>
   <trkpt lat="46.5022330" lon="6.6879260"/>
   <trkpt lat="46.5022320" lon="6.6879570"/>
   <trkpt lat="46.5022320" lon="6.6880050"/>
   <trkpt lat="46.5022290" lon="6.6880520"/>
   <trkpt lat="46.5022280" lon="6.6880820"/>
   <trkpt lat="46.5022190" lon="6.6881240"/>
   <trkpt lat="46.5022140" lon="6.6881610"/>
   <trkpt lat="46.5022060" lon="6.6882080"/>
   <trkpt lat="46.5021980" lon="6.6882540"/>
   <trkpt lat="46.5021890" lon="6.6882820"/>
   <trkpt lat="46.5021730" lon="6.6883250"/>
   <trkpt lat="46.5021640" lon="6.6883620"/>
   <trkpt lat="46.5021560" lon="6.6884030"/>
   <trkpt lat="46.5021440" lon="6.6884460"/>
   <trkpt lat="46.5021390" lon="6.6884770"/>
   <trkpt lat="46.5021240" lon="6.6885110"/>
   <trkpt lat="46.5021120" lon="6.6885400"/>
   <trkpt lat="46.5021100" lon="6.6885730"/>
   <trkpt lat="46.5021020" lon="6.6886080"/>
   <trkpt lat="46.5020950" lon="6.6886300"/>
   <trkpt lat="46.5020840" lon="6.6886660"/>
   <trkpt lat="46.5020700" lon="6.6887010"/>
   <trkpt lat="46.5020630" lon="6.6887390"/>
   <trkpt lat="46.5020440" lon="6.6887860"/>
   <trkpt lat="46.5020310" lon="6.6888110"/>
   <trkpt lat="46.5020120" lon="6.6888460"/>
   <trkpt lat="46.5019930" lon="6.6888790"/>
   <trkpt lat="46.5019790" lon="6.6889070"/>
   <trkpt lat="46.5019600" lon="6.6889380"/>
   <trkpt lat="46.5019470" lon="6.6889590"/>
   <trkpt lat="46.5019280" lon="6.6889930"/>
   <trkpt lat="46.5019090" lon="6.6890210"/>
   <trkpt lat="46.5018960" lon="6.6890540"/>
   <trkpt lat="46.5018730" lon="6.6890850"/>
   <trkpt lat="46.5018620" lon="6.6891060"/>
   <trkpt lat="46.5018410" lon="6.6891380"/>
   <trkpt lat="46.5018220" lon="6.6891600"/>
   <trkpt lat="46.5018080" lon="6.6891870"/>
   <trkpt lat="46.5017840" lon="6.6892170"/>
   <trkpt lat="46.5017700" lon="6.6892360"/>
   <trkpt lat="46.5017450" lon="6.6892760"/>
   <trkpt lat="46.5017240" lon="6.6893010"/>
   <trkpt lat="46.5017000" lon="6.6893330"/>
   <trkpt lat="46.5016760" lon="6.6893670"/>
   <trkpt lat="46.5016590" lon="6.6893910"/>
   <trkpt lat="46.5016370" lon="6.6894350"/>
   <trkpt lat="46.5016290" lon="6.6894650"/>
   <trkpt lat="46.5016250" lon="6.6895070"/>
   <trkpt lat="46.5016280" lon="6.6895520"/>
   <trkpt lat="46.5016360" lon="6.6895800"/>
   <trkpt lat="46.5016440" lon="6.6896230"/>
   <trkpt lat="46.5016500" lon="6.6896530"/>
   <trkpt lat="46.5016470" lon="6.6896950"/>
   <trkpt lat="46.5016350" lon="6.6897360"/>
   <trkpt lat="46.5016270" lon="6.6897630"/>
   <trkpt lat="46.5016030" lon="6.6897990"/>
   <trkpt lat="46.5015840" lon="6.6898150"/>
   <trkpt lat="46.5015570" lon="6.6898410"/>
   <trkpt lat="46.5015300" lon="6.6898610"/>
   <trkpt lat="46.5015120" lon="6.6898820"/>
   <trkpt lat="46.5014810" lon="6.6899070"/>
   <trkpt lat="46.5014610" lon="6.6899260"/>
   <trkpt lat="46.5014390" lon="6.6899480"/>
   <trkpt lat="46.5014060" lon="6.6899770"/>
   <trkpt lat="46.5013900" lon="6.6899980"/>
   <trkpt lat="46.5013580" lon="6.6900280"/>
   <trkpt lat="46.5013340" lon="6.6900530"/>
   <trkpt lat="46.5013080" lon="6.6900770"/>
   <trkpt lat="46.5012890" lon="6.6901080"/>
   <trkpt lat="46.5012750" lon="6.6901390"/>
   <trkpt lat="46.5012540" lon="6.6901760"/>
   <trkpt lat="46.5012360" lon="6.6902070"/>
   <trkpt lat="46.5012170" lon="6.6902400"/>
   <trkpt lat="46.5011960" lon="6.6902750"/>
   <trkpt lat="46.5011790" lon="6.6903020"/>
   <trkpt lat="46.5011600" lon="6.6903350"/>
   <trkpt lat="46.5011410" lon="6.6903680"/>
   <trkpt lat="46.5011270" lon="6.6904040"/>
   <trkpt lat="46.5011080" lon="6.6904420"/>
   <trkpt lat="46.5010930" lon="6.6904730"/>
   <trkpt lat="46.5010790" lon="6.6905070"/>
   <trkpt lat="46.5010630" lon="6.6905400"/>
   <trkpt lat="46.5010500" lon="6.6905730"/>
   <trkpt lat="46.5010320" lon="6.6906150"/>
   <trkpt lat="46.5010170" lon="6.6906440"/>
   <trkpt lat="46.5010010" lon="6.6906780"/>
   <trkpt lat="46.5009860" lon="6.6907140"/>
   <trkpt lat="46.5009700" lon="6.6907400"/>
   <trkpt lat="46.5009530" lon="6.6907810"/>
   <trkpt lat="46.5009440" lon="6.6908140"/>
   <trkpt lat="46.5009320" lon="6.6908520"/>
   <trkpt lat="46.5009170" lon="6.6908890"/>
   <trkpt lat="46.5009080" lon="6.6909220"/>
   <trkpt lat="46.5008950" lon="6.6909630"/>
   <trkpt lat="46.5008860" lon="6.6909930"/>
   <trkpt lat="46.5008750" lon="6.6910370"/>
   <trkpt lat="46.5008630" lon="6.6910770"/>
   <trkpt lat="46.5008540" lon="6.6911090"/>
   <trkpt lat="46.5008420" lon="6.6911540"/>
   <trkpt lat="46.5008340" lon="6.6911830"/>
   <trkpt lat="46.5008220" lon="6.6912300"/>
   <trkpt lat="46.5008110" lon="6.6912700"/>
   <trkpt lat="46.5008020" lon="6.6913090"/>
   <trkpt lat="46.5007940" lon="6.6913530"/>
   <trkpt lat="46.5007880" lon="6.6913820"/>
   <trkpt lat="46.5007790" lon="6.6914200"/>
   <trkpt lat="46.5007670" lon="6.6914550"/>
   <trkpt lat="46.5007600" lon="6.6914900"/>
   <trkpt lat="46.5007460" lon="6.6915340"/>
   <trkpt lat="46.5007410" lon="6.6915610"/>
   <trkpt lat="46.5007300" lon="6.6916030"/>
   <trkpt lat="46.5007170" lon="6.6916410"/>
   <trkpt lat="46.5007070" lon="6.6916780"/>
   <trkpt lat="46.5006930" lon="6.6917230"/>
   <trkpt lat="46.5006890" lon="6.6917530"/>
   <trkpt lat="46.5006800" lon="6.6917950"/>
   <trkpt lat="46.5006700" lon="6.6918400"/>
   <trkpt lat="46.5006620" lon="6.6918740"/>
   <trkpt lat="46.5006500" lon="6.6919190"/>
   <trkpt lat="46.5006440" lon="6.6919490"/>
   <trkpt lat="46.5006380" lon="6.6919900"/>
   <trkpt lat="46.5006300" lon="6.6920340"/>
   <trkpt lat="46.5006240" lon="6.6920660"/>
   <trkpt lat="46.5006180" lon="6.6921150"/>
   <trkpt lat="46.5006140" lon="6.6921490"/>
   <trkpt lat="46.5006130" lon="6.6921890"/>
   <trkpt lat="46.5006060" lon="6.6922300"/>
   <trkpt lat="46.5006050" lon="6.6922650"/>
   <trkpt lat="46.5006000" lon="6.6923130"/>
   <trkpt lat="46.5006000" lon="6.6923550"/>
   <trkpt lat="46.5006000" lon="6.6923960"/>
   <trkpt lat="46.5005970" lon="6.6924370"/>
   <trkpt lat="46.5005960" lon="6.6924720"/>
   <trkpt lat="46.5005970" lon="6.6925170"/>
   <trkpt lat="46.5005960" lon="6.6925600"/>
   <trkpt lat="46.5005960" lon="6.6925950"/>
   <trkpt lat="46.5005960" lon="6.6926410"/>
   <trkpt lat="46.5005960" lon="6.6926780"/>
   <trkpt lat="46.5005950" lon="6.6927210"/>
   <trkpt lat="46.5005930" lon="6.6927620"/>
   <trkpt lat="46.5005950" lon="6.6928040"/>
   <trkpt lat="46.5005920" lon="6.6928540"/>
   <trkpt lat="46.5005930" lon="6.6928910"/>
   <trkpt lat="46.5005890" lon="6.6929380"/>
   <trkpt lat="46.5005870" lon="6.6929810"/>
   <trkpt lat="46.5005880" lon="6.6930230"/>
   <trkpt lat="46.5005830" lon="6.6930700"/>
   <trkpt lat="46.5005870" lon="6.6931070"/>
   <trkpt lat="46.5005830" lon="6.6931560"/>
   <trkpt lat="46.5005830" lon="6.6931900"/>
   <trkpt lat="46.5005800" lon="6.6932330"/>
   <trkpt lat="46.5005720" lon="6.6932760"/>
   <trkpt lat="46.5005720" lon="6.6933070"/>
   <trkpt lat="46.5005700" lon="6.6933560"/>
   <trkpt lat="46.5005690" lon="6.6933930"/>
   <trkpt lat="46.5005650" lon="6.6934420"/>
   <trkpt lat="46.5005590" lon="6.6934890"/>
   <trkpt lat="46.5005630" lon="6.6935240"/>
   <trkpt lat="46.5005610" lon="6.6935720"/>
   <trkpt lat="46.5005630" lon="6.6936030"/>
   <trkpt lat="46.5005600" lon="6.6936470"/>
   <trkpt lat="46.5005570" lon="6.6936850"/>
   <trkpt lat="46.5005550" lon="6.6937280"/>
   <trkpt lat="46.5005530" lon="6.6937680"/>
   <trkpt lat="46.5005490" lon="6.6937990"/>
   <trkpt lat="46.5005490" lon="6.6938450"/>
   <trkpt lat="46.5005480" lon="6.6938850"/>
   <trkpt lat="46.5005440" lon="6.6939270"/>
   <trkpt lat="46.5005380" lon="6.6939740"/>
   <trkpt lat="46.5005370" lon="6.6940070"/>
   <trkpt lat="46.5005310" lon="6.6940570"/>
   <trkpt lat="46.5005270" lon="6.6940940"/>
   <trkpt lat="46.5005230" lon="6.6941370"/>
   <trkpt lat="46.5005170" lon="6.6941870"/>
   <trkpt lat="46.5005150" lon="6.6942170"/>
   <trkpt lat="46.5005070" lon="6.6942600"/>
   <trkpt lat="46.5005030" lon="6.6942920"/>
   <trkpt lat="46.5004970" lon="6.6943350"/>
   <trkpt lat="46.5004890" lon="6.6943750"/>
   <trkpt lat="46.5004850" lon="6.6944110"/>
   <trkpt lat="46.5004750" lon="6.6944570"/>
   <trkpt lat="46.5004700" lon="6.6944820"/>
   <trkpt lat="46.5004600" lon="6.6945250"/>
   <trkpt lat="46.5004530" lon="6.6945660"/>
   <trkpt lat="46.5004510" lon="6.6946050"/>
   <trkpt lat="46.5004360" lon="6.6946450"/>
   <trkpt lat="46.5004300" lon="6.6946850"/>
   <trkpt lat="46.5004230" lon="6.6947290"/>
   <trkpt lat="46.5004140" lon="6.6947730"/>
   <trkpt lat="46.5004080" lon="6.6948050"/>
   <trkpt lat="46.5003980" lon="6.6948510"/>
   <trkpt lat="46.5003900" lon="6.6948820"/>
   <trkpt lat="46.5003830" lon="6.6949250"/>
   <trkpt lat="46.5003720" lon="6.6949620"/>
   <trkpt lat="46.5003640" lon="6.6949990"/>
   <trkpt lat="46.5003570" lon="6.6950460"/>
   <trkpt lat="46.5003500" lon="6.6950770"/>
   <trkpt lat="46.5003370" lon="6.6951230"/>
   <trkpt lat="46.5003290" lon="6.6951660"/>
   <trkpt lat="46.5003230" lon="6.6952030"/>
   <trkpt lat="46.5003140" lon="6.6952450"/>
   <trkpt lat="46.5003090" lon="6.6952790"/>
   <trkpt lat="46.5002990" lon="6.6953220"/>
   <trkpt lat="46.5002930" lon="6.6953590"/>
   <trkpt lat="46.5002890" lon="6.6953940"/>
   <trkpt lat="46.5002770" lon="6.6954400"/>
   <trkpt lat="46.5002700" lon="6.6954690"/>
   <trkpt lat="46.5002590" lon="6.6955080"/>
   <trkpt lat="46.5002500" lon="6.6955470"/>
   <trkpt lat="46.5002460" lon="6.6955780"/>
   <trkpt lat="46.5002380" lon="6.6956250"/>
   <trkpt lat="46.5002350" lon="6.6956530"/>
   <trkpt lat="46.5002270" lon="6.6956940"/>
   <trkpt lat="46.5002150" lon="6.6957300"/>
   <trkpt lat="46.5002090" lon="6.6957580"/>
   <trkpt lat="46.5001930" lon="6.6958030"/>
   <trkpt lat="46.5001820" lon="6.6958300"/>
   <trkpt lat="46.5001720" lon="6.6958700"/>
   <trkpt lat="46.5001590" lon="6.6959070"/>
   <trkpt lat="46.5001530" lon="6.6959370"/>
   <trkpt lat="46.5001370" lon="6.6959800"/>
   <trkpt lat="46.5001260" lon="6.6960100"/>
   <trkpt lat="46.5001130" lon="6.6960500"/>
   <trkpt lat="46.5000990" lon="6.6960890"/>
   <trkpt lat="46.5000900" lon="6.6961190"/>
   <trkpt lat="46.5000760" lon="6.6961650"/>
   <trkpt lat="46.5000650" lon="6.6961930"/>
   <trkpt lat="46.5000500" lon="6.6962340"/>
   <trkpt lat="46.5000360" lon="6.6962750"/>
   <trkpt lat="46.5000240" lon="6.6963080"/>
   <trkpt lat="46.5000060" lon="6.6963490"/>
   <trkpt lat="46.4999880" lon="6.6963740"/>
   <trkpt lat="46.4999710" lon="6.6964140"/>
   <trkpt lat="46.4999530" lon="6.6964540"/>
   <trkpt lat="46.4999420" lon="6.6964830"/>
   <trkpt lat="46.4999240" lon="6.6965180"/>
   <trkpt lat="46.4999110" lon="6.6965500"/>
   <trkpt lat="46.4998980" lon="6.6965830"/>
   <trkpt lat="46.4998800" lon="6.6966190"/>
   <trkpt lat="46.4998680" lon="6.6966510"/>
   <trkpt lat="46.4998500" lon="6.6966910"/>
   <trkpt lat="46.4998350" lon="6.6967240"/>
   <trkpt lat="46.4998230" lon="6.6967570"/>
   <trkpt lat="46.4998050" lon="6.6967910"/>
   <trkpt lat="46.4997940" lon="6.6968250"/>
   <trkpt lat="46.4997780" lon="6.6968720"/>
   <trkpt lat="46.4997640" lon="6.6969040"/>
   <trkpt lat="46.4997520" lon="6.6969410"/>
   <trkpt lat="46.4997360" lon="6.6969780"/>
   <trkpt lat="46.4997290" lon="6.6970080"/>
   <trkpt lat="46.4997170" lon="6.6970500"/>
   <trkpt lat="46.4997050" lon="6.6970850"/>
   <trkpt lat="46.4996910" lon="6.6971250"/>
   <trkpt lat="46.4996780" lon="6.6971650"/>
   <trkpt lat="46.4996720" lon="6.6971960"/>
   <trkpt lat="46.4996590" lon="6.6972370"/>
   <trkpt lat="46.4996450" lon="6.6972730"/>
   <trkpt lat="46.4996340" lon="6.6973080"/>
   <trkpt lat="46.4996200" lon="6.6973490"/>
   <trkpt lat="46.4996050" lon="6.6973750"/>
   <trkpt lat="46.4995890" lon="6.6974150"/>
   <trkpt lat="46.4995720" lon="6.6974490"/>
   <trkpt lat="46.4995590" lon="6.6974840"/>
   <trkpt lat="46.4995420" lon="6.6975230"/>
   <trkpt lat="46.4995320" lon="6.6975460"/>
   <trkpt lat="46.4995190" lon="6.6975850"/>
   <trkpt lat="46.4995070" lon="6.6976250"/>
   <trkpt lat="46.4994990" lon="6.6976550"/>
   <trkpt lat="46.4994820" lon="6.6976920"/>
   <trkpt lat="46.4994750" lon="6.6977170"/>
   <trkpt lat="46.4994620" lon="6.6977590"/>
   <trkpt lat="46.4994470" lon="6.6977920"/>
   <trkpt lat="46.4994340" lon="6.6978190"/>
   <trkpt lat="46.4994160" lon="6.6978610"/>
   <trkpt lat="46.4994060" lon="6.6978870"/>
   <trkpt lat="46.4993910" lon="6.6979280"/>
   <trkpt lat="46.4993790" lon="6.6979630"/>
   <trkpt lat="46.4993740" lon="6.6979960"/>
   <trkpt lat="46.4993570" lon="6.6980390"/>
   <trkpt lat="46.4993510" lon="6.6980680"/>
   <trkpt lat="46.4993360" lon="6.6981110"/>
   <trkpt lat="46.4993200" lon="6.6981430"/>
   <trkpt lat="46.4993070" lon="6.6981790"/>
   <trkpt lat="46.4992900" lon="6.6982170"/>
   <trkpt lat="46.4992760" lon="6.6982480"/>
   <trkpt lat="46.4992600" lon="6.6982900"/>
   <trkpt lat="46.4992470" lon="6.6983200"/>
   <trkpt lat="46.4992340" lon="6.6983560"/>
   <trkpt lat="46.4992160" lon="6.6983940"/>
   <trkpt lat="46.4992040" lon="6.6984210"/>
   <trkpt lat="46.4991910" lon="6.6984600"/>
   <trkpt lat="46.4991770" lon="6.6984920"/>
   <trkpt lat="46.4991640" lon="6.6985230"/>
   <trkpt lat="46.4991490" lon="6.6985640"/>
   <trkpt lat="46.4991400" lon="6.6985880"/>
   <trkpt lat="46.4991220" lon="6.6986300"/>
   <trkpt lat="46.4991070" lon="6.6986580"/>
   <trkpt lat="46.4990960" lon="6.6986960"/>
   <trkpt lat="46.4990820" lon="6.6987380"/>
   <trkpt lat="46.4990690" lon="6.6987660"/>
   <trkpt lat="46.4990530" lon="6.6988110"/>
   <trkpt lat="46.4990390" lon="6.6988440"/>
   <trkpt lat="46.4990260" lon="6.6988800"/>
   <trkpt lat="46.4990110" lon="6.6989230"/>
   <trkpt lat="46.4990060" lon="6.6989520"/>
   <trkpt lat="46.4989960" lon="6.6989960"/>
   <trkpt lat="46.4989860" lon="6.6990290"/>
   <trkpt lat="46.4989790" lon="6.6990630"/>
   <trkpt lat="46.4989690" lon="6.6991040"/>
   <trkpt lat="46.4989600" lon="6.6991340"/>
   <trkpt lat="46.4989500" lon="6.6991800"/>
   <trkpt lat="46.4989400" lon="6.6992160"/>
   <trkpt lat="46.4989310" lon="6.6992550"/>
   <trkpt lat="46.4989210" lon="6.6993010"/>
   <trkpt lat="46.4989200" lon="6.6993300"/>
   <trkpt lat="46.4989130" lon="6.6993740"/>
   <trkpt lat="46.4989030" lon="6.6994140"/>
   <trkpt lat="46.4988960" lon="6.6994510"/>
   <trkpt lat="46.4988870" lon="6.6994950"/>
   <trkpt lat="46.4988790" lon="6.6995230"/>
   <trkpt lat="46.4988710" lon="6.6995650"/>
   <trkpt lat="46.4988640" lon="6.6995970"/>
   <trkpt lat="46.4988570" lon="6.6996370"/>
   <trkpt lat="46.4988470" lon="6.6996800"/>
   <trkpt lat="46.4988390" lon="6.6997100"/>
   <trkpt lat="46.4988250" lon="6.6997570"/>
   <trkpt lat="46.4988170" lon="6.6997950"/>
   <trkpt lat="46.4988070" lon="6.6998430"/>
   <trkpt lat="46.4987980" lon="6.6998870"/>
   <trkpt lat="46.4987900" lon="6.6999240"/>
   <trkpt lat="46.4987780" lon="6.6999670"/>
   <trkpt lat="46.4987710" lon="6.7000000"/>
   <trkpt lat="46.4987620" lon="6.7000470"/>
   <trkpt lat="46.4987540" lon="6.7000820"/>
   <trkpt lat="46.4987450" lon="6.7001170"/>
   <trkpt lat="46.4987330" lon="6.7001590"/>
   <trkpt lat="46.4987300" lon="6.7001900"/>
   <trkpt lat="46.4987150" lon="6.7002370"/>
   <trkpt lat="46.4987090" lon="6.7002680"/>
   <trkpt lat="46.4986990" lon="6.7003110"/>
   <trkpt lat="46.4986880" lon="6.7003530"/>
   <trkpt lat="46.4986820" lon="6.7003840"/>
   <trkpt lat="46.4986670" lon="6.7004290"/>
   <trkpt lat="46.4986570" lon="6.7004530"/>
   <trkpt lat="46.4986440" lon="6.7004920"/>
   <trkpt lat="46.4986290" lon="6.7005260"/>
   <trkpt lat="46.4986190" lon="6.7005580"/>
   <trkpt lat="46.4986040" lon="6.7005990"/>
   <trkpt lat="46.4985950" lon="6.7006240"/>
   <trkpt lat="46.4985840" lon="6.7006650"/>
   <trkpt lat="46.4985720" lon="6.7006980"/>
   <trkpt lat="46.4985620" lon="6.7007320"/>
   <trkpt lat="46.4985430" lon="6.7007720"/>
   <trkpt lat="46.4985350" lon="6.7007980"/>
   <trkpt lat="46.4985210" lon="6.7008360"/>
   <trkpt lat="46.4985040" lon="6.7008700"/>
   <trkpt lat="46.4984920" lon="6.7009000"/>
   <trkpt lat="46.4984710" lon="6.7009380"/>
   <trkpt lat="46.4984570" lon="6.7009580"/>
   <trkpt lat="46.4984370" lon="6.7009960"/>
   <trkpt lat="46.4984200" lon="6.7010270"/>
   <trkpt lat="46.4984040" lon="6.7010580"/>
   <trkpt lat="46.4983840" lon="6.7010940"/>
   <trkpt lat="46.4983720" lon="6.7011160"/>
   <trkpt lat="46.4983520" lon="6.7011530"/>
   <trkpt lat="46.4983320" lon="6.7011830"/>
   <trkpt lat="46.4983160" lon="6.7012130"/>
   <trkpt lat="46.4982960" lon="6.7012390"/>
   <trkpt lat="46.4982810" lon="6.7012620"/>
   <trkpt lat="46.4982590" lon="6.7012930"/>
   <trkpt lat="46.4982390" lon="6.7013200"/>
   <trkpt lat="46.4982210" lon="6.7013500"/>
   <trkpt lat="46.4982020" lon="6.7013820"/>
   <trkpt lat="46.4981840" lon="6.7014030"/>
   <trkpt lat="46.4981590" lon="6.7014340"/>
   <trkpt lat="46.4981380" lon="6.7014590"/>
   <trkpt lat="46.4981170" lon="6.7014860"/>
   <trkpt lat="46.4980960" lon="6.7015130"/>
   <trkpt lat="46.4980770" lon="6.7015360"/>
   <trkpt lat="46.4980520" lon="6.7015710"/>
   <trkpt lat="46.4980300" lon="6.7015960"/>
   <trkpt lat="46.4980100" lon="6.7016270"/>
   <trkpt lat="46.4979870" lon="6.7016570"/>
   <trkpt lat="46.4979680" lon="6.7016810"/>
   <trkpt lat="46.4979450" lon="6.7017160"/>
   <trkpt lat="46.4979300" lon="6.7017420"/>
   <trkpt lat="46.4979120" lon="6.7017760"/>
   <trkpt lat="46.4978930" lon="6.7018060"/>
   <trkpt lat="46.4978810" lon="6.7018290"/>
   <trkpt lat="46.4978610" lon="6.7018620"/>
   <trkpt lat="46.4978440" lon="6.7018850"/>
   <trkpt lat="46.4978260" lon="6.7019180"/>
   <trkpt lat="46.4978080" lon="6.7019500"/>
   <trkpt lat="46.4977940" lon="6.7019750"/>
   <trkpt lat="46.4977720" lon="6.7020110"/>
   <trkpt lat="46.4977540" lon="6.7020370"/>
   <trkpt lat="46.4977390" lon="6.7020720"/>
   <trkpt lat="46.4977220" lon="6.7021080"/>
   <trkpt lat="46.4977140" lon="6.7021340"/>
   <trkpt lat="46.4976960" lon="6.7021740"/>
   <trkpt lat="46.4976800" lon="6.7022010"/>
   <trkpt lat="46.4976670" lon="6.7022300"/>
   <trkpt lat="46.4976490" lon="6.7022690"/>
   <trkpt lat="46.4976400" lon="6.7022970"/>
   <trkpt lat="46.4976240" lon="6.7023380"/>
   <trkpt lat="46.4976080" lon="6.7023690"/>
   <trkpt lat="46.4975950" lon="6.7024030"/>
   <trkpt lat="46.4975840" lon="6.7024430"/>
   <trkpt lat="46.4975800" lon="6.7024690"/>
   <trkpt lat="46.4975640" lon="6.7025070"/>
   <trkpt lat="46.4975510" lon="6.7025400"/>
   <trkpt lat="46.4975420" lon="6.7025700"/>
   <trkpt lat="46.4975250" lon="6.7026080"/>
   <trkpt lat="46.4975110" lon="6.7026310"/>
   <trkpt lat="46.4974960" lon="6.7026700"/>
   <trkpt lat="46.4974810" lon="6.7027030"/>
   <trkpt lat="46.4974700" lon="6.7027350"/>
   <trkpt lat="46.4974530" lon="6.7027740"/>
   <trkpt lat="46.4974390" lon="6.7028030"/>
   <trkpt lat="46.4974230" lon="6.7028390"/>
   <trkpt lat="46.4974070" lon="6.7028780"/>
   <trkpt lat="46.4973990" lon="6.7029070"/>
   <trkpt lat="46.4973840" lon="6.7029450"/>
   <trkpt lat="46.4973700" lon="6.7029740"/>
   <trkpt lat="46.4973570" lon="6.7030080"/>
   <trkpt lat="46.4973390" lon="6.7030450"/>
   <trkpt lat="46.4973350" lon="6.7030710"/>
   <trkpt lat="46.4973220" lon="6.7031130"/>
   <trkpt lat="46.4973120" lon="6.7031440"/>
   <trkpt lat="46.4972990" lon="6.7031810"/>
   <trkpt lat="46.4972800" lon="6.7032210"/>
   <trkpt lat="46.4972730" lon="6.7032430"/>
   <trkpt lat="46.4972590" lon="6.7032800"/>
   <trkpt lat="46.4972450" lon="6.7033140"/>
   <trkpt lat="46.4972350" lon="6.7033470"/>
   <trkpt lat="46.4972200" lon="6.7033880"/>
   <trkpt lat="46.4972100" lon="6.7034130"/>
   <trkpt lat="46.4971970" lon="6.7034530"/>
   <trkpt lat="46.4971840" lon="6.7034890"/>
   <trkpt lat="46.4971760" lon="6.7035210"/>
   <trkpt lat="46.4971620" lon="6.7035620"/>
   <trkpt lat="46.4971510" lon="6.7035900"/>
   <trkpt lat="46.4971360" lon="6.7036320"/>
   <trkpt lat="46.4971220" lon="6.7036640"/>
   <trkpt lat="46.4971100" lon="6.7036960"/>
   <trkpt lat="46.4970940" lon="6.7037310"/>
   <trkpt lat="46.4970820" lon="6.7037560"/>
   <trkpt lat="46.4970640" lon="6.7037920"/>
   <trkpt lat="46.4970470" lon="6.7038240"/>
   <trkpt lat="46.4970330" lon="6.7038540"/>
   <trkpt lat="46.4970150" lon="6.7038900"/>
   <trkpt lat="46.4969990" lon="6.7039140"/>
   <trkpt lat="46.4969830" lon="6.7039520"/>
   <trkpt lat="46.4969650" lon="6.7039870"/>
   <trkpt lat="46.4969510" lon="6.7040150"/>
   <trkpt lat="46.4969330" lon="6.7040540"/>
   <trkpt lat="46.4969210" lon="6.7040790"/>
   <trkpt lat="46.4969030" lon="6.7041160"/>
   <trkpt lat="46.4968860" lon="6.7041470"/>
   <trkpt lat="46.4968760" lon="6.7041730"/>
   <trkpt lat="46.4968560" lon="6.7042050"/>
   <trkpt lat="46.4968420" lon="6.7042250"/>
   <trkpt lat="46.4968240" lon="6.7042630"/>
   <trkpt lat="46.4968090" lon="6.7042960"/>
   <trkpt lat="46.4968000" lon="6.7043330"/>
   <trkpt lat="46.4967850" lon="6.7043740"/>
   <trkpt lat="46.4967710" lon="6.7044010"/>
   <trkpt lat="46.4967510" lon="6.7044450"/>
   <trkpt lat="46.4967360" lon="6.7044750"/>
   <trkpt lat="46.4967220" lon="6.7045130"/>
   <trkpt lat="46.4967030" lon="6.7045480"/>
   <trkpt lat="46.4966900" lon="6.7045750"/>
   <trkpt lat="46.4966720" lon="6.7046130"/>
   <trkpt lat="46.4966570" lon="6.7046400"/>
   <trkpt lat="46.4966400" lon="6.7046800"/>
   <trkpt lat="46.4966240" lon="6.7047130"/>
   <trkpt lat="46.4966120" lon="6.7047460"/>
   <trkpt lat="46.4965940" lon="6.7047840"/>
   <trkpt lat="46.4965810" lon="6.7048080"/>
   <trkpt lat="46.4965640" lon="6.7048480"/>
   <trkpt lat="46.4965460" lon="6.7048790"/>
   <trkpt lat="46.4965320" lon="6.7049130"/>
   <trkpt lat="46.4965130" lon="6.7049480"/>
   <trkpt lat="46.4964980" lon="6.7049720"/>
   <trkpt lat="46.4964810" lon="6.7050050"/>
   <trkpt lat="46.4964640" lon="6.7050340"/>
   <trkpt lat="46.4964450" lon="6.7050670"/>
   <trkpt lat="46.4964280" lon="6.7050960"/>
   <trkpt lat="46.4964120" lon="6.7051280"/>
   <trkpt lat="46.4963910" lon="6.7051660"/>
   <trkpt lat="46.4963730" lon="6.7051940"/>
   <trkpt lat="46.4963580" lon="6.7052270"/>
   <trkpt lat="46.4963400" lon="6.7052600"/>
   <trkpt lat="46.4963230" lon="6.7052840"/>
   <trkpt lat="46.4963040" lon="6.7053180"/>
   <trkpt lat="46.4962870" lon="6.7053420"/>
   <trkpt lat="46.4962750" lon="6.7053720"/>
   <trkpt lat="46.4962610" lon="6.7054010"/>
   <trkpt lat="46.4962490" lon="6.7054290"/>
   <trkpt lat="46.4962310" lon="6.7054630"/>
   <trkpt lat="46.4962150" lon="6.7054940"/>
   <trkpt lat="46.4961990" lon="6.7055310"/>
   <trkpt lat="46.4961830" lon="6.7055630"/>
   <trkpt lat="46.4961700" lon="6.7055970"/>
   <trkpt lat="46.4961460" lon="6.7056310"/>
   <trkpt lat="46.4961310" lon="6.7056640"/>
   <trkpt lat="46.4961100" lon="6.7056990"/>
   <trkpt lat="46.4960920" lon="6.7057330"/>
   <trkpt lat="46.4960740" lon="6.7057660"/>
   <trkpt lat="46.4960560" lon="6.7058000"/>
   <trkpt lat="46.4960420" lon="6.7058290"/>
   <trkpt lat="46.4960270" lon="6.7058670"/>
   <trkpt lat="46.4960110" lon="6.7058980"/>
   <trkpt lat="46.4959980" lon="6.7059280"/>
   <trkpt lat="46.4959770" lon="6.7059590"/>
   <trkpt lat="46.4959640" lon="6.7059870"/>
   <trkpt lat="46.4959460" lon="6.7060150"/>
   <trkpt lat="46.4959300" lon="6.7060480"/>
   <trkpt lat="46.4959150" lon="6.7060840"/>
   <trkpt lat="46.4958980" lon="6.7061160"/>
   <trkpt lat="46.4958890" lon="6.7061450"/>
   <trkpt lat="46.4958690" lon="6.7061870"/>
   <trkpt lat="46.4958580" lon="6.7062150"/>
   <trkpt lat="46.4958420" lon="6.7062550"/>
   <trkpt lat="46.4958250" lon="6.7062840"/>
   <trkpt lat="46.4958120" lon="6.7063180"/>
   <trkpt lat="46.4957920" lon="6.7063550"/>
   <trkpt lat="46.4957800" lon="6.7063810"/>
   <trkpt lat="46.4957620" lon="6.7064230"/>
   <trkpt lat="46.4957460" lon="6.7064520"/>
   <trkpt lat="46.4957370" lon="6.7064840"/>
   <trkpt lat="46.4957220" lon="6.7065200"/>
   <trkpt lat="46.4957130" lon="6.7065410"/>
   <trkpt lat="46.4956950" lon="6.7065820"/>
   <trkpt lat="46.4956830" lon="6.7066140"/>
   <trkpt lat="46.4956700" lon="6.7066510"/>
   <trkpt lat="46.4956530" lon="6.7066890"/>
   <trkpt lat="46.4956420" lon="6.7067140"/>
   <trkpt lat="46.4956230" lon="6.7067570"/>
   <trkpt lat="46.4956120" lon="6.7067850"/>
   <trkpt lat="46.4955950" lon="6.7068230"/>
   <trkpt lat="46.4955730" lon="6.7068610"/>
   <trkpt lat="46.4955610" lon="6.7068940"/>
   <trkpt lat="46.4955460" lon="6.7069400"/>
   <trkpt lat="46.4955390" lon="6.7069700"/>
   <trkpt lat="46.4955280" lon="6.7070070"/>
   <trkpt lat="46.4955160" lon="6.7070340"/>
   <trkpt lat="46.4955050" lon="6.7070640"/>
   <trkpt lat="46.4954850" lon="6.7071010"/>
   <trkpt lat="46.4954710" lon="6.7071270"/>
   <trkpt lat="46.4954530" lon="6.7071660"/>
   <trkpt lat="46.4954380" lon="6.7071990"/>
   <trkpt lat="46.4954230" lon="6.7072330"/>
   <trkpt lat="46.4954050" lon="6.7072670"/>
   <trkpt lat="46.4953970" lon="6.7072940"/>
   <trkpt lat="46.4953820" lon="6.7073380"/>
   <trkpt lat="46.4953760" lon="6.7073630"/>
   <trkpt lat="46.4953590" lon="6.7074090"/>
   <trkpt lat="46.4953440" lon="6.7074380"/>
   <trkpt lat="46.4953340" lon="6.7074720"/>
   <trkpt lat="46.4953170" lon="6.7075090"/>
   <trkpt lat="46.4953010" lon="6.7075360"/>
   <trkpt lat="46.4952860" lon="6.7075700"/>
   <trkpt lat="46.4952690" lon="6.7076050"/>
   <trkpt lat="46.4952580" lon="6.7076380"/>
   <trkpt lat="46.4952390" lon="6.7076750"/>
   <trkpt lat="46.4952270" lon="6.7077080"/>
   <trkpt lat="46.4952080" lon="6.7077490"/>
   <trkpt lat="46.4951960" lon="6.7077780"/>
   <trkpt lat="46.4951830" lon="6.7078150"/>
   <trkpt lat="46.4951660" lon="6.7078520"/>
   <trkpt lat="46.4951540" lon="6.7078790"/>
   <trkpt lat="46.4951360" lon="6.7079200"/>
   <trkpt lat="46.4951150" lon="6.7079450"/>
   <trkpt lat="46.4950970" lon="6.7079800"/>
   <trkpt lat="46.4950770" lon="6.7080150"/>
   <trkpt lat="46.4950620" lon="6.7080420"/>
   <trkpt lat="46.4950410" lon="6.7080790"/>
   <trkpt lat="46.4950240" lon="6.7081060"/>
   <trkpt lat="46.4950050" lon="6.7081410"/>
   <trkpt lat="46.4949870" lon="6.7081740"/>
   <trkpt lat="46.4949730" lon="6.7082040"/>
   <trkpt lat="46.4949500" lon="6.7082390"/>
   <trkpt lat="46.4949300" lon="6.7082620"/>
   <trkpt lat="46.4949120" lon="6.7082960"/>
   <trkpt lat="46.4948930" lon="6.7083230"/>
   <trkpt lat="46.4948740" lon="6.7083580"/>
   <trkpt lat="46.4948540" lon="6.7083930"/>
   <trkpt lat="46.4948410" lon="6.7084170"/>
   <trkpt lat="46.4948200" lon="6.7084490"/>
   <trkpt lat="46.4948010" lon="6.7084750"/>
   <trkpt lat="46.4947820" lon="6.7085040"/>
   <trkpt lat="46.4947580" lon="6.7085360"/>
   <trkpt lat="46.4947400" lon="6.7085600"/>
   <trkpt lat="46.4947160" lon="6.7085940"/>
   <trkpt lat="46.4946990" lon="6.7086210"/>
   <trkpt lat="46.4946780" lon="6.7086500"/>
   <trkpt lat="46.4946590" lon="6.7086790"/>
   <trkpt lat="46.4946480" lon="6.7087040"/>
   <trkpt lat="46.4946290" lon="6.7087370"/>
   <trkpt lat="46.4946090" lon="6.7087640"/>
   <trkpt lat="46.4945920" lon="6.7087970"/>
   <trkpt lat="46.4945720" lon="6.7088270"/>
   <trkpt lat="46.4945520" lon="6.7088510"/>
   <trkpt lat="46.4945270" lon="6.7088890"/>
   <trkpt lat="46.4945080" lon="6.7089150"/>
   <trkpt lat="46.4944890" lon="6.7089480"/>
   <trkpt lat="46.4944690" lon="6.7089770"/>
   <trkpt lat="46.4944540" lon="6.7090010"/>
   <trkpt lat="46.4944320" lon="6.7090350"/>
   <trkpt lat="46.4944130" lon="6.7090560"/>
   <trkpt lat="46.4943880" lon="6.7090810"/>
   <trkpt lat="46.4943680" lon="6.7091090"/>
   <trkpt lat="46.4943540" lon="6.7091370"/>
   <trkpt lat="46.4943310" lon="6.7091730"/>
   <trkpt lat="46.4943170" lon="6.7092060"/>
   <trkpt lat="46.4942960" lon="6.7092370"/>
   <trkpt lat="46.4942750" lon="6.7092680"/>
   <trkpt lat="46.4942570" lon="6.7092970"/>
   <trkpt lat="46.4942330" lon="6.7093310"/>
   <trkpt lat="46.4942180" lon="6.7093570"/>
   <trkpt lat="46.4942020" lon="6.7093890"/>
   <trkpt lat="46.4941790" lon="6.7094190"/>
   <trkpt lat="46.4941650" lon="6.7094460"/>
   <trkpt lat="46.4941400" lon="6.7094750"/>
   <trkpt lat="46.4941160" lon="6.7094940"/>
   <trkpt lat="46.4940990" lon="6.7095230"/>
   <trkpt lat="46.4940770" lon="6.7095530"/>
   <trkpt lat="46.4940610" lon="6.7095830"/>
   <trkpt lat="46.4940370" lon="6.7096130"/>
   <trkpt lat="46.4940200" lon="6.7096330"/>
   <trkpt lat="46.4939970" lon="6.7096600"/>
   <trkpt lat="46.4939760" lon="6.7096900"/>
   <trkpt lat="46.4939570" lon="6.7097110"/>
   <trkpt lat="46.4939320" lon="6.7097420"/>
   <trkpt lat="46.4939100" lon="6.7097570"/>
   <trkpt lat="46.4938920" lon="6.7097900"/>
   <trkpt lat="46.4938730" lon="6.7098190"/>
   <trkpt lat="46.4938660" lon="6.7098480"/>
   <trkpt lat="46.4938430" lon="6.7098790"/>
   <trkpt lat="46.4938240" lon="6.7099030"/>
   <trkpt lat="46.4938020" lon="6.7099360"/>
   <trkpt lat="46.4937820" lon="6.7099640"/>
   <trkpt lat="46.4937670" lon="6.7099940"/>
   <trkpt lat="46.4937450" lon="6.7100200"/>
   <trkpt lat="46.4937260" lon="6.7100390"/>
   <trkpt lat="46.4937040" lon="6.7100660"/>
   <trkpt lat="46.4936840" lon="6.7100950"/>
   <trkpt lat="46.4936730" lon="6.7101220"/>
   <trkpt lat="46.4936500" lon="6.7101530"/>
   <trkpt lat="46.4936320" lon="6.7101800"/>
   <trkpt lat="46.4936080" lon="6.7102120"/>
   <trkpt lat="46.4935880" lon="6.7102400"/>
   <trkpt lat="46.4935720" lon="6.7102710"/>
   <trkpt lat="46.4935500" lon="6.7103020"/>
   <trkpt lat="46.4935300" lon="6.7103170"/>
   <trkpt lat="46.4935130" lon="6.7103480"/>
   <trkpt lat="46.4934940" lon="6.7103760"/>
   <trkpt lat="46.4934810" lon="6.7104080"/>
   <trkpt lat="46.4934620" lon="6.7104400"/>
   <trkpt lat="46.4934410" lon="6.7104620"/>
   <trkpt lat="46.4934250" lon="6.7104960"/>
   <trkpt lat="46.4934080" lon="6.7105270"/>
   <trkpt lat="46.4933960" lon="6.7105550"/>
   <trkpt lat="46.4933720" lon="6.7105900"/>
   <trkpt lat="46.4933530" lon="6.7106180"/>
   <trkpt lat="46.4933340" lon="6.7106450"/>
   <trkpt lat="46.4933170" lon="6.7106730"/>
   <trkpt lat="46.4933040" lon="6.7107030"/>
   <trkpt lat="46.4932820" lon="6.7107310"/>
   <trkpt lat="46.4932590" lon="6.7107490"/>
   <trkpt lat="46.4932400" lon="6.7107770"/>
   <trkpt lat="46.4932200" lon="6.7108060"/>
   <trkpt lat="46.4932050" lon="6.7108390"/>
   <trkpt lat="46.4931800" lon="6.7108750"/>
   <trkpt lat="46.4931630" lon="6.7109000"/>
   <trkpt lat="46.4931380" lon="6.7109280"/>
   <trkpt lat="46.4931170" lon="6.7109560"/>
   <trkpt lat="46.4931000" lon="6.7109810"/>
   <trkpt lat="46.4930770" lon="6.7110120"/>
   <trkpt lat="46.4930570" lon="6.7110370"/>
   <trkpt lat="46.4930360" lon="6.7110660"/>
   <trkpt lat="46.4930100" lon="6.7110910"/>
   <trkpt lat="46.4929890" lon="6.7111160"/>
   <trkpt lat="46.4929610" lon="6.7111430"/>
   <trkpt lat="46.4929450" lon="6.7111680"/>
   <trkpt lat="46.4929250" lon="6.7111980"/>
   <trkpt lat="46.4929020" lon="6.7112250"/>
   <trkpt lat="46.4928810" lon="6.7112500"/>
   <trkpt lat="46.4928570" lon="6.7112790"/>
   <trkpt lat="46.4928370" lon="6.7113030"/>
   <trkpt lat="46.4928140" lon="6.7113320"/>
   <trkpt lat="46.4927930" lon="6.7113590"/>
   <trkpt lat="46.4927760" lon="6.7113890"/>
   <trkpt lat="46.4927520" lon="6.7114210"/>
   <trkpt lat="46.4927380" lon="6.7114450"/>
   <trkpt lat="46.4927180" lon="6.7114780"/>
   <trkpt lat="46.4927000" lon="6.7115000"/>
   <trkpt lat="46.4926860" lon="6.7115260"/>
   <trkpt lat="46.4926620" lon="6.7115540"/>
   <trkpt lat="46.4926440" lon="6.7115740"/>
   <trkpt lat="46.4926210" lon="6.7116130"/>
   <trkpt lat="46.4925990" lon="6.7116400"/>
   <trkpt lat="46.4925790" lon="6.7116710"/>
   <trkpt lat="46.4925560" lon="6.7116970"/>
   <trkpt lat="46.4925440" lon="6.7117220"/>
   <trkpt lat="46.4925200" lon="6.7117590"/>
   <trkpt lat="46.4925060" lon="6.7117840"/>
   <trkpt lat="46.4924850" lon="6.7118160"/>
   <trkpt lat="46.4924660" lon="6.7118410"/>
   <trkpt lat="46.4924520" lon="6.7118640"/>
   <trkpt lat="46.4924300" lon="6.7118990"/>
   <trkpt lat="46.4924120" lon="6.7119210"/>
   <trkpt lat="46.4923920" lon="6.7119540"/>
   <trkpt lat="46.4923690" lon="6.7119800"/>
   <trkpt lat="46.4923520" lon="6.7120070"/>
   <trkpt lat="46.4923300" lon="6.7120380"/>
   <trkpt lat="46.4923120" lon="6.7120630"/>
   <trkpt lat="46.4922910" lon="6.7120950"/>
   <trkpt lat="46.4922700" lon="6.7121210"/>
   <trkpt lat="46.4922560" lon="6.7121530"/>
   <trkpt lat="46.4922320" lon="6.7121840"/>
   <trkpt lat="46.4922170" lon="6.7122090"/>
   <trkpt lat="46.4921900" lon="6.7122450"/>
   <trkpt lat="46.4921710" lon="6.7122740"/>
   <trkpt lat="46.4921500" lon="6.7123050"/>
   <trkpt lat="46.4921260" lon="6.7123320"/>
   <trkpt lat="46.4921110" lon="6.7123600"/>
   <trkpt lat="46.4920870" lon="6.7123930"/>
   <trkpt lat="46.4920710" lon="6.7124160"/>
   <trkpt lat="46.4920510" lon="6.7124470"/>
   <trkpt lat="46.4920290" lon="6.7124740"/>
   <trkpt lat="46.4920120" lon="6.7125040"/>
   <trkpt lat="46.4919890" lon="6.7125360"/>
   <trkpt lat="46.4919730" lon="6.7125630"/>
   <trkpt lat="46.4919500" lon="6.7125970"/>
   <trkpt lat="46.4919250" lon="6.7126240"/>
   <trkpt lat="46.4919050" lon="6.7126530"/>
   <trkpt lat="46.4918780" lon="6.7126850"/>
   <trkpt lat="46.4918570" lon="6.7127070"/>
   <trkpt lat="46.4918350" lon="6.7127410"/>
   <trkpt lat="46.4918120" lon="6.7127650"/>
   <trkpt lat="46.4917930" lon="6.7127980"/>
   <trkpt lat="46.4917690" lon="6.7128290"/>
   <trkpt lat="46.4917550" lon="6.7128550"/>
   <trkpt lat="46.4917320" lon="6.7128870"/>
   <trkpt lat="46.4917090" lon="6.7129100"/>
   <trkpt lat="46.4916880" lon="6.7129360"/>
   <trkpt lat="46.4916650" lon="6.7129660"/>
   <trkpt lat="46.4916500" lon="6.7129900"/>
   <trkpt lat="46.4916300" lon="6.7130260"/>
   <trkpt lat="46.4916110" lon="6.7130560"/>
   <trkpt lat="46.4915950" lon="6.7130900"/>
   <trkpt lat="46.4915780" lon="6.7131250"/>
   <trkpt lat="46.4915670" lon="6.7131560"/>
   <trkpt lat="46.4915530" lon="6.7131930"/>
   <trkpt lat="46.4915350" lon="6.7132250"/>
   <trkpt lat="46.4915180" lon="6.7132570"/>
   <trkpt lat="46.4914930" lon="6.7132910"/>
   <trkpt lat="46.4914800" lon="6.7133160"/>
   <trkpt lat="46.4914610" lon="6.7133560"/>
   <trkpt lat="46.4914450" lon="6.7133870"/>
   <trkpt lat="46.4914330" lon="6.7134240"/>
   <trkpt lat="46.4914170" lon="6.7134590"/>
   <trkpt lat="46.4914070" lon="6.7134880"/>
   <trkpt lat="46.4913920" lon="6.7135300"/>
   <trkpt lat="46.4913780" lon="6.7135610"/>
   <trkpt lat="46.4913620" lon="6.7136000"/>
   <trkpt lat="46.4913440" lon="6.7136390"/>
   <trkpt lat="46.4913320" lon="6.7136750"/>
   <trkpt lat="46.4913110" lon="6.7137220"/>
   <trkpt lat="46.4912990" lon="6.7137540"/>
   <trkpt lat="46.4912790" lon="6.7137960"/>
   <trkpt lat="46.4912660" lon="6.7138330"/>
   <trkpt lat="46.4912560" lon="6.7138560"/>
   <trkpt lat="46.4912420" lon="6.7138870"/>
   <trkpt lat="46.4912250" lon="6.7139130"/>
   <trkpt lat="46.4912020" lon="6.7139490"/>
   <trkpt lat="46.4911850" lon="6.7139820"/>
   <trkpt lat="46.4911720" lon="6.7140230"/>
   <trkpt lat="46.4911580" lon="6.7140580"/>
   <trkpt lat="46.4911480" lon="6.7140940"/>
   <trkpt lat="46.4911280" lon="6.7141350"/>
   <trkpt lat="46.4911120" lon="6.7141590"/>
   <trkpt lat="46.4910950" lon="6.7142010"/>
   <trkpt lat="46.4910790" lon="6.7142330"/>
   <trkpt lat="46.4910670" lon="6.7142670"/>
   <trkpt lat="46.4910490" lon="6.7143050"/>
   <trkpt lat="46.4910340" lon="6.7143300"/>
   <trkpt lat="46.4910190" lon="6.7143660"/>
   <trkpt lat="46.4910010" lon="6.7143990"/>
   <trkpt lat="46.4909890" lon="6.7144270"/>
   <trkpt lat="46.4909710" lon="6.7144610"/>
   <trkpt lat="46.4909550" lon="6.7144910"/>
   <trkpt lat="46.4909420" lon="6.7145260"/>
   <trkpt lat="46.4909250" lon="6.7145640"/>
   <trkpt lat="46.4909160" lon="6.7145890"/>
   <trkpt lat="46.4908960" lon="6.7146260"/>
   <trkpt lat="46.4908780" lon="6.7146520"/>
   <trkpt lat="46.4908620" lon="6.7146850"/>
   <trkpt lat="46.4908430" lon="6.7147230"/>
   <trkpt lat="46.4908330" lon="6.7147580"/>
   <trkpt lat="46.4908150" lon="6.7147960"/>
   <trkpt lat="46.4907970" lon="6.7148280"/>
   <trkpt lat="46.4907780" lon="6.7148600"/>
   <trkpt lat="46.4907580" lon="6.7148940"/>
   <trkpt lat="46.4907450" lon="6.7149210"/>
   <trkpt lat="46.4907250" lon="6.7149560"/>
   <trkpt lat="46.4907030" lon="6.7149890"/>
   <trkpt lat="46.4906840" lon="6.7150150"/>
   <trkpt lat="46.4906610" lon="6.7150440"/>
   <trkpt lat="46.4906430" lon="6.7150660"/>
   <trkpt lat="46.4906230" lon="6.7150960"/>
   <trkpt lat="46.4906050" lon="6.7151230"/>
   <trkpt lat="46.4905900" lon="6.7151510"/>
   <trkpt lat="46.4905660" lon="6.7151850"/>
   <trkpt lat="46.4905510" lon="6.7152130"/>
   <trkpt lat="46.4905310" lon="6.7152480"/>
   <trkpt lat="46.4905130" lon="6.7152800"/>
   <trkpt lat="46.4904930" lon="6.7153100"/>
   <trkpt lat="46.4904730" lon="6.7153420"/>
   <trkpt lat="46.4904610" lon="6.7153680"/>
   <trkpt lat="46.4904370" lon="6.7154050"/>
   <trkpt lat="46.4904180" lon="6.7154310"/>
   <trkpt lat="46.4904020" lon="6.7154640"/>
   <trkpt lat="46.4903830" lon="6.7154930"/>
   <trkpt lat="46.4903720" lon="6.7155210"/>
   <trkpt lat="46.4903490" lon="6.7155600"/>
   <trkpt lat="46.4903330" lon="6.7155930"/>
   <trkpt lat="46.4903140" lon="6.7156250"/>
   <trkpt lat="46.4902930" lon="6.7156550"/>
   <trkpt lat="46.4902770" lon="6.7156860"/>
   <trkpt lat="46.4902520" lon="6.7157240"/>
   <trkpt lat="46.4902380" lon="6.7157460"/>
   <trkpt lat="46.4902200" lon="6.7157800"/>
   <trkpt lat="46.4902000" lon="6.7158090"/>
   <trkpt lat="46.4901880" lon="6.7158390"/>
   <trkpt lat="46.4901690" lon="6.7158750"/>
   <trkpt lat="46.4901570" lon="6.7159000"/>
   <trkpt lat="46.4901390" lon="6.7159370"/>
   <trkpt lat="46.4901220" lon="6.7159690"/>
   <trkpt lat="46.4901050" lon="6.7160000"/>
   <trkpt lat="46.4900850" lon="6.7160360"/>
   <trkpt lat="46.4900760" lon="6.7160600"/>
   <trkpt lat="46.4900600" lon="6.7160980"/>
   <trkpt lat="46.4900460" lon="6.7161280"/>
   <trkpt lat="46.4900290" lon="6.7161640"/>
   <trkpt lat="46.4900120" lon="6.7161960"/>
   <trkpt lat="46.4900000" lon="6.7162190"/>
   <trkpt lat="46.4899790" lon="6.7162620"/>
   <trkpt lat="46.4899670" lon="6.7162910"/>
   <trkpt lat="46.4899520" lon="6.7163270"/>
   <trkpt lat="46.4899370" lon="6.7163590"/>
   <trkpt lat="46.4899270" lon="6.7163880"/>
   <trkpt lat="46.4899080" lon="6.7164280"/>
   <trkpt lat="46.4898970" lon="6.7164540"/>
   <trkpt lat="46.4898790" lon="6.7164910"/>
   <trkpt lat="46.4898600" lon="6.7165190"/>
   <trkpt lat="46.4898420" lon="6.7165470"/>
   <trkpt lat="46.4898180" lon="6.7165830"/>
   <trkpt lat="46.4898070" lon="6.7166080"/>
   <trkpt lat="46.4897880" lon="6.7166480"/>
   <trkpt lat="46.4897680" lon="6.7166790"/>
   <trkpt lat="46.4897520" lon="6.7167090"/>
   <trkpt lat="46.4897370" lon="6.7167460"/>
   <trkpt lat="46.4897250" lon="6.7167760"/>
   <trkpt lat="46.4897100" lon="6.7168100"/>
   <trkpt lat="46.4896910" lon="6.7168420"/>
   <trkpt lat="46.4896760" lon="6.7168730"/>
   <trkpt lat="46.4896550" lon="6.7169070"/>
   <trkpt lat="46.4896420" lon="6.7169340"/>
   <trkpt lat="46.4896240" lon="6.7169710"/>
   <trkpt lat="46.4896080" lon="6.7170050"/>
   <trkpt lat="46.4895960" lon="6.7170410"/>
   <trkpt lat="46.4895730" lon="6.7170790"/>
   <trkpt lat="46.4895580" lon="6.7171060"/>
   <trkpt lat="46.4895390" lon="6.7171430"/>
   <trkpt lat="46.4895200" lon="6.7171700"/>
   <trkpt lat="46.4895050" lon="6.7172020"/>
   <trkpt lat="46.4894870" lon="6.7172380"/>
   <trkpt lat="46.4894740" lon="6.7172640"/>
   <trkpt lat="46.4894550" lon="6.7173030"/>
   <trkpt lat="46.4894420" lon="6.7173310"/>
   <trkpt lat="46.4894310" lon="6.7173680"/>
   <trkpt lat="46.4894110" lon="6.7174030"/>
   <trkpt lat="46.4893950" lon="6.7174380"/>
   <trkpt lat="46.4893820" lon="6.7174670"/>
   <trkpt lat="46.4893680" lon="6.7174990"/>
   <trkpt lat="46.4893540" lon="6.7175310"/>
   <trkpt lat="46.4893380" lon="6.7175570"/>
   <trkpt lat="46.4893260" lon="6.7175880"/>
   <trkpt lat="46.4893090" lon="6.7176130"/>
   <trkpt lat="46.4892950" lon="6.7176480"/>
   <trkpt lat="46.4892740" lon="6.7176770"/>
   <trkpt lat="46.4892580" lon="6.7177090"/>
   <trkpt lat="46.4892410" lon="6.7177400"/>
   <trkpt lat="46.4892220" lon="6.7177810"/>
   <trkpt lat="46.4892090" lon="6.7178100"/>
   <trkpt lat="46.4891880" lon="6.7178510"/>
   <trkpt lat="46.4891740" lon="6.7178810"/>
   <trkpt lat="46.4891570" lon="6.7179230"/>
   <trkpt lat="46.4891390" lon="6.7179570"/>
   <trkpt lat="46.4891260" lon="6.7179880"/>
   <trkpt lat="46.4891080" lon="6.7180280"/>
   <trkpt lat="46.4890920" lon="6.7180530"/>
   <trkpt lat="46.4890730" lon="6.7180910"/>
   <trkpt lat="46.4890560" lon="6.7181190"/>
   <trkpt lat="46.4890410" lon="6.7181500"/>
   <trkpt lat="46.4890230" lon="6.7181790"/>
   <trkpt lat="46.4890110" lon="6.7182050"/>
   <trkpt lat="46.4889910" lon="6.7182440"/>
   <trkpt lat="46.4889800" lon="6.7182750"/>
   <trkpt lat="46.4889660" lon="6.7183120"/>
   <trkpt lat="46.4889530" lon="6.7183440"/>
   <trkpt lat="46.4889410" lon="6.7183690"/>
   <trkpt lat="46.4889190" lon="6.7184040"/>
   <trkpt lat="46.4889020" lon="6.7184240"/>
   <trkpt lat="46.4888820" lon="6.7184590"/>
   <trkpt lat="46.4888640" lon="6.7184880"/>
   <trkpt lat="46.4888510" lon="6.7185150"/>
   <trkpt lat="46.4888290" lon="6.7185500"/>
   <trkpt lat="46.4888160" lon="6.7185760"/>
   <trkpt lat="46.4887960" lon="6.7186070"/>
   <trkpt lat="46.4887770" lon="6.7186360"/>
   <trkpt lat="46.4887650" lon="6.7186650"/>
   <trkpt lat="46.4887390" lon="6.7187010"/>
   <trkpt lat="46.4887240" lon="6.7187260"/>
   <trkpt lat="46.4887040" lon="6.7187630"/>
   <trkpt lat="46.4886840" lon="6.7187860"/>
   <trkpt lat="46.4886690" lon="6.7188190"/>
   <trkpt lat="46.4886480" lon="6.7188510"/>
   <trkpt lat="46.4886320" lon="6.7188760"/>
   <trkpt lat="46.4886120" lon="6.7189150"/>
   <trkpt lat="46.4885940" lon="6.7189400"/>
   <trkpt lat="46.4885800" lon="6.7189720"/>
   <trkpt lat="46.4885630" lon="6.7190050"/>
   <trkpt lat="46.4885500" lon="6.7190280"/>
   <trkpt lat="46.4885320" lon="6.7190650"/>
   <trkpt lat="46.4885130" lon="6.7190830"/>
   <trkpt lat="46.4884980" lon="6.7191180"/>
   <trkpt lat="46.4884790" lon="6.7191520"/>
   <trkpt lat="46.4884690" lon="6.7191810"/>
   <trkpt lat="46.4884450" lon="6.7192160"/>
   <trkpt lat="46.4884300" lon="6.7192390"/>
   <trkpt lat="46.4884100" lon="6.7192710"/>
   <trkpt lat="46.4883890" lon="6.7192990"/>
   <trkpt lat="46.4883740" lon="6.7193260"/>
   <trkpt lat="46.4883520" lon="6.7193610"/>
   <trkpt lat="46.4883340" lon="6.7193870"/>
   <trkpt lat="46.4883120" lon="6.7194220"/>
   <trkpt lat="46.4882910" lon="6.7194530"/>
   <trkpt lat="46.4882750" lon="6.7194810"/>
   <trkpt lat="46.4882520" lon="6.7195150"/>
   <trkpt lat="46.4882420" lon="6.7195420"/>
   <trkpt lat="46.4882240" lon="6.7195750"/>
   <trkpt lat="46.4882040" lon="6.7196030"/>
   <trkpt lat="46.4881850" lon="6.7196270"/>
   <trkpt lat="46.4881610" lon="6.7196610"/>
   <trkpt lat="46.4881440" lon="6.7196780"/>
   <trkpt lat="46.4881230" lon="6.7197120"/>
   <trkpt lat="46.4881040" lon="6.7197400"/>
   <trkpt lat="46.4880860" lon="6.7197680"/>
   <trkpt lat="46.4880650" lon="6.7198000"/>
   <trkpt lat="46.4880570" lon="6.7198270"/>
   <trkpt lat="46.4880410" lon="6.7198640"/>
   <trkpt lat="46.4880240" lon="6.7198930"/>
   <trkpt lat="46.4880090" lon="6.7199300"/>
   <trkpt lat="46.4879890" lon="6.7199650"/>
   <trkpt lat="46.4879720" lon="6.7199940"/>
   <trkpt lat="46.4879540" lon="6.7200280"/>
   <trkpt lat="46.4879360" lon="6.7200540"/>
   <trkpt lat="46.4879210" lon="6.7200890"/>
   <trkpt lat="46.4879050" lon="6.7201240"/>
   <trkpt lat="46.4878940" lon="6.7201530"/>
   <trkpt lat="46.4878770" lon="6.7201910"/>
   <trkpt lat="46.4878610" lon="6.7202180"/>
   <trkpt lat="46.4878480" lon="6.7202520"/>
   <trkpt lat="46.4878320" lon="6.7202860"/>
   <trkpt lat="46.4878210" lon="6.7203140"/>
   <trkpt lat="46.4878000" lon="6.7203520"/>
   <trkpt lat="46.4877900" lon="6.7203820"/>
   <trkpt lat="46.4877770" lon="6.7204170"/>
   <trkpt lat="46.4877580" lon="6.7204520"/>
   <trkpt lat="46.4877440" lon="6.7204830"/>
   <trkpt lat="46.4877220" lon="6.7205180"/>
   <trkpt lat="46.4877100" lon="6.7205430"/>
   <trkpt lat="46.4876920" lon="6.7205820"/>
   <trkpt lat="46.4876740" lon="6.7206160"/>
   <trkpt lat="46.4876590" lon="6.7206480"/>
   <trkpt lat="46.4876390" lon="6.7206830"/>
   <trkpt lat="46.4876260" lon="6.7207110"/>
   <trkpt lat="46.4876110" lon="6.7207480"/>
   <trkpt lat="46.4875930" lon="6.7207810"/>
   <trkpt lat="46.4875830" lon="6.7208110"/>
   <trkpt lat="46.4875650" lon="6.7208510"/>
   <trkpt lat="46.4875590" lon="6.7208830"/>
   <trkpt lat="46.4875450" lon="6.7209230"/>
   <trkpt lat="46.4875280" lon="6.7209580"/>
   <trkpt lat="46.4875170" lon="6.7209890"/>
   <trkpt lat="46.4875020" lon="6.7210260"/>
   <trkpt lat="46.4874950" lon="6.7210580"/>
   <trkpt lat="46.4874780" lon="6.7210970"/>
   <trkpt lat="46.4874650" lon="6.7211330"/>
   <trkpt lat="46.4874600" lon="6.7211680"/>
   <trkpt lat="46.4874460" lon="6.7212090"/>
   <trkpt lat="46.4874370" lon="6.7212390"/>
   <trkpt lat="46.4874270" lon="6.7212810"/>
   <trkpt lat="46.4874150" lon="6.7213170"/>
   <trkpt lat="46.4874090" lon="6.7213580"/>
   <trkpt lat="46.4873980" lon="6.7214000"/>
   <trkpt lat="46.4873950" lon="6.7214300"/>
   <trkpt lat="46.4873850" lon="6.7214740"/>
   <trkpt lat="46.4873750" lon="6.7215070"/>
   <trkpt lat="46.4873660" lon="6.7215490"/>
   <trkpt lat="46.4873590" lon="6.7215880"/>
   <trkpt lat="46.4873560" lon="6.7216240"/>
   <trkpt lat="46.4873470" lon="6.7216710"/>
   <trkpt lat="46.4873380" lon="6.7217030"/>
   <trkpt lat="46.4873320" lon="6.7217430"/>
   <trkpt lat="46.4873220" lon="6.7217840"/>
   <trkpt lat="46.4873180" lon="6.7218220"/>
   <trkpt lat="46.4873150" lon="6.7218680"/>
   <trkpt lat="46.4873060" lon="6.7219030"/>
   <trkpt lat="46.4873000" lon="6.7219500"/>
   <trkpt lat="46.4872950" lon="6.7219910"/>
   <trkpt lat="46.4872930" lon="6.7220230"/>
   <trkpt lat="46.4872890" lon="6.7220670"/>
   <trkpt lat="46.4872840" lon="6.7220980"/>
   <trkpt lat="46.4872820" lon="6.7221420"/>
   <trkpt lat="46.4872800" lon="6.7221850"/>
   <trkpt lat="46.4872800" lon="6.7222230"/>
   <trkpt lat="46.4872810" lon="6.7222680"/>
   <trkpt lat="46.4872810" lon="6.7222970"/>
   <trkpt lat="46.4872800" lon="6.7223420"/>
   <trkpt lat="46.4872800" lon="6.7223800"/>
   <trkpt lat="46.4872850" lon="6.7224180"/>
   <trkpt lat="46.4872860" lon="6.7224660"/>
   <trkpt lat="46.4872920" lon="6.7225000"/>
   <trkpt lat="46.4872910" lon="6.7225450"/>
   <trkpt lat="46.4872880" lon="6.7225830"/>
   <trkpt lat="46.4872910" lon="6.7226200"/>
   <trkpt lat="46.4872890" lon="6.7226620"/>
   <trkpt lat="46.4872920" lon="6.7226970"/>
   <trkpt lat="46.4872890" lon="6.7227420"/>
   <trkpt lat="46.4872910" lon="6.7227800"/>
   <trkpt lat="46.4872960" lon="6.7228170"/>
   <trkpt lat="46.4872990" lon="6.7228610"/>
   <trkpt lat="46.4873020" lon="6.7228900"/>
   <trkpt lat="46.4873060" lon="6.7229370"/>
   <trkpt lat="46.4873070" lon="6.7229780"/>
   <trkpt lat="46.4873110" lon="6.7230130"/>
   <trkpt lat="46.4873140" lon="6.7230630"/>
   <trkpt lat="46.4873190" lon="6.7230910"/>
   <trkpt lat="46.4873290" lon="6.7231310"/>
   <trkpt lat="46.4873370" lon="6.7231630"/>
   <trkpt lat="46.4873420" lon="6.7232000"/>
   <trkpt lat="46.4873470" lon="6.7232460"/>
   <trkpt lat="46.4873530" lon="6.7232790"/>
   <trkpt lat="46.4873580" lon="6.7233200"/>
   <trkpt lat="46.4873600" lon="6.7233560"/>
   <trkpt lat="46.4873660" lon="6.7233940"/>
   <trkpt lat="46.4873670" lon="6.7234370"/>
   <trkpt lat="46.4873700" lon="6.7234680"/>
   <trkpt lat="46.4873790" lon="6.7235130"/>
   <trkpt lat="46.4873800" lon="6.7235490"/>
   <trkpt lat="46.4873840" lon="6.7235880"/>
   <trkpt lat="46.4873840" lon="6.7236330"/>
   <trkpt lat="46.4873900" lon="6.7236630"/>
   <trkpt lat="46.4873930" lon="6.7237060"/>
   <trkpt lat="46.4873960" lon="6.7237390"/>
   <trkpt lat="46.4873990" lon="6.7237790"/>
   <trkpt lat="46.4874000" lon="6.7238200"/>
   <trkpt lat="46.4874030" lon="6.7238500"/>
   <trkpt lat="46.4874060" lon="6.7238970"/>
   <trkpt lat="46.4874100" lon="6.7239280"/>
   <trkpt lat="46.4874150" lon="6.7239670"/>
   <trkpt lat="46.4874130" lon="6.7240060"/>
   <trkpt lat="46.4874150" lon="6.7240390"/>
   <trkpt lat="46.4874130" lon="6.7240850"/>
   <trkpt lat="46.4874150" lon="6.7241200"/>
   <trkpt lat="46.4874180" lon="6.7241640"/>
   <trkpt lat="46.4874210" lon="6.7241990"/>
   <trkpt lat="46.4874260" lon="6.7242360"/>
   <trkpt lat="46.4874300" lon="6.7242780"/>
   <trkpt lat="46.4874340" lon="6.7243070"/>
   <trkpt lat="46.4874440" lon="6.7243500"/>
   <trkpt lat="46.4874500" lon="6.7243850"/>
   <trkpt lat="46.4874620" lon="6.7244280"/>
   <trkpt lat="46.4874650" lon="6.7244720"/>
   <trkpt lat="46.4874680" lon="6.7245020"/>
   <trkpt lat="46.4874770" lon="6.7245500"/>
   <trkpt lat="46.4874800" lon="6.7245790"/>
   <trkpt lat="46.4874880" lon="6.7246200"/>
   <trkpt lat="46.4874980" lon="6.7246610"/>
   <trkpt lat="46.4875030" lon="6.7246940"/>
   <trkpt lat="46.4875100" lon="6.7247350"/>
   <trkpt lat="46.4875130" lon="6.7247660"/>
   <trkpt lat="46.4875230" lon="6.7248040"/>
   <trkpt lat="46.4875270" lon="6.7248410"/>
   <trkpt lat="46.4875350" lon="6.7248780"/>
   <trkpt lat="46.4875370" lon="6.7249180"/>
   <trkpt lat="46.4875440" lon="6.7249520"/>
   <trkpt lat="46.4875520" lon="6.7249910"/>
   <trkpt lat="46.4875570" lon="6.7250270"/>
   <trkpt lat="46.4875640" lon="6.7250530"/>
   <trkpt lat="46.4875700" lon="6.7250970"/>
   <trkpt lat="46.4875760" lon="6.7251280"/>
   <trkpt lat="46.4875840" lon="6.7251690"/>
   <trkpt lat="46.4875870" lon="6.7252060"/>
   <trkpt lat="46.4875920" lon="6.7252350"/>
   <trkpt lat="46.4875990" lon="6.7252790"/>
   <trkpt lat="46.4876020" lon="6.7253110"/>
   <trkpt lat="46.4876130" lon="6.7253520"/>
   <trkpt lat="46.4876160" lon="6.7253920"/>
   <trkpt lat="46.4876200" lon="6.7254270"/>
   <trkpt lat="46.4876290" lon="6.7254680"/>
   <trkpt lat="46.4876350" lon="6.7255000"/>
   <trkpt lat="46.4876440" lon="6.7255380"/>
   <trkpt lat="46.4876490" lon="6.7255770"/>
   <trkpt lat="46.4876610" lon="6.7256080"/>
   <trkpt lat="46.4876680" lon="6.7256510"/>
   <trkpt lat="46.4876760" lon="6.7256880"/>
   <trkpt lat="46.4876840" lon="6.7257290"/>
   <trkpt lat="46.4876900" lon="6.7257700"/>
   <trkpt lat="46.4877000" lon="6.7258000"/>
   <trkpt lat="46.4877110" lon="6.7258380"/>
   <trkpt lat="46.4877230" lon="6.7258620"/>
   <trkpt lat="46.4877370" lon="6.7259000"/>
   <trkpt lat="46.4877450" lon="6.7259410"/>
   <trkpt lat="46.4877540" lon="6.7259760"/>
   <trkpt lat="46.4877650" lon="6.7260210"/>
   <trkpt lat="46.4877780" lon="6.7260490"/>
   <trkpt lat="46.4877890" lon="6.7260880"/>
   <trkpt lat="46.4877990" lon="6.7261250"/>
   <trkpt lat="46.4878120" lon="6.7261540"/>
   <trkpt lat="46.4878220" lon="6.7261980"/>
   <trkpt lat="46.4878300" lon="6.7262250"/>
   <trkpt lat="46.4878410" lon="6.7262630"/>
   <trkpt lat="46.4878490" lon="6.7262990"/>
   <trkpt lat="46.4878600" lon="6.7263320"/>
   <trkpt lat="46.4878700" lon="6.7263620"/>
   <trkpt lat="46.4878800" lon="6.7263830"/>
   <trkpt lat="46.4878930" lon="6.7264260"/>
   <trkpt lat="46.4878980" lon="6.7264620"/>
   <trkpt lat="46.4879140" lon="6.7264960"/>
   <trkpt lat="46.4879240" lon="6.7265350"/>
   <trkpt lat="46.4879360" lon="6.7265630"/>
   <trkpt lat="46.4879540" lon="6.7266060"/>
   <trkpt lat="46.4879620" lon="6.7266370"/>
   <trkpt lat="46.4879770" lon="6.7266730"/>
   <trkpt lat="46.4879890" lon="6.7267090"/>
   <trkpt lat="46.4880060" lon="6.7267360"/>
   <trkpt lat="46.4880220" lon="6.7267790"/>
   <trkpt lat="46.4880370" lon="6.7268110"/>
   <trkpt lat="46.4880540" lon="6.7268490"/>
   <trkpt lat="46.4880680" lon="6.7268880"/>
   <trkpt lat="46.4880830" lon="6.7269170"/>
   <trkpt lat="46.4881030" lon="6.7269580"/>
   <trkpt lat="46.4881210" lon="6.7269790"/>
   <trkpt lat="46.4881460" lon="6.7270190"/>
   <trkpt lat="46.4881610" lon="6.7270530"/>
   <trkpt lat="46.4881760" lon="6.7270910"/>
   <trkpt lat="46.4881910" lon="6.7271290"/>
   <trkpt lat="46.4882030" lon="6.7271500"/>
   <trkpt lat="46.4882250" lon="6.7271880"/>
   <trkpt lat="46.4882380" lon="6.7272220"/>
   <trkpt lat="46.4882560" lon="6.7272550"/>
   <trkpt lat="46.4882690" lon="6.7272930"/>
   <trkpt lat="46.4882860" lon="6.7273210"/>
   <trkpt lat="46.4883080" lon="6.7273650"/>
   <trkpt lat="46.4883240" lon="6.7273930"/>
   <trkpt lat="46.4883410" lon="6.7274230"/>
   <trkpt lat="46.4883560" lon="6.7274630"/>
   <trkpt lat="46.4883700" lon="6.7274920"/>
   <trkpt lat="46.4883920" lon="6.7275330"/>
   <trkpt lat="46.4884090" lon="6.7275600"/>
   <trkpt lat="46.4884300" lon="6.7275940"/>
   <trkpt lat="46.4884410" lon="6.7276290"/>
   <trkpt lat="46.4884590" lon="6.7276580"/>
   <trkpt lat="46.4884790" lon="6.7276930"/>
   <trkpt lat="46.4884960" lon="6.7277200"/>
   <trkpt lat="46.4885160" lon="6.7277560"/>
   <trkpt lat="46.4885330" lon="6.7277940"/>
   <trkpt lat="46.4885520" lon="6.7278260"/>
   <trkpt lat="46.4885710" lon="6.7278630"/>
   <trkpt lat="46.4885870" lon="6.7278980"/>
   <trkpt lat="46.4886030" lon="6.7279350"/>
   <trkpt lat="46.4886190" lon="6.7279680"/>
   <trkpt lat="46.4886370" lon="6.7280020"/>
   <trkpt lat="46.4886550" lon="6.7280390"/>
   <trkpt lat="46.4886720" lon="6.7280670"/>
   <trkpt lat="46.4886900" lon="6.7281110"/>
   <trkpt lat="46.4887020" lon="6.7281390"/>
   <trkpt lat="46.4887210" lon="6.7281820"/>
   <trkpt lat="46.4887380" lon="6.7282190"/>
   <trkpt lat="46.4887550" lon="6.7282550"/>
   <trkpt lat="46.4887760" lon="6.7282940"/>
   <trkpt lat="46.4887920" lon="6.7283250"/>
   <trkpt lat="46.4888140" lon="6.7283650"/>
   <trkpt lat="46.4888310" lon="6.7283940"/>
   <trkpt lat="46.4888480" lon="6.7284320"/>
   <trkpt lat="46.4888600" lon="6.7284740"/>
   <trkpt lat="46.4888740" lon="6.7285080"/>
   <trkpt lat="46.4888940" lon="6.7285580"/>
   <trkpt lat="46.4889130" lon="6.7285810"/>
   <trkpt lat="46.4889300" lon="6.7286210"/>
   <trkpt lat="46.4889440" lon="6.7286600"/>
   <trkpt lat="46.4889540" lon="6.7286900"/>
   <trkpt lat="46.4889700" lon="6.7287320"/>
   <trkpt lat="46.4889800" lon="6.7287600"/>
   <trkpt lat="46.4889950" lon="6.7287980"/>
   <trkpt lat="46.4890090" lon="6.7288330"/>
   <trkpt lat="46.4890240" lon="6.7288660"/>
   <trkpt lat="46.4890400" lon="6.7289050"/>
   <trkpt lat="46.4890500" lon="6.7289330"/>
   <trkpt lat="46.4890680" lon="6.7289740"/>
   <trkpt lat="46.4890800" lon="6.7290020"/>
   <trkpt lat="46.4890930" lon="6.7290390"/>
   <trkpt lat="46.4891070" lon="6.7290800"/>
   <trkpt lat="46.4891210" lon="6.7291140"/>
   <trkpt lat="46.4891370" lon="6.7291580"/>
   <trkpt lat="46.4891530" lon="6.7291890"/>
   <trkpt lat="46.4891710" lon="6.7292280"/>
   <trkpt lat="46.4891850" lon="6.7292690"/>
   <trkpt lat="46.4891980" lon="6.7293000"/>
   <trkpt lat="46.4892100" lon="6.7293450"/>
   <trkpt lat="46.4892200" lon="6.7293780"/>
   <trkpt lat="46.4892370" lon="6.7294190"/>
   <trkpt lat="46.4892470" lon="6.7294560"/>
   <trkpt lat="46.4892680" lon="6.7294900"/>
   <trkpt lat="46.4892810" lon="6.7295290"/>
   <trkpt lat="46.4892950" lon="6.7295570"/>
   <trkpt lat="46.4893110" lon="6.7295910"/>
   <trkpt lat="46.4893180" lon="6.7296250"/>
   <trkpt lat="46.4893310" lon="6.7296580"/>
   <trkpt lat="46.4893420" lon="6.7296990"/>
   <trkpt lat="46.4893550" lon="6.7297240"/>
   <trkpt lat="46.4893700" lon="6.7297630"/>
   <trkpt lat="46.4893800" lon="6.7297930"/>
   <trkpt lat="46.4893950" lon="6.7298270"/>
   <trkpt lat="46.4894040" lon="6.7298640"/>
   <trkpt lat="46.4894150" lon="6.7298890"/>
   <trkpt lat="46.4894290" lon="6.7299270"/>
   <trkpt lat="46.4894370" lon="6.7299620"/>
   <trkpt lat="46.4894470" lon="6.7299980"/>
   <trkpt lat="46.4894580" lon="6.7300400"/>
   <trkpt lat="46.4894690" lon="6.7300700"/>
   <trkpt lat="46.4894870" lon="6.7301060"/>
   <trkpt lat="46.4894970" lon="6.7301380"/>
   <trkpt lat="46.4895110" lon="6.7301740"/>
   <trkpt lat="46.4895220" lon="6.7302160"/>
   <trkpt lat="46.4895330" lon="6.7302460"/>
   <trkpt lat="46.4895430" lon="6.7302930"/>
   <trkpt lat="46.4895580" lon="6.7303230"/>
   <trkpt lat="46.4895700" lon="6.7303600"/>
   <trkpt lat="46.4895810" lon="6.7304020"/>
   <trkpt lat="46.4895930" lon="6.7304250"/>
   <trkpt lat="46.4896060" lon="6.7304650"/>
   <trkpt lat="46.4896170" lon="6.7304900"/>
   <trkpt lat="46.4896330" lon="6.7305250"/>
   <trkpt lat="46.4896460" lon="6.7305660"/>
   <trkpt lat="46.4896610" lon="6.7305910"/>
   <trkpt lat="46.4896800" lon="6.7306300"/>
   <trkpt lat="46.4896890" lon="6.7306590"/>
   <trkpt lat="46.4896980" lon="6.7306960"/>
   <trkpt lat="46.4897110" lon="6.7307350"/>
   <trkpt lat="46.4897210" lon="6.7307620"/>
   <trkpt lat="46.4897340" lon="6.7308060"/>
   <trkpt lat="46.4897470" lon="6.7308370"/>
   <trkpt lat="46.4897680" lon="6.7308750"/>
   <trkpt lat="46.4897790" lon="6.7309130"/>
   <trkpt lat="46.4897940" lon="6.7309430"/>
   <trkpt lat="46.4898090" lon="6.7309830"/>
   <trkpt lat="46.4898210" lon="6.7310120"/>
   <trkpt lat="46.4898390" lon="6.7310540"/>
   <trkpt lat="46.4898520" lon="6.7310930"/>
   <trkpt lat="46.4898640" lon="6.7311280"/>
   <trkpt lat="46.4898770" lon="6.7311690"/>
   <trkpt lat="46.4898890" lon="6.7311970"/>
   <trkpt lat="46.4899050" lon="6.7312410"/>
   <trkpt lat="46.4899140" lon="6.7312740"/>
   <trkpt lat="46.4899250" lon="6.7313110"/>
   <trkpt lat="46.4899380" lon="6.7313480"/>
   <trkpt lat="46.4899470" lon="6.7313810"/>
   <trkpt lat="46.4899600" lon="6.7314230"/>
   <trkpt lat="46.4899740" lon="6.7314520"/>
   <trkpt lat="46.4899890" lon="6.7314930"/>
   <trkpt lat="46.4900000" lon="6.7315320"/>
   <trkpt lat="46.4900150" lon="6.7315680"/>
   <trkpt lat="46.4900260" lon="6.7316120"/>
   <trkpt lat="46.4900400" lon="6.7316380"/>
   <trkpt lat="46.4900530" lon="6.7316760"/>
   <trkpt lat="46.4900650" lon="6.7317100"/>
   <trkpt lat="46.4900770" lon="6.7317440"/>
   <trkpt lat="46.4900870" lon="6.7317880"/>
   <trkpt lat="46.4900970" lon="6.7318150"/>
   <trkpt lat="46.4901110" lon="6.7318560"/>
   <trkpt lat="46.4901210" lon="6.7318840"/>
   <trkpt lat="46.4901350" lon="6.7319250"/>
   <trkpt lat="46.4901470" lon="6.7319610"/>
   <trkpt lat="46.4901590" lon="6.7319950"/>
   <trkpt lat="46.4901720" lon="6.7320380"/>
   <trkpt lat="46.4901830" lon="6.7320640"/>
   <trkpt lat="46.4901960" lon="6.7321040"/>
   <trkpt lat="46.4902020" lon="6.7321390"/>
   <trkpt lat="46.4902140" lon="6.7321740"/>
   <trkpt lat="46.4902250" lon="6.7322180"/>
   <trkpt lat="46.4902410" lon="6.7322390"/>
   <trkpt lat="46.4902540" lon="6.7322760"/>
   <trkpt lat="46.4902610" lon="6.7323090"/>
   <trkpt lat="46.4902740" lon="6.7323450"/>
   <trkpt lat="46.4902810" lon="6.7323820"/>
   <trkpt lat="46.4902910" lon="6.7324180"/>
   <trkpt lat="46.4903040" lon="6.7324580"/>
   <trkpt lat="46.4903140" lon="6.7324930"/>
   <trkpt lat="46.4903300" lon="6.7325330"/>
   <trkpt lat="46.4903390" lon="6.7325700"/>
   <trkpt lat="46.4903520" lon="6.7326060"/>
   <trkpt lat="46.4903680" lon="6.7326490"/>
   <trkpt lat="46.4903770" lon="6.7326760"/>
   <trkpt lat="46.4903930" lon="6.7327140"/>
   <trkpt lat="46.4904030" lon="6.7327500"/>
   <trkpt lat="46.4904140" lon="6.7327830"/>
   <trkpt lat="46.4904280" lon="6.7328210"/>
   <trkpt lat="46.4904400" lon="6.7328470"/>
   <trkpt lat="46.4904570" lon="6.7328890"/>
   <trkpt lat="46.4904660" lon="6.7329230"/>
   <trkpt lat="46.4904780" lon="6.7329610"/>
   <trkpt lat="46.4904880" lon="6.7330030"/>
   <trkpt lat="46.4904970" lon="6.7330350"/>
   <trkpt lat="46.4905090" lon="6.7330760"/>
   <trkpt lat="46.4905190" lon="6.7331060"/>
   <trkpt lat="46.4905360" lon="6.7331420"/>
   <trkpt lat="46.4905450" lon="6.7331830"/>
   <trkpt lat="46.4905560" lon="6.7332150"/>
   <trkpt lat="46.4905640" lon="6.7332560"/>
   <trkpt lat="46.4905730" lon="6.7332810"/>
   <trkpt lat="46.4905850" lon="6.7333220"/>
   <trkpt lat="46.4905940" lon="6.7333610"/>
   <trkpt lat="46.4906030" lon="6.7333990"/>
   <trkpt lat="46.4906110" lon="6.7334370"/>
   <trkpt lat="46.4906240" lon="6.7334700"/>
   <trkpt lat="46.4906360" lon="6.7335110"/>
   <trkpt lat="46.4906460" lon="6.7335420"/>
   <trkpt lat="46.4906600" lon="6.7335810"/>
   <trkpt lat="46.4906720" lon="6.7336180"/>
   <trkpt lat="46.4906790" lon="6.7336500"/>
   <trkpt lat="46.4906920" lon="6.7336970"/>
   <trkpt lat="46.4907080" lon="6.7337260"/>
   <trkpt lat="46.4907270" lon="6.7337660"/>
   <trkpt lat="46.4907390" lon="6.7338070"/>
   <trkpt lat="46.4907520" lon="6.7338390"/>
   <trkpt lat="46.4907600" lon="6.7338830"/>
   <trkpt lat="46.4907750" lon="6.7339140"/>
   <trkpt lat="46.4907870" lon="6.7339550"/>
   <trkpt lat="46.4908010" lon="6.7339910"/>
   <trkpt lat="46.4908090" lon="6.7340300"/>
   <trkpt lat="46.4908170" lon="6.7340780"/>
   <trkpt lat="46.4908250" lon="6.7341110"/>
   <trkpt lat="46.4908390" lon="6.7341540"/>
   <trkpt lat="46.4908490" lon="6.7341910"/>
   <trkpt lat="46.4908660" lon="6.7342310"/>
   <trkpt lat="46.4908830" lon="6.7342780"/>
   <trkpt lat="46.4908920" lon="6.7343080"/>
   <trkpt lat="46.4908990" lon="6.7343520"/>
   <trkpt lat="46.4909090" lon="6.7343900"/>
   <trkpt lat="46.4909160" lon="6.7344310"/>
   <trkpt lat="46.4909220" lon="6.7344680"/>
   <trkpt lat="46.4909320" lon="6.7345010"/>
   <trkpt lat="46.4909360" lon="6.7345490"/>
   <trkpt lat="46.4909450" lon="6.7345870"/>
   <trkpt lat="46.4909530" lon="6.7346290"/>
   <trkpt lat="46.4909570" lon="6.7346620"/>
   <trkpt lat="46.4909650" lon="6.7347020"/>
   <trkpt lat="46.4909690" lon="6.7347470"/>
   <trkpt lat="46.4909730" lon="6.7347850"/>
   <trkpt lat="46.4909770" lon="6.7348320"/>
   <trkpt lat="46.4909830" lon="6.7348690"/>
   <trkpt lat="46.4909900" lon="6.7349110"/>
   <trkpt lat="46.4909950" lon="6.7349560"/>
   <trkpt lat="46.4910010" lon="6.7349880"/>
   <trkpt lat="46.4910030" lon="6.7350350"/>
   <trkpt lat="46.4910020" lon="6.7350770"/>
   <trkpt lat="46.4910040" lon="6.7351190"/>
   <trkpt lat="46.4910090" lon="6.7351620"/>
   <trkpt lat="46.4910140" lon="6.7351970"/>
   <trkpt lat="46.4910170" lon="6.7352440"/>
   <trkpt lat="46.4910190" lon="6.7352790"/>
   <trkpt lat="46.4910240" lon="6.7353210"/>
   <trkpt lat="46.4910250" lon="6.7353660"/>
   <trkpt lat="46.4910320" lon="6.7353950"/>
   <trkpt lat="46.4910330" lon="6.7354390"/>
   <trkpt lat="46.4910330" lon="6.7354750"/>
   <trkpt lat="46.4910330" lon="6.7355170"/>
   <trkpt lat="46.4910280" lon="6.7355590"/>
   <trkpt lat="46.4910270" lon="6.7356010"/>
   <trkpt lat="46.4910220" lon="6.7356540"/>
   <trkpt lat="46.4910170" lon="6.7356880"/>
   <trkpt lat="46.4910160" lon="6.7357370"/>
   <trkpt lat="46.4910140" lon="6.7357790"/>
   <trkpt lat="46.4910170" lon="6.7358190"/>
   <trkpt lat="46.4910150" lon="6.7358680"/>
   <trkpt lat="46.4910150" lon="6.7358960"/>
   <trkpt lat="46.4910120" lon="6.7359420"/>
   <trkpt lat="46.4910110" lon="6.7359880"/>
   <trkpt lat="46.4910110" lon="6.7360260"/>
   <trkpt lat="46.4910100" lon="6.7360760"/>
   <trkpt lat="46.4910080" lon="6.7361040"/>
   <trkpt lat="46.4910050" lon="6.7361440"/>
   <trkpt lat="46.4910020" lon="6.7361860"/>
   <trkpt lat="46.4910000" lon="6.7362270"/>
   <trkpt lat="46.4909930" lon="6.7362770"/>
   <trkpt lat="46.4909870" lon="6.7363090"/>
   <trkpt lat="46.4909790" lon="6.7363540"/>
   <trkpt lat="46.4909700" lon="6.7363920"/>
   <trkpt lat="46.4909660" lon="6.7364300"/>
   <trkpt lat="46.4909570" lon="6.7364740"/>
   <trkpt lat="46.4909530" lon="6.7365020"/>
   <trkpt lat="46.4909430" lon="6.7365500"/>
   <trkpt lat="46.4909340" lon="6.7365830"/>
   <trkpt lat="46.4909280" lon="6.7366180"/>
   <trkpt lat="46.4909190" lon="6.7366590"/>
   <trkpt lat="46.4909110" lon="6.7366840"/>
   <trkpt lat="46.4909000" lon="6.7367280"/>
   <trkpt lat="46.4908930" lon="6.7367610"/>
   <trkpt lat="46.4908850" lon="6.7367990"/>
   <trkpt lat="46.4908760" lon="6.7368450"/>
   <trkpt lat="46.4908700" lon="6.7368730"/>
   <trkpt lat="46.4908580" lon="6.7369170"/>
   <trkpt lat="46.4908480" lon="6.7369530"/>
   <trkpt lat="46.4908420" lon="6.7369960"/>
   <trkpt lat="46.4908320" lon="6.7370400"/>
   <trkpt lat="46.4908240" lon="6.7370710"/>
   <trkpt lat="46.4908080" lon="6.7371130"/>
   <trkpt lat="46.4908020" lon="6.7371450"/>
   <trkpt lat="46.4907930" lon="6.7371800"/>
   <trkpt lat="46.4907800" lon="6.7372170"/>
   <trkpt lat="46.4907680" lon="6.7372480"/>
   <trkpt lat="46.4907490" lon="6.7372900"/>
   <trkpt lat="46.4907430" lon="6.7373210"/>
   <trkpt lat="46.4907260" lon="6.7373680"/>
   <trkpt lat="46.4907130" lon="6.7374050"/>
   <trkpt lat="46.4906980" lon="6.7374400"/>
   <trkpt lat="46.4906850" lon="6.7374770"/>
   <trkpt lat="46.4906730" lon="6.7375090"/>
   <trkpt lat="46.4906570" lon="6.7375560"/>
   <trkpt lat="46.4906480" lon="6.7375910"/>
   <trkpt lat="46.4906350" lon="6.7376340"/>
   <trkpt lat="46.4906200" lon="6.7376740"/>
   <trkpt lat="46.4906090" lon="6.7377050"/>
   <trkpt lat="46.4905900" lon="6.7377430"/>
   <trkpt lat="46.4905720" lon="6.7377700"/>
   <trkpt lat="46.4905570" lon="6.7378070"/>
   <trkpt lat="46.4905390" lon="6.7378400"/>
   <trkpt lat="46.4905270" lon="6.7378650"/>
   <trkpt lat="46.4905100" lon="6.7379020"/>
   <trkpt lat="46.4905000" lon="6.7379310"/>
   <trkpt lat="46.4904850" lon="6.7379730"/>
   <trkpt lat="46.4904680" lon="6.7380050"/>
   <trkpt lat="46.4904550" lon="6.7380380"/>
   <trkpt lat="46.4904370" lon="6.7380740"/>
   <trkpt lat="46.4904230" lon="6.7381130"/>
   <trkpt lat="46.4904080" lon="6.7381530"/>
   <trkpt lat="46.4904000" lon="6.7381790"/>
   <trkpt lat="46.4903850" lon="6.7382210"/>
   <trkpt lat="46.4903680" lon="6.7382550"/>
   <trkpt lat="46.4903520" lon="6.7382910"/>
   <trkpt lat="46.4903310" lon="6.7383280"/>
   <trkpt lat="46.4903180" lon="6.7383560"/>
   <trkpt lat="46.4903020" lon="6.7383990"/>
   <trkpt lat="46.4902890" lon="6.7384320"/>
   <trkpt lat="46.4902740" lon="6.7384680"/>
   <trkpt lat="46.4902580" lon="6.7385060"/>
   <trkpt lat="46.4902510" lon="6.7385340"/>
   <trkpt lat="46.4902360" lon="6.7385790"/>
   <trkpt lat="46.4902230" lon="6.7386120"/>
   <trkpt lat="46.4902090" lon="6.7386510"/>
   <trkpt lat="46.4901960" lon="6.7386890"/>
   <trkpt lat="46.4901880" lon="6.7387210"/>
   <trkpt lat="46.4901740" lon="6.7387590"/>
   <trkpt lat="46.4901640" lon="6.7387900"/>
   <trkpt lat="46.4901490" lon="6.7388300"/>
   <trkpt lat="46.4901330" lon="6.7388680"/>
   <trkpt lat="46.4901210" lon="6.7389000"/>
   <trkpt lat="46.4901050" lon="6.7389410"/>
   <trkpt lat="46.4900980" lon="6.7389760"/>
   <trkpt lat="46.4900850" lon="6.7390160"/>
   <trkpt lat="46.4900730" lon="6.7390530"/>
   <trkpt lat="46.4900660" lon="6.7390890"/>
   <trkpt lat="46.4900540" lon="6.7391320"/>
   <trkpt lat="46.4900450" lon="6.7391600"/>
   <trkpt lat="46.4900300" lon="6.7392000"/>
   <trkpt lat="46.4900210" lon="6.7392300"/>
   <trkpt lat="46.4900140" lon="6.7392590"/>
   <trkpt lat="46.4899980" lon="6.7392980"/>
   <trkpt lat="46.4899880" lon="6.7393280"/>
   <trkpt lat="46.4899780" lon="6.7393730"/>
   <trkpt lat="46.4899670" lon="6.7394140"/>
   <trkpt lat="46.4899600" lon="6.7394490"/>
   <trkpt lat="46.4899480" lon="6.7394910"/>
   <trkpt lat="46.4899430" lon="6.7395240"/>
   <trkpt lat="46.4899330" lon="6.7395700"/>
   <trkpt lat="46.4899270" lon="6.7396100"/>
   <trkpt lat="46.4899240" lon="6.7396480"/>
   <trkpt lat="46.4899160" lon="6.7396910"/>
   <trkpt lat="46.4899110" lon="6.7397240"/>
   <trkpt lat="46.4899050" lon="6.7397720"/>
   <trkpt lat="46.4899000" lon="6.7398120"/>
   <trkpt lat="46.4898940" lon="6.7398550"/>
   <trkpt lat="46.4898860" lon="6.7398990"/>
   <trkpt lat="46.4898820" lon="6.7399310"/>
   <trkpt lat="46.4898760" lon="6.7399740"/>
   <trkpt lat="46.4898700" lon="6.7400120"/>
   <trkpt lat="46.4898670" lon="6.7400540"/>
   <trkpt lat="46.4898610" lon="6.7400990"/>
   <trkpt lat="46.4898600" lon="6.7401300"/>
   <trkpt lat="46.4898560" lon="6.7401730"/>
   <trkpt lat="46.4898540" lon="6.7402110"/>
   <trkpt lat="46.4898550" lon="6.7402470"/>
   <trkpt lat="46.4898530" lon="6.7402930"/>
   <trkpt lat="46.4898530" lon="6.7403240"/>
   <trkpt lat="46.4898520" lon="6.7403700"/>
   <trkpt lat="46.4898480" lon="6.7404090"/>
   <trkpt lat="46.4898470" lon="6.7404490"/>
   <trkpt lat="46.4898430" lon="6.7404960"/>
   <trkpt lat="46.4898480" lon="6.7405300"/>
   <trkpt lat="46.4898480" lon="6.7405760"/>
   <trkpt lat="46.4898500" lon="6.7406200"/>
   <trkpt lat="46.4898530" lon="6.7406620"/>
   <trkpt lat="46.4898550" lon="6.7407080"/>
   <trkpt lat="46.4898610" lon="6.7407400"/>
   <trkpt lat="46.4898620" lon="6.7407910"/>
   <trkpt lat="46.4898650" lon="6.7408220"/>
   <trkpt lat="46.4898710" lon="6.7408660"/>
   <trkpt lat="46.4898730" lon="6.7409110"/>
   <trkpt lat="46.4898760" lon="6.7409420"/>
   <trkpt lat="46.4898750" lon="6.7409900"/>
   <trkpt lat="46.4898760" lon="6.7410250"/>
   <trkpt lat="46.4898750" lon="6.7410710"/>
   <trkpt lat="46.4898740" lon="6.7411140"/>
   <trkpt lat="46.4898790" lon="6.7411460"/>
   <trkpt lat="46.4898780" lon="6.7411980"/>
   <trkpt lat="46.4898810" lon="6.7412380"/>
   <trkpt lat="46.4898820" lon="6.7412850"/>
   <trkpt lat="46.4898850" lon="6.7413280"/>
   <trkpt lat="46.4898890" lon="6.7413590"/>
   <trkpt lat="46.4898860" lon="6.7414040"/>
   <trkpt lat="46.4898900" lon="6.7414390"/>
   <trkpt lat="46.4898910" lon="6.7414820"/>
   <trkpt lat="46.4898920" lon="6.7415230"/>
   <trkpt lat="46.4898940" lon="6.7415610"/>
   <trkpt lat="46.4898910" lon="6.7416100"/>
   <trkpt lat="46.4898900" lon="6.7416450"/>
   <trkpt lat="46.4898890" lon="6.7416910"/>
   <trkpt lat="46.4898900" lon="6.7417310"/>
   <trkpt lat="46.4898940" lon="6.7417730"/>
   <trkpt lat="46.4898930" lon="6.7418210"/>
   <trkpt lat="46.4898960" lon="6.7418510"/>
   <trkpt lat="46.4898960" lon="6.7418950"/>
   <trkpt lat="46.4898930" lon="6.7419310"/>
   <trkpt lat="46.4898940" lon="6.7419730"/>
   <trkpt lat="46.4898910" lon="6.7420200"/>
   <trkpt lat="46.4898950" lon="6.7420460"/>
   <trkpt lat="46.4898980" lon="6.7420880"/>
   <trkpt lat="46.4898980" lon="6.7421240"/>
   <trkpt lat="46.4899060" lon="6.7421640"/>
   <trkpt lat="46.4899050" lon="6.7422140"/>
   <trkpt lat="46.4899090" lon="6.7422430"/>
   <trkpt lat="46.4899100" lon="6.7422880"/>
   <trkpt lat="46.4899110" lon="6.7423260"/>
   <trkpt lat="46.4899120" lon="6.7423670"/>
   <trkpt lat="46.4899130" lon="6.7424140"/>
   <trkpt lat="46.4899170" lon="6.7424490"/>
   <trkpt lat="46.4899140" lon="6.7424910"/>
   <trkpt lat="46.4899120" lon="6.7425280"/>
   <trkpt lat="46.4899160" lon="6.7425700"/>
   <trkpt lat="46.4899170" lon="6.7426140"/>
   <trkpt lat="46.4899190" lon="6.7426460"/>
   <trkpt lat="46.4899200" lon="6.7426930"/>
   <trkpt lat="46.4899200" lon="6.7427340"/>
   <trkpt lat="46.4899220" lon="6.7427710"/>
   <trkpt lat="46.4899230" lon="6.7428160"/>
   <trkpt lat="46.4899270" lon="6.7428450"/>
   <trkpt lat="46.4899230" lon="6.7428880"/>
   <trkpt lat="46.4899280" lon="6.7429290"/>
   <trkpt lat="46.4899280" lon="6.7429700"/>
   <trkpt lat="46.4899300" lon="6.7430190"/>
   <trkpt lat="46.4899350" lon="6.7430400"/>
   <trkpt lat="46.4899330" lon="6.7430830"/>
   <trkpt lat="46.4899330" lon="6.7431240"/>
   <trkpt lat="46.4899350" lon="6.7431540"/>
   <trkpt lat="46.4899340" lon="6.7432000"/>
   <trkpt lat="46.4899320" lon="6.7432300"/>
   <trkpt lat="46.4899320" lon="6.7432800"/>
   <trkpt lat="46.4899280" lon="6.7433200"/>
   <trkpt lat="46.4899280" lon="6.7433510"/>
   <trkpt lat="46.4899240" lon="6.7433940"/>
   <trkpt lat="46.4899220" lon="6.7434260"/>
   <trkpt lat="46.4899180" lon="6.7434660"/>
   <trkpt lat="46.4899140" lon="6.7435110"/>
   <trkpt lat="46.4899080" lon="6.7435490"/>
   <trkpt lat="46.4899070" lon="6.7435930"/>
   <trkpt lat="46.4899040" lon="6.7436270"/>
   <trkpt lat="46.4899030" lon="6.7436660"/>
   <trkpt lat="46.4898950" lon="6.7437100"/>
   <trkpt lat="46.4898910" lon="6.7437530"/>
   <trkpt lat="46.4898830" lon="6.7437920"/>
   <trkpt lat="46.4898790" lon="6.7438240"/>
   <trkpt lat="46.4898760" lon="6.7438690"/>
   <trkpt lat="46.4898700" lon="6.7439090"/>
   <trkpt lat="46.4898680" lon="6.7439470"/>
   <trkpt lat="46.4898620" lon="6.7439920"/>
   <trkpt lat="46.4898590" lon="6.7440200"/>
   <trkpt lat="46.4898560" lon="6.7440620"/>
   <trkpt lat="46.4898520" lon="6.7440960"/>
   <trkpt lat="46.4898510" lon="6.7441320"/>
   <trkpt lat="46.4898460" lon="6.7441770"/>
   <trkpt lat="46.4898450" lon="6.7442090"/>
   <trkpt lat="46.4898410" lon="6.7442500"/>
   <trkpt lat="46.4898310" lon="6.7442920"/>
   <trkpt lat="46.4898270" lon="6.7443360"/>
   <trkpt lat="46.4898210" lon="6.7443770"/>
   <trkpt lat="46.4898200" lon="6.7444210"/>
   <trkpt lat="46.4898100" lon="6.7444610"/>
   <trkpt lat="46.4898050" lon="6.7444920"/>
   <trkpt lat="46.4897930" lon="6.7445250"/>
   <trkpt lat="46.4897870" lon="6.7445610"/>
   <trkpt lat="46.4897790" lon="6.7446040"/>
   <trkpt lat="46.4897710" lon="6.7446460"/>
   <trkpt lat="46.4897660" lon="6.7446780"/>
   <trkpt lat="46.4897540" lon="6.7447200"/>
   <trkpt lat="46.4897450" lon="6.7447470"/>
   <trkpt lat="46.4897360" lon="6.7447900"/>
   <trkpt lat="46.4897260" lon="6.7448300"/>
   <trkpt lat="46.4897200" lon="6.7448590"/>
   <trkpt lat="46.4897090" lon="6.7449000"/>
   <trkpt lat="46.4896980" lon="6.7449270"/>
   <trkpt lat="46.4896880" lon="6.7449650"/>
   <trkpt lat="46.4896770" lon="6.7450040"/>
   <trkpt lat="46.4896680" lon="6.7450320"/>
   <trkpt lat="46.4896530" lon="6.7450760"/>
   <trkpt lat="46.4896430" lon="6.7451070"/>
   <trkpt lat="46.4896330" lon="6.7451490"/>
   <trkpt lat="46.4896180" lon="6.7451910"/>
   <trkpt lat="46.4896120" lon="6.7452180"/>
   <trkpt lat="46.4895960" lon="6.7452640"/>
   <trkpt lat="46.4895830" lon="6.7452940"/>
   <trkpt lat="46.4895680" lon="6.7453250"/>
   <trkpt lat="46.4895540" lon="6.7453600"/>
   <trkpt lat="46.4895460" lon="6.7453870"/>
   <trkpt lat="46.4895270" lon="6.7454310"/>
   <trkpt lat="46.4895130" lon="6.7454620"/>
   <trkpt lat="46.4895020" lon="6.7454920"/>
   <trkpt lat="46.4894860" lon="6.7455260"/>
   <trkpt lat="46.4894760" lon="6.7455570"/>
   <trkpt lat="46.4894550" lon="6.7456000"/>
   <trkpt lat="46.4894400" lon="6.7456220"/>
   <trkpt lat="46.4894240" lon="6.7456600"/>
   <trkpt lat="46.4894070" lon="6.7456880"/>
   <trkpt lat="46.4893930" lon="6.7457130"/>
   <trkpt lat="46.4893720" lon="6.7457490"/>
   <trkpt lat="46.4893600" lon="6.7457760"/>
   <trkpt lat="46.4893420" lon="6.7458090"/>
   <trkpt lat="46.4893230" lon="6.7458380"/>
   <trkpt lat="46.4893060" lon="6.7458660"/>
   <trkpt lat="46.4892830" lon="6.7459050"/>
   <trkpt lat="46.4892750" lon="6.7459320"/>
   <trkpt lat="46.4892590" lon="6.7459690"/>
   <trkpt lat="46.4892420" lon="6.7460010"/>
   <trkpt lat="46.4892290" lon="6.7460400"/>
   <trkpt lat="46.4892140" lon="6.7460820"/>
   <trkpt lat="46.4892010" lon="6.7461090"/>
   <trkpt lat="46.4891810" lon="6.7461500"/>
   <trkpt lat="46.4891630" lon="6.7461770"/>
   <trkpt lat="46.4891470" lon="6.7462100"/>
   <trkpt lat="46.4891280" lon="6.7462450"/>
   <trkpt lat="46.4891120" lon="6.7462710"/>
   <trkpt lat="46.4890890" lon="6.7463050"/>
   <trkpt lat="46.4890730" lon="6.7463300"/>
   <trkpt lat="46.4890590" lon="6.7463650"/>
   <trkpt lat="46.4890410" lon="6.7464010"/>
   <trkpt lat="46.4890250" lon="6.7464280"/>
   <trkpt lat="46.4890090" lon="6.7464710"/>
   <trkpt lat="46.4889940" lon="6.7465000"/>
   <trkpt lat="46.4889780" lon="6.7465420"/>
   <trkpt lat="46.4889630" lon="6.7465730"/>
   <trkpt lat="46.4889490" lon="6.7466020"/>
   <trkpt lat="46.4889330" lon="6.7466400"/>
   <trkpt lat="46.4889220" lon="6.7466680"/>
   <trkpt lat="46.4889040" lon="6.7467080"/>
   <trkpt lat="46.4888880" lon="6.7467410"/>
   <trkpt lat="46.4888780" lon="6.7467720"/>
   <trkpt lat="46.4888620" lon="6.7468100"/>
   <trkpt lat="46.4888550" lon="6.7468400"/>
   <trkpt lat="46.4888470" lon="6.7468750"/>
   <trkpt lat="46.4888360" lon="6.7469090"/>
   <trkpt lat="46.4888300" lon="6.7469440"/>
   <trkpt lat="46.4888170" lon="6.7469820"/>
   <trkpt lat="46.4888100" lon="6.7470150"/>
   <trkpt lat="46.4887990" lon="6.7470620"/>
   <trkpt lat="46.4887870" lon="6.7470990"/>
   <trkpt lat="46.4887690" lon="6.7471420"/>
   <trkpt lat="46.4887520" lon="6.7471800"/>
   <trkpt lat="46.4887420" lon="6.7472070"/>
   <trkpt lat="46.4887260" lon="6.7472500"/>
   <trkpt lat="46.4887110" lon="6.7472780"/>
   <trkpt lat="46.4886990" lon="6.7473180"/>
   <trkpt lat="46.4886880" lon="6.7473550"/>
   <trkpt lat="46.4886770" lon="6.7473870"/>
   <trkpt lat="46.4886620" lon="6.7474280"/>
   <trkpt lat="46.4886480" lon="6.7474590"/>
   <trkpt lat="46.4886350" lon="6.7475020"/>
   <trkpt lat="46.4886230" lon="6.7475390"/>
   <trkpt lat="46.4886170" lon="6.7475790"/>
   <trkpt lat="46.4886020" lon="6.7476220"/>
   <trkpt lat="46.4885940" lon="6.7476490"/>
   <trkpt lat="46.4885750" lon="6.7476940"/>
   <trkpt lat="46.4885580" lon="6.7477260"/>
   <trkpt lat="46.4885490" lon="6.7477640"/>
   <trkpt lat="46.4885370" lon="6.7478090"/>
   <trkpt lat="46.4885280" lon="6.7478390"/>
   <trkpt lat="46.4885150" lon="6.7478790"/>
   <trkpt lat="46.4885010" lon="6.7479100"/>
   <trkpt lat="46.4884910" lon="6.7479540"/>
   <trkpt lat="46.4884820" lon="6.7479930"/>
   <trkpt lat="46.4884720" lon="6.7480290"/>
   <trkpt lat="46.4884540" lon="6.7480740"/>
   <trkpt lat="46.4884390" lon="6.7480980"/>
   <trkpt lat="46.4884270" lon="6.7481420"/>
   <trkpt lat="46.4884140" lon="6.7481780"/>
   <trkpt lat="46.4884070" lon="6.7482090"/>
   <trkpt lat="46.4883910" lon="6.7482480"/>
   <trkpt lat="46.4883790" lon="6.7482710"/>
   <trkpt lat="46.4883670" lon="6.7483090"/>
   <trkpt lat="46.4883550" lon="6.7483420"/>
   <trkpt lat="46.4883490" lon="6.7483780"/>
   <trkpt lat="46.4883330" lon="6.7484190"/>
   <trkpt lat="46.4883160" lon="6.7484410"/>
   <trkpt lat="46.4883000" lon="6.7484820"/>
   <trkpt lat="46.4882860" lon="6.7485180"/>
   <trkpt lat="46.4882750" lon="6.7485550"/>
   <trkpt lat="46.4882560" lon="6.7485940"/>
   <trkpt lat="46.4882420" lon="6.7486230"/>
   <trkpt lat="46.4882210" lon="6.7486690"/>
   <trkpt lat="46.4882070" lon="6.7487020"/>
   <trkpt lat="46.4881920" lon="6.7487390"/>
   <trkpt lat="46.4881730" lon="6.7487730"/>
   <trkpt lat="46.4881610" lon="6.7487990"/>
   <trkpt lat="46.4881370" lon="6.7488350"/>
   <trkpt lat="46.4881190" lon="6.7488630"/>
   <trkpt lat="46.4880980" lon="6.7488970"/>
   <trkpt lat="46.4880760" lon="6.7489250"/>
   <trkpt lat="46.4880580" lon="6.7489470"/>
   <trkpt lat="46.4880320" lon="6.7489780"/>
   <trkpt lat="46.4880100" lon="6.7490020"/>
   <trkpt lat="46.4879880" lon="6.7490310"/>
   <trkpt lat="46.4879610" lon="6.7490600"/>
   <trkpt lat="46.4879470" lon="6.7490880"/>
   <trkpt lat="46.4879210" lon="6.7491180"/>
   <trkpt lat="46.4878980" lon="6.7491390"/>
   <trkpt lat="46.4878750" lon="6.7491610"/>
   <trkpt lat="46.4878510" lon="6.7491890"/>
   <trkpt lat="46.4878300" lon="6.7492140"/>
   <trkpt lat="46.4878030" lon="6.7492430"/>
   <trkpt lat="46.4877820" lon="6.7492680"/>
   <trkpt lat="46.4877560" lon="6.7492930"/>
   <trkpt lat="46.4877320" lon="6.7493160"/>
   <trkpt lat="46.4877060" lon="6.7493440"/>
   <trkpt lat="46.4876810" lon="6.7493750"/>
   <trkpt lat="46.4876670" lon="6.7493940"/>
   <trkpt lat="46.4876390" lon="6.7494260"/>
   <trkpt lat="46.4876170" lon="6.7494530"/>
   <trkpt lat="46.4876010" lon="6.7494770"/>
   <trkpt lat="46.4875800" lon="6.7495060"/>
   <trkpt lat="46.4875660" lon="6.7495230"/>
   <trkpt lat="46.4875460" lon="6.7495560"/>
   <trkpt lat="46.4875310" lon="6.7495850"/>
   <trkpt lat="46.4875150" lon="6.7496160"/>
   <trkpt lat="46.4874940" lon="6.7496490"/>
   <trkpt lat="46.4874830" lon="6.7496750"/>
   <trkpt lat="46.4874620" lon="6.7497090"/>
   <trkpt lat="46.4874430" lon="6.7497400"/>
   <trkpt lat="46.4874270" lon="6.7497750"/>
   <trkpt lat="46.4874100" lon="6.7498100"/>
   <trkpt lat="46.4873940" lon="6.7498440"/>
   <trkpt lat="46.4873790" lon="6.7498850"/>
   <trkpt lat="46.4873660" lon="6.7499130"/>
   <trkpt lat="46.4873540" lon="6.7499540"/>
   <trkpt lat="46.4873380" lon="6.7499930"/>
   <trkpt lat="46.4873290" lon="6.7500290"/>
   <trkpt lat="46.4873130" lon="6.7500680"/>
   <trkpt lat="46.4873030" lon="6.7501020"/>
   <trkpt lat="46.4872900" lon="6.7501390"/>
   <trkpt lat="46.4872770" lon="6.7501760"/>
   <trkpt lat="46.4872660" lon="6.7502070"/>
   <trkpt lat="46.4872490" lon="6.7502480"/>
   <trkpt lat="46.4872420" lon="6.7502830"/>
   <trkpt lat="46.4872290" lon="6.7503240"/>
   <trkpt lat="46.4872140" lon="6.7503620"/>
   <trkpt lat="46.4872020" lon="6.7503950"/>
   <trkpt lat="46.4871860" lon="6.7504380"/>
   <trkpt lat="46.4871750" lon="6.7504680"/>
   <trkpt lat="46.4871620" lon="6.7505060"/>
   <trkpt lat="46.4871470" lon="6.7505440"/>
   <trkpt lat="46.4871360" lon="6.7505790"/>
   <trkpt lat="46.4871210" lon="6.7506220"/>
   <trkpt lat="46.4871030" lon="6.7506520"/>
   <trkpt lat="46.4870850" lon="6.7506950"/>
   <trkpt lat="46.4870690" lon="6.7507270"/>
   <trkpt lat="46.4870560" lon="6.7507670"/>
   <trkpt lat="46.4870420" lon="6.7508060"/>
   <trkpt lat="46.4870320" lon="6.7508360"/>
   <trkpt lat="46.4870170" lon="6.7508800"/>
   <trkpt lat="46.4870110" lon="6.7509130"/>
   <trkpt lat="46.4869990" lon="6.7509550"/>
   <trkpt lat="46.4869850" lon="6.7509910"/>
   <trkpt lat="46.4869740" lon="6.7510240"/>
   <trkpt lat="46.4869550" lon="6.7510600"/>
   <trkpt lat="46.4869420" lon="6.7510900"/>
   <trkpt lat="46.4869260" lon="6.7511360"/>
   <trkpt lat="46.4869130" lon="6.7511710"/>
   <trkpt lat="46.4869010" lon="6.7512080"/>
   <trkpt lat="46.4868850" lon="6.7512480"/>
   <trkpt lat="46.4868720" lon="6.7512810"/>
   <trkpt lat="46.4868550" lon="6.7513240"/>
   <trkpt lat="46.4868380" lon="6.7513550"/>
   <trkpt lat="46.4868250" lon="6.7513900"/>
   <trkpt lat="46.4868130" lon="6.7514220"/>
   <trkpt lat="46.4868080" lon="6.7514550"/>
   <trkpt lat="46.4867950" lon="6.7514960"/>
   <trkpt lat="46.4867800" lon="6.7515260"/>
   <trkpt lat="46.4867650" lon="6.7515670"/>
   <trkpt lat="46.4867520" lon="6.7516040"/>
   <trkpt lat="46.4867410" lon="6.7516390"/>
   <trkpt lat="46.4867260" lon="6.7516830"/>
   <trkpt lat="46.4867140" lon="6.7517160"/>
   <trkpt lat="46.4866980" lon="6.7517550"/>
   <trkpt lat="46.4866840" lon="6.7517910"/>
   <trkpt lat="46.4866720" lon="6.7518230"/>
   <trkpt lat="46.4866550" lon="6.7518640"/>
   <trkpt lat="46.4866430" lon="6.7518960"/>
   <trkpt lat="46.4866290" lon="6.7519380"/>
   <trkpt lat="46.4866170" lon="6.7519760"/>
   <trkpt lat="46.4866050" lon="6.7520050"/>
   <trkpt lat="46.4865890" lon="6.7520470"/>
   <trkpt lat="46.4865750" lon="6.7520720"/>
   <trkpt lat="46.4865600" lon="6.7521150"/>
   <trkpt lat="46.4865470" lon="6.7521490"/>
   <trkpt lat="46.4865380" lon="6.7521840"/>
   <trkpt lat="46.4865270" lon="6.7522220"/>
   <trkpt lat="46.4865190" lon="6.7522530"/>
   <trkpt lat="46.4865030" lon="6.7522930"/>
   <trkpt lat="46.4864820" lon="6.7523270"/>
   <trkpt lat="46.4864690" lon="6.7523610"/>
   <trkpt lat="46.4864510" lon="6.7523990"/>
   <trkpt lat="46.4864390" lon="6.7524270"/>
   <trkpt lat="46.4864200" lon="6.7524710"/>
   <trkpt lat="46.4864120" lon="6.7525030"/>
   <trkpt lat="46.4863970" lon="6.7525390"/>
   <trkpt lat="46.4863850" lon="6.7525720"/>
   <trkpt lat="46.4863720" lon="6.7526000"/>
   <trkpt lat="46.4863520" lon="6.7526380"/>
   <trkpt lat="46.4863310" lon="6.7526630"/>
   <trkpt lat="46.4863110" lon="6.7526990"/>
   <trkpt lat="46.4862940" lon="6.7527310"/>
   <trkpt lat="46.4862790" lon="6.7527580"/>
   <trkpt lat="46.4862580" lon="6.7527900"/>
   <trkpt lat="46.4862380" lon="6.7528160"/>
   <trkpt lat="46.4862210" lon="6.7528520"/>
   <trkpt lat="46.4862030" lon="6.7528850"/>
   <trkpt lat="46.4861880" lon="6.7529200"/>
   <trkpt lat="46.4861620" lon="6.7529540"/>
   <trkpt lat="46.4861380" lon="6.7529810"/>
   <trkpt lat="46.4861180" lon="6.7530140"/>
   <trkpt lat="46.4860980" lon="6.7530480"/>
   <trkpt lat="46.4860780" lon="6.7530780"/>
   <trkpt lat="46.4860550" lon="6.7531130"/>
   <trkpt lat="46.4860380" lon="6.7531350"/>
   <trkpt lat="46.4860190" lon="6.7531660"/>
   <trkpt lat="46.4859970" lon="6.7531920"/>
   <trkpt lat="46.4859820" lon="6.7532150"/>
   <trkpt lat="46.4859600" lon="6.7532440"/>
   <trkpt lat="46.4859390" lon="6.7532660"/>
   <trkpt lat="46.4859170" lon="6.7532980"/>
   <trkpt lat="46.4858950" lon="6.7533240"/>
   <trkpt lat="46.4858760" lon="6.7533530"/>
   <trkpt lat="46.4858490" lon="6.7533850"/>
   <trkpt lat="46.4858300" lon="6.7534040"/>
   <trkpt lat="46.4858070" lon="6.7534370"/>
   <trkpt lat="46.4857820" lon="6.7534660"/>
   <trkpt lat="46.4857620" lon="6.7534960"/>
   <trkpt lat="46.4857360" lon="6.7535230"/>
   <trkpt lat="46.4857170" lon="6.7535420"/>
   <trkpt lat="46.4856940" lon="6.7535710"/>
   <trkpt lat="46.4856690" lon="6.7535940"/>
   <trkpt lat="46.4856500" lon="6.7536220"/>
   <trkpt lat="46.4856250" lon="6.7536490"/>
   <trkpt lat="46.4856040" lon="6.7536660"/>
   <trkpt lat="46.4855800" lon="6.7536910"/>
   <trkpt lat="46.4855540" lon="6.7537140"/>
   <trkpt lat="46.4855340" lon="6.7537370"/>
   <trkpt lat="46.4855080" lon="6.7537610"/>
   <trkpt lat="46.4854830" lon="6.7537800"/>
   <trkpt lat="46.4854600" lon="6.7538030"/>
   <trkpt lat="46.4854350" lon="6.7538240"/>
   <trkpt lat="46.4854170" lon="6.7538490"/>
   <trkpt lat="46.4853900" lon="6.7538710"/>
   <trkpt lat="46.4853730" lon="6.7538910"/>
   <trkpt lat="46.4853490" lon="6.7539160"/>
   <trkpt lat="46.4853230" lon="6.7539370"/>
   <trkpt lat="46.4853020" lon="6.7539580"/>
   <trkpt lat="46.4852760" lon="6.7539860"/>
   <trkpt lat="46.4852600" lon="6.7540080"/>
   <trkpt lat="46.4852260" lon="6.7540340"/>
   <trkpt lat="46.4852040" lon="6.7540500"/>
   <trkpt lat="46.4851760" lon="6.7540760"/>
   <trkpt lat="46.4851490" lon="6.7541020"/>
   <trkpt lat="46.4851300" lon="6.7541240"/>
   <trkpt lat="46.4851020" lon="6.7541510"/>
   <trkpt lat="46.4850840" lon="6.7541730"/>
   <trkpt lat="46.4850590" lon="6.7542020"/>
   <trkpt lat="46.4850310" lon="6.7542230"/>
   <trkpt lat="46.4850110" lon="6.7542500"/>
   <trkpt lat="46.4849840" lon="6.7542750"/>
   <trkpt lat="46.4849660" lon="6.7542980"/>
   <trkpt lat="46.4849430" lon="6.7543270"/>
   <trkpt lat="46.4849200" lon="6.7543530"/>
   <trkpt lat="46.4849030" lon="6.7543800"/>
   <trkpt lat="46.4848790" lon="6.7544100"/>
   <trkpt lat="46.4848650" lon="6.7544310"/>
   <trkpt lat="46.4848410" lon="6.7544620"/>
   <trkpt lat="46.4848200" lon="6.7544880"/>
   <trkpt lat="46.4848010" lon="6.7545140"/>
   <trkpt lat="46.4847740" lon="6.7545460"/>
   <trkpt lat="46.4847590" lon="6.7545690"/>
   <trkpt lat="46.4847360" lon="6.7545990"/>
   <trkpt lat="46.4847180" lon="6.7546270"/>
   <trkpt lat="46.4846980" lon="6.7546530"/>
   <trkpt lat="46.4846770" lon="6.7546830"/>
   <trkpt lat="46.4846610" lon="6.7547040"/>
   <trkpt lat="46.4846380" lon="6.7547350"/>
   <trkpt lat="46.4846240" lon="6.7547610"/>
   <trkpt lat="46.4846080" lon="6.7547970"/>
   <trkpt lat="46.4845800" lon="6.7548230"/>
   <trkpt lat="46.4845610" lon="6.7548490"/>
   <trkpt lat="46.4845330" lon="6.7548840"/>
   <trkpt lat="46.4845190" lon="6.7549080"/>
   <trkpt lat="46.4844990" lon="6.7549420"/>
   <trkpt lat="46.4844810" lon="6.7549730"/>
   <trkpt lat="46.4844650" lon="6.7549990"/>
   <trkpt lat="46.4844490" lon="6.7550360"/>
   <trkpt lat="46.4844330" lon="6.7550650"/>
   <trkpt lat="46.4844190" lon="6.7551050"/>
   <trkpt lat="46.4844030" lon="6.7551390"/>
   <trkpt lat="46.4843910" lon="6.7551690"/>
   <trkpt lat="46.4843750" lon="6.7552090"/>
   <trkpt lat="46.4843680" lon="6.7552380"/>
   <trkpt lat="46.4843530" lon="6.7552780"/>
   <trkpt lat="46.4843420" lon="6.7553160"/>
   <trkpt lat="46.4843320" lon="6.7553500"/>
   <trkpt lat="46.4843170" lon="6.7553870"/>
   <trkpt lat="46.4843080" lon="6.7554190"/>
   <trkpt lat="46.4842930" lon="6.7554560"/>
   <trkpt lat="46.4842790" lon="6.7554920"/>
   <trkpt lat="46.4842680" lon="6.7555230"/>
   <trkpt lat="46.4842540" lon="6.7555600"/>
   <trkpt lat="46.4842430" lon="6.7555890"/>
   <trkpt lat="46.4842320" lon="6.7556220"/>
   <trkpt lat="46.4842130" lon="6.7556530"/>
   <trkpt lat="46.4841970" lon="6.7556810"/>
   <trkpt lat="46.4841790" lon="6.7557130"/>
   <trkpt lat="46.4841650" lon="6.7557420"/>
   <trkpt lat="46.4841510" lon="6.7557770"/>
   <trkpt lat="46.4841370" lon="6.7558090"/>
   <trkpt lat="46.4841310" lon="6.7558410"/>
   <trkpt lat="46.4841160" lon="6.7558820"/>
   <trkpt lat="46.4841040" lon="6.7559070"/>
   <trkpt lat="46.4840890" lon="6.7559460"/>
   <trkpt lat="46.4840730" lon="6.7559780"/>
   <trkpt lat="46.4840580" lon="6.7560090"/>
   <trkpt lat="46.4840400" lon="6.7560500"/>
   <trkpt lat="46.4840220" lon="6.7560750"/>
   <trkpt lat="46.4840060" lon="6.7561150"/>
   <trkpt lat="46.4839890" lon="6.7561490"/>
   <trkpt lat="46.4839760" lon="6.7561830"/>
   <trkpt lat="46.4839560" lon="6.7562200"/>
   <trkpt lat="46.4839390" lon="6.7562470"/>
   <trkpt lat="46.4839210" lon="6.7562850"/>
   <trkpt lat="46.4839050" lon="6.7563160"/>
   <trkpt lat="46.4838910" lon="6.7563470"/>
   <trkpt lat="46.4838710" lon="6.7563810"/>
   <trkpt lat="46.4838530" lon="6.7564090"/>
   <trkpt lat="46.4838350" lon="6.7564530"/>
   <trkpt lat="46.4838170" lon="6.7564870"/>
   <trkpt lat="46.4838030" lon="6.7565200"/>
   <trkpt lat="46.4837840" lon="6.7565560"/>
   <trkpt lat="46.4837720" lon="6.7565810"/>
   <trkpt lat="46.4837570" lon="6.7566130"/>
   <trkpt lat="46.4837410" lon="6.7566420"/>
   <trkpt lat="46.4837260" lon="6.7566740"/>
   <trkpt lat="46.4837060" lon="6.7567040"/>
   <trkpt lat="46.4836910" lon="6.7567310"/>
   <trkpt lat="46.4836690" lon="6.7567620"/>
   <trkpt lat="46.4836490" lon="6.7567870"/>
   <trkpt lat="46.4836330" lon="6.7568160"/>
   <trkpt lat="46.4836120" lon="6.7568470"/>
   <trkpt lat="46.4835940" lon="6.7568710"/>
   <trkpt lat="46.4835720" lon="6.7569070"/>
   <trkpt lat="46.4835550" lon="6.7569360"/>
   <trkpt lat="46.4835420" lon="6.7569710"/>
   <trkpt lat="46.4835220" lon="6.7570020"/>
   <trkpt lat="46.4835040" lon="6.7570290"/>
   <trkpt lat="46.4834770" lon="6.7570550"/>
   <trkpt lat="46.4834490" lon="6.7570790"/>
   <trkpt lat="46.4834290" lon="6.7571100"/>
   <trkpt lat="46.4834040" lon="6.7571410"/>
   <trkpt lat="46.4833850" lon="6.7571680"/>
   <trkpt lat="46.4833580" lon="6.7572020"/>
   <trkpt lat="46.4833440" lon="6.7572250"/>
   <trkpt lat="46.4833260" lon="6.7572540"/>
   <trkpt lat="46.4833060" lon="6.7572800"/>
   <trkpt lat="46.4832920" lon="6.7573100"/>
   <trkpt lat="46.4832690" lon="6.7573390"/>
   <trkpt lat="46.4832500" lon="6.7573640"/>
   <trkpt lat="46.4832310" lon="6.7573910"/>
   <trkpt lat="46.4832070" lon="6.7574210"/>
   <trkpt lat="46.4831870" lon="6.7574420"/>
   <trkpt lat="46.4831620" lon="6.7574730"/>
   <trkpt lat="46.4831430" lon="6.7574890"/>
   <trkpt lat="46.4831240" lon="6.7575190"/>
   <trkpt lat="46.4831010" lon="6.7575480"/>
   <trkpt lat="46.4830850" lon="6.7575800"/>
   <trkpt lat="46.4830630" lon="6.7576100"/>
   <trkpt lat="46.4830480" lon="6.7576350"/>
   <trkpt lat="46.4830260" lon="6.7576630"/>
   <trkpt lat="46.4830000" lon="6.7576830"/>
   <trkpt lat="46.4829790" lon="6.7577100"/>
   <trkpt lat="46.4829560" lon="6.7577400"/>
   <trkpt lat="46.4829380" lon="6.7577600"/>
   <trkpt lat="46.4829090" lon="6.7577850"/>
   <trkpt lat="46.4828820" lon="6.7578010"/>
   <trkpt lat="46.4828580" lon="6.7578260"/>
   <trkpt lat="46.4828320" lon="6.7578520"/>
   <trkpt lat="46.4828160" lon="6.7578800"/>
   <trkpt lat="46.4827900" lon="6.7579050"/>
   <trkpt lat="46.4827700" lon="6.7579210"/>
   <trkpt lat="46.4827450" lon="6.7579430"/>
   <trkpt lat="46.4827180" lon="6.7579610"/>
   <trkpt lat="46.4826980" lon="6.7579880"/>
   <trkpt lat="46.4826740" lon="6.7580150"/>
   <trkpt lat="46.4826500" lon="6.7580320"/>
   <trkpt lat="46.4826200" lon="6.7580480"/>
   <trkpt lat="46.4825940" lon="6.7580610"/>
   <trkpt lat="46.4825730" lon="6.7580860"/>
   <trkpt lat="46.4825500" lon="6.7581100"/>
   <trkpt lat="46.4825290" lon="6.7581350"/>
   <trkpt lat="46.4825000" lon="6.7581580"/>
   <trkpt lat="46.4824720" lon="6.7581710"/>
   <trkpt lat="46.4824480" lon="6.7581930"/>
   <trkpt lat="46.4824200" lon="6.7582150"/>
   <trkpt lat="46.4824020" lon="6.7582410"/>
   <trkpt lat="46.4823720" lon="6.7582640"/>
   <trkpt lat="46.4823500" lon="6.7582830"/>
   <trkpt lat="46.4823220" lon="6.7583000"/>
   <trkpt lat="46.4822990" lon="6.7583180"/>
   <trkpt lat="46.4822760" lon="6.7583380"/>
   <trkpt lat="46.4822500" lon="6.7583580"/>
   <trkpt lat="46.4822230" lon="6.7583730"/>
   <trkpt lat="46.4821950" lon="6.7583930"/>
   <trkpt lat="46.4821700" lon="6.7584140"/>
   <trkpt lat="46.4821490" lon="6.7584370"/>
   <trkpt lat="46.4821250" lon="6.7584620"/>
   <trkpt lat="46.4821040" lon="6.7584850"/>
   <trkpt lat="46.4820800" lon="6.7585060"/>
   <trkpt lat="46.4820570" lon="6.7585290"/>
   <trkpt lat="46.4820350" lon="6.7585530"/>
   <trkpt lat="46.4820110" lon="6.7585770"/>
   <trkpt lat="46.4819890" lon="6.7585990"/>
   <trkpt lat="46.4819600" lon="6.7586230"/>
   <trkpt lat="46.4819370" lon="6.7586430"/>
   <trkpt lat="46.4819120" lon="6.7586740"/>
   <trkpt lat="46.4818860" lon="6.7587040"/>
   <trkpt lat="46.4818650" lon="6.7587290"/>
   <trkpt lat="46.4818420" lon="6.7587580"/>
   <trkpt lat="46.4818260" lon="6.7587770"/>
   <trkpt lat="46.4818020" lon="6.7588050"/>
   <trkpt lat="46.4817800" lon="6.7588310"/>
   <trkpt lat="46.4817620" lon="6.7588560"/>
   <trkpt lat="46.4817410" lon="6.7588870"/>
   <trkpt lat="46.4817240" lon="6.7589110"/>
   <trkpt lat="46.4817000" lon="6.7589380"/>
   <trkpt lat="46.4816760" lon="6.7589580"/>
   <trkpt lat="46.4816540" lon="6.7589830"/>
   <trkpt lat="46.4816320" lon="6.7590120"/>
   <trkpt lat="46.4816180" lon="6.7590480"/>
   <trkpt lat="46.4815960" lon="6.7590800"/>
   <trkpt lat="46.4815860" lon="6.7591060"/>
   <trkpt lat="46.4815640" lon="6.7591430"/>
   <trkpt lat="46.4815420" lon="6.7591700"/>
   <trkpt lat="46.4815210" lon="6.7591900"/>
   <trkpt lat="46.4814980" lon="6.7592160"/>
   <trkpt lat="46.4814770" lon="6.7592300"/>
   <trkpt lat="46.4814550" lon="6.7592570"/>
   <trkpt lat="46.4814340" lon="6.7592770"/>
   <trkpt lat="46.4814120" lon="6.7593030"/>
   <trkpt lat="46.4813900" lon="6.7593320"/>
   <trkpt lat="46.4813760" lon="6.7593620"/>
   <trkpt lat="46.4813570" lon="6.7593980"/>
   <trkpt lat="46.4813350" lon="6.7594260"/>
   <trkpt lat="46.4813110" lon="6.7594620"/>
   <trkpt lat="46.4812900" lon="6.7594930"/>
   <trkpt lat="46.4812750" lon="6.7595270"/>
   <trkpt lat="46.4812580" lon="6.7595630"/>
   <trkpt lat="46.4812400" lon="6.7595870"/>
   <trkpt lat="46.4812230" lon="6.7596130"/>
   <trkpt lat="46.4812050" lon="6.7596460"/>
   <trkpt lat="46.4811840" lon="6.7596760"/>
   <trkpt lat="46.4811650" lon="6.7597150"/>
   <trkpt lat="46.4811450" lon="6.7597430"/>
   <trkpt lat="46.4811240" lon="6.7597750"/>
   <trkpt lat="46.4811020" lon="6.7598020"/>
   <trkpt lat="46.4810870" lon="6.7598350"/>
   <trkpt lat="46.4810720" lon="6.7598740"/>
   <trkpt lat="46.4810570" lon="6.7599010"/>
   <trkpt lat="46.4810350" lon="6.7599320"/>
   <trkpt lat="46.4810170" lon="6.7599570"/>
   <trkpt lat="46.4809990" lon="6.7599890"/>
   <trkpt lat="46.4809800" lon="6.7600220"/>
   <trkpt lat="46.4809650" lon="6.7600480"/>
   <trkpt lat="46.4809470" lon="6.7600850"/>
   <trkpt lat="46.4809340" lon="6.7601170"/>
   <trkpt lat="46.4809160" lon="6.7601530"/>
   <trkpt lat="46.4808960" lon="6.7601880"/>
   <trkpt lat="46.4808800" lon="6.7602210"/>
   <trkpt lat="46.4808620" lon="6.7602560"/>
   <trkpt lat="46.4808470" lon="6.7602900"/>
   <trkpt lat="46.4808280" lon="6.7603210"/>
   <trkpt lat="46.4808110" lon="6.7603510"/>
   <trkpt lat="46.4807940" lon="6.7603790"/>
   <trkpt lat="46.4807780" lon="6.7604120"/>
   <trkpt lat="46.4807680" lon="6.7604410"/>
   <trkpt lat="46.4807500" lon="6.7604770"/>
   <trkpt lat="46.4807380" lon="6.7605080"/>
   <trkpt lat="46.4807150" lon="6.7605430"/>
   <trkpt lat="46.4806980" lon="6.7605720"/>
   <trkpt lat="46.4806830" lon="6.7606040"/>
   <trkpt lat="46.4806640" lon="6.7606390"/>
   <trkpt lat="46.4806520" lon="6.7606680"/>
   <trkpt lat="46.4806310" lon="6.7607030"/>
   <trkpt lat="46.4806150" lon="6.7607320"/>
   <trkpt lat="46.4805970" lon="6.7607720"/>
   <trkpt lat="46.4805800" lon="6.7608110"/>
   <trkpt lat="46.4805660" lon="6.7608490"/>
   <trkpt lat="46.4805510" lon="6.7608880"/>
   <trkpt lat="46.4805400" lon="6.7609140"/>
   <trkpt lat="46.4805200" lon="6.7609570"/>
   <trkpt lat="46.4804990" lon="6.7609860"/>
   <trkpt lat="46.4804860" lon="6.7610230"/>
   <trkpt lat="46.4804710" lon="6.7610590"/>
   <trkpt lat="46.4804590" lon="6.7610900"/>
   <trkpt lat="46.4804390" lon="6.7611310"/>
   <trkpt lat="46.4804220" lon="6.7611580"/>
   <trkpt lat="46.4804090" lon="6.7611930"/>
   <trkpt lat="46.4803940" lon="6.7612270"/>
   <trkpt lat="46.4803860" lon="6.7612620"/>
   <trkpt lat="46.4803660" lon="6.7612990"/>
   <trkpt lat="46.4803500" lon="6.7613220"/>
   <trkpt lat="46.4803300" lon="6.7613590"/>
   <trkpt lat="46.4803110" lon="6.7613890"/>
   <trkpt lat="46.4803030" lon="6.7614240"/>
   <trkpt lat="46.4802860" lon="6.7614620"/>
   <trkpt lat="46.4802760" lon="6.7614930"/>
   <trkpt lat="46.4802580" lon="6.7615310"/>
   <trkpt lat="46.4802390" lon="6.7615640"/>
   <trkpt lat="46.4802230" lon="6.7616010"/>
   <trkpt lat="46.4802090" lon="6.7616350"/>
   <trkpt lat="46.4802020" lon="6.7616690"/>
   <trkpt lat="46.4801850" lon="6.7617050"/>
   <trkpt lat="46.4801660" lon="6.7617310"/>
   <trkpt lat="46.4801520" lon="6.7617670"/>
   <trkpt lat="46.4801340" lon="6.7618000"/>
   <trkpt lat="46.4801200" lon="6.7618330"/>
   <trkpt lat="46.4801000" lon="6.7618720"/>
   <trkpt lat="46.4800840" lon="6.7618980"/>
   <trkpt lat="46.4800630" lon="6.7619380"/>
   <trkpt lat="46.4800440" lon="6.7619680"/>
   <trkpt lat="46.4800310" lon="6.7620080"/>
   <trkpt lat="46.4800160" lon="6.7620440"/>
   <trkpt lat="46.4800020" lon="6.7620770"/>
   <trkpt lat="46.4799830" lon="6.7621120"/>
   <trkpt lat="46.4799610" lon="6.7621410"/>
   <trkpt lat="46.4799440" lon="6.7621770"/>
   <trkpt lat="46.4799260" lon="6.7622090"/>
   <trkpt lat="46.4799110" lon="6.7622420"/>
   <trkpt lat="46.4798960" lon="6.7622850"/>
   <trkpt lat="46.4798860" lon="6.7623170"/>
   <trkpt lat="46.4798680" lon="6.7623570"/>
   <trkpt lat="46.4798570" lon="6.7623880"/>
   <trkpt lat="46.4798420" lon="6.7624290"/>
   <trkpt lat="46.4798240" lon="6.7624650"/>
   <trkpt lat="46.4798140" lon="6.7625010"/>
   <trkpt lat="46.4797970" lon="6.7625360"/>
   <trkpt lat="46.4797890" lon="6.7625690"/>
   <trkpt lat="46.4797660" lon="6.7626080"/>
   <trkpt lat="46.4797500" lon="6.7626300"/>
   <trkpt lat="46.4797300" lon="6.7626680"/>
   <trkpt lat="46.4797120" lon="6.7627010"/>
   <trkpt lat="46.4797050" lon="6.7627390"/>
   <trkpt lat="46.4796910" lon="6.7627800"/>
   <trkpt lat="46.4796840" lon="6.7628100"/>
   <trkpt lat="46.4796670" lon="6.7628530"/>
   <trkpt lat="46.4796470" lon="6.7628800"/>
   <trkpt lat="46.4796320" lon="6.7629220"/>
   <trkpt lat="46.4796170" lon="6.7629580"/>
   <trkpt lat="46.4796070" lon="6.7629880"/>
   <trkpt lat="46.4795850" lon="6.7630310"/>
   <trkpt lat="46.4795710" lon="6.7630570"/>
   <trkpt lat="46.4795580" lon="6.7630990"/>
   <trkpt lat="46.4795460" lon="6.7631340"/>
   <trkpt lat="46.4795380" lon="6.7631740"/>
   <trkpt lat="46.4795180" lon="6.7632130"/>
   <trkpt lat="46.4795010" lon="6.7632380"/>
   <trkpt lat="46.4794820" lon="6.7632760"/>
   <trkpt lat="46.4794660" lon="6.7633070"/>
   <trkpt lat="46.4794550" lon="6.7633450"/>
   <trkpt lat="46.4794400" lon="6.7633880"/>
   <trkpt lat="46.4794320" lon="6.7634170"/>
   <trkpt lat="46.4794170" lon="6.7634590"/>
   <trkpt lat="46.4794020" lon="6.7634880"/>
   <trkpt lat="46.4793910" lon="6.7635280"/>
   <trkpt lat="46.4793810" lon="6.7635650"/>
   <trkpt lat="46.4793720" lon="6.7635990"/>
   <trkpt lat="46.4793530" lon="6.7636340"/>
   <trkpt lat="46.4793350" lon="6.7636610"/>
   <trkpt lat="46.4793200" lon="6.7636960"/>
   <trkpt lat="46.4793080" lon="6.7637330"/>
   <trkpt lat="46.4792960" lon="6.7637670"/>
   <trkpt lat="46.4792790" lon="6.7638080"/>
   <trkpt lat="46.4792620" lon="6.7638340"/>
   <trkpt lat="46.4792460" lon="6.7638760"/>
   <trkpt lat="46.4792340" lon="6.7639130"/>
   <trkpt lat="46.4792250" lon="6.7639560"/>
   <trkpt lat="46.4792100" lon="6.7639960"/>
   <trkpt lat="46.4791980" lon="6.7640250"/>
   <trkpt lat="46.4791820" lon="6.7640690"/>
   <trkpt lat="46.4791710" lon="6.7641020"/>
   <trkpt lat="46.4791610" lon="6.7641400"/>
   <trkpt lat="46.4791470" lon="6.7641810"/>
   <trkpt lat="46.4791390" lon="6.7642120"/>
   <trkpt lat="46.4791190" lon="6.7642510"/>
   <trkpt lat="46.4791040" lon="6.7642790"/>
   <trkpt lat="46.4790860" lon="6.7643160"/>
   <trkpt lat="46.4790730" lon="6.7643570"/>
   <trkpt lat="46.4790650" lon="6.7643910"/>
   <trkpt lat="46.4790510" lon="6.7644330"/>
   <trkpt lat="46.4790420" lon="6.7644590"/>
   <trkpt lat="46.4790280" lon="6.7645020"/>
   <trkpt lat="46.4790100" lon="6.7645320"/>
   <trkpt lat="46.4789990" lon="6.7645760"/>
   <trkpt lat="46.4789830" lon="6.7646190"/>
   <trkpt lat="46.4789730" lon="6.7646480"/>
   <trkpt lat="46.4789530" lon="6.7646890"/>
   <trkpt lat="46.4789360" lon="6.7647160"/>
   <trkpt lat="46.4789220" lon="6.7647550"/>
   <trkpt lat="46.4789080" lon="6.7647950"/>
   <trkpt lat="46.4789030" lon="6.7648300"/>
   <trkpt lat="46.4788850" lon="6.7648720"/>
   <trkpt lat="46.4788720" lon="6.7649010"/>
   <trkpt lat="46.4788580" lon="6.7649410"/>
   <trkpt lat="46.4788440" lon="6.7649740"/>
   <trkpt lat="46.4788390" lon="6.7650100"/>
   <trkpt lat="46.4788210" lon="6.7650480"/>
   <trkpt lat="46.4788070" lon="6.7650750"/>
   <trkpt lat="46.4787910" lon="6.7651150"/>
   <trkpt lat="46.4787810" lon="6.7651510"/>
   <trkpt lat="46.4787740" lon="6.7651910"/>
   <trkpt lat="46.4787630" lon="6.7652330"/>
   <trkpt lat="46.4787510" lon="6.7652620"/>
   <trkpt lat="46.4787350" lon="6.7653050"/>
   <trkpt lat="46.4787200" lon="6.7653350"/>
   <trkpt lat="46.4787090" lon="6.7653740"/>
   <trkpt lat="46.4786970" lon="6.7654130"/>
   <trkpt lat="46.4786880" lon="6.7654430"/>
   <trkpt lat="46.4786730" lon="6.7654860"/>
   <trkpt lat="46.4786590" lon="6.7655190"/>
   <trkpt lat="46.4786480" lon="6.7655610"/>
   <trkpt lat="46.4786360" lon="6.7655990"/>
   <trkpt lat="46.4786300" lon="6.7656340"/>
   <trkpt lat="46.4786180" lon="6.7656720"/>
   <trkpt lat="46.4786100" lon="6.7657020"/>
   <trkpt lat="46.4785950" lon="6.7657430"/>
   <trkpt lat="46.4785810" lon="6.7657730"/>
   <trkpt lat="46.4785710" lon="6.7658140"/>
   <trkpt lat="46.4785560" lon="6.7658520"/>
   <trkpt lat="46.4785460" lon="6.7658840"/>
   <trkpt lat="46.4785310" lon="6.7659290"/>
   <trkpt lat="46.4785180" lon="6.7659630"/>
   <trkpt lat="46.4785060" lon="6.7660070"/>
   <trkpt lat="46.4784940" lon="6.7660460"/>
   <trkpt lat="46.4784840" lon="6.7660770"/>
   <trkpt lat="46.4784660" lon="6.7661170"/>
   <trkpt lat="46.4784570" lon="6.7661450"/>
   <trkpt lat="46.4784410" lon="6.7661820"/>
   <trkpt lat="46.4784270" lon="6.7662170"/>
   <trkpt lat="46.4784130" lon="6.7662510"/>
   <trkpt lat="46.4784020" lon="6.7662880"/>
   <trkpt lat="46.4783890" lon="6.7663200"/>
   <trkpt lat="46.4783760" lon="6.7663580"/>
   <trkpt lat="46.4783620" lon="6.7663920"/>
   <trkpt lat="46.4783470" lon="6.7664290"/>
   <trkpt lat="46.4783300" lon="6.7664690"/>
   <trkpt lat="46.4783210" lon="6.7665010"/>
   <trkpt lat="46.4783030" lon="6.7665360"/>
   <trkpt lat="46.4782910" lon="6.7665650"/>
   <trkpt lat="46.4782760" lon="6.7666040"/>
   <trkpt lat="46.4782620" lon="6.7666410"/>
   <trkpt lat="46.4782510" lon="6.7666720"/>
   <trkpt lat="46.4782320" lon="6.7667090"/>
   <trkpt lat="46.4782160" lon="6.7667370"/>
   <trkpt lat="46.4782000" lon="6.7667730"/>
   <trkpt lat="46.4781820" lon="6.7668100"/>
   <trkpt lat="46.4781680" lon="6.7668410"/>
   <trkpt lat="46.4781510" lon="6.7668810"/>
   <trkpt lat="46.4781400" lon="6.7669170"/>
   <trkpt lat="46.4781240" lon="6.7669520"/>
   <trkpt lat="46.4781110" lon="6.7669890"/>
   <trkpt lat="46.4780990" lon="6.7670250"/>
   <trkpt lat="46.4780850" lon="6.7670650"/>
   <trkpt lat="46.4780710" lon="6.7671040"/>
   <trkpt lat="46.4780570" lon="6.7671380"/>
   <trkpt lat="46.4780460" lon="6.7671660"/>
   <trkpt lat="46.4780290" lon="6.7672030"/>
   <trkpt lat="46.4780120" lon="6.7672320"/>
   <trkpt lat="46.4779980" lon="6.7672720"/>
   <trkpt lat="46.4779840" lon="6.7673100"/>
   <trkpt lat="46.4779770" lon="6.7673460"/>
   <trkpt lat="46.4779600" lon="6.7673870"/>
   <trkpt lat="46.4779440" lon="6.7674120"/>
   <trkpt lat="46.4779300" lon="6.7674510"/>
   <trkpt lat="46.4779150" lon="6.7674870"/>
   <trkpt lat="46.4779080" lon="6.7675240"/>
   <trkpt lat="46.4778960" lon="6.7675650"/>
   <trkpt lat="46.4778780" lon="6.7675890"/>
   <trkpt lat="46.4778610" lon="6.7676290"/>
   <trkpt lat="46.4778420" lon="6.7676630"/>
   <trkpt lat="46.4778320" lon="6.7676980"/>
   <trkpt lat="46.4778190" lon="6.7677350"/>
   <trkpt lat="46.4778100" lon="6.7677690"/>
   <trkpt lat="46.4777950" lon="6.7678120"/>
   <trkpt lat="46.4777810" lon="6.7678420"/>
   <trkpt lat="46.4777700" lon="6.7678850"/>
   <trkpt lat="46.4777590" lon="6.7679240"/>
   <trkpt lat="46.4777560" lon="6.7679620"/>
   <trkpt lat="46.4777430" lon="6.7680060"/>
   <trkpt lat="46.4777290" lon="6.7680340"/>
   <trkpt lat="46.4777150" lon="6.7680710"/>
   <trkpt lat="46.4777010" lon="6.7681070"/>
   <trkpt lat="46.4776920" lon="6.7681400"/>
   <trkpt lat="46.4776780" lon="6.7681810"/>
   <trkpt lat="46.4776660" lon="6.7682060"/>
   <trkpt lat="46.4776490" lon="6.7682490"/>
   <trkpt lat="46.4776370" lon="6.7682770"/>
   <trkpt lat="46.4776290" lon="6.7683160"/>
   <trkpt lat="46.4776200" lon="6.7683570"/>
   <trkpt lat="46.4776150" lon="6.7683920"/>
   <trkpt lat="46.4775970" lon="6.7684290"/>
   <trkpt lat="46.4775880" lon="6.7684640"/>
   <trkpt lat="46.4775800" lon="6.7685010"/>
   <trkpt lat="46.4775700" lon="6.7685480"/>
   <trkpt lat="46.4775670" lon="6.7685800"/>
   <trkpt lat="46.4775540" lon="6.7686220"/>
   <trkpt lat="46.4775380" lon="6.7686520"/>
   <trkpt lat="46.4775260" lon="6.7686950"/>
   <trkpt lat="46.4775170" lon="6.7687370"/>
   <trkpt lat="46.4775080" lon="6.7687660"/>
   <trkpt lat="46.4774950" lon="6.7688090"/>
   <trkpt lat="46.4774830" lon="6.7688450"/>
   <trkpt lat="46.4774670" lon="6.7688860"/>
   <trkpt lat="46.4774540" lon="6.7689260"/>
   <trkpt lat="46.4774510" lon="6.7689640"/>
   <trkpt lat="46.4774380" lon="6.7690060"/>
   <trkpt lat="46.4774310" lon="6.7690380"/>
   <trkpt lat="46.4774180" lon="6.7690800"/>
   <trkpt lat="46.4774080" lon="6.7691160"/>
   <trkpt lat="46.4774060" lon="6.7691510"/>
   <trkpt lat="46.4773990" lon="6.7691920"/>
   <trkpt lat="46.4773890" lon="6.7692160"/>
   <trkpt lat="46.4773760" lon="6.7692570"/>
   <trkpt lat="46.4773690" lon="6.7692950"/>
   <trkpt lat="46.4773600" lon="6.7693360"/>
   <trkpt lat="46.4773520" lon="6.7693830"/>
   <trkpt lat="46.4773460" lon="6.7694180"/>
   <trkpt lat="46.4773320" lon="6.7694650"/>
   <trkpt lat="46.4773200" lon="6.7694980"/>
   <trkpt lat="46.4773110" lon="6.7695340"/>
   <trkpt lat="46.4773040" lon="6.7695710"/>
   <trkpt lat="46.4772980" lon="6.7696060"/>
   <trkpt lat="46.4772850" lon="6.7696490"/>
   <trkpt lat="46.4772690" lon="6.7696750"/>
   <trkpt lat="46.4772560" lon="6.7697150"/>
   <trkpt lat="46.4772470" lon="6.7697560"/>
   <trkpt lat="46.4772390" lon="6.7697870"/>
   <trkpt lat="46.4772220" lon="6.7698270"/>
   <trkpt lat="46.4772110" lon="6.7698560"/>
   <trkpt lat="46.4772020" lon="6.7698950"/>
   <trkpt lat="46.4771920" lon="6.7699340"/>
   <trkpt lat="46.4771890" lon="6.7699700"/>
   <trkpt lat="46.4771730" lon="6.7700150"/>
   <trkpt lat="46.4771620" lon="6.7700470"/>
   <trkpt lat="46.4771500" lon="6.7700870"/>
   <trkpt lat="46.4771380" lon="6.7701280"/>
   <trkpt lat="46.4771280" lon="6.7701670"/>
   <trkpt lat="46.4771130" lon="6.7702110"/>
   <trkpt lat="46.4770970" lon="6.7702370"/>
   <trkpt lat="46.4770840" lon="6.7702820"/>
   <trkpt lat="46.4770720" lon="6.7703190"/>
   <trkpt lat="46.4770570" lon="6.7703570"/>
   <trkpt lat="46.4770480" lon="6.7704020"/>
   <trkpt lat="46.4770370" lon="6.7704360"/>
   <trkpt lat="46.4770210" lon="6.7704740"/>
   <trkpt lat="46.4770080" lon="6.7705080"/>
   <trkpt lat="46.4769960" lon="6.7705440"/>
   <trkpt lat="46.4769840" lon="6.7705870"/>
   <trkpt lat="46.4769740" lon="6.7706200"/>
   <trkpt lat="46.4769550" lon="6.7706590"/>
   <trkpt lat="46.4769500" lon="6.7706920"/>
   <trkpt lat="46.4769400" lon="6.7707310"/>
   <trkpt lat="46.4769320" lon="6.7707700"/>
   <trkpt lat="46.4769200" lon="6.7708030"/>
   <trkpt lat="46.4769030" lon="6.7708410"/>
   <trkpt lat="46.4768910" lon="6.7708760"/>
   <trkpt lat="46.4768740" lon="6.7709130"/>
   <trkpt lat="46.4768600" lon="6.7709510"/>
   <trkpt lat="46.4768490" lon="6.7709820"/>
   <trkpt lat="46.4768370" lon="6.7710250"/>
   <trkpt lat="46.4768280" lon="6.7710580"/>
   <trkpt lat="46.4768110" lon="6.7710950"/>
   <trkpt lat="46.4768010" lon="6.7711330"/>
   <trkpt lat="46.4767870" lon="6.7711680"/>
   <trkpt lat="46.4767710" lon="6.7712090"/>
   <trkpt lat="46.4767610" lon="6.7712420"/>
   <trkpt lat="46.4767510" lon="6.7712810"/>
   <trkpt lat="46.4767400" lon="6.7713200"/>
   <trkpt lat="46.4767280" lon="6.7713580"/>
   <trkpt lat="46.4767150" lon="6.7713970"/>
   <trkpt lat="46.4767050" lon="6.7714320"/>
   <trkpt lat="46.4766900" lon="6.7714720"/>
   <trkpt lat="46.4766820" lon="6.7715060"/>
   <trkpt lat="46.4766710" lon="6.7715460"/>
   <trkpt lat="46.4766530" lon="6.7715810"/>
   <trkpt lat="46.4766430" lon="6.7716140"/>
   <trkpt lat="46.4766290" lon="6.7716520"/>
   <trkpt lat="46.4766160" lon="6.7716800"/>
   <trkpt lat="46.4766030" lon="6.7717150"/>
   <trkpt lat="46.4765910" lon="6.7717530"/>
   <trkpt lat="46.4765780" lon="6.7717850"/>
   <trkpt lat="46.4765640" lon="6.7718300"/>
   <trkpt lat="46.4765560" lon="6.7718620"/>
   <trkpt lat="46.4765420" lon="6.7719000"/>
   <trkpt lat="46.4765280" lon="6.7719380"/>
   <trkpt lat="46.4765170" lon="6.7719700"/>
   <trkpt lat="46.4765030" lon="6.7720080"/>
   <trkpt lat="46.4764940" lon="6.7720340"/>
   <trkpt lat="46.4764790" lon="6.7720740"/>
   <trkpt lat="46.4764670" lon="6.7721060"/>
   <trkpt lat="46.4764540" lon="6.7721450"/>
   <trkpt lat="46.4764420" lon="6.7721810"/>
   <trkpt lat="46.4764340" lon="6.7722160"/>
   <trkpt lat="46.4764180" lon="6.7722560"/>
   <trkpt lat="46.4764030" lon="6.7722860"/>
   <trkpt lat="46.4763890" lon="6.7723210"/>
   <trkpt lat="46.4763780" lon="6.7723610"/>
   <trkpt lat="46.4763760" lon="6.7723950"/>
   <trkpt lat="46.4763580" lon="6.7724370"/>
   <trkpt lat="46.4763480" lon="6.7724680"/>
   <trkpt lat="46.4763310" lon="6.7725070"/>
   <trkpt lat="46.4763190" lon="6.7725470"/>
   <trkpt lat="46.4763130" lon="6.7725820"/>
   <trkpt lat="46.4763030" lon="6.7726220"/>
   <trkpt lat="46.4762960" lon="6.7726520"/>
   <trkpt lat="46.4762800" lon="6.7726930"/>
   <trkpt lat="46.4762630" lon="6.7727230"/>
   <trkpt lat="46.4762470" lon="6.7727580"/>
   <trkpt lat="46.4762350" lon="6.7727990"/>
   <trkpt lat="46.4762280" lon="6.7728270"/>
   <trkpt lat="46.4762090" lon="6.7728690"/>
   <trkpt lat="46.4761950" lon="6.7729040"/>
   <trkpt lat="46.4761820" lon="6.7729430"/>
   <trkpt lat="46.4761700" lon="6.7729800"/>
   <trkpt lat="46.4761640" lon="6.7730140"/>
   <trkpt lat="46.4761480" lon="6.7730550"/>
   <trkpt lat="46.4761410" lon="6.7730870"/>
   <trkpt lat="46.4761320" lon="6.7731280"/>
   <trkpt lat="46.4761170" lon="6.7731650"/>
   <trkpt lat="46.4761070" lon="6.7731960"/>
   <trkpt lat="46.4760870" lon="6.7732410"/>
   <trkpt lat="46.4760780" lon="6.7732700"/>
   <trkpt lat="46.4760630" lon="6.7733070"/>
   <trkpt lat="46.4760480" lon="6.7733420"/>
   <trkpt lat="46.4760340" lon="6.7733770"/>
   <trkpt lat="46.4760170" lon="6.7734130"/>
   <trkpt lat="46.4760030" lon="6.7734420"/>
   <trkpt lat="46.4759850" lon="6.7734820"/>
   <trkpt lat="46.4759680" lon="6.7735140"/>
   <trkpt lat="46.4759530" lon="6.7735480"/>
   <trkpt lat="46.4759410" lon="6.7735870"/>
   <trkpt lat="46.4759290" lon="6.7736170"/>
   <trkpt lat="46.4759130" lon="6.7736560"/>
   <trkpt lat="46.4758940" lon="6.7736780"/>
   <trkpt lat="46.4758800" lon="6.7737180"/>
   <trkpt lat="46.4758640" lon="6.7737510"/>
   <trkpt lat="46.4758520" lon="6.7737800"/>
   <trkpt lat="46.4758370" lon="6.7738200"/>
   <trkpt lat="46.4758350" lon="6.7738560"/>
   <trkpt lat="46.4758220" lon="6.7738970"/>
   <trkpt lat="46.4758110" lon="6.7739330"/>
   <trkpt lat="46.4758000" lon="6.7739730"/>
   <trkpt lat="46.4757870" lon="6.7740100"/>
   <trkpt lat="46.4757780" lon="6.7740390"/>
   <trkpt lat="46.4757590" lon="6.7740790"/>
   <trkpt lat="46.4757460" lon="6.7741070"/>
   <trkpt lat="46.4757280" lon="6.7741470"/>
   <trkpt lat="46.4757130" lon="6.7741880"/>
   <trkpt lat="46.4757050" lon="6.7742240"/>
   <trkpt lat="46.4756890" lon="6.7742670"/>
   <trkpt lat="46.4756760" lon="6.7742970"/>
   <trkpt lat="46.4756600" lon="6.7743370"/>
   <trkpt lat="46.4756490" lon="6.7743750"/>
   <trkpt lat="46.4756420" lon="6.7744130"/>
   <trkpt lat="46.4756290" lon="6.7744560"/>
   <trkpt lat="46.4756200" lon="6.7744870"/>
   <trkpt lat="46.4756060" lon="6.7745270"/>
   <trkpt lat="46.4755890" lon="6.7745600"/>
   <trkpt lat="46.4755790" lon="6.7745960"/>
   <trkpt lat="46.4755620" lon="6.7746380"/>
   <trkpt lat="46.4755520" lon="6.7746650"/>
   <trkpt lat="46.4755330" lon="6.7747050"/>
   <trkpt lat="46.4755200" lon="6.7747340"/>
   <trkpt lat="46.4755030" lon="6.7747700"/>
   <trkpt lat="46.4754890" lon="6.7748070"/>
   <trkpt lat="46.4754770" lon="6.7748400"/>
   <trkpt lat="46.4754600" lon="6.7748790"/>
   <trkpt lat="46.4754500" lon="6.7749070"/>
   <trkpt lat="46.4754360" lon="6.7749480"/>
   <trkpt lat="46.4754260" lon="6.7749830"/>
   <trkpt lat="46.4754180" lon="6.7750210"/>
   <trkpt lat="46.4754070" lon="6.7750640"/>
   <trkpt lat="46.4753970" lon="6.7750980"/>
   <trkpt lat="46.4753830" lon="6.7751430"/>
   <trkpt lat="46.4753730" lon="6.7751690"/>
   <trkpt lat="46.4753530" lon="6.7752120"/>
   <trkpt lat="46.4753330" lon="6.7752440"/>
   <trkpt lat="46.4753210" lon="6.7752810"/>
   <trkpt lat="46.4753080" lon="6.7753220"/>
   <trkpt lat="46.4752970" lon="6.7753530"/>
   <trkpt lat="46.4752810" lon="6.7753970"/>
   <trkpt lat="46.4752650" lon="6.7754220"/>
   <trkpt lat="46.4752570" lon="6.7754590"/>
   <trkpt lat="46.4752440" lon="6.7754940"/>
   <trkpt lat="46.4752310" lon="6.7755230"/>
   <trkpt lat="46.4752150" lon="6.7755650"/>
   <trkpt lat="46.4752040" lon="6.7755970"/>
   <trkpt lat="46.4751860" lon="6.7756370"/>
   <trkpt lat="46.4751750" lon="6.7756760"/>
   <trkpt lat="46.4751720" lon="6.7757120"/>
   <trkpt lat="46.4751580" lon="6.7757570"/>
   <trkpt lat="46.4751470" lon="6.7757830"/>
   <trkpt lat="46.4751340" lon="6.7758260"/>
   <trkpt lat="46.4751220" lon="6.7758670"/>
   <trkpt lat="46.4751060" lon="6.7759020"/>
   <trkpt lat="46.4750940" lon="6.7759410"/>
   <trkpt lat="46.4750870" lon="6.7759710"/>
   <trkpt lat="46.4750730" lon="6.7760150"/>
   <trkpt lat="46.4750550" lon="6.7760390"/>
   <trkpt lat="46.4750450" lon="6.7760740"/>
   <trkpt lat="46.4750330" lon="6.7761090"/>
   <trkpt lat="46.4750260" lon="6.7761430"/>
   <trkpt lat="46.4750120" lon="6.7761810"/>
   <trkpt lat="46.4749940" lon="6.7762120"/>
   <trkpt lat="46.4749830" lon="6.7762500"/>
   <trkpt lat="46.4749710" lon="6.7762910"/>
   <trkpt lat="46.4749680" lon="6.7763290"/>
   <trkpt lat="46.4749550" lon="6.7763700"/>
   <trkpt lat="46.4749460" lon="6.7764000"/>
   <trkpt lat="46.4749380" lon="6.7764420"/>
   <trkpt lat="46.4749270" lon="6.7764780"/>
   <trkpt lat="46.4749240" lon="6.7765120"/>
   <trkpt lat="46.4749130" lon="6.7765500"/>
   <trkpt lat="46.4749030" lon="6.7765740"/>
   <trkpt lat="46.4748970" lon="6.7766180"/>
   <trkpt lat="46.4748910" lon="6.7766580"/>
   <trkpt lat="46.4748940" lon="6.7766930"/>
   <trkpt lat="46.4748870" lon="6.7767360"/>
   <trkpt lat="46.4748800" lon="6.7767630"/>
   <trkpt lat="46.4748750" lon="6.7768070"/>
   <trkpt lat="46.4748720" lon="6.7768440"/>
   <trkpt lat="46.4748730" lon="6.7768870"/>
   <trkpt lat="46.4748690" lon="6.7769290"/>
   <trkpt lat="46.4748690" lon="6.7769620"/>
   <trkpt lat="46.4748690" lon="6.7770130"/>
   <trkpt lat="46.4748670" lon="6.7770450"/>
   <trkpt lat="46.4748650" lon="6.7770910"/>
   <trkpt lat="46.4748630" lon="6.7771280"/>
   <trkpt lat="46.4748670" lon="6.7771620"/>
   <trkpt lat="46.4748690" lon="6.7772030"/>
   <trkpt lat="46.4748630" lon="6.7772300"/>
   <trkpt lat="46.4748570" lon="6.7772790"/>
   <trkpt lat="46.4748550" lon="6.7773190"/>
   <trkpt lat="46.4748580" lon="6.7773630"/>
   <trkpt lat="46.4748620" lon="6.7774100"/>
   <trkpt lat="46.4748630" lon="6.7774410"/>
   <trkpt lat="46.4748660" lon="6.7774860"/>
   <trkpt lat="46.4748630" lon="6.7775190"/>
   <trkpt lat="46.4748650" lon="6.7775550"/>
   <trkpt lat="46.4748650" lon="6.7775940"/>
   <trkpt lat="46.4748660" lon="6.7776240"/>
   <trkpt lat="46.4748640" lon="6.7776680"/>
   <trkpt lat="46.4748640" lon="6.7777040"/>
   <trkpt lat="46.4748610" lon="6.7777450"/>
   <trkpt lat="46.4748580" lon="6.7777880"/>
   <trkpt lat="46.4748590" lon="6.7778170"/>
   <trkpt lat="46.4748570" lon="6.7778640"/>
   <trkpt lat="46.4748530" lon="6.7779000"/>
   <trkpt lat="46.4748520" lon="6.7779420"/>
   <trkpt lat="46.4748450" lon="6.7779850"/>
   <trkpt lat="46.4748460" lon="6.7780170"/>
   <trkpt lat="46.4748420" lon="6.7780680"/>
   <trkpt lat="46.4748380" lon="6.7781090"/>
   <trkpt lat="46.4748250" lon="6.7781480"/>
   <trkpt lat="46.4748170" lon="6.7781870"/>
   <trkpt lat="46.4748130" lon="6.7782250"/>
   <trkpt lat="46.4748080" lon="6.7782680"/>
   <trkpt lat="46.4748030" lon="6.7782970"/>
   <trkpt lat="46.4747970" lon="6.7783440"/>
   <trkpt lat="46.4747840" lon="6.7783760"/>
   <trkpt lat="46.4747780" lon="6.7784140"/>
   <trkpt lat="46.4747690" lon="6.7784550"/>
   <trkpt lat="46.4747650" lon="6.7784850"/>
   <trkpt lat="46.4747560" lon="6.7785280"/>
   <trkpt lat="46.4747470" lon="6.7785630"/>
   <trkpt lat="46.4747410" lon="6.7785990"/>
   <trkpt lat="46.4747340" lon="6.7786420"/>
   <trkpt lat="46.4747330" lon="6.7786730"/>
   <trkpt lat="46.4747230" lon="6.7787170"/>
   <trkpt lat="46.4747180" lon="6.7787550"/>
   <trkpt lat="46.4747070" lon="6.7787910"/>
   <trkpt lat="46.4746950" lon="6.7788280"/>
   <trkpt lat="46.4746880" lon="6.7788590"/>
   <trkpt lat="46.4746730" lon="6.7788990"/>
   <trkpt lat="46.4746620" lon="6.7789330"/>
   <trkpt lat="46.4746530" lon="6.7789670"/>
   <trkpt lat="46.4746400" lon="6.7790050"/>
   <trkpt lat="46.4746350" lon="6.7790360"/>
   <trkpt lat="46.4746210" lon="6.7790770"/>
   <trkpt lat="46.4746140" lon="6.7791120"/>
   <trkpt lat="46.4746030" lon="6.7791510"/>
   <trkpt lat="46.4745900" lon="6.7791900"/>
   <trkpt lat="46.4745800" lon="6.7792250"/>
   <trkpt lat="46.4745610" lon="6.7792650"/>
   <trkpt lat="46.4745520" lon="6.7792960"/>
   <trkpt lat="46.4745370" lon="6.7793360"/>
   <trkpt lat="46.4745180" lon="6.7793590"/>
   <trkpt lat="46.4745100" lon="6.7793960"/>
   <trkpt lat="46.4744900" lon="6.7794260"/>
   <trkpt lat="46.4744740" lon="6.7794520"/>
   <trkpt lat="46.4744540" lon="6.7794940"/>
   <trkpt lat="46.4744400" lon="6.7795310"/>
   <trkpt lat="46.4744310" lon="6.7795660"/>
   <trkpt lat="46.4744210" lon="6.7796040"/>
   <trkpt lat="46.4744110" lon="6.7796360"/>
   <trkpt lat="46.4743930" lon="6.7796750"/>
   <trkpt lat="46.4743830" lon="6.7797140"/>
   <trkpt lat="46.4743730" lon="6.7797450"/>
   <trkpt lat="46.4743610" lon="6.7797790"/>
   <trkpt lat="46.4743520" lon="6.7798100"/>
   <trkpt lat="46.4743380" lon="6.7798480"/>
   <trkpt lat="46.4743260" lon="6.7798860"/>
   <trkpt lat="46.4743160" lon="6.7799330"/>
   <trkpt lat="46.4743050" lon="6.7799680"/>
   <trkpt lat="46.4742990" lon="6.7800050"/>
   <trkpt lat="46.4742950" lon="6.7800490"/>
   <trkpt lat="46.4742890" lon="6.7800810"/>
   <trkpt lat="46.4742850" lon="6.7801290"/>
   <trkpt lat="46.4742830" lon="6.7801650"/>
   <trkpt lat="46.4742820" lon="6.7802070"/>
   <trkpt lat="46.4742850" lon="6.7802440"/>
   <trkpt lat="46.4742930" lon="6.7802800"/>
   <trkpt lat="46.4742960" lon="6.7803240"/>
   <trkpt lat="46.4743040" lon="6.7803530"/>
   <trkpt lat="46.4743080" lon="6.7804020"/>
   <trkpt lat="46.4743130" lon="6.7804420"/>
   <trkpt lat="46.4743170" lon="6.7804920"/>
   <trkpt lat="46.4743150" lon="6.7805440"/>
   <trkpt lat="46.4743170" lon="6.7805820"/>
   <trkpt lat="46.4743200" lon="6.7806390"/>
   <trkpt lat="46.4743230" lon="6.7806730"/>
   <trkpt lat="46.4743290" lon="6.7807150"/>
   <trkpt lat="46.4743330" lon="6.7807520"/>
   <trkpt lat="46.4743370" lon="6.7807960"/>
   <trkpt lat="46.4743410" lon="6.7808400"/>
   <trkpt lat="46.4743450" lon="6.7808770"/>
   <trkpt lat="46.4743530" lon="6.7809250"/>
   <trkpt lat="46.4743570" lon="6.7809610"/>
   <trkpt lat="46.4743650" lon="6.7810040"/>
   <trkpt lat="46.4743690" lon="6.7810470"/>
   <trkpt lat="46.4743790" lon="6.7810850"/>
   <trkpt lat="46.4743880" lon="6.7811320"/>
   <trkpt lat="46.4743920" lon="6.7811690"/>
   <trkpt lat="46.4743960" lon="6.7812140"/>
   <trkpt lat="46.4743970" lon="6.7812470"/>
   <trkpt lat="46.4744000" lon="6.7812920"/>
   <trkpt lat="46.4743980" lon="6.7813310"/>
   <trkpt lat="46.4744000" lon="6.7813680"/>
   <trkpt lat="46.4744010" lon="6.7814130"/>
   <trkpt lat="46.4744010" lon="6.7814430"/>
   <trkpt lat="46.4743970" lon="6.7814910"/>
   <trkpt lat="46.4743910" lon="6.7815250"/>
   <trkpt lat="46.4743850" lon="6.7815720"/>
   <trkpt lat="46.4743790" lon="6.7816190"/>
   <trkpt lat="46.4743730" lon="6.7816570"/>
   <trkpt lat="46.4743610" lon="6.7816990"/>
   <trkpt lat="46.4743610" lon="6.7817340"/>
   <trkpt lat="46.4743480" lon="6.7817740"/>
   <trkpt lat="46.4743320" lon="6.7818100"/>
   <trkpt lat="46.4743240" lon="6.7818470"/>
   <trkpt lat="46.4743060" lon="6.7818910"/>
   <trkpt lat="46.4742960" lon="6.7819200"/>
   <trkpt lat="46.4742790" lon="6.7819620"/>
   <trkpt lat="46.4742690" lon="6.7819980"/>
   <trkpt lat="46.4742580" lon="6.7820340"/>
   <trkpt lat="46.4742470" lon="6.7820750"/>
   <trkpt lat="46.4742400" lon="6.7821140"/>
   <trkpt lat="46.4742270" lon="6.7821560"/>
   <trkpt lat="46.4742170" lon="6.7821910"/>
   <trkpt lat="46.4742070" lon="6.7822360"/>
   <trkpt lat="46.4742010" lon="6.7822770"/>
   <trkpt lat="46.4741940" lon="6.7823250"/>
   <trkpt lat="46.4741840" lon="6.7823710"/>
   <trkpt lat="46.4741780" lon="6.7824060"/>
   <trkpt lat="46.4741670" lon="6.7824510"/>
   <trkpt lat="46.4741580" lon="6.7824870"/>
   <trkpt lat="46.4741480" lon="6.7825300"/>
   <trkpt lat="46.4741400" lon="6.7825700"/>
   <trkpt lat="46.4741320" lon="6.7826060"/>
   <trkpt lat="46.4741160" lon="6.7826450"/>
   <trkpt lat="46.4741100" lon="6.7826700"/>
   <trkpt lat="46.4741030" lon="6.7827150"/>
   <trkpt lat="46.4740980" lon="6.7827520"/>
   <trkpt lat="46.4740890" lon="6.7828000"/>
   <trkpt lat="46.4740800" lon="6.7828370"/>
   <trkpt lat="46.4740750" lon="6.7828800"/>
   <trkpt lat="46.4740680" lon="6.7829230"/>
   <trkpt lat="46.4740660" lon="6.7829640"/>
   <trkpt lat="46.4740600" lon="6.7830160"/>
   <trkpt lat="46.4740700" lon="6.7830490"/>
   <trkpt lat="46.4740770" lon="6.7830950"/>
   <trkpt lat="46.4740770" lon="6.7831450"/>
   <trkpt lat="46.4740810" lon="6.7831840"/>
   <trkpt lat="46.4740850" lon="6.7832290"/>
   <trkpt lat="46.4740960" lon="6.7832600"/>
   <trkpt lat="46.4741060" lon="6.7833030"/>
   <trkpt lat="46.4741100" lon="6.7833450"/>
   <trkpt lat="46.4741170" lon="6.7833790"/>
   <trkpt lat="46.4741240" lon="6.7834260"/>
   <trkpt lat="46.4741330" lon="6.7834580"/>
   <trkpt lat="46.4741420" lon="6.7835040"/>
   <trkpt lat="46.4741450" lon="6.7835420"/>
   <trkpt lat="46.4741510" lon="6.7835800"/>
   <trkpt lat="46.4741550" lon="6.7836260"/>
   <trkpt lat="46.4741630" lon="6.7836570"/>
   <trkpt lat="46.4741700" lon="6.7837050"/>
   <trkpt lat="46.4741760" lon="6.7837450"/>
   <trkpt lat="46.4741850" lon="6.7837820"/>
   <trkpt lat="46.4741950" lon="6.7838230"/>
   <trkpt lat="46.4742040" lon="6.7838550"/>
   <trkpt lat="46.4742150" lon="6.7839000"/>
   <trkpt lat="46.4742220" lon="6.7839260"/>
   <trkpt lat="46.4742360" lon="6.7839740"/>
   <trkpt lat="46.4742450" lon="6.7840120"/>
   <trkpt lat="46.4742550" lon="6.7840530"/>
   <trkpt lat="46.4742620" lon="6.7841000"/>
   <trkpt lat="46.4742710" lon="6.7841290"/>
   <trkpt lat="46.4742780" lon="6.7841730"/>
   <trkpt lat="46.4742870" lon="6.7842100"/>
   <trkpt lat="46.4742930" lon="6.7842500"/>
   <trkpt lat="46.4743040" lon="6.7842940"/>
   <trkpt lat="46.4743120" lon="6.7843280"/>
   <trkpt lat="46.4743170" lon="6.7843770"/>
   <trkpt lat="46.4743240" lon="6.7844150"/>
   <trkpt lat="46.4743320" lon="6.7844540"/>
   <trkpt lat="46.4743440" lon="6.7844990"/>
   <trkpt lat="46.4743520" lon="6.7845300"/>
   <trkpt lat="46.4743650" lon="6.7845730"/>
   <trkpt lat="46.4743710" lon="6.7846080"/>
   <trkpt lat="46.4743830" lon="6.7846480"/>
   <trkpt lat="46.4743930" lon="6.7846860"/>
   <trkpt lat="46.4744010" lon="6.7847090"/>
   <trkpt lat="46.4744020" lon="6.7847590"/>
   <trkpt lat="46.4744060" lon="6.7847880"/>
   <trkpt lat="46.4744190" lon="6.7848360"/>
   <trkpt lat="46.4744330" lon="6.7848720"/>
   <trkpt lat="46.4744480" lon="6.7849080"/>
   <trkpt lat="46.4744600" lon="6.7849500"/>
   <trkpt lat="46.4744740" lon="6.7849750"/>
   <trkpt lat="46.4744870" lon="6.7850180"/>
   <trkpt lat="46.4744940" lon="6.7850450"/>
   <trkpt lat="46.4745020" lon="6.7850850"/>
   <trkpt lat="46.4745090" lon="6.7851260"/>
   <trkpt lat="46.4745180" lon="6.7851640"/>
   <trkpt lat="46.4745250" lon="6.7852100"/>
   <trkpt lat="46.4745300" lon="6.7852390"/>
   <trkpt lat="46.4745380" lon="6.7852810"/>
   <trkpt lat="46.4745400" lon="6.7853200"/>
   <trkpt lat="46.4745460" lon="6.7853610"/>
   <trkpt lat="46.4745490" lon="6.7854050"/>
   <trkpt lat="46.4745500" lon="6.7854400"/>
   <trkpt lat="46.4745490" lon="6.7854830"/>
   <trkpt lat="46.4745470" lon="6.7855160"/>
   <trkpt lat="46.4745450" lon="6.7855570"/>
   <trkpt lat="46.4745450" lon="6.7855990"/>
   <trkpt lat="46.4745450" lon="6.7856340"/>
   <trkpt lat="46.4745420" lon="6.7856810"/>
   <trkpt lat="46.4745400" lon="6.7857200"/>
   <trkpt lat="46.4745360" lon="6.7857680"/>
   <trkpt lat="46.4745320" lon="6.7858180"/>
   <trkpt lat="46.4745270" lon="6.7858590"/>
   <trkpt lat="46.4745240" lon="6.7858960"/>
   <trkpt lat="46.4745260" lon="6.7859340"/>
   <trkpt lat="46.4745200" lon="6.7859700"/>
   <trkpt lat="46.4745200" lon="6.7860090"/>
   <trkpt lat="46.4745180" lon="6.7860440"/>
   <trkpt lat="46.4745160" lon="6.7860810"/>
   <trkpt lat="46.4745200" lon="6.7861140"/>
   <trkpt lat="46.4745220" lon="6.7861540"/>
   <trkpt lat="46.4745270" lon="6.7861920"/>
   <trkpt lat="46.4745350" lon="6.7862400"/>
   <trkpt lat="46.4745380" lon="6.7862720"/>
   <trkpt lat="46.4745440" lon="6.7863160"/>
   <trkpt lat="46.4745490" lon="6.7863570"/>
   <trkpt lat="46.4745600" lon="6.7864000"/>
   <trkpt lat="46.4745720" lon="6.7864390"/>
   <trkpt lat="46.4745820" lon="6.7864760"/>
   <trkpt lat="46.4745920" lon="6.7865240"/>
   <trkpt lat="46.4745980" lon="6.7865560"/>
   <trkpt lat="46.4746070" lon="6.7865990"/>
   <trkpt lat="46.4746110" lon="6.7866420"/>
   <trkpt lat="46.4746190" lon="6.7866800"/>
   <trkpt lat="46.4746230" lon="6.7867260"/>
   <trkpt lat="46.4746270" lon="6.7867570"/>
   <trkpt lat="46.4746310" lon="6.7868020"/>
   <trkpt lat="46.4746360" lon="6.7868340"/>
   <trkpt lat="46.4746410" lon="6.7868760"/>
   <trkpt lat="46.4746460" lon="6.7869170"/>
   <trkpt lat="46.4746530" lon="6.7869550"/>
   <trkpt lat="46.4746530" lon="6.7869980"/>
   <trkpt lat="46.4746570" lon="6.7870300"/>
   <trkpt lat="46.4746600" lon="6.7870760"/>
   <trkpt lat="46.4746630" lon="6.7871190"/>
   <trkpt lat="46.4746690" lon="6.7871600"/>
   <trkpt lat="46.4746730" lon="6.7872040"/>
   <trkpt lat="46.4746740" lon="6.7872430"/>
   <trkpt lat="46.4746770" lon="6.7872920"/>
   <trkpt lat="46.4746830" lon="6.7873270"/>
   <trkpt lat="46.4746890" lon="6.7873700"/>
   <trkpt lat="46.4746950" lon="6.7874070"/>
   <trkpt lat="46.4746990" lon="6.7874470"/>
   <trkpt lat="46.4747000" lon="6.7874930"/>
   <trkpt lat="46.4747020" lon="6.7875230"/>
   <trkpt lat="46.4747010" lon="6.7875720"/>
   <trkpt lat="46.4747030" lon="6.7876040"/>
   <trkpt lat="46.4747050" lon="6.7876470"/>
   <trkpt lat="46.4747070" lon="6.7876850"/>
   <trkpt lat="46.4747100" lon="6.7877260"/>
   <trkpt lat="46.4747100" lon="6.7877750"/>
   <trkpt lat="46.4747120" lon="6.7878120"/>
   <trkpt lat="46.4747120" lon="6.7878620"/>
   <trkpt lat="46.4747100" lon="6.7878960"/>
   <trkpt lat="46.4747110" lon="6.7879400"/>
   <trkpt lat="46.4747150" lon="6.7879780"/>
   <trkpt lat="46.4747200" lon="6.7880170"/>
   <trkpt lat="46.4747210" lon="6.7880660"/>
   <trkpt lat="46.4747270" lon="6.7880990"/>
   <trkpt lat="46.4747340" lon="6.7881440"/>
   <trkpt lat="46.4747360" lon="6.7881840"/>
   <trkpt lat="46.4747420" lon="6.7882220"/>
   <trkpt lat="46.4747440" lon="6.7882690"/>
   <trkpt lat="46.4747520" lon="6.7883030"/>
   <trkpt lat="46.4747500" lon="6.7883520"/>
   <trkpt lat="46.4747460" lon="6.7883830"/>
   <trkpt lat="46.4747510" lon="6.7884310"/>
   <trkpt lat="46.4747520" lon="6.7884750"/>
   <trkpt lat="46.4747540" lon="6.7885130"/>
   <trkpt lat="46.4747540" lon="6.7885620"/>
   <trkpt lat="46.4747580" lon="6.7885950"/>
   <trkpt lat="46.4747580" lon="6.7886430"/>
   <trkpt lat="46.4747560" lon="6.7886780"/>
   <trkpt lat="46.4747580" lon="6.7887220"/>
   <trkpt lat="46.4747550" lon="6.7887670"/>
   <trkpt lat="46.4747560" lon="6.7888100"/>
   <trkpt lat="46.4747500" lon="6.7888590"/>
   <trkpt lat="46.4747440" lon="6.7888880"/>
   <trkpt lat="46.4747430" lon="6.7889380"/>
   <trkpt lat="46.4747390" lon="6.7889770"/>
   <trkpt lat="46.4747400" lon="6.7890160"/>
   <trkpt lat="46.4747390" lon="6.7890600"/>
   <trkpt lat="46.4747380" lon="6.7890910"/>
   <trkpt lat="46.4747290" lon="6.7891360"/>
   <trkpt lat="46.4747230" lon="6.7891740"/>
   <trkpt lat="46.4747170" lon="6.7892180"/>
   <trkpt lat="46.4747130" lon="6.7892590"/>
   <trkpt lat="46.4747100" lon="6.7892950"/>
   <trkpt lat="46.4747040" lon="6.7893430"/>
   <trkpt lat="46.4746960" lon="6.7893790"/>
   <trkpt lat="46.4746910" lon="6.7894230"/>
   <trkpt lat="46.4746840" lon="6.7894650"/>
   <trkpt lat="46.4746800" lon="6.7895000"/>
   <trkpt lat="46.4746720" lon="6.7895430"/>
   <trkpt lat="46.4746620" lon="6.7895750"/>
   <trkpt lat="46.4746520" lon="6.7896170"/>
   <trkpt lat="46.4746400" lon="6.7896550"/>
   <trkpt lat="46.4746320" lon="6.7896940"/>
   <trkpt lat="46.4746220" lon="6.7897350"/>
   <trkpt lat="46.4746180" lon="6.7897720"/>
   <trkpt lat="46.4746090" lon="6.7898170"/>
   <trkpt lat="46.4746000" lon="6.7898550"/>
   <trkpt lat="46.4745930" lon="6.7898970"/>
   <trkpt lat="46.4745810" lon="6.7899400"/>
   <trkpt lat="46.4745740" lon="6.7899710"/>
   <trkpt lat="46.4745570" lon="6.7900100"/>
   <trkpt lat="46.4745440" lon="6.7900390"/>
   <trkpt lat="46.4745320" lon="6.7900770"/>
   <trkpt lat="46.4745200" lon="6.7901140"/>
   <trkpt lat="46.4745120" lon="6.7901460"/>
   <trkpt lat="46.4744990" lon="6.7901860"/>
   <trkpt lat="46.4744890" lon="6.7902180"/>
   <trkpt lat="46.4744740" lon="6.7902580"/>
   <trkpt lat="46.4744590" lon="6.7902910"/>
   <trkpt lat="46.4744520" lon="6.7903300"/>
   <trkpt lat="46.4744400" lon="6.7903690"/>
   <trkpt lat="46.4744330" lon="6.7904000"/>
   <trkpt lat="46.4744180" lon="6.7904440"/>
   <trkpt lat="46.4744050" lon="6.7904790"/>
   <trkpt lat="46.4743930" lon="6.7905220"/>
   <trkpt lat="46.4743790" lon="6.7905580"/>
   <trkpt lat="46.4743690" lon="6.7905940"/>
   <trkpt lat="46.4743570" lon="6.7906360"/>
   <trkpt lat="46.4743460" lon="6.7906690"/>
   <trkpt lat="46.4743330" lon="6.7907120"/>
   <trkpt lat="46.4743180" lon="6.7907460"/>
   <trkpt lat="46.4743060" lon="6.7907820"/>
   <trkpt lat="46.4742940" lon="6.7908240"/>
   <trkpt lat="46.4742870" lon="6.7908550"/>
   <trkpt lat="46.4742720" lon="6.7908990"/>
   <trkpt lat="46.4742630" lon="6.7909300"/>
   <trkpt lat="46.4742540" lon="6.7909730"/>
   <trkpt lat="46.4742420" lon="6.7910100"/>
   <trkpt lat="46.4742380" lon="6.7910460"/>
   <trkpt lat="46.4742290" lon="6.7910910"/>
   <trkpt lat="46.4742200" lon="6.7911250"/>
   <trkpt lat="46.4742120" lon="6.7911630"/>
   <trkpt lat="46.4742020" lon="6.7912010"/>
   <trkpt lat="46.4741920" lon="6.7912400"/>
   <trkpt lat="46.4741840" lon="6.7912860"/>
   <trkpt lat="46.4741760" lon="6.7913180"/>
   <trkpt lat="46.4741650" lon="6.7913630"/>
   <trkpt lat="46.4741520" lon="6.7913980"/>
   <trkpt lat="46.4741500" lon="6.7914390"/>
   <trkpt lat="46.4741450" lon="6.7914800"/>
   <trkpt lat="46.4741440" lon="6.7915150"/>
   <trkpt lat="46.4741350" lon="6.7915590"/>
   <trkpt lat="46.4741300" lon="6.7915940"/>
   <trkpt lat="46.4741220" lon="6.7916350"/>
   <trkpt lat="46.4741160" lon="6.7916720"/>
   <trkpt lat="46.4741130" lon="6.7917080"/>
   <trkpt lat="46.4741050" lon="6.7917540"/>
   <trkpt lat="46.4741000" lon="6.7917930"/>
   <trkpt lat="46.4740900" lon="6.7918360"/>
   <trkpt lat="46.4740810" lon="6.7918760"/>
   <trkpt lat="46.4740790" lon="6.7919130"/>
   <trkpt lat="46.4740700" lon="6.7919580"/>
   <trkpt lat="46.4740620" lon="6.7919880"/>
   <trkpt lat="46.4740500" lon="6.7920250"/>
   <trkpt lat="46.4740400" lon="6.7920640"/>
   <trkpt lat="46.4740320" lon="6.7921030"/>
   <trkpt lat="46.4740230" lon="6.7921460"/>
   <trkpt lat="46.4740170" lon="6.7921860"/>
   <trkpt lat="46.4740050" lon="6.7922320"/>
   <trkpt lat="46.4740000" lon="6.7922670"/>
   <trkpt lat="46.4739920" lon="6.7923120"/>
   <trkpt lat="46.4739870" lon="6.7923500"/>
   <trkpt lat="46.4739840" lon="6.7923890"/>
   <trkpt lat="46.4739730" lon="6.7924320"/>
   <trkpt lat="46.4739710" lon="6.7924660"/>
   <trkpt lat="46.4739640" lon="6.7925100"/>
   <trkpt lat="46.4739590" lon="6.7925460"/>
   <trkpt lat="46.4739510" lon="6.7925910"/>
   <trkpt lat="46.4739450" lon="6.7926350"/>
   <trkpt lat="46.4739440" lon="6.7926670"/>
   <trkpt lat="46.4739350" lon="6.7927110"/>
   <trkpt lat="46.4739270" lon="6.7927510"/>
   <trkpt lat="46.4739200" lon="6.7927900"/>
   <trkpt lat="46.4739100" lon="6.7928260"/>
   <trkpt lat="46.4739080" lon="6.7928590"/>
   <trkpt lat="46.4738950" lon="6.7929040"/>
   <trkpt lat="46.4738860" lon="6.7929390"/>
   <trkpt lat="46.4738780" lon="6.7929790"/>
   <trkpt lat="46.4738690" lon="6.7930150"/>
   <trkpt lat="46.4738680" lon="6.7930440"/>
   <trkpt lat="46.4738560" lon="6.7930860"/>
   <trkpt lat="46.4738440" lon="6.7931250"/>
   <trkpt lat="46.4738380" lon="6.7931680"/>
   <trkpt lat="46.4738310" lon="6.7932070"/>
   <trkpt lat="46.4738310" lon="6.7932370"/>
   <trkpt lat="46.4738230" lon="6.7932770"/>
   <trkpt lat="46.4738130" lon="6.7933110"/>
   <trkpt lat="46.4738060" lon="6.7933490"/>
   <trkpt lat="46.4737960" lon="6.7933910"/>
   <trkpt lat="46.4737930" lon="6.7934210"/>
   <trkpt lat="46.4737800" lon="6.7934630"/>
   <trkpt lat="46.4737750" lon="6.7934960"/>
   <trkpt lat="46.4737690" lon="6.7935380"/>
   <trkpt lat="46.4737580" lon="6.7935800"/>
   <trkpt lat="46.4737510" lon="6.7936140"/>
   <trkpt lat="46.4737400" lon="6.7936570"/>
   <trkpt lat="46.4737320" lon="6.7936880"/>
   <trkpt lat="46.4737220" lon="6.7937300"/>
   <trkpt lat="46.4737060" lon="6.7937620"/>
   <trkpt lat="46.4736990" lon="6.7937940"/>
   <trkpt lat="46.4736830" lon="6.7938370"/>
   <trkpt lat="46.4736670" lon="6.7938660"/>
   <trkpt lat="46.4736520" lon="6.7939050"/>
   <trkpt lat="46.4736370" lon="6.7939440"/>
   <trkpt lat="46.4736320" lon="6.7939780"/>
   <trkpt lat="46.4736140" lon="6.7940200"/>
   <trkpt lat="46.4735990" lon="6.7940510"/>
   <trkpt lat="46.4735850" lon="6.7940920"/>
   <trkpt lat="46.4735720" lon="6.7941290"/>
   <trkpt lat="46.4735630" lon="6.7941670"/>
   <trkpt lat="46.4735480" lon="6.7942110"/>
   <trkpt lat="46.4735360" lon="6.7942410"/>
   <trkpt lat="46.4735170" lon="6.7942840"/>
   <trkpt lat="46.4735030" lon="6.7943160"/>
   <trkpt lat="46.4734890" lon="6.7943520"/>
   <trkpt lat="46.4734700" lon="6.7943860"/>
   <trkpt lat="46.4734580" lon="6.7944170"/>
   <trkpt lat="46.4734410" lon="6.7944600"/>
   <trkpt lat="46.4734290" lon="6.7944900"/>
   <trkpt lat="46.4734140" lon="6.7945250"/>
   <trkpt lat="46.4733950" lon="6.7945620"/>
   <trkpt lat="46.4733810" lon="6.7945900"/>
   <trkpt lat="46.4733610" lon="6.7946320"/>
   <trkpt lat="46.4733460" lon="6.7946640"/>
   <trkpt lat="46.4733310" lon="6.7947070"/>
   <trkpt lat="46.4733180" lon="6.7947420"/>
   <trkpt lat="46.4733120" lon="6.7947810"/>
   <trkpt lat="46.4732970" lon="6.7948190"/>
   <trkpt lat="46.4732860" lon="6.7948450"/>
   <trkpt lat="46.4732660" lon="6.7948850"/>
   <trkpt lat="46.4732490" lon="6.7949170"/>
   <trkpt lat="46.4732350" lon="6.7949540"/>
   <trkpt lat="46.4732180" lon="6.7949920"/>
   <trkpt lat="46.4732080" lon="6.7950180"/>
   <trkpt lat="46.4731880" lon="6.7950580"/>
   <trkpt lat="46.4731730" lon="6.7950940"/>
   <trkpt lat="46.4731560" lon="6.7951270"/>
   <trkpt lat="46.4731370" lon="6.7951620"/>
   <trkpt lat="46.4731270" lon="6.7951920"/>
   <trkpt lat="46.4731120" lon="6.7952320"/>
   <trkpt lat="46.4731000" lon="6.7952640"/>
   <trkpt lat="46.4730850" lon="6.7952990"/>
   <trkpt lat="46.4730690" lon="6.7953330"/>
   <trkpt lat="46.4730560" lon="6.7953590"/>
   <trkpt lat="46.4730430" lon="6.7954000"/>
   <trkpt lat="46.4730360" lon="6.7954320"/>
   <trkpt lat="46.4730170" lon="6.7954660"/>
   <trkpt lat="46.4729990" lon="6.7955040"/>
   <trkpt lat="46.4729860" lon="6.7955330"/>
   <trkpt lat="46.4729740" lon="6.7955780"/>
   <trkpt lat="46.4729670" lon="6.7956060"/>
   <trkpt lat="46.4729510" lon="6.7956470"/>
   <trkpt lat="46.4729370" lon="6.7956880"/>
   <trkpt lat="46.4729300" lon="6.7957220"/>
   <trkpt lat="46.4729180" lon="6.7957620"/>
   <trkpt lat="46.4729050" lon="6.7957820"/>
   <trkpt lat="46.4728920" lon="6.7958210"/>
   <trkpt lat="46.4728800" lon="6.7958660"/>
   <trkpt lat="46.4728760" lon="6.7959040"/>
   <trkpt lat="46.4728670" lon="6.7959490"/>
   <trkpt lat="46.4728620" lon="6.7959810"/>
   <trkpt lat="46.4728560" lon="6.7960260"/>
   <trkpt lat="46.4728500" lon="6.7960600"/>
   <trkpt lat="46.4728450" lon="6.7960950"/>
   <trkpt lat="46.4728430" lon="6.7961450"/>
   <trkpt lat="46.4728390" lon="6.7961750"/>
   <trkpt lat="46.4728300" lon="6.7962200"/>
   <trkpt lat="46.4728200" lon="6.7962540"/>
   <trkpt lat="46.4728150" lon="6.7962880"/>
   <trkpt lat="46.4728140" lon="6.7963340"/>
   <trkpt lat="46.4728120" lon="6.7963610"/>
   <trkpt lat="46.4728060" lon="6.7964060"/>
   <trkpt lat="46.4727990" lon="6.7964390"/>
   <trkpt lat="46.4728000" lon="6.7964780"/>
   <trkpt lat="46.4727990" lon="6.7965210"/>
   <trkpt lat="46.4728000" lon="6.7965530"/>
   <trkpt lat="46.4727960" lon="6.7965970"/>
   <trkpt lat="46.4727910" lon="6.7966340"/>
   <trkpt lat="46.4727910" lon="6.7966720"/>
   <trkpt lat="46.4727880" lon="6.7967150"/>
   <trkpt lat="46.4727930" lon="6.7967470"/>
   <trkpt lat="46.4727950" lon="6.7967950"/>
   <trkpt lat="46.4727860" lon="6.7968350"/>
   <trkpt lat="46.4727840" lon="6.7968760"/>
   <trkpt lat="46.4727810" lon="6.7969200"/>
   <trkpt lat="46.4727790" lon="6.7969600"/>
   <trkpt lat="46.4727770" lon="6.7970100"/>
   <trkpt lat="46.4727750" lon="6.7970400"/>
   <trkpt lat="46.4727780" lon="6.7970820"/>
   <trkpt lat="46.4727750" lon="6.7971240"/>
   <trkpt lat="46.4727760" lon="6.7971640"/>
   <trkpt lat="46.4727710" lon="6.7972130"/>
   <trkpt lat="46.4727680" lon="6.7972480"/>
   <trkpt lat="46.4727670" lon="6.7972960"/>
   <trkpt lat="46.4727640" lon="6.7973380"/>
   <trkpt lat="46.4727640" lon="6.7973760"/>
   <trkpt lat="46.4727630" lon="6.7974190"/>
   <trkpt lat="46.4727610" lon="6.7974560"/>
   <trkpt lat="46.4727580" lon="6.7974980"/>
   <trkpt lat="46.4727530" lon="6.7975380"/>
   <trkpt lat="46.4727560" lon="6.7975740"/>
   <trkpt lat="46.4727570" lon="6.7976170"/>
   <trkpt lat="46.4727590" lon="6.7976450"/>
   <trkpt lat="46.4727530" lon="6.7976890"/>
   <trkpt lat="46.4727500" lon="6.7977270"/>
   <trkpt lat="46.4727510" lon="6.7977690"/>
   <trkpt lat="46.4727510" lon="6.7978110"/>
   <trkpt lat="46.4727530" lon="6.7978440"/>
   <trkpt lat="46.4727490" lon="6.7978890"/>
   <trkpt lat="46.4727390" lon="6.7979250"/>
   <trkpt lat="46.4727350" lon="6.7979690"/>
   <trkpt lat="46.4727330" lon="6.7980130"/>
   <trkpt lat="46.4727350" lon="6.7980470"/>
   <trkpt lat="46.4727320" lon="6.7980940"/>
   <trkpt lat="46.4727320" lon="6.7981300"/>
   <trkpt lat="46.4727270" lon="6.7981750"/>
   <trkpt lat="46.4727280" lon="6.7982120"/>
   <trkpt lat="46.4727310" lon="6.7982480"/>
   <trkpt lat="46.4727330" lon="6.7982950"/>
   <trkpt lat="46.4727310" lon="6.7983210"/>
   <trkpt lat="46.4727280" lon="6.7983670"/>
   <trkpt lat="46.4727240" lon="6.7984080"/>
   <trkpt lat="46.4727260" lon="6.7984500"/>
   <trkpt lat="46.4727240" lon="6.7984960"/>
   <trkpt lat="46.4727250" lon="6.7985270"/>
   <trkpt lat="46.4727210" lon="6.7985730"/>
   <trkpt lat="46.4727160" lon="6.7986100"/>
   <trkpt lat="46.4727160" lon="6.7986530"/>
   <trkpt lat="46.4727120" lon="6.7986980"/>
   <trkpt lat="46.4727050" lon="6.7987250"/>
   <trkpt lat="46.4726960" lon="6.7987710"/>
   <trkpt lat="46.4726950" lon="6.7988080"/>
   <trkpt lat="46.4726910" lon="6.7988510"/>
   <trkpt lat="46.4726840" lon="6.7988950"/>
   <trkpt lat="46.4726810" lon="6.7989280"/>
   <trkpt lat="46.4726690" lon="6.7989750"/>
   <trkpt lat="46.4726550" lon="6.7990050"/>
   <trkpt lat="46.4726470" lon="6.7990460"/>
   <trkpt lat="46.4726380" lon="6.7990850"/>
   <trkpt lat="46.4726310" lon="6.7991210"/>
   <trkpt lat="46.4726200" lon="6.7991630"/>
   <trkpt lat="46.4726100" lon="6.7991910"/>
   <trkpt lat="46.4726000" lon="6.7992320"/>
   <trkpt lat="46.4725880" lon="6.7992710"/>
   <trkpt lat="46.4725820" lon="6.7993070"/>
   <trkpt lat="46.4725690" lon="6.7993520"/>
   <trkpt lat="46.4725560" lon="6.7993810"/>
   <trkpt lat="46.4725400" lon="6.7994230"/>
   <trkpt lat="46.4725240" lon="6.7994540"/>
   <trkpt lat="46.4725110" lon="6.7994970"/>
   <trkpt lat="46.4724940" lon="6.7995380"/>
   <trkpt lat="46.4724890" lon="6.7995650"/>
   <trkpt lat="46.4724730" lon="6.7996050"/>
   <trkpt lat="46.4724570" lon="6.7996370"/>
   <trkpt lat="46.4724440" lon="6.7996730"/>
   <trkpt lat="46.4724280" lon="6.7997110"/>
   <trkpt lat="46.4724180" lon="6.7997390"/>
   <trkpt lat="46.4723980" lon="6.7997790"/>
   <trkpt lat="46.4723790" lon="6.7998120"/>
   <trkpt lat="46.4723660" lon="6.7998480"/>
   <trkpt lat="46.4723510" lon="6.7998860"/>
   <trkpt lat="46.4723460" lon="6.7999150"/>
   <trkpt lat="46.4723330" lon="6.7999550"/>
   <trkpt lat="46.4723190" lon="6.7999880"/>
   <trkpt lat="46.4723050" lon="6.8000270"/>
   <trkpt lat="46.4722850" lon="6.8000580"/>
   <trkpt lat="46.4722740" lon="6.8000850"/>
   <trkpt lat="46.4722550" lon="6.8001270"/>
   <trkpt lat="46.4722470" lon="6.8001570"/>
   <trkpt lat="46.4722350" lon="6.8001970"/>
   <trkpt lat="46.4722220" lon="6.8002310"/>
   <trkpt lat="46.4722110" lon="6.8002680"/>
   <trkpt lat="46.4721960" lon="6.8003060"/>
   <trkpt lat="46.4721880" lon="6.8003340"/>
   <trkpt lat="46.4721740" lon="6.8003780"/>
   <trkpt lat="46.4721600" lon="6.8004160"/>
   <trkpt lat="46.4721470" lon="6.8004580"/>
   <trkpt lat="46.4721310" lon="6.8004950"/>
   <trkpt lat="46.4721190" lon="6.8005310"/>
   <trkpt lat="46.4721060" lon="6.8005760"/>
   <trkpt lat="46.4720940" lon="6.8006090"/>
   <trkpt lat="46.4720800" lon="6.8006510"/>
   <trkpt lat="46.4720710" lon="6.8006920"/>
   <trkpt lat="46.4720620" lon="6.8007310"/>
   <trkpt lat="46.4720500" lon="6.8007720"/>
   <trkpt lat="46.4720470" lon="6.8008070"/>
   <trkpt lat="46.4720360" lon="6.8008500"/>
   <trkpt lat="46.4720300" lon="6.8008790"/>
   <trkpt lat="46.4720180" lon="6.8009210"/>
   <trkpt lat="46.4720060" lon="6.8009610"/>
   <trkpt lat="46.4719980" lon="6.8009970"/>
   <trkpt lat="46.4719890" lon="6.8010450"/>
   <trkpt lat="46.4719850" lon="6.8010770"/>
   <trkpt lat="46.4719730" lon="6.8011220"/>
   <trkpt lat="46.4719640" lon="6.8011580"/>
   <trkpt lat="46.4719600" lon="6.8012000"/>
   <trkpt lat="46.4719560" lon="6.8012410"/>
   <trkpt lat="46.4719510" lon="6.8012740"/>
   <trkpt lat="46.4719420" lon="6.8013180"/>
   <trkpt lat="46.4719350" lon="6.8013570"/>
   <trkpt lat="46.4719320" lon="6.8014000"/>
   <trkpt lat="46.4719270" lon="6.8014420"/>
   <trkpt lat="46.4719260" lon="6.8014790"/>
   <trkpt lat="46.4719160" lon="6.8015260"/>
   <trkpt lat="46.4719120" lon="6.8015600"/>
   <trkpt lat="46.4719090" lon="6.8016050"/>
   <trkpt lat="46.4719040" lon="6.8016470"/>
   <trkpt lat="46.4718980" lon="6.8016750"/>
   <trkpt lat="46.4718910" lon="6.8017270"/>
   <trkpt lat="46.4718820" lon="6.8017590"/>
   <trkpt lat="46.4718790" lon="6.8018000"/>
   <trkpt lat="46.4718740" lon="6.8018420"/>
   <trkpt lat="46.4718710" lon="6.8018790"/>
   <trkpt lat="46.4718670" lon="6.8019240"/>
   <trkpt lat="46.4718650" lon="6.8019540"/>
   <trkpt lat="46.4718620" lon="6.8019990"/>
   <trkpt lat="46.4718560" lon="6.8020410"/>
   <trkpt lat="46.4718590" lon="6.8020830"/>
   <trkpt lat="46.4718560" lon="6.8021330"/>
   <trkpt lat="46.4718490" lon="6.8021620"/>
   <trkpt lat="46.4718440" lon="6.8022040"/>
   <trkpt lat="46.4718380" lon="6.8022470"/>
   <trkpt lat="46.4718420" lon="6.8022840"/>
   <trkpt lat="46.4718410" lon="6.8023340"/>
   <trkpt lat="46.4718360" lon="6.8023630"/>
   <trkpt lat="46.4718310" lon="6.8024050"/>
   <trkpt lat="46.4718240" lon="6.8024440"/>
   <trkpt lat="46.4718290" lon="6.8024850"/>
   <trkpt lat="46.4718280" lon="6.8025320"/>
   <trkpt lat="46.4718230" lon="6.8025590"/>
   <trkpt lat="46.4718170" lon="6.8026070"/>
   <trkpt lat="46.4718100" lon="6.8026450"/>
   <trkpt lat="46.4718120" lon="6.8026830"/>
   <trkpt lat="46.4718120" lon="6.8027290"/>
   <trkpt lat="46.4718110" lon="6.8027610"/>
   <trkpt lat="46.4718030" lon="6.8028050"/>
   <trkpt lat="46.4717930" lon="6.8028410"/>
   <trkpt lat="46.4717960" lon="6.8028870"/>
   <trkpt lat="46.4717950" lon="6.8029310"/>
   <trkpt lat="46.4717970" lon="6.8029690"/>
   <trkpt lat="46.4717910" lon="6.8030170"/>
   <trkpt lat="46.4717800" lon="6.8030530"/>
   <trkpt lat="46.4717790" lon="6.8030950"/>
   <trkpt lat="46.4717770" lon="6.8031390"/>
   <trkpt lat="46.4717760" lon="6.8031690"/>
   <trkpt lat="46.4717680" lon="6.8032150"/>
   <trkpt lat="46.4717600" lon="6.8032500"/>
   <trkpt lat="46.4717570" lon="6.8032900"/>
   <trkpt lat="46.4717540" lon="6.8033340"/>
   <trkpt lat="46.4717550" lon="6.8033670"/>
   <trkpt lat="46.4717530" lon="6.8034100"/>
   <trkpt lat="46.4717430" lon="6.8034480"/>
   <trkpt lat="46.4717400" lon="6.8034860"/>
   <trkpt lat="46.4717410" lon="6.8035300"/>
   <trkpt lat="46.4717460" lon="6.8035600"/>
   <trkpt lat="46.4717430" lon="6.8036060"/>
   <trkpt lat="46.4717390" lon="6.8036420"/>
   <trkpt lat="46.4717400" lon="6.8036870"/>
   <trkpt lat="46.4717400" lon="6.8037320"/>
   <trkpt lat="46.4717390" lon="6.8037640"/>
   <trkpt lat="46.4717320" lon="6.8038110"/>
   <trkpt lat="46.4717300" lon="6.8038470"/>
   <trkpt lat="46.4717240" lon="6.8038840"/>
   <trkpt lat="46.4717200" lon="6.8039160"/>
   <trkpt lat="46.4717200" lon="6.8039450"/>
   <trkpt lat="46.4717160" lon="6.8039900"/>
   <trkpt lat="46.4717070" lon="6.8040220"/>
   <trkpt lat="46.4717020" lon="6.8040670"/>
   <trkpt lat="46.4717000" lon="6.8041090"/>
   <trkpt lat="46.4717000" lon="6.8041420"/>
   <trkpt lat="46.4716960" lon="6.8041880"/>
   <trkpt lat="46.4716880" lon="6.8042170"/>
   <trkpt lat="46.4716840" lon="6.8042580"/>
   <trkpt lat="46.4716800" lon="6.8042990"/>
   <trkpt lat="46.4716800" lon="6.8043290"/>
   <trkpt lat="46.4716710" lon="6.8043770"/>
   <trkpt lat="46.4716630" lon="6.8044090"/>
   <trkpt lat="46.4716580" lon="6.8044520"/>
   <trkpt lat="46.4716540" lon="6.8044930"/>
   <trkpt lat="46.4716540" lon="6.8045320"/>
   <trkpt lat="46.4716490" lon="6.8045780"/>
   <trkpt lat="46.4716390" lon="6.8046060"/>
   <trkpt lat="46.4716300" lon="6.8046500"/>
   <trkpt lat="46.4716250" lon="6.8046920"/>
   <trkpt lat="46.4716200" lon="6.8047260"/>
   <trkpt lat="46.4716110" lon="6.8047690"/>
   <trkpt lat="46.4716080" lon="6.8047990"/>
   <trkpt lat="46.4716010" lon="6.8048390"/>
   <trkpt lat="46.4715930" lon="6.8048740"/>
   <trkpt lat="46.4715960" lon="6.8049040"/>
   <trkpt lat="46.4715890" lon="6.8049470"/>
   <trkpt lat="46.4715800" lon="6.8049750"/>
   <trkpt lat="46.4715730" lon="6.8050150"/>
   <trkpt lat="46.4715670" lon="6.8050510"/>
   <trkpt lat="46.4715650" lon="6.8050810"/>
   <trkpt lat="46.4715580" lon="6.8051210"/>
   <trkpt lat="46.4715510" lon="6.8051550"/>
   <trkpt lat="46.4715440" lon="6.8051970"/>
   <trkpt lat="46.4715340" lon="6.8052390"/>
   <trkpt lat="46.4715290" lon="6.8052680"/>
   <trkpt lat="46.4715220" lon="6.8053090"/>
   <trkpt lat="46.4715070" lon="6.8053400"/>
   <trkpt lat="46.4715000" lon="6.8053760"/>
   <trkpt lat="46.4714920" lon="6.8054140"/>
   <trkpt lat="46.4714880" lon="6.8054470"/>
   <trkpt lat="46.4714790" lon="6.8054830"/>
   <trkpt lat="46.4714730" lon="6.8055140"/>
   <trkpt lat="46.4714680" lon="6.8055530"/>
   <trkpt lat="46.4714610" lon="6.8055940"/>
   <trkpt lat="46.4714580" lon="6.8056280"/>
   <trkpt lat="46.4714470" lon="6.8056750"/>
   <trkpt lat="46.4714310" lon="6.8057060"/>
   <trkpt lat="46.4714240" lon="6.8057460"/>
   <trkpt lat="46.4714160" lon="6.8057840"/>
   <trkpt lat="46.4714150" lon="6.8058130"/>
   <trkpt lat="46.4714060" lon="6.8058540"/>
   <trkpt lat="46.4713980" lon="6.8058830"/>
   <trkpt lat="46.4713880" lon="6.8059220"/>
   <trkpt lat="46.4713780" lon="6.8059620"/>
   <trkpt lat="46.4713720" lon="6.8059930"/>
   <trkpt lat="46.4713600" lon="6.8060390"/>
   <trkpt lat="46.4713490" lon="6.8060730"/>
   <trkpt lat="46.4713430" lon="6.8061080"/>
   <trkpt lat="46.4713380" lon="6.8061490"/>
   <trkpt lat="46.4713310" lon="6.8061730"/>
   <trkpt lat="46.4713230" lon="6.8062170"/>
   <trkpt lat="46.4713140" lon="6.8062500"/>
   <trkpt lat="46.4713120" lon="6.8062870"/>
   <trkpt lat="46.4713020" lon="6.8063310"/>
   <trkpt lat="46.4712990" lon="6.8063580"/>
   <trkpt lat="46.4712860" lon="6.8064000"/>
   <trkpt lat="46.4712750" lon="6.8064320"/>
   <trkpt lat="46.4712680" lon="6.8064700"/>
   <trkpt lat="46.4712560" lon="6.8065090"/>
   <trkpt lat="46.4712500" lon="6.8065400"/>
   <trkpt lat="46.4712390" lon="6.8065830"/>
   <trkpt lat="46.4712280" lon="6.8066180"/>
   <trkpt lat="46.4712230" lon="6.8066550"/>
   <trkpt lat="46.4712140" lon="6.8066930"/>
   <trkpt lat="46.4712060" lon="6.8067210"/>
   <trkpt lat="46.4711960" lon="6.8067620"/>
   <trkpt lat="46.4711880" lon="6.8067980"/>
   <trkpt lat="46.4711790" lon="6.8068400"/>
   <trkpt lat="46.4711710" lon="6.8068790"/>
   <trkpt lat="46.4711690" lon="6.8069070"/>
   <trkpt lat="46.4711570" lon="6.8069510"/>
   <trkpt lat="46.4711470" lon="6.8069830"/>
   <trkpt lat="46.4711420" lon="6.8070300"/>
   <trkpt lat="46.4711330" lon="6.8070690"/>
   <trkpt lat="46.4711280" lon="6.8071050"/>
   <trkpt lat="46.4711210" lon="6.8071460"/>
   <trkpt lat="46.4711170" lon="6.8071740"/>
   <trkpt lat="46.4711090" lon="6.8072150"/>
   <trkpt lat="46.4710990" lon="6.8072510"/>
   <trkpt lat="46.4710930" lon="6.8072860"/>
   <trkpt lat="46.4710860" lon="6.8073270"/>
   <trkpt lat="46.4710790" lon="6.8073530"/>
   <trkpt lat="46.4710720" lon="6.8073990"/>
   <trkpt lat="46.4710640" lon="6.8074340"/>
   <trkpt lat="46.4710590" lon="6.8074780"/>
   <trkpt lat="46.4710530" lon="6.8075250"/>
   <trkpt lat="46.4710510" lon="6.8075550"/>
   <trkpt lat="46.4710470" lon="6.8076070"/>
   <trkpt lat="46.4710440" lon="6.8076490"/>
   <trkpt lat="46.4710390" lon="6.8076910"/>
   <trkpt lat="46.4710310" lon="6.8077290"/>
   <trkpt lat="46.4710280" lon="6.8077620"/>
   <trkpt lat="46.4710230" lon="6.8078090"/>
   <trkpt lat="46.4710190" lon="6.8078460"/>
   <trkpt lat="46.4710170" lon="6.8078930"/>
   <trkpt lat="46.4710130" lon="6.8079340"/>
   <trkpt lat="46.4710110" lon="6.8079710"/>
   <trkpt lat="46.4710020" lon="6.8080160"/>
   <trkpt lat="46.4709950" lon="6.8080430"/>
   <trkpt lat="46.4709900" lon="6.8080880"/>
   <trkpt lat="46.4709910" lon="6.8081290"/>
   <trkpt lat="46.4709900" lon="6.8081660"/>
   <trkpt lat="46.4709890" lon="6.8082110"/>
   <trkpt lat="46.4709870" lon="6.8082390"/>
   <trkpt lat="46.4709850" lon="6.8082820"/>
   <trkpt lat="46.4709810" lon="6.8083180"/>
   <trkpt lat="46.4709820" lon="6.8083580"/>
   <trkpt lat="46.4709770" lon="6.8084020"/>
   <trkpt lat="46.4709760" lon="6.8084300"/>
   <trkpt lat="46.4709710" lon="6.8084780"/>
   <trkpt lat="46.4709650" lon="6.8085120"/>
   <trkpt lat="46.4709630" lon="6.8085510"/>
   <trkpt lat="46.4709580" lon="6.8085940"/>
   <trkpt lat="46.4709540" lon="6.8086260"/>
   <trkpt lat="46.4709490" lon="6.8086740"/>
   <trkpt lat="46.4709480" lon="6.8087100"/>
   <trkpt lat="46.4709460" lon="6.8087530"/>
   <trkpt lat="46.4709410" lon="6.8087970"/>
   <trkpt lat="46.4709450" lon="6.8088330"/>
   <trkpt lat="46.4709390" lon="6.8088770"/>
   <trkpt lat="46.4709340" lon="6.8089120"/>
   <trkpt lat="46.4709350" lon="6.8089540"/>
   <trkpt lat="46.4709350" lon="6.8089970"/>
   <trkpt lat="46.4709370" lon="6.8090290"/>
   <trkpt lat="46.4709360" lon="6.8090760"/>
   <trkpt lat="46.4709370" lon="6.8091090"/>
   <trkpt lat="46.4709360" lon="6.8091540"/>
   <trkpt lat="46.4709340" lon="6.8091990"/>
   <trkpt lat="46.4709350" lon="6.8092330"/>
   <trkpt lat="46.4709330" lon="6.8092820"/>
   <trkpt lat="46.4709300" lon="6.8093130"/>
   <trkpt lat="46.4709290" lon="6.8093550"/>
   <trkpt lat="46.4709260" lon="6.8093950"/>
   <trkpt lat="46.4709300" lon="6.8094300"/>
   <trkpt lat="46.4709300" lon="6.8094730"/>
   <trkpt lat="46.4709290" lon="6.8095060"/>
   <trkpt lat="46.4709230" lon="6.8095480"/>
   <trkpt lat="46.4709180" lon="6.8095870"/>
   <trkpt lat="46.4709140" lon="6.8096260"/>
   <trkpt lat="46.4709140" lon="6.8096720"/>
   <trkpt lat="46.4709160" lon="6.8097010"/>
   <trkpt lat="46.4709100" lon="6.8097520"/>
   <trkpt lat="46.4709110" lon="6.8097880"/>
   <trkpt lat="46.4709120" lon="6.8098330"/>
   <trkpt lat="46.4709120" lon="6.8098770"/>
   <trkpt lat="46.4709110" lon="6.8099190"/>
   <trkpt lat="46.4709080" lon="6.8099630"/>
   <trkpt lat="46.4709050" lon="6.8099990"/>
   <trkpt lat="46.4709030" lon="6.8100450"/>
   <trkpt lat="46.4708990" lon="6.8100880"/>
   <trkpt lat="46.4709020" lon="6.8101220"/>
   <trkpt lat="46.4709020" lon="6.8101680"/>
   <trkpt lat="46.4709020" lon="6.8102040"/>
   <trkpt lat="46.4708990" lon="6.8102490"/>
   <trkpt lat="46.4708980" lon="6.8102890"/>
   <trkpt lat="46.4708990" lon="6.8103280"/>
   <trkpt lat="46.4708950" lon="6.8103760"/>
   <trkpt lat="46.4708910" lon="6.8104070"/>
   <trkpt lat="46.4708880" lon="6.8104510"/>
   <trkpt lat="46.4708870" lon="6.8104920"/>
   <trkpt lat="46.4708890" lon="6.8105240"/>
   <trkpt lat="46.4708880" lon="6.8105690"/>
   <trkpt lat="46.4708860" lon="6.8105980"/>
   <trkpt lat="46.4708810" lon="6.8106410"/>
   <trkpt lat="46.4708760" lon="6.8106770"/>
   <trkpt lat="46.4708760" lon="6.8107220"/>
   <trkpt lat="46.4708730" lon="6.8107710"/>
   <trkpt lat="46.4708720" lon="6.8108050"/>
   <trkpt lat="46.4708690" lon="6.8108530"/>
   <trkpt lat="46.4708680" lon="6.8108840"/>
   <trkpt lat="46.4708680" lon="6.8109290"/>
   <trkpt lat="46.4708620" lon="6.8109730"/>
   <trkpt lat="46.4708630" lon="6.8110100"/>
   <trkpt lat="46.4708600" lon="6.8110600"/>
   <trkpt lat="46.4708500" lon="6.8110920"/>
   <trkpt lat="46.4708470" lon="6.8111320"/>
   <trkpt lat="46.4708420" lon="6.8111690"/>
   <trkpt lat="46.4708420" lon="6.8112050"/>
   <trkpt lat="46.4708390" lon="6.8112510"/>
   <trkpt lat="46.4708410" lon="6.8112780"/>
   <trkpt lat="46.4708400" lon="6.8113220"/>
   <trkpt lat="46.4708390" lon="6.8113600"/>
   <trkpt lat="46.4708420" lon="6.8114020"/>
   <trkpt lat="46.4708400" lon="6.8114540"/>
   <trkpt lat="46.4708420" lon="6.8114830"/>
   <trkpt lat="46.4708380" lon="6.8115280"/>
   <trkpt lat="46.4708320" lon="6.8115640"/>
   <trkpt lat="46.4708330" lon="6.8116010"/>
   <trkpt lat="46.4708310" lon="6.8116500"/>
   <trkpt lat="46.4708280" lon="6.8116830"/>
   <trkpt lat="46.4708250" lon="6.8117270"/>
   <trkpt lat="46.4708200" lon="6.8117650"/>
   <trkpt lat="46.4708170" lon="6.8118060"/>
   <trkpt lat="46.4708100" lon="6.8118540"/>
   <trkpt lat="46.4708160" lon="6.8118890"/>
   <trkpt lat="46.4708140" lon="6.8119340"/>
   <trkpt lat="46.4708100" lon="6.8119720"/>
   <trkpt lat="46.4708090" lon="6.8120110"/>
   <trkpt lat="46.4708040" lon="6.8120560"/>
   <trkpt lat="46.4708040" lon="6.8120890"/>
   <trkpt lat="46.4708030" lon="6.8121350"/>
   <trkpt lat="46.4708030" lon="6.8121710"/>
   <trkpt lat="46.4708040" lon="6.8122140"/>
   <trkpt lat="46.4707990" lon="6.8122580"/>
   <trkpt lat="46.4708020" lon="6.8122940"/>
   <trkpt lat="46.4707970" lon="6.8123450"/>
   <trkpt lat="46.4707960" lon="6.8123770"/>
   <trkpt lat="46.4707930" lon="6.8124250"/>
   <trkpt lat="46.4707890" lon="6.8124640"/>
   <trkpt lat="46.4707900" lon="6.8125060"/>
   <trkpt lat="46.4707890" lon="6.8125510"/>
   <trkpt lat="46.4707900" lon="6.8125800"/>
   <trkpt lat="46.4707890" lon="6.8126250"/>
   <trkpt lat="46.4707860" lon="6.8126590"/>
   <trkpt lat="46.4707860" lon="6.8127020"/>
   <trkpt lat="46.4707850" lon="6.8127440"/>
   <trkpt lat="46.4707870" lon="6.8127790"/>
   <trkpt lat="46.4707810" lon="6.8128290"/>
   <trkpt lat="46.4707760" lon="6.8128620"/>
   <trkpt lat="46.4707750" lon="6.8129070"/>
   <trkpt lat="46.4707760" lon="6.8129530"/>
   <trkpt lat="46.4707760" lon="6.8129920"/>
   <trkpt lat="46.4707720" lon="6.8130390"/>
   <trkpt lat="46.4707700" lon="6.8130740"/>
   <trkpt lat="46.4707660" lon="6.8131180"/>
   <trkpt lat="46.4707610" lon="6.8131590"/>
   <trkpt lat="46.4707630" lon="6.8131980"/>
   <trkpt lat="46.4707610" lon="6.8132440"/>
   <trkpt lat="46.4707650" lon="6.8132780"/>
   <trkpt lat="46.4707580" lon="6.8133320"/>
   <trkpt lat="46.4707580" lon="6.8133700"/>
   <trkpt lat="46.4707580" lon="6.8134130"/>
   <trkpt lat="46.4707580" lon="6.8134580"/>
   <trkpt lat="46.4707580" lon="6.8134910"/>
   <trkpt lat="46.4707550" lon="6.8135390"/>
   <trkpt lat="46.4707530" lon="6.8135750"/>
   <trkpt lat="46.4707510" lon="6.8136180"/>
   <trkpt lat="46.4707450" lon="6.8136600"/>
   <trkpt lat="46.4707450" lon="6.8136960"/>
   <trkpt lat="46.4707410" lon="6.8137390"/>
   <trkpt lat="46.4707410" lon="6.8137700"/>
   <trkpt lat="46.4707340" lon="6.8138170"/>
   <trkpt lat="46.4707260" lon="6.8138520"/>
   <trkpt lat="46.4707260" lon="6.8138960"/>
   <trkpt lat="46.4707160" lon="6.8139400"/>
   <trkpt lat="46.4707140" lon="6.8139800"/>
   <trkpt lat="46.4707080" lon="6.8140310"/>
   <trkpt lat="46.4707040" lon="6.8140620"/>
   <trkpt lat="46.4706990" lon="6.8141120"/>
   <trkpt lat="46.4706950" lon="6.8141510"/>
   <trkpt lat="46.4706950" lon="6.8141920"/>
   <trkpt lat="46.4706910" lon="6.8142390"/>
   <trkpt lat="46.4706870" lon="6.8142740"/>
   <trkpt lat="46.4706820" lon="6.8143180"/>
   <trkpt lat="46.4706790" lon="6.8143550"/>
   <trkpt lat="46.4706790" lon="6.8143980"/>
   <trkpt lat="46.4706770" lon="6.8144450"/>
   <trkpt lat="46.4706730" lon="6.8144780"/>
   <trkpt lat="46.4706690" lon="6.8145260"/>
   <trkpt lat="46.4706670" lon="6.8145590"/>
   <trkpt lat="46.4706640" lon="6.8146080"/>
   <trkpt lat="46.4706590" lon="6.8146500"/>
   <trkpt lat="46.4706580" lon="6.8146900"/>
   <trkpt lat="46.4706570" lon="6.8147360"/>
   <trkpt lat="46.4706530" lon="6.8147710"/>
   <trkpt lat="46.4706470" lon="6.8148170"/>
   <trkpt lat="46.4706450" lon="6.8148590"/>
   <trkpt lat="46.4706460" lon="6.8149010"/>
   <trkpt lat="46.4706400" lon="6.8149460"/>
   <trkpt lat="46.4706390" lon="6.8149790"/>
   <trkpt lat="46.4706340" lon="6.8150240"/>
   <trkpt lat="46.4706330" lon="6.8150580"/>
   <trkpt lat="46.4706300" lon="6.8151050"/>
   <trkpt lat="46.4706270" lon="6.8151520"/>
   <trkpt lat="46.4706240" lon="6.8151910"/>
   <trkpt lat="46.4706150" lon="6.8152390"/>
   <trkpt lat="46.4706130" lon="6.8152690"/>
   <trkpt lat="46.4706100" lon="6.8153160"/>
   <trkpt lat="46.4706020" lon="6.8153620"/>
   <trkpt lat="46.4705990" lon="6.8154040"/>
   <trkpt lat="46.4705950" lon="6.8154520"/>
   <trkpt lat="46.4705970" lon="6.8154860"/>
   <trkpt lat="46.4705970" lon="6.8155310"/>
   <trkpt lat="46.4705880" lon="6.8155690"/>
   <trkpt lat="46.4705870" lon="6.8156130"/>
   <trkpt lat="46.4705810" lon="6.8156610"/>
   <trkpt lat="46.4705820" lon="6.8157000"/>
   <trkpt lat="46.4705730" lon="6.8157480"/>
   <trkpt lat="46.4705690" lon="6.8157780"/>
   <trkpt lat="46.4705670" lon="6.8158210"/>
   <trkpt lat="46.4705650" lon="6.8158580"/>
   <trkpt lat="46.4705630" lon="6.8158980"/>
   <trkpt lat="46.4705580" lon="6.8159450"/>
   <trkpt lat="46.4705570" lon="6.8159790"/>
   <trkpt lat="46.4705560" lon="6.8160250"/>
   <trkpt lat="46.4705540" lon="6.8160630"/>
   <trkpt lat="46.4705560" lon="6.8161060"/>
   <trkpt lat="46.4705590" lon="6.8161450"/>
   <trkpt lat="46.4705670" lon="6.8161840"/>
   <trkpt lat="46.4705660" lon="6.8162270"/>
   <trkpt lat="46.4705760" lon="6.8162610"/>
   <trkpt lat="46.4705800" lon="6.8163130"/>
   <trkpt lat="46.4705770" lon="6.8163490"/>
   <trkpt lat="46.4705750" lon="6.8163940"/>
   <trkpt lat="46.4705740" lon="6.8164390"/>
   <trkpt lat="46.4705780" lon="6.8164740"/>
   <trkpt lat="46.4705740" lon="6.8165220"/>
   <trkpt lat="46.4705760" lon="6.8165610"/>
   <trkpt lat="46.4705710" lon="6.8166090"/>
   <trkpt lat="46.4705690" lon="6.8166530"/>
   <trkpt lat="46.4705680" lon="6.8166900"/>
   <trkpt lat="46.4705660" lon="6.8167430"/>
   <trkpt lat="46.4705600" lon="6.8167690"/>
   <trkpt lat="46.4705540" lon="6.8168120"/>
   <trkpt lat="46.4705450" lon="6.8168530"/>
   <trkpt lat="46.4705450" lon="6.8168940"/>
   <trkpt lat="46.4705410" lon="6.8169440"/>
   <trkpt lat="46.4705440" lon="6.8169780"/>
   <trkpt lat="46.4705400" lon="6.8170230"/>
   <trkpt lat="46.4705360" lon="6.8170640"/>
   <trkpt lat="46.4705380" lon="6.8171070"/>
   <trkpt lat="46.4705410" lon="6.8171530"/>
   <trkpt lat="46.4705430" lon="6.8171860"/>
   <trkpt lat="46.4705430" lon="6.8172370"/>
   <trkpt lat="46.4705410" lon="6.8172780"/>
   <trkpt lat="46.4705400" lon="6.8173190"/>
   <trkpt lat="46.4705370" lon="6.8173650"/>
   <trkpt lat="46.4705340" lon="6.8174010"/>
   <trkpt lat="46.4705270" lon="6.8174510"/>
   <trkpt lat="46.4705260" lon="6.8174820"/>
   <trkpt lat="46.4705250" lon="6.8175250"/>
   <trkpt lat="46.4705200" lon="6.8175650"/>
   <trkpt lat="46.4705250" lon="6.8176010"/>
   <trkpt lat="46.4705230" lon="6.8176480"/>
   <trkpt lat="46.4705210" lon="6.8176780"/>
   <trkpt lat="46.4705150" lon="6.8177290"/>
   <trkpt lat="46.4705110" lon="6.8177670"/>
   <trkpt lat="46.4705090" lon="6.8178090"/>
   <trkpt lat="46.4705090" lon="6.8178540"/>
   <trkpt lat="46.4705100" lon="6.8178900"/>
   <trkpt lat="46.4705060" lon="6.8179380"/>
   <trkpt lat="46.4705070" lon="6.8179830"/>
   <trkpt lat="46.4705030" lon="6.8180300"/>
   <trkpt lat="46.4704990" lon="6.8180700"/>
   <trkpt lat="46.4705000" lon="6.8181160"/>
   <trkpt lat="46.4704980" lon="6.8181630"/>
   <trkpt lat="46.4704920" lon="6.8181930"/>
   <trkpt lat="46.4704880" lon="6.8182380"/>
   <trkpt lat="46.4704840" lon="6.8182720"/>
   <trkpt lat="46.4704840" lon="6.8183130"/>
   <trkpt lat="46.4704810" lon="6.8183620"/>
   <trkpt lat="46.4704790" lon="6.8183930"/>
   <trkpt lat="46.4704750" lon="6.8184380"/>
   <trkpt lat="46.4704730" lon="6.8184740"/>
   <trkpt lat="46.4704740" lon="6.8185170"/>
   <trkpt lat="46.4704730" lon="6.8185610"/>
   <trkpt lat="46.4704710" lon="6.8185960"/>
   <trkpt lat="46.4704710" lon="6.8186440"/>
   <trkpt lat="46.4704720" lon="6.8186760"/>
   <trkpt lat="46.4704670" lon="6.8187250"/>
   <trkpt lat="46.4704630" lon="6.8187690"/>
   <trkpt lat="46.4704620" lon="6.8188110"/>
   <trkpt lat="46.4704610" lon="6.8188630"/>
   <trkpt lat="46.4704620" lon="6.8188890"/>
   <trkpt lat="46.4704590" lon="6.8189340"/>
   <trkpt lat="46.4704540" lon="6.8189670"/>
   <trkpt lat="46.4704540" lon="6.8190070"/>
   <trkpt lat="46.4704470" lon="6.8190540"/>
   <trkpt lat="46.4704500" lon="6.8190870"/>
   <trkpt lat="46.4704440" lon="6.8191300"/>
   <trkpt lat="46.4704500" lon="6.8191660"/>
   <trkpt lat="46.4704530" lon="6.8192120"/>
   <trkpt lat="46.4704550" lon="6.8192560"/>
   <trkpt lat="46.4704570" lon="6.8192880"/>
   <trkpt lat="46.4704520" lon="6.8193360"/>
   <trkpt lat="46.4704480" lon="6.8193670"/>
   <trkpt lat="46.4704450" lon="6.8194020"/>
   <trkpt lat="46.4704420" lon="6.8194420"/>
   <trkpt lat="46.4704390" lon="6.8194730"/>
   <trkpt lat="46.4704360" lon="6.8195230"/>
   <trkpt lat="46.4704270" lon="6.8195520"/>
   <trkpt lat="46.4704240" lon="6.8195960"/>
   <trkpt lat="46.4704200" lon="6.8196400"/>
   <trkpt lat="46.4704170" lon="6.8196710"/>
   <trkpt lat="46.4704110" lon="6.8197150"/>
   <trkpt lat="46.4704050" lon="6.8197490"/>
   <trkpt lat="46.4704030" lon="6.8197920"/>
   <trkpt lat="46.4704000" lon="6.8198320"/>
   <trkpt lat="46.4703980" lon="6.8198620"/>
   <trkpt lat="46.4703950" lon="6.8199080"/>
   <trkpt lat="46.4703880" lon="6.8199430"/>
   <trkpt lat="46.4703860" lon="6.8199840"/>
   <trkpt lat="46.4703830" lon="6.8200210"/>
   <trkpt lat="46.4703850" lon="6.8200500"/>
   <trkpt lat="46.4703790" lon="6.8200900"/>
   <trkpt lat="46.4703800" lon="6.8201260"/>
   <trkpt lat="46.4703780" lon="6.8201690"/>
   <trkpt lat="46.4703710" lon="6.8202120"/>
   <trkpt lat="46.4703730" lon="6.8202490"/>
   <trkpt lat="46.4703680" lon="6.8202860"/>
   <trkpt lat="46.4703660" lon="6.8203190"/>
   <trkpt lat="46.4703650" lon="6.8203610"/>
   <trkpt lat="46.4703610" lon="6.8203980"/>
   <trkpt lat="46.4703660" lon="6.8204310"/>
   <trkpt lat="46.4703610" lon="6.8204760"/>
   <trkpt lat="46.4703550" lon="6.8205100"/>
   <trkpt lat="46.4703490" lon="6.8205490"/>
   <trkpt lat="46.4703380" lon="6.8205850"/>
   <trkpt lat="46.4703330" lon="6.8206170"/>
   <trkpt lat="46.4703250" lon="6.8206580"/>
   <trkpt lat="46.4703220" lon="6.8206950"/>
   <trkpt lat="46.4703160" lon="6.8207430"/>
   <trkpt lat="46.4703090" lon="6.8207820"/>
   <trkpt lat="46.4703060" lon="6.8208150"/>
   <trkpt lat="46.4702970" lon="6.8208600"/>
   <trkpt lat="46.4702880" lon="6.8208900"/>
   <trkpt lat="46.4702790" lon="6.8209310"/>
   <trkpt lat="46.4702670" lon="6.8209670"/>
   <trkpt lat="46.4702570" lon="6.8210030"/>
   <trkpt lat="46.4702470" lon="6.8210490"/>
   <trkpt lat="46.4702400" lon="6.8210820"/>
   <trkpt lat="46.4702320" lon="6.8211190"/>
   <trkpt lat="46.4702220" lon="6.8211510"/>
   <trkpt lat="46.4702220" lon="6.8211800"/>
   <trkpt lat="46.4702180" lon="6.8212210"/>
   <trkpt lat="46.4702110" lon="6.8212480"/>
   <trkpt lat="46.4702010" lon="6.8212870"/>
   <trkpt lat="46.4701910" lon="6.8213250"/>
   <trkpt lat="46.4701900" lon="6.8213560"/>
   <trkpt lat="46.4701740" lon="6.8213940"/>
   <trkpt lat="46.4701630" lon="6.8214220"/>
   <trkpt lat="46.4701540" lon="6.8214650"/>
   <trkpt lat="46.4701460" lon="6.8215020"/>
   <trkpt lat="46.4701450" lon="6.8215410"/>
   <trkpt lat="46.4701350" lon="6.8215850"/>
   <trkpt lat="46.4701290" lon="6.8216130"/>
   <trkpt lat="46.4701150" lon="6.8216620"/>
   <trkpt lat="46.4701020" lon="6.8216940"/>
   <trkpt lat="46.4700880" lon="6.8217390"/>
   <trkpt lat="46.4700760" lon="6.8217800"/>
   <trkpt lat="46.4700710" lon="6.8218150"/>
   <trkpt lat="46.4700540" lon="6.8218580"/>
   <trkpt lat="46.4700470" lon="6.8218850"/>
   <trkpt lat="46.4700290" lon="6.8219200"/>
   <trkpt lat="46.4700100" lon="6.8219530"/>
   <trkpt lat="46.4700000" lon="6.8219800"/>
   <trkpt lat="46.4699800" lon="6.8220190"/>
   <trkpt lat="46.4699680" lon="6.8220430"/>
   <trkpt lat="46.4699530" lon="6.8220700"/>
   <trkpt lat="46.4699310" lon="6.8220960"/>
   <trkpt lat="46.4699170" lon="6.8221210"/>
   <trkpt lat="46.4698930" lon="6.8221560"/>
   <trkpt lat="46.4698770" lon="6.8221790"/>
   <trkpt lat="46.4698580" lon="6.8222150"/>
   <trkpt lat="46.4698380" lon="6.8222400"/>
   <trkpt lat="46.4698220" lon="6.8222650"/>
   <trkpt lat="46.4697980" lon="6.8222950"/>
   <trkpt lat="46.4697830" lon="6.8223160"/>
   <trkpt lat="46.4697620" lon="6.8223450"/>
   <trkpt lat="46.4697400" lon="6.8223690"/>
   <trkpt lat="46.4697170" lon="6.8223970"/>
   <trkpt lat="46.4696920" lon="6.8224210"/>
   <trkpt lat="46.4696750" lon="6.8224440"/>
   <trkpt lat="46.4696460" lon="6.8224730"/>
   <trkpt lat="46.4696300" lon="6.8224910"/>
   <trkpt lat="46.4696050" lon="6.8225200"/>
   <trkpt lat="46.4695810" lon="6.8225410"/>
   <trkpt lat="46.4695600" lon="6.8225600"/>
   <trkpt lat="46.4695330" lon="6.8225830"/>
   <trkpt lat="46.4695250" lon="6.8226000"/>
   <trkpt lat="46.4694970" lon="6.8226230"/>
   <trkpt lat="46.4694720" lon="6.8226400"/>
   <trkpt lat="46.4694410" lon="6.8226580"/>
   <trkpt lat="46.4694140" lon="6.8226720"/>
   <trkpt lat="46.4693930" lon="6.8226890"/>
   <trkpt lat="46.4693600" lon="6.8227100"/>
   <trkpt lat="46.4693420" lon="6.8227280"/>
   <trkpt lat="46.4693110" lon="6.8227470"/>
   <trkpt lat="46.4692860" lon="6.8227540"/>
   <trkpt lat="46.4692620" lon="6.8227610"/>
   <trkpt lat="46.4692310" lon="6.8227730"/>
   <trkpt lat="46.4692060" lon="6.8227880"/>
   <trkpt lat="46.4691770" lon="6.8228020"/>
   <trkpt lat="46.4691520" lon="6.8228170"/>
   <trkpt lat="46.4691270" lon="6.8228340"/>
   <trkpt lat="46.4690950" lon="6.8228470"/>
   <trkpt lat="46.4690750" lon="6.8228620"/>
   <trkpt lat="46.4690460" lon="6.8228830"/>
   <trkpt lat="46.4690190" lon="6.8228950"/>
   <trkpt lat="46.4689960" lon="6.8229170"/>
   <trkpt lat="46.4689660" lon="6.8229340"/>
   <trkpt lat="46.4689450" lon="6.8229490"/>
   <trkpt lat="46.4689140" lon="6.8229700"/>
   <trkpt lat="46.4688900" lon="6.8229860"/>
   <trkpt lat="46.4688630" lon="6.8230140"/>
   <trkpt lat="46.4688370" lon="6.8230380"/>
   <trkpt lat="46.4688170" lon="6.8230620"/>
   <trkpt lat="46.4687910" lon="6.8230900"/>
   <trkpt lat="46.4687740" lon="6.8231110"/>
   <trkpt lat="46.4687500" lon="6.8231400"/>
   <trkpt lat="46.4687230" lon="6.8231680"/>
   <trkpt lat="46.4687020" lon="6.8232000"/>
   <trkpt lat="46.4686820" lon="6.8232350"/>
   <trkpt lat="46.4686600" lon="6.8232690"/>
   <trkpt lat="46.4686410" lon="6.8233030"/>
   <trkpt lat="46.4686210" lon="6.8233400"/>
   <trkpt lat="46.4686130" lon="6.8233730"/>
   <trkpt lat="46.4685920" lon="6.8234100"/>
   <trkpt lat="46.4685770" lon="6.8234400"/>
   <trkpt lat="46.4685660" lon="6.8234810"/>
   <trkpt lat="46.4685470" lon="6.8235200"/>
   <trkpt lat="46.4685360" lon="6.8235540"/>
   <trkpt lat="46.4685200" lon="6.8236000"/>
   <trkpt lat="46.4685090" lon="6.8236330"/>
   <trkpt lat="46.4684990" lon="6.8236790"/>
   <trkpt lat="46.4684900" lon="6.8237170"/>
   <trkpt lat="46.4684800" lon="6.8237580"/>
   <trkpt lat="46.4684700" lon="6.8237990"/>
   <trkpt lat="46.4684640" lon="6.8238340"/>
   <trkpt lat="46.4684520" lon="6.8238790"/>
   <trkpt lat="46.4684440" lon="6.8239220"/>
   <trkpt lat="46.4684380" lon="6.8239630"/>
   <trkpt lat="46.4684350" lon="6.8240060"/>
   <trkpt lat="46.4684320" lon="6.8240340"/>
   <trkpt lat="46.4684290" lon="6.8240810"/>
   <trkpt lat="46.4684180" lon="6.8241190"/>
   <trkpt lat="46.4684140" lon="6.8241670"/>
   <trkpt lat="46.4684100" lon="6.8242110"/>
   <trkpt lat="46.4684120" lon="6.8242480"/>
   <trkpt lat="46.4684090" lon="6.8242990"/>
   <trkpt lat="46.4684090" lon="6.8243300"/>
   <trkpt lat="46.4684130" lon="6.8243780"/>
   <trkpt lat="46.4684150" lon="6.8244180"/>
   <trkpt lat="46.4684260" lon="6.8244560"/>
   <trkpt lat="46.4684310" lon="6.8245030"/>
   <trkpt lat="46.4684320" lon="6.8245390"/>
   <trkpt lat="46.4684370" lon="6.8245820"/>
   <trkpt lat="46.4684360" lon="6.8246250"/>
   <trkpt lat="46.4684420" lon="6.8246660"/>
   <trkpt lat="46.4684440" lon="6.8247110"/>
   <trkpt lat="46.4684510" lon="6.8247440"/>
   <trkpt lat="46.4684580" lon="6.8247920"/>
   <trkpt lat="46.4684630" lon="6.8248290"/>
   <trkpt lat="46.4684770" lon="6.8248710"/>
   <trkpt lat="46.4684790" lon="6.8249150"/>
   <trkpt lat="46.4684870" lon="6.8249550"/>
   <trkpt lat="46.4684920" lon="6.8250010"/>
   <trkpt lat="46.4684980" lon="6.8250340"/>
   <trkpt lat="46.4685030" lon="6.8250840"/>
   <trkpt lat="46.4685060" lon="6.8251230"/>
   <trkpt lat="46.4685130" lon="6.8251680"/>
   <trkpt lat="46.4685220" lon="6.8252160"/>
   <trkpt lat="46.4685370" lon="6.8252510"/>
   <trkpt lat="46.4685460" lon="6.8252990"/>
   <trkpt lat="46.4685520" lon="6.8253320"/>
   <trkpt lat="46.4685590" lon="6.8253770"/>
   <trkpt lat="46.4685670" lon="6.8254240"/>
   <trkpt lat="46.4685740" lon="6.8254630"/>
   <trkpt lat="46.4685810" lon="6.8255120"/>
   <trkpt lat="46.4685810" lon="6.8255490"/>
   <trkpt lat="46.4685840" lon="6.8255930"/>
   <trkpt lat="46.4685870" lon="6.8256350"/>
   <trkpt lat="46.4685910" lon="6.8256810"/>
   <trkpt lat="46.4685960" lon="6.8257290"/>
   <trkpt lat="46.4686020" lon="6.8257650"/>
   <trkpt lat="46.4686070" lon="6.8258170"/>
   <trkpt lat="46.4686070" lon="6.8258520"/>
   <trkpt lat="46.4686110" lon="6.8259010"/>
   <trkpt lat="46.4686090" lon="6.8259460"/>
   <trkpt lat="46.4686150" lon="6.8259870"/>
   <trkpt lat="46.4686190" lon="6.8260380"/>
   <trkpt lat="46.4686190" lon="6.8260700"/>
   <trkpt lat="46.4686190" lon="6.8261210"/>
   <trkpt lat="46.4686100" lon="6.8261620"/>
   <trkpt lat="46.4686150" lon="6.8262050"/>
   <trkpt lat="46.4686160" lon="6.8262520"/>
   <trkpt lat="46.4686240" lon="6.8262860"/>
   <trkpt lat="46.4686260" lon="6.8263380"/>
   <trkpt lat="46.4686250" lon="6.8263770"/>
   <trkpt lat="46.4686280" lon="6.8264210"/>
   <trkpt lat="46.4686290" lon="6.8264700"/>
   <trkpt lat="46.4686310" lon="6.8265090"/>
   <trkpt lat="46.4686340" lon="6.8265590"/>
   <trkpt lat="46.4686310" lon="6.8265960"/>
   <trkpt lat="46.4686350" lon="6.8266400"/>
   <trkpt lat="46.4686420" lon="6.8266850"/>
   <trkpt lat="46.4686530" lon="6.8267270"/>
   <trkpt lat="46.4686570" lon="6.8267760"/>
   <trkpt lat="46.4686570" lon="6.8268060"/>
   <trkpt lat="46.4686550" lon="6.8268540"/>
   <trkpt lat="46.4686540" lon="6.8268950"/>
   <trkpt lat="46.4686610" lon="6.8269350"/>
   <trkpt lat="46.4686650" lon="6.8269790"/>
   <trkpt lat="46.4686680" lon="6.8270180"/>
   <trkpt lat="46.4686670" lon="6.8270660"/>
   <trkpt lat="46.4686670" lon="6.8271110"/>
   <trkpt lat="46.4686780" lon="6.8271570"/>
   <trkpt lat="46.4686860" lon="6.8272120"/>
   <trkpt lat="46.4686850" lon="6.8272500"/>
   <trkpt lat="46.4686860" lon="6.8273030"/>
   <trkpt lat="46.4686830" lon="6.8273470"/>
   <trkpt lat="46.4686850" lon="6.8273920"/>
   <trkpt lat="46.4686850" lon="6.8274380"/>
   <trkpt lat="46.4686910" lon="6.8274820"/>
   <trkpt lat="46.4686980" lon="6.8275320"/>
   <trkpt lat="46.4686990" lon="6.8275630"/>
   <trkpt lat="46.4687000" lon="6.8276070"/>
   <trkpt lat="46.4687080" lon="6.8276480"/>
   <trkpt lat="46.4687120" lon="6.8276880"/>
   <trkpt lat="46.4687150" lon="6.8277350"/>
   <trkpt lat="46.4687210" lon="6.8277720"/>
   <trkpt lat="46.4687220" lon="6.8278220"/>
   <trkpt lat="46.4687180" lon="6.8278620"/>
   <trkpt lat="46.4687150" lon="6.8279080"/>
   <trkpt lat="46.4687100" lon="6.8279500"/>
   <trkpt lat="46.4687120" lon="6.8279920"/>
   <trkpt lat="46.4687130" lon="6.8280390"/>
   <trkpt lat="46.4687130" lon="6.8280700"/>
   <trkpt lat="46.4687100" lon="6.8281180"/>
   <trkpt lat="46.4687110" lon="6.8281540"/>
   <trkpt lat="46.4687100" lon="6.8282010"/>
   <trkpt lat="46.4687070" lon="6.8282490"/>
   <trkpt lat="46.4687130" lon="6.8282930"/>
   <trkpt lat="46.4687140" lon="6.8283430"/>
   <trkpt lat="46.4687120" lon="6.8283770"/>
   <trkpt lat="46.4687100" lon="6.8284270"/>
   <trkpt lat="46.4687010" lon="6.8284610"/>
   <trkpt lat="46.4686940" lon="6.8285030"/>
   <trkpt lat="46.4686820" lon="6.8285440"/>
   <trkpt lat="46.4686760" lon="6.8285870"/>
   <trkpt lat="46.4686760" lon="6.8286360"/>
   <trkpt lat="46.4686800" lon="6.8286770"/>
   <trkpt lat="46.4686770" lon="6.8287270"/>
   <trkpt lat="46.4686680" lon="6.8287600"/>
   <trkpt lat="46.4686610" lon="6.8288080"/>
   <trkpt lat="46.4686560" lon="6.8288480"/>
   <trkpt lat="46.4686550" lon="6.8288940"/>
   <trkpt lat="46.4686510" lon="6.8289400"/>
   <trkpt lat="46.4686420" lon="6.8289830"/>
   <trkpt lat="46.4686330" lon="6.8290250"/>
   <trkpt lat="46.4686260" lon="6.8290610"/>
   <trkpt lat="46.4686170" lon="6.8291080"/>
   <trkpt lat="46.4686110" lon="6.8291490"/>
   <trkpt lat="46.4686060" lon="6.8291940"/>
   <trkpt lat="46.4686000" lon="6.8292410"/>
   <trkpt lat="46.4685980" lon="6.8292800"/>
   <trkpt lat="46.4685880" lon="6.8293290"/>
   <trkpt lat="46.4685720" lon="6.8293610"/>
   <trkpt lat="46.4685610" lon="6.8294100"/>
   <trkpt lat="46.4685510" lon="6.8294530"/>
   <trkpt lat="46.4685470" lon="6.8294970"/>
   <trkpt lat="46.4685410" lon="6.8295460"/>
   <trkpt lat="46.4685380" lon="6.8295790"/>
   <trkpt lat="46.4685270" lon="6.8296240"/>
   <trkpt lat="46.4685140" lon="6.8296620"/>
   <trkpt lat="46.4685040" lon="6.8296970"/>
   <trkpt lat="46.4684960" lon="6.8297390"/>
   <trkpt lat="46.4684920" lon="6.8297720"/>
   <trkpt lat="46.4684850" lon="6.8298130"/>
   <trkpt lat="46.4684770" lon="6.8298480"/>
   <trkpt lat="46.4684730" lon="6.8298860"/>
   <trkpt lat="46.4684670" lon="6.8299270"/>
   <trkpt lat="46.4684630" lon="6.8299690"/>
   <trkpt lat="46.4684580" lon="6.8300160"/>
   <trkpt lat="46.4684550" lon="6.8300470"/>
   <trkpt lat="46.4684510" lon="6.8300920"/>
   <trkpt lat="46.4684500" lon="6.8301320"/>
   <trkpt lat="46.4684500" lon="6.8301710"/>
   <trkpt lat="46.4684450" lon="6.8302150"/>
   <trkpt lat="46.4684440" lon="6.8302530"/>
   <trkpt lat="46.4684400" lon="6.8302990"/>
   <trkpt lat="46.4684390" lon="6.8303330"/>
   <trkpt lat="46.4684390" lon="6.8303770"/>
   <trkpt lat="46.4684430" lon="6.8304170"/>
   <trkpt lat="46.4684460" lon="6.8304570"/>
   <trkpt lat="46.4684450" lon="6.8305020"/>
   <trkpt lat="46.4684470" lon="6.8305410"/>
   <trkpt lat="46.4684440" lon="6.8305860"/>
   <trkpt lat="46.4684420" lon="6.8306220"/>
   <trkpt lat="46.4684390" lon="6.8306650"/>
   <trkpt lat="46.4684380" lon="6.8307080"/>
   <trkpt lat="46.4684450" lon="6.8307460"/>
   <trkpt lat="46.4684510" lon="6.8307920"/>
   <trkpt lat="46.4684470" lon="6.8308280"/>
   <trkpt lat="46.4684460" lon="6.8308680"/>
   <trkpt lat="46.4684420" lon="6.8309080"/>
   <trkpt lat="46.4684430" lon="6.8309500"/>
   <trkpt lat="46.4684450" lon="6.8309940"/>
   <trkpt lat="46.4684450" lon="6.8310260"/>
   <trkpt lat="46.4684460" lon="6.8310690"/>
   <trkpt lat="46.4684440" lon="6.8311050"/>
   <trkpt lat="46.4684430" lon="6.8311470"/>
   <trkpt lat="46.4684410" lon="6.8311940"/>
   <trkpt lat="46.4684410" lon="6.8312330"/>
   <trkpt lat="46.4684440" lon="6.8312800"/>
   <trkpt lat="46.4684410" lon="6.8313160"/>
   <trkpt lat="46.4684440" lon="6.8313560"/>
   <trkpt lat="46.4684420" lon="6.8313970"/>
   <trkpt lat="46.4684470" lon="6.8314370"/>
   <trkpt lat="46.4684480" lon="6.8314810"/>
   <trkpt lat="46.4684480" lon="6.8315160"/>
   <trkpt lat="46.4684410" lon="6.8315600"/>
   <trkpt lat="46.4684420" lon="6.8315980"/>
   <trkpt lat="46.4684460" lon="6.8316340"/>
   <trkpt lat="46.4684420" lon="6.8316780"/>
   <trkpt lat="46.4684440" lon="6.8317120"/>
   <trkpt lat="46.4684410" lon="6.8317600"/>
   <trkpt lat="46.4684410" lon="6.8317970"/>
   <trkpt lat="46.4684390" lon="6.8318330"/>
   <trkpt lat="46.4684360" lon="6.8318720"/>
   <trkpt lat="46.4684310" lon="6.8319040"/>
   <trkpt lat="46.4684310" lon="6.8319440"/>
   <trkpt lat="46.4684270" lon="6.8319850"/>
   <trkpt lat="46.4684270" lon="6.8320260"/>
   <trkpt lat="46.4684290" lon="6.8320700"/>
   <trkpt lat="46.4684270" lon="6.8321080"/>
   <trkpt lat="46.4684250" lon="6.8321530"/>
   <trkpt lat="46.4684260" lon="6.8321890"/>
   <trkpt lat="46.4684310" lon="6.8322310"/>
   <trkpt lat="46.4684300" lon="6.8322750"/>
   <trkpt lat="46.4684340" lon="6.8323060"/>
   <trkpt lat="46.4684280" lon="6.8323500"/>
   <trkpt lat="46.4684270" lon="6.8323800"/>
   <trkpt lat="46.4684270" lon="6.8324230"/>
   <trkpt lat="46.4684230" lon="6.8324570"/>
   <trkpt lat="46.4684240" lon="6.8324990"/>
   <trkpt lat="46.4684270" lon="6.8325420"/>
   <trkpt lat="46.4684320" lon="6.8325780"/>
   <trkpt lat="46.4684300" lon="6.8326240"/>
   <trkpt lat="46.4684300" lon="6.8326630"/>
   <trkpt lat="46.4684280" lon="6.8327030"/>
   <trkpt lat="46.4684210" lon="6.8327380"/>
   <trkpt lat="46.4684200" lon="6.8327750"/>
   <trkpt lat="46.4684140" lon="6.8328130"/>
   <trkpt lat="46.4684150" lon="6.8328430"/>
   <trkpt lat="46.4684100" lon="6.8328920"/>
   <trkpt lat="46.4684060" lon="6.8329270"/>
   <trkpt lat="46.4684090" lon="6.8329700"/>
   <trkpt lat="46.4684100" lon="6.8330100"/>
   <trkpt lat="46.4684140" lon="6.8330400"/>
   <trkpt lat="46.4684120" lon="6.8330840"/>
   <trkpt lat="46.4684110" lon="6.8331110"/>
   <trkpt lat="46.4684120" lon="6.8331530"/>
   <trkpt lat="46.4684110" lon="6.8331910"/>
   <trkpt lat="46.4684160" lon="6.8332280"/>
   <trkpt lat="46.4684150" lon="6.8332770"/>
   <trkpt lat="46.4684170" lon="6.8333070"/>
   <trkpt lat="46.4684150" lon="6.8333480"/>
   <trkpt lat="46.4684130" lon="6.8333870"/>
   <trkpt lat="46.4684140" lon="6.8334260"/>
   <trkpt lat="46.4684100" lon="6.8334740"/>
   <trkpt lat="46.4684090" lon="6.8335010"/>
   <trkpt lat="46.4684000" lon="6.8335490"/>
   <trkpt lat="46.4684010" lon="6.8335840"/>
   <trkpt lat="46.4683960" lon="6.8336260"/>
   <trkpt lat="46.4683850" lon="6.8336700"/>
   <trkpt lat="46.4683810" lon="6.8337000"/>
   <trkpt lat="46.4683720" lon="6.8337470"/>
   <trkpt lat="46.4683680" lon="6.8337790"/>
   <trkpt lat="46.4683640" lon="6.8338180"/>
   <trkpt lat="46.4683520" lon="6.8338560"/>
   <trkpt lat="46.4683440" lon="6.8338920"/>
   <trkpt lat="46.4683300" lon="6.8339370"/>
   <trkpt lat="46.4683240" lon="6.8339690"/>
   <trkpt lat="46.4683100" lon="6.8340090"/>
   <trkpt lat="46.4683000" lon="6.8340430"/>
   <trkpt lat="46.4682910" lon="6.8340800"/>
   <trkpt lat="46.4682790" lon="6.8341190"/>
   <trkpt lat="46.4682690" lon="6.8341480"/>
   <trkpt lat="46.4682530" lon="6.8341910"/>
   <trkpt lat="46.4682420" lon="6.8342240"/>
   <trkpt lat="46.4682260" lon="6.8342600"/>
   <trkpt lat="46.4682050" lon="6.8342910"/>
   <trkpt lat="46.4681860" lon="6.8343210"/>
   <trkpt lat="46.4681610" lon="6.8343570"/>
   <trkpt lat="46.4681480" lon="6.8343870"/>
   <trkpt lat="46.4681220" lon="6.8344280"/>
   <trkpt lat="46.4681090" lon="6.8344590"/>
   <trkpt lat="46.4680850" lon="6.8344940"/>
   <trkpt lat="46.4680640" lon="6.8345220"/>
   <trkpt lat="46.4680480" lon="6.8345570"/>
   <trkpt lat="46.4680240" lon="6.8345930"/>
   <trkpt lat="46.4680180" lon="6.8346150"/>
   <trkpt lat="46.4679900" lon="6.8346460"/>
   <trkpt lat="46.4679670" lon="6.8346720"/>
   <trkpt lat="46.4679500" lon="6.8346980"/>
   <trkpt lat="46.4679280" lon="6.8347290"/>
   <trkpt lat="46.4679130" lon="6.8347520"/>
   <trkpt lat="46.4678890" lon="6.8347830"/>
   <trkpt lat="46.4678740" lon="6.8348090"/>
   <trkpt lat="46.4678520" lon="6.8348390"/>
   <trkpt lat="46.4678330" lon="6.8348700"/>
   <trkpt lat="46.4678140" lon="6.8349020"/>
   <trkpt lat="46.4677840" lon="6.8349290"/>
   <trkpt lat="46.4677660" lon="6.8349610"/>
   <trkpt lat="46.4677420" lon="6.8349930"/>
   <trkpt lat="46.4677250" lon="6.8350200"/>
   <trkpt lat="46.4677000" lon="6.8350540"/>
   <trkpt lat="46.4676840" lon="6.8350810"/>
   <trkpt lat="46.4676610" lon="6.8351140"/>
   <trkpt lat="46.4676400" lon="6.8351430"/>
   <trkpt lat="46.4676200" lon="6.8351750"/>
   <trkpt lat="46.4676000" lon="6.8352000"/>
   <trkpt lat="46.4675830" lon="6.8352250"/>
   <trkpt lat="46.4675600" lon="6.8352570"/>
   <trkpt lat="46.4675410" lon="6.8352790"/>
   <trkpt lat="46.4675150" lon="6.8353070"/>
   <trkpt lat="46.4674820" lon="6.8353240"/>
   <trkpt lat="46.4674560" lon="6.8353520"/>
   <trkpt lat="46.4674300" lon="6.8353750"/>
   <trkpt lat="46.4674140" lon="6.8353960"/>
   <trkpt lat="46.4673860" lon="6.8354180"/>
   <trkpt lat="46.4673670" lon="6.8354370"/>
   <trkpt lat="46.4673380" lon="6.8354640"/>
   <trkpt lat="46.4673170" lon="6.8354860"/>
   <trkpt lat="46.4672920" lon="6.8355090"/>
   <trkpt lat="46.4672620" lon="6.8355330"/>
   <trkpt lat="46.4672360" lon="6.8355610"/>
   <trkpt lat="46.4672070" lon="6.8355900"/>
   <trkpt lat="46.4671930" lon="6.8356130"/>
   <trkpt lat="46.4671640" lon="6.8356390"/>
   <trkpt lat="46.4671360" lon="6.8356580"/>
   <trkpt lat="46.4671050" lon="6.8356840"/>
   <trkpt lat="46.4670740" lon="6.8357040"/>
   <trkpt lat="46.4670440" lon="6.8357250"/>
   <trkpt lat="46.4670140" lon="6.8357420"/>
   <trkpt lat="46.4669900" lon="6.8357630"/>
   <trkpt lat="46.4669560" lon="6.8357920"/>
   <trkpt lat="46.4669380" lon="6.8358200"/>
   <trkpt lat="46.4669060" lon="6.8358540"/>
   <trkpt lat="46.4668860" lon="6.8358800"/>
   <trkpt lat="46.4668630" lon="6.8359130"/>
   <trkpt lat="46.4668350" lon="6.8359380"/>
   <trkpt lat="46.4668120" lon="6.8359630"/>
   <trkpt lat="46.4667810" lon="6.8359880"/>
   <trkpt lat="46.4667590" lon="6.8360080"/>
   <trkpt lat="46.4667250" lon="6.8360300"/>
   <trkpt lat="46.4667060" lon="6.8360500"/>
   <trkpt lat="46.4666790" lon="6.8360720"/>
   <trkpt lat="46.4666520" lon="6.8360890"/>
   <trkpt lat="46.4666240" lon="6.8361070"/>
   <trkpt lat="46.4665950" lon="6.8361240"/>
   <trkpt lat="46.4665760" lon="6.8361400"/>
   <trkpt lat="46.4665450" lon="6.8361630"/>
   <trkpt lat="46.4665270" lon="6.8361750"/>
   <trkpt lat="46.4664900" lon="6.8361970"/>
   <trkpt lat="46.4664680" lon="6.8362170"/>
   <trkpt lat="46.4664370" lon="6.8362370"/>
   <trkpt lat="46.4664030" lon="6.8362490"/>
   <trkpt lat="46.4663790" lon="6.8362610"/>
   <trkpt lat="46.4663500" lon="6.8362770"/>
   <trkpt lat="46.4663270" lon="6.8362940"/>
   <trkpt lat="46.4662930" lon="6.8363150"/>
   <trkpt lat="46.4662720" lon="6.8363280"/>
   <trkpt lat="46.4662420" lon="6.8363410"/>
   <trkpt lat="46.4662100" lon="6.8363550"/>
   <trkpt lat="46.4661890" lon="6.8363710"/>
   <trkpt lat="46.4661550" lon="6.8363830"/>
   <trkpt lat="46.4661330" lon="6.8363950"/>
   <trkpt lat="46.4660990" lon="6.8364120"/>
   <trkpt lat="46.4660740" lon="6.8364270"/>
   <trkpt lat="46.4660450" lon="6.8364440"/>
   <trkpt lat="46.4660120" lon="6.8364360"/>
   <trkpt lat="46.4659840" lon="6.8364380"/>
   <trkpt lat="46.4659500" lon="6.8364220"/>
   <trkpt lat="46.4659310" lon="6.8364030"/>
   <trkpt lat="46.4659070" lon="6.8363780"/>
   <trkpt lat="46.4658900" lon="6.8363520"/>
   <trkpt lat="46.4658690" lon="6.8363240"/>
   <trkpt lat="46.4658520" lon="6.8362780"/>
   <trkpt lat="46.4658390" lon="6.8362430"/>
   <trkpt lat="46.4658210" lon="6.8361990"/>
   <trkpt lat="46.4658080" lon="6.8361630"/>
   <trkpt lat="46.4657890" lon="6.8361340"/>
   <trkpt lat="46.4657700" lon="6.8361010"/>
   <trkpt lat="46.4657580" lon="6.8360760"/>
   <trkpt lat="46.4657440" lon="6.8360260"/>
   <trkpt lat="46.4657290" lon="6.8360000"/>
   <trkpt lat="46.4657110" lon="6.8359690"/>
   <trkpt lat="46.4656980" lon="6.8359360"/>
   <trkpt lat="46.4656840" lon="6.8359060"/>
   <trkpt lat="46.4656700" lon="6.8358660"/>
   <trkpt lat="46.4656600" lon="6.8358350"/>
   <trkpt lat="46.4656370" lon="6.8357970"/>
   <trkpt lat="46.4656220" lon="6.8357630"/>
   <trkpt lat="46.4656030" lon="6.8357170"/>
   <trkpt lat="46.4655840" lon="6.8356700"/>
   <trkpt lat="46.4655680" lon="6.8356400"/>
   <trkpt lat="46.4655450" lon="6.8355950"/>
   <trkpt lat="46.4655320" lon="6.8355680"/>
   <trkpt lat="46.4655100" lon="6.8355320"/>
   <trkpt lat="46.4654970" lon="6.8354950"/>
   <trkpt lat="46.4654790" lon="6.8354550"/>
   <trkpt lat="46.4654630" lon="6.8354100"/>
   <trkpt lat="46.4654510" lon="6.8353810"/>
   <trkpt lat="46.4654310" lon="6.8353410"/>
   <trkpt lat="46.4654190" lon="6.8353080"/>
   <trkpt lat="46.4653980" lon="6.8352650"/>
   <trkpt lat="46.4653800" lon="6.8352290"/>
   <trkpt lat="46.4653620" lon="6.8352040"/>
   <trkpt lat="46.4653390" lon="6.8351650"/>
   <trkpt lat="46.4653190" lon="6.8351380"/>
   <trkpt lat="46.4653090" lon="6.8350830"/>
   <trkpt lat="46.4652960" lon="6.8350390"/>
   <trkpt lat="46.4652800" lon="6.8350060"/>
   <trkpt lat="46.4652670" lon="6.8349650"/>
   <trkpt lat="46.4652500" lon="6.8349380"/>
   <trkpt lat="46.4652340" lon="6.8348980"/>
   <trkpt lat="46.4652240" lon="6.8348600"/>
   <trkpt lat="46.4652060" lon="6.8348240"/>
   <trkpt lat="46.4651890" lon="6.8347890"/>
   <trkpt lat="46.4651790" lon="6.8347630"/>
   <trkpt lat="46.4651660" lon="6.8347210"/>
   <trkpt lat="46.4651550" lon="6.8346860"/>
   <trkpt lat="46.4651390" lon="6.8346490"/>
   <trkpt lat="46.4651260" lon="6.8346150"/>
   <trkpt lat="46.4651130" lon="6.8345790"/>
   <trkpt lat="46.4650990" lon="6.8345370"/>
   <trkpt lat="46.4650860" lon="6.8345070"/>
   <trkpt lat="46.4650680" lon="6.8344700"/>
   <trkpt lat="46.4650540" lon="6.8344400"/>
   <trkpt lat="46.4650310" lon="6.8344140"/>
   <trkpt lat="46.4650010" lon="6.8343960"/>
   <trkpt lat="46.4649760" lon="6.8343940"/>
   <trkpt lat="46.4649500" lon="6.8344030"/>
   <trkpt lat="46.4649280" lon="6.8344230"/>
   <trkpt lat="46.4649050" lon="6.8344420"/>
   <trkpt lat="46.4648830" lon="6.8344610"/>
   <trkpt lat="46.4648560" lon="6.8344820"/>
   <trkpt lat="46.4648340" lon="6.8345020"/>
   <trkpt lat="46.4648080" lon="6.8345240"/>
   <trkpt lat="46.4647800" lon="6.8345520"/>
   <trkpt lat="46.4647580" lon="6.8345740"/>
   <trkpt lat="46.4647260" lon="6.8346010"/>
   <trkpt lat="46.4646950" lon="6.8346230"/>
   <trkpt lat="46.4646700" lon="6.8346480"/>
   <trkpt lat="46.4646410" lon="6.8346800"/>
   <trkpt lat="46.4646240" lon="6.8347040"/>
   <trkpt lat="46.4645940" lon="6.8347320"/>
   <trkpt lat="46.4645740" lon="6.8347460"/>
   <trkpt lat="46.4645480" lon="6.8347690"/>
   <trkpt lat="46.4645220" lon="6.8347860"/>
   <trkpt lat="46.4645000" lon="6.8348030"/>
   <trkpt lat="46.4644730" lon="6.8348230"/>
   <trkpt lat="46.4644550" lon="6.8348390"/>
   <trkpt lat="46.4644290" lon="6.8348570"/>
   <trkpt lat="46.4644050" lon="6.8348700"/>
   <trkpt lat="46.4643830" lon="6.8348870"/>
   <trkpt lat="46.4643580" lon="6.8349060"/>
   <trkpt lat="46.4643390" lon="6.8349240"/>
   <trkpt lat="46.4643110" lon="6.8349420"/>
   <trkpt lat="46.4642890" lon="6.8349520"/>
   <trkpt lat="46.4642580" lon="6.8349720"/>
   <trkpt lat="46.4642300" lon="6.8349810"/>
   <trkpt lat="46.4642040" lon="6.8350010"/>
   <trkpt lat="46.4641720" lon="6.8350110"/>
   <trkpt lat="46.4641540" lon="6.8350200"/>
   <trkpt lat="46.4641230" lon="6.8350340"/>
   <trkpt lat="46.4641020" lon="6.8350440"/>
   <trkpt lat="46.4640760" lon="6.8350630"/>
   <trkpt lat="46.4640430" lon="6.8350760"/>
   <trkpt lat="46.4640180" lon="6.8350930"/>
   <trkpt lat="46.4639860" lon="6.8351070"/>
   <trkpt lat="46.4639690" lon="6.8351180"/>
   <trkpt lat="46.4639370" lon="6.8351330"/>
   <trkpt lat="46.4639110" lon="6.8351370"/>
   <trkpt lat="46.4638850" lon="6.8351500"/>
   <trkpt lat="46.4638540" lon="6.8351560"/>
   <trkpt lat="46.4638340" lon="6.8351640"/>
   <trkpt lat="46.4638040" lon="6.8351760"/>
   <trkpt lat="46.4637790" lon="6.8351850"/>
   <trkpt lat="46.4637480" lon="6.8351990"/>
   <trkpt lat="46.4637180" lon="6.8352080"/>
   <trkpt lat="46.4636930" lon="6.8352120"/>
   <trkpt lat="46.4636650" lon="6.8352090"/>
   <trkpt lat="46.4636430" lon="6.8352180"/>
   <trkpt lat="46.4636150" lon="6.8352280"/>
   <trkpt lat="46.4635880" lon="6.8352320"/>
   <trkpt lat="46.4635610" lon="6.8352390"/>
   <trkpt lat="46.4635300" lon="6.8352510"/>
   <trkpt lat="46.4635040" lon="6.8352610"/>
   <trkpt lat="46.4634740" lon="6.8352710"/>
   <trkpt lat="46.4634480" lon="6.8352730"/>
   <trkpt lat="46.4634220" lon="6.8352790"/>
   <trkpt lat="46.4633900" lon="6.8352830"/>
   <trkpt lat="46.4633680" lon="6.8352900"/>
   <trkpt lat="46.4633340" lon="6.8352940"/>
   <trkpt lat="46.4633120" lon="6.8352970"/>
   <trkpt lat="46.4632840" lon="6.8353080"/>
   <trkpt lat="46.4632590" lon="6.8353110"/>
   <trkpt lat="46.4632340" lon="6.8353160"/>
   <trkpt lat="46.4632010" lon="6.8353220"/>
   <trkpt lat="46.4631830" lon="6.8353280"/>
   <trkpt lat="46.4631460" lon="6.8353370"/>
   <trkpt lat="46.4631230" lon="6.8353420"/>
   <trkpt lat="46.4630930" lon="6.8353520"/>
   <trkpt lat="46.4630650" lon="6.8353550"/>
   <trkpt lat="46.4630430" lon="6.8353640"/>
   <trkpt lat="46.4630090" lon="6.8353670"/>
   <trkpt lat="46.4629850" lon="6.8353710"/>
   <trkpt lat="46.4629510" lon="6.8353760"/>
   <trkpt lat="46.4629300" lon="6.8353840"/>
   <trkpt lat="46.4629030" lon="6.8353900"/>
   <trkpt lat="46.4628720" lon="6.8353920"/>
   <trkpt lat="46.4628510" lon="6.8353960"/>
   <trkpt lat="46.4628220" lon="6.8353950"/>
   <trkpt lat="46.4627970" lon="6.8353970"/>
   <trkpt lat="46.4627640" lon="6.8354000"/>
   <trkpt lat="46.4627350" lon="6.8354020"/>
   <trkpt lat="46.4627100" lon="6.8354080"/>
   <trkpt lat="46.4626730" lon="6.8354000"/>
   <trkpt lat="46.4626530" lon="6.8354060"/>
   <trkpt lat="46.4626210" lon="6.8354040"/>
   <trkpt lat="46.4625950" lon="6.8354010"/>
   <trkpt lat="46.4625620" lon="6.8354040"/>
   <trkpt lat="46.4625310" lon="6.8354020"/>
   <trkpt lat="46.4625040" lon="6.8354100"/>
   <trkpt lat="46.4624680" lon="6.8354090"/>
   <trkpt lat="46.4624470" lon="6.8354100"/>
   <trkpt lat="46.4624120" lon="6.8354130"/>
   <trkpt lat="46.4623870" lon="6.8354160"/>
   <trkpt lat="46.4623630" lon="6.8354230"/>
   <trkpt lat="46.4623330" lon="6.8354190"/>
   <trkpt lat="46.4623110" lon="6.8354200"/>
   <trkpt lat="46.4622780" lon="6.8354160"/>
   <trkpt lat="46.4622580" lon="6.8354200"/>
   <trkpt lat="46.4622270" lon="6.8354190"/>
   <trkpt lat="46.4621970" lon="6.8354130"/>
   <trkpt lat="46.4621710" lon="6.8354130"/>
   <trkpt lat="46.4621390" lon="6.8354120"/>
   <trkpt lat="46.4621190" lon="6.8354190"/>
   <trkpt lat="46.4620840" lon="6.8354230"/>
   <trkpt lat="46.4620590" lon="6.8354210"/>
   <trkpt lat="46.4620280" lon="6.8354280"/>
   <trkpt lat="46.4619990" lon="6.8354220"/>
   <trkpt lat="46.4619810" lon="6.8354240"/>
   <trkpt lat="46.4619480" lon="6.8354230"/>
   <trkpt lat="46.4619270" lon="6.8354200"/>
   <trkpt lat="46.4618960" lon="6.8354220"/>
   <trkpt lat="46.4618620" lon="6.8354320"/>
   <trkpt lat="46.4618360" lon="6.8354540"/>
   <trkpt lat="46.4618110" lon="6.8354850"/>
   <trkpt lat="46.4617960" lon="6.8355110"/>
   <trkpt lat="46.4617870" lon="6.8355500"/>
   <trkpt lat="46.4617910" lon="6.8355890"/>
   <trkpt lat="46.4617950" lon="6.8356150"/>
   <trkpt lat="46.4618030" lon="6.8356610"/>
   <trkpt lat="46.4618100" lon="6.8356910"/>
   <trkpt lat="46.4618220" lon="6.8357260"/>
   <trkpt lat="46.4618300" lon="6.8357620"/>
   <trkpt lat="46.4618370" lon="6.8357970"/>
   <trkpt lat="46.4618470" lon="6.8358370"/>
   <trkpt lat="46.4618550" lon="6.8358630"/>
   <trkpt lat="46.4618710" lon="6.8359050"/>
   <trkpt lat="46.4618860" lon="6.8359340"/>
   <trkpt lat="46.4618990" lon="6.8359680"/>
   <trkpt lat="46.4619110" lon="6.8360080"/>
   <trkpt lat="46.4619240" lon="6.8360320"/>
   <trkpt lat="46.4619410" lon="6.8360750"/>
   <trkpt lat="46.4619520" lon="6.8361070"/>
   <trkpt lat="46.4619640" lon="6.8361440"/>
   <trkpt lat="46.4619760" lon="6.8361840"/>
   <trkpt lat="46.4619870" lon="6.8362140"/>
   <trkpt lat="46.4619940" lon="6.8362600"/>
   <trkpt lat="46.4620020" lon="6.8362900"/>
   <trkpt lat="46.4620050" lon="6.8363370"/>
   <trkpt lat="46.4619980" lon="6.8363790"/>
   <trkpt lat="46.4619920" lon="6.8364160"/>
   <trkpt lat="46.4619820" lon="6.8364640"/>
   <trkpt lat="46.4619840" lon="6.8364990"/>
   <trkpt lat="46.4619790" lon="6.8365450"/>
   <trkpt lat="46.4619740" lon="6.8365850"/>
   <trkpt lat="46.4619730" lon="6.8366160"/>
   <trkpt lat="46.4619760" lon="6.8366530"/>
   <trkpt lat="46.4619840" lon="6.8366830"/>
   <trkpt lat="46.4619790" lon="6.8367240"/>
   <trkpt lat="46.4619780" lon="6.8367640"/>
   <trkpt lat="46.4619850" lon="6.8368000"/>
   <trkpt lat="46.4620000" lon="6.8368380"/>
   <trkpt lat="46.4620110" lon="6.8368690"/>
   <trkpt lat="46.4620270" lon="6.8369130"/>
   <trkpt lat="46.4620370" lon="6.8369410"/>
   <trkpt lat="46.4620440" lon="6.8369910"/>
   <trkpt lat="46.4620300" lon="6.8370240"/>
   <trkpt lat="46.4620110" lon="6.8370410"/>
   <trkpt lat="46.4619820" lon="6.8370490"/>
   <trkpt lat="46.4619580" lon="6.8370560"/>
   <trkpt lat="46.4619210" lon="6.8370730"/>
   <trkpt lat="46.4618930" lon="6.8370860"/>
   <trkpt lat="46.4618610" lon="6.8371050"/>
   <trkpt lat="46.4618290" lon="6.8371210"/>
   <trkpt lat="46.4618040" lon="6.8371360"/>
   <trkpt lat="46.4617690" lon="6.8371560"/>
   <trkpt lat="46.4617480" lon="6.8371740"/>
   <trkpt lat="46.4617190" lon="6.8371900"/>
   <trkpt lat="46.4616970" lon="6.8372050"/>
   <trkpt lat="46.4616720" lon="6.8372210"/>
   <trkpt lat="46.4616400" lon="6.8372310"/>
   <trkpt lat="46.4616110" lon="6.8372430"/>
   <trkpt lat="46.4615810" lon="6.8372520"/>
   <trkpt lat="46.4615540" lon="6.8372510"/>
   <trkpt lat="46.4615220" lon="6.8372360"/>
   <trkpt lat="46.4615040" lon="6.8372070"/>
   <trkpt lat="46.4614840" lon="6.8371730"/>
   <trkpt lat="46.4614660" lon="6.8371280"/>
   <trkpt lat="46.4614510" lon="6.8370950"/>
   <trkpt lat="46.4614350" lon="6.8370470"/>
   <trkpt lat="46.4614250" lon="6.8370100"/>
   <trkpt lat="46.4614130" lon="6.8369680"/>
   <trkpt lat="46.4614070" lon="6.8369270"/>
   <trkpt lat="46.4613930" lon="6.8368950"/>
   <trkpt lat="46.4613860" lon="6.8368470"/>
   <trkpt lat="46.4613780" lon="6.8368160"/>
   <trkpt lat="46.4613730" lon="6.8367810"/>
   <trkpt lat="46.4613670" lon="6.8367460"/>
   <trkpt lat="46.4613590" lon="6.8367150"/>
   <trkpt lat="46.4613500" lon="6.8366740"/>
   <trkpt lat="46.4613440" lon="6.8366400"/>
   <trkpt lat="46.4613350" lon="6.8365970"/>
   <trkpt lat="46.4613240" lon="6.8365660"/>
   <trkpt lat="46.4613120" lon="6.8365290"/>
   <trkpt lat="46.4613040" lon="6.8364840"/>
   <trkpt lat="46.4612980" lon="6.8364500"/>
   <trkpt lat="46.4612920" lon="6.8364100"/>
   <trkpt lat="46.4612840" lon="6.8363810"/>
   <trkpt lat="46.4612710" lon="6.8363450"/>
   <trkpt lat="46.4612630" lon="6.8363080"/>
   <trkpt lat="46.4612510" lon="6.8362710"/>
   <trkpt lat="46.4612440" lon="6.8362270"/>
   <trkpt lat="46.4612340" lon="6.8361870"/>
   <trkpt lat="46.4612300" lon="6.8361450"/>
   <trkpt lat="46.4612240" lon="6.8361060"/>
   <trkpt lat="46.4612180" lon="6.8360650"/>
   <trkpt lat="46.4612140" lon="6.8360220"/>
   <trkpt lat="46.4612040" lon="6.8359870"/>
   <trkpt lat="46.4611940" lon="6.8359460"/>
   <trkpt lat="46.4611850" lon="6.8359120"/>
   <trkpt lat="46.4611740" lon="6.8358630"/>
   <trkpt lat="46.4611640" lon="6.8358290"/>
   <trkpt lat="46.4611480" lon="6.8357850"/>
   <trkpt lat="46.4611420" lon="6.8357360"/>
   <trkpt lat="46.4611300" lon="6.8356920"/>
   <trkpt lat="46.4611230" lon="6.8356440"/>
   <trkpt lat="46.4611120" lon="6.8356070"/>
   <trkpt lat="46.4611050" lon="6.8355550"/>
   <trkpt lat="46.4610940" lon="6.8355190"/>
   <trkpt lat="46.4610810" lon="6.8354670"/>
   <trkpt lat="46.4610800" lon="6.8354210"/>
   <trkpt lat="46.4610940" lon="6.8353720"/>
   <trkpt lat="46.4611200" lon="6.8353350"/>
   <trkpt lat="46.4611420" lon="6.8353070"/>
   <trkpt lat="46.4611770" lon="6.8352820"/>
   <trkpt lat="46.4612030" lon="6.8352660"/>
   <trkpt lat="46.4612360" lon="6.8352620"/>
   <trkpt lat="46.4612680" lon="6.8352560"/>
   <trkpt lat="46.4613020" lon="6.8352510"/>
   <trkpt lat="46.4613340" lon="6.8352550"/>
   <trkpt lat="46.4613580" lon="6.8352580"/>
   <trkpt lat="46.4613900" lon="6.8352630"/>
   <trkpt lat="46.4614130" lon="6.8352630"/>
   <trkpt lat="46.4614370" lon="6.8352690"/>
   <trkpt lat="46.4614650" lon="6.8352820"/>
   <trkpt lat="46.4614940" lon="6.8352850"/>
   <trkpt lat="46.4615230" lon="6.8352920"/>
   <trkpt lat="46.4615480" lon="6.8352960"/>
   <trkpt lat="46.4615790" lon="6.8353010"/>
   <trkpt lat="46.4616070" lon="6.8353060"/>
   <trkpt lat="46.4616340" lon="6.8353120"/>
   <trkpt lat="46.4616600" lon="6.8353230"/>
   <trkpt lat="46.4616850" lon="6.8353250"/>
   <trkpt lat="46.4617130" lon="6.8353290"/>
   <trkpt lat="46.4617340" lon="6.8353210"/>
   <trkpt lat="46.4617630" lon="6.8353190"/>
   <trkpt lat="46.4617950" lon="6.8353190"/>
   <trkpt lat="46.4618230" lon="6.8353220"/>
   <trkpt lat="46.4618530" lon="6.8353230"/>
   <trkpt lat="46.4618770" lon="6.8353230"/>
   <trkpt lat="46.4619070" lon="6.8353260"/>
   <trkpt lat="46.4619320" lon="6.8353330"/>
   <trkpt lat="46.4619560" lon="6.8353360"/>
   <trkpt lat="46.4619870" lon="6.8353350"/>
   <trkpt lat="46.4620110" lon="6.8353320"/>
   <trkpt lat="46.4620440" lon="6.8353230"/>
   <trkpt lat="46.4620670" lon="6.8353240"/>
   <trkpt lat="46.4620980" lon="6.8353210"/>
   <trkpt lat="46.4621270" lon="6.8353170"/>
   <trkpt lat="46.4621510" lon="6.8353120"/>
   <trkpt lat="46.4621830" lon="6.8353100"/>
   <trkpt lat="46.4622130" lon="6.8353130"/>
   <trkpt lat="46.4622420" lon="6.8353140"/>
   <trkpt lat="46.4622690" lon="6.8353120"/>
   <trkpt lat="46.4623000" lon="6.8353110"/>
   <trkpt lat="46.4623250" lon="6.8353160"/>
   <trkpt lat="46.4623530" lon="6.8353140"/>
   <trkpt lat="46.4623830" lon="6.8353150"/>
   <trkpt lat="46.4624130" lon="6.8353100"/>
   <trkpt lat="46.4624400" lon="6.8353150"/>
   <trkpt lat="46.4624690" lon="6.8353130"/>
   <trkpt lat="46.4624970" lon="6.8353110"/>
   <trkpt lat="46.4625270" lon="6.8353100"/>
   <trkpt lat="46.4625570" lon="6.8353110"/>
   <trkpt lat="46.4625850" lon="6.8353160"/>
   <trkpt lat="46.4626140" lon="6.8353150"/>
   <trkpt lat="46.4626380" lon="6.8353110"/>
   <trkpt lat="46.4626600" lon="6.8353000"/>
   <trkpt lat="46.4626910" lon="6.8352940"/>
   <trkpt lat="46.4627170" lon="6.8352950"/>
   <trkpt lat="46.4627440" lon="6.8352950"/>
   <trkpt lat="46.4627740" lon="6.8352970"/>
   <trkpt lat="46.4627960" lon="6.8352900"/>
   <trkpt lat="46.4628260" lon="6.8352800"/>
   <trkpt lat="46.4628540" lon="6.8352790"/>
   <trkpt lat="46.4628830" lon="6.8352760"/>
   <trkpt lat="46.4629140" lon="6.8352750"/>
   <trkpt lat="46.4629370" lon="6.8352720"/>
   <trkpt lat="46.4629720" lon="6.8352680"/>
   <trkpt lat="46.4629950" lon="6.8352600"/>
   <trkpt lat="46.4630220" lon="6.8352580"/>
   <trkpt lat="46.4630480" lon="6.8352650"/>
   <trkpt lat="46.4630760" lon="6.8352670"/>
   <trkpt lat="46.4631080" lon="6.8352640"/>
   <trkpt lat="46.4631310" lon="6.8352600"/>
   <trkpt lat="46.4631640" lon="6.8352490"/>
   <trkpt lat="46.4631870" lon="6.8352410"/>
   <trkpt lat="46.4632150" lon="6.8352350"/>
   <trkpt lat="46.4632430" lon="6.8352270"/>
   <trkpt lat="46.4632620" lon="6.8352220"/>
   <trkpt lat="46.4632900" lon="6.8352120"/>
   <trkpt lat="46.4633160" lon="6.8352010"/>
   <trkpt lat="46.4633420" lon="6.8351980"/>
   <trkpt lat="46.4633680" lon="6.8351910"/>
   <trkpt lat="46.4633950" lon="6.8351810"/>
   <trkpt lat="46.4634260" lon="6.8351800"/>
   <trkpt lat="46.4634440" lon="6.8351710"/>
   <trkpt lat="46.4634790" lon="6.8351610"/>
   <trkpt lat="46.4635020" lon="6.8351500"/>
   <trkpt lat="46.4635320" lon="6.8351420"/>
   <trkpt lat="46.4635590" lon="6.8351340"/>
   <trkpt lat="46.4635790" lon="6.8351240"/>
   <trkpt lat="46.4636120" lon="6.8351150"/>
   <trkpt lat="46.4636370" lon="6.8351110"/>
   <trkpt lat="46.4636700" lon="6.8351010"/>
   <trkpt lat="46.4636990" lon="6.8351010"/>
   <trkpt lat="46.4637200" lon="6.8350970"/>
   <trkpt lat="46.4637480" lon="6.8350920"/>
   <trkpt lat="46.4637690" lon="6.8350840"/>
   <trkpt lat="46.4637970" lon="6.8350700"/>
   <trkpt lat="46.4638240" lon="6.8350640"/>
   <trkpt lat="46.4638510" lon="6.8350530"/>
   <trkpt lat="46.4638820" lon="6.8350500"/>
   <trkpt lat="46.4639040" lon="6.8350390"/>
   <trkpt lat="46.4639380" lon="6.8350250"/>
   <trkpt lat="46.4639630" lon="6.8350170"/>
   <trkpt lat="46.4639930" lon="6.8350030"/>
   <trkpt lat="46.4640240" lon="6.8349930"/>
   <trkpt lat="46.4640460" lon="6.8349810"/>
   <trkpt lat="46.4640790" lon="6.8349640"/>
   <trkpt lat="46.4641010" lon="6.8349520"/>
   <trkpt lat="46.4641320" lon="6.8349310"/>
   <trkpt lat="46.4641590" lon="6.8349160"/>
   <trkpt lat="46.4641830" lon="6.8349040"/>
   <trkpt lat="46.4642120" lon="6.8348890"/>
   <trkpt lat="46.4642350" lon="6.8348800"/>
   <trkpt lat="46.4642640" lon="6.8348650"/>
   <trkpt lat="46.4642870" lon="6.8348540"/>
   <trkpt lat="46.4643160" lon="6.8348370"/>
   <trkpt lat="46.4643420" lon="6.8348220"/>
   <trkpt lat="46.4643660" lon="6.8348030"/>
   <trkpt lat="46.4643880" lon="6.8347830"/>
   <trkpt lat="46.4644060" lon="6.8347670"/>
   <trkpt lat="46.4644340" lon="6.8347480"/>
   <trkpt lat="46.4644530" lon="6.8347310"/>
   <trkpt lat="46.4644760" lon="6.8347120"/>
   <trkpt lat="46.4645000" lon="6.8346960"/>
   <trkpt lat="46.4645200" lon="6.8346800"/>
   <trkpt lat="46.4645450" lon="6.8346520"/>
   <trkpt lat="46.4645650" lon="6.8346310"/>
   <trkpt lat="46.4645900" lon="6.8346090"/>
   <trkpt lat="46.4646130" lon="6.8345900"/>
   <trkpt lat="46.4646340" lon="6.8345690"/>
   <trkpt lat="46.4646590" lon="6.8345470"/>
   <trkpt lat="46.4646800" lon="6.8345270"/>
   <trkpt lat="46.4647040" lon="6.8345080"/>
   <trkpt lat="46.4647250" lon="6.8344870"/>
   <trkpt lat="46.4647500" lon="6.8344690"/>
   <trkpt lat="46.4647740" lon="6.8344440"/>
   <trkpt lat="46.4647950" lon="6.8344270"/>
   <trkpt lat="46.4648180" lon="6.8344100"/>
   <trkpt lat="46.4648350" lon="6.8343900"/>
   <trkpt lat="46.4648540" lon="6.8343660"/>
   <trkpt lat="46.4648760" lon="6.8343450"/>
   <trkpt lat="46.4648930" lon="6.8343280"/>
   <trkpt lat="46.4649240" lon="6.8343040"/>
   <trkpt lat="46.4649520" lon="6.8342950"/>
   <trkpt lat="46.4649790" lon="6.8342890"/>
   <trkpt lat="46.4650070" lon="6.8343070"/>
   <trkpt lat="46.4650290" lon="6.8343230"/>
   <trkpt lat="46.4650560" lon="6.8343600"/>
   <trkpt lat="46.4650790" lon="6.8343890"/>
   <trkpt lat="46.4651030" lon="6.8344260"/>
   <trkpt lat="46.4651290" lon="6.8344710"/>
   <trkpt lat="46.4651520" lon="6.8344970"/>
   <trkpt lat="46.4651790" lon="6.8345380"/>
   <trkpt lat="46.4652010" lon="6.8345670"/>
   <trkpt lat="46.4652240" lon="6.8345920"/>
   <trkpt lat="46.4652440" lon="6.8346260"/>
   <trkpt lat="46.4652590" lon="6.8346500"/>
   <trkpt lat="46.4652810" lon="6.8346750"/>
   <trkpt lat="46.4653030" lon="6.8346900"/>
   <trkpt lat="46.4653220" lon="6.8347110"/>
   <trkpt lat="46.4653490" lon="6.8347420"/>
   <trkpt lat="46.4653730" lon="6.8347620"/>
   <trkpt lat="46.4653940" lon="6.8347900"/>
   <trkpt lat="46.4654100" lon="6.8348160"/>
   <trkpt lat="46.4654260" lon="6.8348360"/>
   <trkpt lat="46.4654500" lon="6.8348600"/>
   <trkpt lat="46.4654730" lon="6.8348720"/>
   <trkpt lat="46.4654970" lon="6.8349030"/>
   <trkpt lat="46.4655200" lon="6.8349140"/>
   <trkpt lat="46.4655480" lon="6.8349370"/>
   <trkpt lat="46.4655750" lon="6.8349630"/>
   <trkpt lat="46.4656080" lon="6.8349810"/>
   <trkpt lat="46.4656340" lon="6.8350140"/>
   <trkpt lat="46.4656580" lon="6.8350380"/>
   <trkpt lat="46.4656890" lon="6.8350640"/>
   <trkpt lat="46.4657100" lon="6.8350890"/>
   <trkpt lat="46.4657230" lon="6.8351060"/>
   <trkpt lat="46.4657340" lon="6.8351390"/>
   <trkpt lat="46.4657360" lon="6.8351720"/>
   <trkpt lat="46.4657470" lon="6.8352170"/>
   <trkpt lat="46.4657490" lon="6.8352600"/>
   <trkpt lat="46.4657500" lon="6.8352890"/>
   <trkpt lat="46.4657550" lon="6.8353240"/>
   <trkpt lat="46.4657540" lon="6.8353600"/>
   <trkpt lat="46.4657530" lon="6.8353930"/>
   <trkpt lat="46.4657600" lon="6.8354350"/>
   <trkpt lat="46.4657650" lon="6.8354790"/>
   <trkpt lat="46.4657740" lon="6.8355270"/>
   <trkpt lat="46.4657780" lon="6.8355680"/>
   <trkpt lat="46.4657870" lon="6.8356060"/>
   <trkpt lat="46.4657940" lon="6.8356490"/>
   <trkpt lat="46.4658020" lon="6.8356700"/>
   <trkpt lat="46.4658150" lon="6.8356990"/>
   <trkpt lat="46.4658190" lon="6.8357180"/>
   <trkpt lat="46.4658290" lon="6.8357490"/>
   <trkpt lat="46.4658310" lon="6.8357730"/>
   <trkpt lat="46.4658380" lon="6.8357990"/>
   <trkpt lat="46.4658440" lon="6.8358150"/>
   <trkpt lat="46.4658540" lon="6.8358150"/>
   <trkpt lat="46.4658710" lon="6.8358060"/>
   <trkpt lat="46.4658860" lon="6.8357910"/>
   <trkpt lat="46.4659070" lon="6.8357760"/>
   <trkpt lat="46.4659310" lon="6.8357640"/>
   <trkpt lat="46.4659550" lon="6.8357520"/>
   <trkpt lat="46.4659790" lon="6.8357380"/>
   <trkpt lat="46.4660030" lon="6.8357280"/>
   <trkpt lat="46.4660270" lon="6.8357130"/>
   <trkpt lat="46.4660440" lon="6.8356930"/>
   <trkpt lat="46.4660610" lon="6.8356760"/>
   <trkpt lat="46.4660680" lon="6.8356550"/>
   <trkpt lat="46.4660830" lon="6.8356540"/>
   <trkpt lat="46.4660810" lon="6.8355530"/>
   <trkpt lat="46.4661040" lon="6.8355400"/>
   <trkpt lat="46.4661230" lon="6.8355330"/>
   <trkpt lat="46.4661510" lon="6.8355560"/>
   <trkpt lat="46.4661760" lon="6.8355800"/>
   <trkpt lat="46.4662150" lon="6.8356100"/>
   <trkpt lat="46.4662430" lon="6.8356540"/>
   <trkpt lat="46.4662680" lon="6.8356760"/>
   <trkpt lat="46.4663010" lon="6.8357090"/>
   <trkpt lat="46.4663240" lon="6.8357380"/>
   <trkpt lat="46.4663520" lon="6.8357610"/>
   <trkpt lat="46.4663780" lon="6.8357780"/>
   <trkpt lat="46.4663970" lon="6.8357830"/>
   <trkpt lat="46.4664290" lon="6.8357940"/>
   <trkpt lat="46.4664450" lon="6.8357920"/>
   <trkpt lat="46.4664800" lon="6.8358010"/>
   <trkpt lat="46.4665040" lon="6.8358010"/>
   <trkpt lat="46.4665310" lon="6.8357910"/>
   <trkpt lat="46.4665620" lon="6.8357800"/>
   <trkpt lat="46.4665820" lon="6.8357660"/>
   <trkpt lat="46.4666120" lon="6.8357510"/>
   <trkpt lat="46.4666390" lon="6.8357400"/>
   <trkpt lat="46.4666600" lon="6.8357230"/>
   <trkpt lat="46.4666890" lon="6.8357050"/>
   <trkpt lat="46.4667050" lon="6.8356850"/>
   <trkpt lat="46.4667350" lon="6.8356620"/>
   <trkpt lat="46.4667590" lon="6.8356450"/>
   <trkpt lat="46.4667790" lon="6.8356230"/>
   <trkpt lat="46.4668030" lon="6.8356000"/>
   <trkpt lat="46.4668170" lon="6.8355810"/>
   <trkpt lat="46.4668460" lon="6.8355570"/>
   <trkpt lat="46.4668650" lon="6.8355390"/>
   <trkpt lat="46.4668880" lon="6.8355140"/>
   <trkpt lat="46.4669160" lon="6.8354920"/>
   <trkpt lat="46.4669390" lon="6.8354770"/>
   <trkpt lat="46.4669720" lon="6.8354660"/>
   <trkpt lat="46.4669910" lon="6.8354510"/>
   <trkpt lat="46.4670220" lon="6.8354520"/>
   <trkpt lat="46.4670430" lon="6.8354660"/>
   <trkpt lat="46.4670660" lon="6.8354750"/>
   <trkpt lat="46.4670940" lon="6.8354950"/>
   <trkpt lat="46.4671140" lon="6.8354940"/>
   <trkpt lat="46.4671510" lon="6.8354920"/>
   <trkpt lat="46.4671730" lon="6.8354810"/>
   <trkpt lat="46.4671980" lon="6.8354620"/>
   <trkpt lat="46.4672240" lon="6.8354420"/>
   <trkpt lat="46.4672410" lon="6.8354240"/>
   <trkpt lat="46.4672670" lon="6.8353950"/>
   <trkpt lat="46.4672870" lon="6.8353740"/>
   <trkpt lat="46.4673110" lon="6.8353520"/>
   <trkpt lat="46.4673320" lon="6.8353280"/>
   <trkpt lat="46.4673490" lon="6.8353060"/>
   <trkpt lat="46.4673780" lon="6.8352760"/>
   <trkpt lat="46.4673960" lon="6.8352590"/>
   <trkpt lat="46.4674180" lon="6.8352270"/>
   <trkpt lat="46.4674390" lon="6.8352020"/>
   <trkpt lat="46.4674580" lon="6.8351780"/>
   <trkpt lat="46.4674840" lon="6.8351500"/>
   <trkpt lat="46.4674970" lon="6.8351290"/>
   <trkpt lat="46.4675210" lon="6.8350980"/>
   <trkpt lat="46.4675400" lon="6.8350820"/>
   <trkpt lat="46.4675600" lon="6.8350540"/>
   <trkpt lat="46.4675850" lon="6.8350330"/>
   <trkpt lat="46.4676090" lon="6.8350110"/>
   <trkpt lat="46.4676390" lon="6.8349870"/>
   <trkpt lat="46.4676510" lon="6.8349560"/>
   <trkpt lat="46.4676750" lon="6.8349150"/>
   <trkpt lat="46.4676890" lon="6.8348870"/>
   <trkpt lat="46.4677110" lon="6.8348450"/>
   <trkpt lat="46.4677300" lon="6.8348170"/>
   <trkpt lat="46.4677530" lon="6.8347820"/>
   <trkpt lat="46.4677770" lon="6.8347540"/>
   <trkpt lat="46.4677920" lon="6.8347250"/>
   <trkpt lat="46.4678160" lon="6.8346910"/>
   <trkpt lat="46.4678330" lon="6.8346610"/>
   <trkpt lat="46.4678520" lon="6.8346260"/>
   <trkpt lat="46.4678720" lon="6.8346020"/>
   <trkpt lat="46.4678910" lon="6.8345740"/>
   <trkpt lat="46.4679100" lon="6.8345490"/>
   <trkpt lat="46.4679250" lon="6.8345290"/>
   <trkpt lat="46.4679530" lon="6.8344920"/>
   <trkpt lat="46.4679670" lon="6.8344670"/>
   <trkpt lat="46.4679900" lon="6.8344310"/>
   <trkpt lat="46.4680110" lon="6.8344020"/>
   <trkpt lat="46.4680310" lon="6.8343710"/>
   <trkpt lat="46.4680510" lon="6.8343390"/>
   <trkpt lat="46.4680650" lon="6.8343140"/>
   <trkpt lat="46.4680850" lon="6.8342820"/>
   <trkpt lat="46.4681060" lon="6.8342540"/>
   <trkpt lat="46.4681220" lon="6.8342220"/>
   <trkpt lat="46.4681410" lon="6.8341960"/>
   <trkpt lat="46.4681570" lon="6.8341680"/>
   <trkpt lat="46.4681830" lon="6.8341310"/>
   <trkpt lat="46.4681960" lon="6.8341040"/>
   <trkpt lat="46.4682130" lon="6.8340660"/>
   <trkpt lat="46.4682280" lon="6.8340290"/>
   <trkpt lat="46.4682350" lon="6.8339930"/>
   <trkpt lat="46.4682480" lon="6.8339490"/>
   <trkpt lat="46.4682540" lon="6.8339180"/>
   <trkpt lat="46.4682630" lon="6.8338730"/>
   <trkpt lat="46.4682680" lon="6.8338350"/>
   <trkpt lat="46.4682760" lon="6.8337910"/>
   <trkpt lat="46.4682850" lon="6.8337490"/>
   <trkpt lat="46.4682860" lon="6.8337160"/>
   <trkpt lat="46.4682950" lon="6.8336730"/>
   <trkpt lat="46.4683000" lon="6.8336320"/>
   <trkpt lat="46.4683100" lon="6.8335880"/>
   <trkpt lat="46.4683170" lon="6.8335510"/>
   <trkpt lat="46.4683250" lon="6.8335130"/>
   <trkpt lat="46.4683310" lon="6.8334760"/>
   <trkpt lat="46.4683290" lon="6.8334350"/>
   <trkpt lat="46.4683330" lon="6.8333880"/>
   <trkpt lat="46.4683330" lon="6.8333540"/>
   <trkpt lat="46.4683350" lon="6.8333100"/>
   <trkpt lat="46.4683390" lon="6.8332730"/>
   <trkpt lat="46.4683420" lon="6.8332340"/>
   <trkpt lat="46.4683450" lon="6.8331890"/>
   <trkpt lat="46.4683440" lon="6.8331550"/>
   <trkpt lat="46.4683410" lon="6.8331070"/>
   <trkpt lat="46.4683380" lon="6.8330670"/>
   <trkpt lat="46.4683330" lon="6.8330250"/>
   <trkpt lat="46.4683320" lon="6.8329830"/>
   <trkpt lat="46.4683300" lon="6.8329450"/>
   <trkpt lat="46.4683300" lon="6.8329020"/>
   <trkpt lat="46.4683280" lon="6.8328670"/>
   <trkpt lat="46.4683290" lon="6.8328240"/>
   <trkpt lat="46.4683330" lon="6.8327840"/>
   <trkpt lat="46.4683310" lon="6.8327460"/>
   <trkpt lat="46.4683320" lon="6.8327010"/>
   <trkpt lat="46.4683320" lon="6.8326680"/>
   <trkpt lat="46.4683370" lon="6.8326210"/>
   <trkpt lat="46.4683380" lon="6.8325830"/>
   <trkpt lat="46.4683370" lon="6.8325430"/>
   <trkpt lat="46.4683420" lon="6.8324960"/>
   <trkpt lat="46.4683450" lon="6.8324530"/>
   <trkpt lat="46.4683520" lon="6.8324080"/>
   <trkpt lat="46.4683460" lon="6.8323720"/>
   <trkpt lat="46.4683450" lon="6.8323280"/>
   <trkpt lat="46.4683440" lon="6.8322900"/>
   <trkpt lat="46.4683430" lon="6.8322480"/>
   <trkpt lat="46.4683410" lon="6.8322080"/>
   <trkpt lat="46.4683400" lon="6.8321700"/>
   <trkpt lat="46.4683390" lon="6.8321270"/>
   <trkpt lat="46.4683380" lon="6.8320870"/>
   <trkpt lat="46.4683390" lon="6.8320470"/>
   <trkpt lat="46.4683410" lon="6.8319990"/>
   <trkpt lat="46.4683440" lon="6.8319650"/>
   <trkpt lat="46.4683430" lon="6.8319260"/>
   <trkpt lat="46.4683450" lon="6.8318900"/>
   <trkpt lat="46.4683430" lon="6.8318500"/>
   <trkpt lat="46.4683450" lon="6.8318050"/>
   <trkpt lat="46.4683470" lon="6.8317720"/>
   <trkpt lat="46.4683490" lon="6.8317300"/>
   <trkpt lat="46.4683500" lon="6.8316980"/>
   <trkpt lat="46.4683510" lon="6.8316650"/>
   <trkpt lat="46.4683550" lon="6.8316190"/>
   <trkpt lat="46.4683550" lon="6.8315800"/>
   <trkpt lat="46.4683560" lon="6.8315360"/>
   <trkpt lat="46.4683520" lon="6.8314990"/>
   <trkpt lat="46.4683520" lon="6.8314550"/>
   <trkpt lat="46.4683570" lon="6.8314170"/>
   <trkpt lat="46.4683560" lon="6.8313830"/>
   <trkpt lat="46.4683580" lon="6.8313410"/>
   <trkpt lat="46.4683550" lon="6.8313120"/>
   <trkpt lat="46.4683530" lon="6.8312690"/>
   <trkpt lat="46.4683540" lon="6.8312230"/>
   <trkpt lat="46.4683510" lon="6.8311860"/>
   <trkpt lat="46.4683550" lon="6.8311420"/>
   <trkpt lat="46.4683540" lon="6.8311050"/>
   <trkpt lat="46.4683560" lon="6.8310610"/>
   <trkpt lat="46.4683560" lon="6.8310260"/>
   <trkpt lat="46.4683550" lon="6.8309860"/>
   <trkpt lat="46.4683560" lon="6.8309450"/>
   <trkpt lat="46.4683540" lon="6.8309060"/>
   <trkpt lat="46.4683570" lon="6.8308590"/>
   <trkpt lat="46.4683560" lon="6.8308270"/>
   <trkpt lat="46.4683600" lon="6.8307860"/>
   <trkpt lat="46.4683610" lon="6.8307460"/>
   <trkpt lat="46.4683590" lon="6.8307070"/>
   <trkpt lat="46.4683630" lon="6.8306610"/>
   <trkpt lat="46.4683610" lon="6.8306290"/>
   <trkpt lat="46.4683620" lon="6.8305870"/>
   <trkpt lat="46.4683650" lon="6.8305500"/>
   <trkpt lat="46.4683640" lon="6.8305080"/>
   <trkpt lat="46.4683650" lon="6.8304610"/>
   <trkpt lat="46.4683620" lon="6.8304280"/>
   <trkpt lat="46.4683630" lon="6.8303790"/>
   <trkpt lat="46.4683630" lon="6.8303460"/>
   <trkpt lat="46.4683650" lon="6.8303010"/>
   <trkpt lat="46.4683680" lon="6.8302560"/>
   <trkpt lat="46.4683650" lon="6.8302200"/>
   <trkpt lat="46.4683720" lon="6.8301740"/>
   <trkpt lat="46.4683700" lon="6.8301440"/>
   <trkpt lat="46.4683750" lon="6.8300970"/>
   <trkpt lat="46.4683790" lon="6.8300600"/>
   <trkpt lat="46.4683870" lon="6.8300160"/>
   <trkpt lat="46.4683930" lon="6.8299750"/>
   <trkpt lat="46.4683960" lon="6.8299360"/>
   <trkpt lat="46.4684070" lon="6.8298900"/>
   <trkpt lat="46.4684070" lon="6.8298620"/>
   <trkpt lat="46.4684160" lon="6.8298170"/>
   <trkpt lat="46.4684200" lon="6.8297800"/>
   <trkpt lat="46.4684270" lon="6.8297390"/>
   <trkpt lat="46.4684370" lon="6.8296970"/>
   <trkpt lat="46.4684430" lon="6.8296630"/>
   <trkpt lat="46.4684530" lon="6.8296170"/>
   <trkpt lat="46.4684550" lon="6.8295850"/>
   <trkpt lat="46.4684590" lon="6.8295450"/>
   <trkpt lat="46.4684670" lon="6.8295070"/>
   <trkpt lat="46.4684720" lon="6.8294740"/>
   <trkpt lat="46.4684840" lon="6.8294310"/>
   <trkpt lat="46.4684860" lon="6.8293980"/>
   <trkpt lat="46.4684960" lon="6.8293570"/>
   <trkpt lat="46.4685050" lon="6.8293170"/>
   <trkpt lat="46.4685090" lon="6.8292780"/>
   <trkpt lat="46.4685140" lon="6.8292360"/>
   <trkpt lat="46.4685120" lon="6.8292030"/>
   <trkpt lat="46.4685220" lon="6.8291570"/>
   <trkpt lat="46.4685290" lon="6.8291240"/>
   <trkpt lat="46.4685340" lon="6.8290820"/>
   <trkpt lat="46.4685400" lon="6.8290420"/>
   <trkpt lat="46.4685390" lon="6.8290070"/>
   <trkpt lat="46.4685470" lon="6.8289600"/>
   <trkpt lat="46.4685490" lon="6.8289320"/>
   <trkpt lat="46.4685570" lon="6.8288920"/>
   <trkpt lat="46.4685650" lon="6.8288560"/>
   <trkpt lat="46.4685700" lon="6.8288190"/>
   <trkpt lat="46.4685770" lon="6.8287790"/>
   <trkpt lat="46.4685800" lon="6.8287470"/>
   <trkpt lat="46.4685930" lon="6.8287010"/>
   <trkpt lat="46.4686000" lon="6.8286700"/>
   <trkpt lat="46.4686070" lon="6.8286260"/>
   <trkpt lat="46.4686150" lon="6.8285900"/>
   <trkpt lat="46.4686170" lon="6.8285510"/>
   <trkpt lat="46.4686250" lon="6.8285070"/>
   <trkpt lat="46.4686220" lon="6.8284770"/>
   <trkpt lat="46.4686300" lon="6.8284350"/>
   <trkpt lat="46.4686340" lon="6.8284010"/>
   <trkpt lat="46.4686300" lon="6.8283610"/>
   <trkpt lat="46.4686320" lon="6.8283180"/>
   <trkpt lat="46.4686270" lon="6.8282890"/>
   <trkpt lat="46.4686320" lon="6.8282480"/>
   <trkpt lat="46.4686340" lon="6.8282080"/>
   <trkpt lat="46.4686350" lon="6.8281650"/>
   <trkpt lat="46.4686380" lon="6.8281240"/>
   <trkpt lat="46.4686370" lon="6.8280880"/>
   <trkpt lat="46.4686370" lon="6.8280470"/>
   <trkpt lat="46.4686340" lon="6.8280100"/>
   <trkpt lat="46.4686360" lon="6.8279710"/>
   <trkpt lat="46.4686390" lon="6.8279330"/>
   <trkpt lat="46.4686390" lon="6.8278970"/>
   <trkpt lat="46.4686420" lon="6.8278530"/>
   <trkpt lat="46.4686400" lon="6.8278220"/>
   <trkpt lat="46.4686390" lon="6.8277790"/>
   <trkpt lat="46.4686390" lon="6.8277430"/>
   <trkpt lat="46.4686320" lon="6.8277060"/>
   <trkpt lat="46.4686320" lon="6.8276640"/>
   <trkpt lat="46.4686260" lon="6.8276320"/>
   <trkpt lat="46.4686270" lon="6.8275860"/>
   <trkpt lat="46.4686330" lon="6.8275520"/>
   <trkpt lat="46.4686320" lon="6.8275170"/>
   <trkpt lat="46.4686360" lon="6.8274790"/>
   <trkpt lat="46.4686300" lon="6.8274490"/>
   <trkpt lat="46.4686300" lon="6.8274110"/>
   <trkpt lat="46.4686270" lon="6.8273810"/>
   <trkpt lat="46.4686250" lon="6.8273370"/>
   <trkpt lat="46.4686220" lon="6.8272960"/>
   <trkpt lat="46.4686180" lon="6.8272600"/>
   <trkpt lat="46.4686140" lon="6.8272180"/>
   <trkpt lat="46.4686140" lon="6.8271880"/>
   <trkpt lat="46.4686080" lon="6.8271480"/>
   <trkpt lat="46.4686060" lon="6.8271130"/>
   <trkpt lat="46.4686050" lon="6.8270790"/>
   <trkpt lat="46.4686050" lon="6.8270430"/>
   <trkpt lat="46.4686000" lon="6.8270110"/>
   <trkpt lat="46.4685970" lon="6.8269710"/>
   <trkpt lat="46.4686050" lon="6.8269330"/>
   <trkpt lat="46.4686050" lon="6.8269000"/>
   <trkpt lat="46.4686050" lon="6.8268620"/>
   <trkpt lat="46.4686020" lon="6.8268410"/>
   <trkpt lat="46.4685990" lon="6.8267980"/>
   <trkpt lat="46.4686000" lon="6.8267640"/>
   <trkpt lat="46.4685980" lon="6.8267250"/>
   <trkpt lat="46.4685970" lon="6.8266820"/>
   <trkpt lat="46.4685920" lon="6.8266540"/>
   <trkpt lat="46.4685880" lon="6.8266080"/>
   <trkpt lat="46.4685860" lon="6.8265740"/>
   <trkpt lat="46.4685820" lon="6.8265360"/>
   <trkpt lat="46.4685790" lon="6.8264930"/>
   <trkpt lat="46.4685750" lon="6.8264630"/>
   <trkpt lat="46.4685740" lon="6.8264260"/>
   <trkpt lat="46.4685740" lon="6.8263880"/>
   <trkpt lat="46.4685710" lon="6.8263600"/>
   <trkpt lat="46.4685690" lon="6.8263180"/>
   <trkpt lat="46.4685670" lon="6.8262870"/>
   <trkpt lat="46.4685650" lon="6.8262500"/>
   <trkpt lat="46.4685660" lon="6.8262110"/>
   <trkpt lat="46.4685610" lon="6.8261810"/>
   <trkpt lat="46.4685580" lon="6.8261380"/>
   <trkpt lat="46.4685540" lon="6.8261070"/>
   <trkpt lat="46.4685500" lon="6.8260730"/>
   <trkpt lat="46.4685480" lon="6.8260350"/>
   <trkpt lat="46.4685400" lon="6.8260100"/>
   <trkpt lat="46.4685370" lon="6.8259690"/>
   <trkpt lat="46.4685360" lon="6.8259360"/>
   <trkpt lat="46.4685320" lon="6.8259030"/>
   <trkpt lat="46.4685310" lon="6.8258630"/>
   <trkpt lat="46.4685280" lon="6.8258340"/>
   <trkpt lat="46.4685230" lon="6.8257950"/>
   <trkpt lat="46.4685220" lon="6.8257630"/>
   <trkpt lat="46.4685200" lon="6.8257340"/>
   <trkpt lat="46.4685190" lon="6.8256940"/>
   <trkpt lat="46.4685150" lon="6.8256680"/>
   <trkpt lat="46.4685130" lon="6.8256300"/>
   <trkpt lat="46.4685100" lon="6.8255900"/>
   <trkpt lat="46.4685010" lon="6.8255650"/>
   <trkpt lat="46.4684960" lon="6.8255240"/>
   <trkpt lat="46.4684960" lon="6.8254920"/>
   <trkpt lat="46.4684900" lon="6.8254610"/>
   <trkpt lat="46.4684910" lon="6.8254260"/>
   <trkpt lat="46.4684830" lon="6.8253980"/>
   <trkpt lat="46.4684740" lon="6.8253660"/>
   <trkpt lat="46.4684740" lon="6.8253300"/>
   <trkpt lat="46.4684690" lon="6.8252990"/>
   <trkpt lat="46.4684660" lon="6.8252570"/>
   <trkpt lat="46.4684600" lon="6.8252270"/>
   <trkpt lat="46.4684540" lon="6.8251890"/>
   <trkpt lat="46.4684530" lon="6.8251550"/>
   <trkpt lat="46.4684460" lon="6.8251270"/>
   <trkpt lat="46.4684430" lon="6.8250890"/>
   <trkpt lat="46.4684400" lon="6.8250630"/>
   <trkpt lat="46.4684330" lon="6.8250300"/>
   <trkpt lat="46.4684290" lon="6.8249950"/>
   <trkpt lat="46.4684230" lon="6.8249680"/>
   <trkpt lat="46.4684210" lon="6.8249300"/>
   <trkpt lat="46.4684140" lon="6.8249010"/>
   <trkpt lat="46.4684040" lon="6.8248630"/>
   <trkpt lat="46.4684000" lon="6.8248300"/>
   <trkpt lat="46.4683920" lon="6.8247990"/>
   <trkpt lat="46.4683880" lon="6.8247570"/>
   <trkpt lat="46.4683800" lon="6.8247280"/>
   <trkpt lat="46.4683730" lon="6.8246920"/>
   <trkpt lat="46.4683670" lon="6.8246500"/>
   <trkpt lat="46.4683580" lon="6.8246250"/>
   <trkpt lat="46.4683490" lon="6.8245870"/>
   <trkpt lat="46.4683420" lon="6.8245520"/>
   <trkpt lat="46.4683330" lon="6.8245170"/>
   <trkpt lat="46.4683310" lon="6.8244790"/>
   <trkpt lat="46.4683290" lon="6.8244510"/>
   <trkpt lat="46.4683440" lon="6.8244210"/>
   <trkpt lat="46.4683440" lon="6.8243860"/>
   <trkpt lat="46.4683450" lon="6.8243540"/>
   <trkpt lat="46.4683470" lon="6.8243150"/>
   <trkpt lat="46.4683470" lon="6.8242850"/>
   <trkpt lat="46.4683550" lon="6.8242530"/>
   <trkpt lat="46.4683550" lon="6.8242170"/>
   <trkpt lat="46.4683550" lon="6.8241820"/>
   <trkpt lat="46.4683570" lon="6.8241460"/>
   <trkpt lat="46.4683610" lon="6.8241220"/>
   <trkpt lat="46.4683650" lon="6.8240890"/>
   <trkpt lat="46.4683750" lon="6.8240600"/>
   <trkpt lat="46.4683810" lon="6.8240350"/>
   <trkpt lat="46.4683900" lon="6.8239950"/>
   <trkpt lat="46.4683950" lon="6.8239610"/>
   <trkpt lat="46.4684020" lon="6.8239230"/>
   <trkpt lat="46.4684090" lon="6.8238950"/>
   <trkpt lat="46.4684130" lon="6.8238630"/>
   <trkpt lat="46.4684270" lon="6.8238270"/>
   <trkpt lat="46.4684240" lon="6.8238030"/>
   <trkpt lat="46.4684330" lon="6.8237610"/>
   <trkpt lat="46.4684360" lon="6.8237300"/>
   <trkpt lat="46.4684420" lon="6.8236950"/>
   <trkpt lat="46.4684540" lon="6.8236590"/>
   <trkpt lat="46.4684580" lon="6.8236360"/>
   <trkpt lat="46.4684730" lon="6.8235980"/>
   <trkpt lat="46.4684810" lon="6.8235690"/>
   <trkpt lat="46.4684920" lon="6.8235390"/>
   <trkpt lat="46.4685050" lon="6.8235020"/>
   <trkpt lat="46.4685100" lon="6.8234770"/>
   <trkpt lat="46.4685200" lon="6.8234430"/>
   <trkpt lat="46.4685370" lon="6.8234180"/>
   <trkpt lat="46.4685520" lon="6.8233930"/>
   <trkpt lat="46.4685720" lon="6.8233650"/>
   <trkpt lat="46.4685790" lon="6.8233470"/>
   <trkpt lat="46.4685980" lon="6.8233190"/>
   <trkpt lat="46.4686120" lon="6.8232970"/>
   <trkpt lat="46.4686200" lon="6.8232770"/>
   <trkpt lat="46.4686420" lon="6.8232490"/>
   <trkpt lat="46.4686470" lon="6.8232310"/>
   <trkpt lat="46.4686680" lon="6.8232000"/>
   <trkpt lat="46.4686810" lon="6.8231770"/>
   <trkpt lat="46.4686960" lon="6.8231500"/>
   <trkpt lat="46.4687120" lon="6.8231240"/>
   <trkpt lat="46.4687220" lon="6.8231070"/>
   <trkpt lat="46.4687460" lon="6.8230820"/>
   <trkpt lat="46.4687620" lon="6.8230680"/>
   <trkpt lat="46.4687800" lon="6.8230450"/>
   <trkpt lat="46.4687980" lon="6.8230210"/>
   <trkpt lat="46.4688140" lon="6.8230020"/>
   <trkpt lat="46.4688370" lon="6.8229830"/>
   <trkpt lat="46.4688580" lon="6.8229670"/>
   <trkpt lat="46.4688740" lon="6.8229490"/>
   <trkpt lat="46.4688980" lon="6.8229260"/>
   <trkpt lat="46.4689150" lon="6.8229100"/>
   <trkpt lat="46.4689380" lon="6.8228900"/>
   <trkpt lat="46.4689620" lon="6.8228700"/>
   <trkpt lat="46.4689810" lon="6.8228510"/>
   <trkpt lat="46.4690090" lon="6.8228310"/>
   <trkpt lat="46.4690260" lon="6.8228170"/>
   <trkpt lat="46.4690510" lon="6.8228000"/>
   <trkpt lat="46.4690720" lon="6.8227910"/>
   <trkpt lat="46.4690920" lon="6.8227770"/>
   <trkpt lat="46.4691160" lon="6.8227620"/>
   <trkpt lat="46.4691330" lon="6.8227510"/>
   <trkpt lat="46.4691590" lon="6.8227370"/>
   <trkpt lat="46.4691740" lon="6.8227250"/>
   <trkpt lat="46.4692020" lon="6.8227040"/>
   <trkpt lat="46.4692210" lon="6.8226930"/>
   <trkpt lat="46.4692440" lon="6.8226750"/>
   <trkpt lat="46.4692690" lon="6.8226610"/>
   <trkpt lat="46.4692840" lon="6.8226470"/>
   <trkpt lat="46.4693160" lon="6.8226290"/>
   <trkpt lat="46.4693410" lon="6.8226210"/>
   <trkpt lat="46.4693660" lon="6.8226020"/>
   <trkpt lat="46.4693890" lon="6.8225830"/>
   <trkpt lat="46.4694120" lon="6.8225660"/>
   <trkpt lat="46.4694400" lon="6.8225530"/>
   <trkpt lat="46.4694590" lon="6.8225390"/>
   <trkpt lat="46.4694840" lon="6.8225140"/>
   <trkpt lat="46.4695070" lon="6.8225020"/>
   <trkpt lat="46.4695310" lon="6.8224810"/>
   <trkpt lat="46.4695540" lon="6.8224600"/>
   <trkpt lat="46.4695750" lon="6.8224410"/>
   <trkpt lat="46.4696020" lon="6.8224210"/>
   <trkpt lat="46.4696240" lon="6.8223970"/>
   <trkpt lat="46.4696480" lon="6.8223730"/>
   <trkpt lat="46.4696670" lon="6.8223470"/>
   <trkpt lat="46.4696880" lon="6.8223150"/>
   <trkpt lat="46.4697110" lon="6.8222820"/>
   <trkpt lat="46.4697240" lon="6.8222530"/>
   <trkpt lat="46.4697500" lon="6.8222180"/>
   <trkpt lat="46.4697640" lon="6.8221890"/>
   <trkpt lat="46.4697840" lon="6.8221540"/>
   <trkpt lat="46.4698020" lon="6.8221230"/>
   <trkpt lat="46.4698180" lon="6.8220940"/>
   <trkpt lat="46.4698380" lon="6.8220590"/>
   <trkpt lat="46.4698480" lon="6.8220340"/>
   <trkpt lat="46.4698700" lon="6.8219940"/>
   <trkpt lat="46.4698820" lon="6.8219630"/>
   <trkpt lat="46.4698990" lon="6.8219250"/>
   <trkpt lat="46.4699170" lon="6.8218940"/>
   <trkpt lat="46.4699310" lon="6.8218600"/>
   <trkpt lat="46.4699500" lon="6.8218220"/>
   <trkpt lat="46.4699610" lon="6.8217940"/>
   <trkpt lat="46.4699800" lon="6.8217540"/>
   <trkpt lat="46.4699920" lon="6.8217250"/>
   <trkpt lat="46.4700070" lon="6.8216920"/>
   <trkpt lat="46.4700230" lon="6.8216540"/>
   <trkpt lat="46.4700370" lon="6.8216240"/>
   <trkpt lat="46.4700560" lon="6.8215820"/>
   <trkpt lat="46.4700620" lon="6.8215500"/>
   <trkpt lat="46.4700770" lon="6.8215060"/>
   <trkpt lat="46.4700840" lon="6.8214710"/>
   <trkpt lat="46.4700900" lon="6.8214320"/>
   <trkpt lat="46.4701000" lon="6.8213930"/>
   <trkpt lat="46.4701020" lon="6.8213570"/>
   <trkpt lat="46.4701180" lon="6.8213140"/>
   <trkpt lat="46.4701270" lon="6.8212810"/>
   <trkpt lat="46.4701350" lon="6.8212390"/>
   <trkpt lat="46.4701460" lon="6.8211960"/>
   <trkpt lat="46.4701540" lon="6.8211600"/>
   <trkpt lat="46.4701680" lon="6.8211200"/>
   <trkpt lat="46.4701750" lon="6.8210890"/>
   <trkpt lat="46.4701870" lon="6.8210480"/>
   <trkpt lat="46.4701960" lon="6.8210090"/>
   <trkpt lat="46.4702030" lon="6.8209730"/>
   <trkpt lat="46.4702150" lon="6.8209340"/>
   <trkpt lat="46.4702200" lon="6.8209010"/>
   <trkpt lat="46.4702290" lon="6.8208540"/>
   <trkpt lat="46.4702300" lon="6.8208230"/>
   <trkpt lat="46.4702360" lon="6.8207830"/>
   <trkpt lat="46.4702430" lon="6.8207440"/>
   <trkpt lat="46.4702470" lon="6.8207090"/>
   <trkpt lat="46.4702540" lon="6.8206630"/>
   <trkpt lat="46.4702560" lon="6.8206290"/>
   <trkpt lat="46.4702630" lon="6.8205860"/>
   <trkpt lat="46.4702710" lon="6.8205460"/>
   <trkpt lat="46.4702720" lon="6.8205040"/>
   <trkpt lat="46.4702800" lon="6.8204590"/>
   <trkpt lat="46.4702820" lon="6.8204280"/>
   <trkpt lat="46.4702890" lon="6.8203850"/>
   <trkpt lat="46.4702900" lon="6.8203490"/>
   <trkpt lat="46.4702860" lon="6.8203090"/>
   <trkpt lat="46.4702860" lon="6.8202650"/>
   <trkpt lat="46.4702820" lon="6.8202330"/>
   <trkpt lat="46.4702880" lon="6.8201880"/>
   <trkpt lat="46.4702940" lon="6.8201520"/>
   <trkpt lat="46.4702980" lon="6.8201100"/>
   <trkpt lat="46.4703020" lon="6.8200660"/>
   <trkpt lat="46.4703020" lon="6.8200340"/>
   <trkpt lat="46.4703040" lon="6.8199890"/>
   <trkpt lat="46.4703070" lon="6.8199580"/>
   <trkpt lat="46.4703060" lon="6.8199230"/>
   <trkpt lat="46.4703120" lon="6.8198810"/>
   <trkpt lat="46.4703100" lon="6.8198440"/>
   <trkpt lat="46.4703150" lon="6.8197990"/>
   <trkpt lat="46.4703230" lon="6.8197690"/>
   <trkpt lat="46.4703280" lon="6.8197200"/>
   <trkpt lat="46.4703300" lon="6.8196780"/>
   <trkpt lat="46.4703290" lon="6.8196460"/>
   <trkpt lat="46.4703320" lon="6.8196000"/>
   <trkpt lat="46.4703320" lon="6.8195640"/>
   <trkpt lat="46.4703340" lon="6.8195210"/>
   <trkpt lat="46.4703350" lon="6.8194790"/>
   <trkpt lat="46.4703360" lon="6.8194410"/>
   <trkpt lat="46.4703400" lon="6.8193930"/>
   <trkpt lat="46.4703350" lon="6.8193620"/>
   <trkpt lat="46.4703360" lon="6.8193150"/>
   <trkpt lat="46.4703390" lon="6.8192770"/>
   <trkpt lat="46.4703410" lon="6.8192360"/>
   <trkpt lat="46.4703410" lon="6.8191930"/>
   <trkpt lat="46.4703420" lon="6.8191600"/>
   <trkpt lat="46.4703450" lon="6.8191200"/>
   <trkpt lat="46.4703440" lon="6.8190820"/>
   <trkpt lat="46.4703460" lon="6.8190430"/>
   <trkpt lat="46.4703480" lon="6.8190050"/>
   <trkpt lat="46.4703510" lon="6.8189740"/>
   <trkpt lat="46.4703560" lon="6.8189320"/>
   <trkpt lat="46.4703550" lon="6.8188980"/>
   <trkpt lat="46.4703530" lon="6.8188580"/>
   <trkpt lat="46.4703580" lon="6.8188190"/>
   <trkpt lat="46.4703550" lon="6.8187830"/>
   <trkpt lat="46.4703610" lon="6.8187370"/>
   <trkpt lat="46.4703600" lon="6.8187050"/>
   <trkpt lat="46.4703610" lon="6.8186650"/>
   <trkpt lat="46.4703630" lon="6.8186290"/>
   <trkpt lat="46.4703600" lon="6.8185940"/>
   <trkpt lat="46.4703650" lon="6.8185510"/>
   <trkpt lat="46.4703660" lon="6.8185170"/>
   <trkpt lat="46.4703710" lon="6.8184760"/>
   <trkpt lat="46.4703740" lon="6.8184390"/>
   <trkpt lat="46.4703730" lon="6.8184030"/>
   <trkpt lat="46.4703770" lon="6.8183630"/>
   <trkpt lat="46.4703710" lon="6.8183330"/>
   <trkpt lat="46.4703770" lon="6.8182920"/>
   <trkpt lat="46.4703800" lon="6.8182560"/>
   <trkpt lat="46.4703780" lon="6.8182190"/>
   <trkpt lat="46.4703810" lon="6.8181810"/>
   <trkpt lat="46.4703810" lon="6.8181480"/>
   <trkpt lat="46.4703890" lon="6.8181090"/>
   <trkpt lat="46.4703920" lon="6.8180760"/>
   <trkpt lat="46.4703930" lon="6.8180400"/>
   <trkpt lat="46.4703960" lon="6.8180000"/>
   <trkpt lat="46.4703950" lon="6.8179680"/>
   <trkpt lat="46.4704020" lon="6.8179250"/>
   <trkpt lat="46.4704050" lon="6.8178930"/>
   <trkpt lat="46.4704070" lon="6.8178510"/>
   <trkpt lat="46.4704120" lon="6.8178110"/>
   <trkpt lat="46.4704090" lon="6.8177820"/>
   <trkpt lat="46.4704130" lon="6.8177430"/>
   <trkpt lat="46.4704090" lon="6.8177150"/>
   <trkpt lat="46.4704100" lon="6.8176720"/>
   <trkpt lat="46.4704120" lon="6.8176330"/>
   <trkpt lat="46.4704090" lon="6.8176010"/>
   <trkpt lat="46.4704140" lon="6.8175610"/>
   <trkpt lat="46.4704120" lon="6.8175270"/>
   <trkpt lat="46.4704130" lon="6.8174880"/>
   <trkpt lat="46.4704170" lon="6.8174510"/>
   <trkpt lat="46.4704150" lon="6.8174160"/>
   <trkpt lat="46.4704180" lon="6.8173740"/>
   <trkpt lat="46.4704170" lon="6.8173400"/>
   <trkpt lat="46.4704240" lon="6.8172970"/>
   <trkpt lat="46.4704260" lon="6.8172620"/>
   <trkpt lat="46.4704240" lon="6.8172240"/>
   <trkpt lat="46.4704280" lon="6.8171810"/>
   <trkpt lat="46.4704260" lon="6.8171510"/>
   <trkpt lat="46.4704330" lon="6.8171110"/>
   <trkpt lat="46.4704400" lon="6.8170760"/>
   <trkpt lat="46.4704400" lon="6.8170420"/>
   <trkpt lat="46.4704440" lon="6.8169980"/>
   <trkpt lat="46.4704390" lon="6.8169710"/>
   <trkpt lat="46.4704440" lon="6.8169330"/>
   <trkpt lat="46.4704510" lon="6.8168990"/>
   <trkpt lat="46.4704540" lon="6.8168650"/>
   <trkpt lat="46.4704600" lon="6.8168210"/>
   <trkpt lat="46.4704560" lon="6.8167910"/>
   <trkpt lat="46.4704610" lon="6.8167490"/>
   <trkpt lat="46.4704610" lon="6.8167160"/>
   <trkpt lat="46.4704640" lon="6.8166790"/>
   <trkpt lat="46.4704700" lon="6.8166400"/>
   <trkpt lat="46.4704710" lon="6.8166070"/>
   <trkpt lat="46.4704770" lon="6.8165600"/>
   <trkpt lat="46.4704790" lon="6.8165270"/>
   <trkpt lat="46.4704810" lon="6.8164860"/>
   <trkpt lat="46.4704840" lon="6.8164470"/>
   <trkpt lat="46.4704830" lon="6.8164150"/>
   <trkpt lat="46.4704860" lon="6.8163700"/>
   <trkpt lat="46.4704840" lon="6.8163370"/>
   <trkpt lat="46.4704880" lon="6.8162950"/>
   <trkpt lat="46.4704900" lon="6.8162560"/>
   <trkpt lat="46.4704890" lon="6.8162200"/>
   <trkpt lat="46.4704950" lon="6.8161790"/>
   <trkpt lat="46.4704900" lon="6.8161480"/>
   <trkpt lat="46.4704970" lon="6.8161050"/>
   <trkpt lat="46.4705000" lon="6.8160740"/>
   <trkpt lat="46.4705040" lon="6.8160390"/>
   <trkpt lat="46.4705070" lon="6.8159990"/>
   <trkpt lat="46.4705070" lon="6.8159700"/>
   <trkpt lat="46.4705130" lon="6.8159280"/>
   <trkpt lat="46.4705180" lon="6.8158940"/>
   <trkpt lat="46.4705190" lon="6.8158570"/>
   <trkpt lat="46.4705220" lon="6.8158160"/>
   <trkpt lat="46.4705210" lon="6.8157870"/>
   <trkpt lat="46.4705280" lon="6.8157470"/>
   <trkpt lat="46.4705280" lon="6.8157170"/>
   <trkpt lat="46.4705300" lon="6.8156800"/>
   <trkpt lat="46.4705340" lon="6.8156430"/>
   <trkpt lat="46.4705320" lon="6.8156060"/>
   <trkpt lat="46.4705380" lon="6.8155610"/>
   <trkpt lat="46.4705340" lon="6.8155320"/>
   <trkpt lat="46.4705390" lon="6.8154900"/>
   <trkpt lat="46.4705410" lon="6.8154550"/>
   <trkpt lat="46.4705380" lon="6.8154150"/>
   <trkpt lat="46.4705430" lon="6.8153700"/>
   <trkpt lat="46.4705360" lon="6.8153420"/>
   <trkpt lat="46.4705400" lon="6.8153020"/>
   <trkpt lat="46.4705430" lon="6.8152650"/>
   <trkpt lat="46.4705450" lon="6.8152280"/>
   <trkpt lat="46.4705490" lon="6.8151870"/>
   <trkpt lat="46.4705460" lon="6.8151550"/>
   <trkpt lat="46.4705480" lon="6.8151090"/>
   <trkpt lat="46.4705470" lon="6.8150770"/>
   <trkpt lat="46.4705490" lon="6.8150370"/>
   <trkpt lat="46.4705540" lon="6.8149970"/>
   <trkpt lat="46.4705560" lon="6.8149670"/>
   <trkpt lat="46.4705590" lon="6.8149180"/>
   <trkpt lat="46.4705590" lon="6.8148870"/>
   <trkpt lat="46.4705620" lon="6.8148440"/>
   <trkpt lat="46.4705650" lon="6.8148060"/>
   <trkpt lat="46.4705630" lon="6.8147660"/>
   <trkpt lat="46.4705640" lon="6.8147220"/>
   <trkpt lat="46.4705570" lon="6.8146940"/>
   <trkpt lat="46.4705590" lon="6.8146540"/>
   <trkpt lat="46.4705610" lon="6.8146190"/>
   <trkpt lat="46.4705600" lon="6.8145840"/>
   <trkpt lat="46.4705620" lon="6.8145400"/>
   <trkpt lat="46.4705590" lon="6.8145110"/>
   <trkpt lat="46.4705680" lon="6.8144690"/>
   <trkpt lat="46.4705690" lon="6.8144380"/>
   <trkpt lat="46.4705720" lon="6.8144010"/>
   <trkpt lat="46.4705740" lon="6.8143580"/>
   <trkpt lat="46.4705730" lon="6.8143260"/>
   <trkpt lat="46.4705790" lon="6.8142820"/>
   <trkpt lat="46.4705790" lon="6.8142490"/>
   <trkpt lat="46.4705800" lon="6.8142130"/>
   <trkpt lat="46.4705820" lon="6.8141740"/>
   <trkpt lat="46.4705810" lon="6.8141380"/>
   <trkpt lat="46.4705830" lon="6.8140940"/>
   <trkpt lat="46.4705810" lon="6.8140620"/>
   <trkpt lat="46.4705900" lon="6.8140220"/>
   <trkpt lat="46.4705930" lon="6.8139870"/>
   <trkpt lat="46.4705950" lon="6.8139490"/>
   <trkpt lat="46.4705990" lon="6.8139060"/>
   <trkpt lat="46.4705960" lon="6.8138760"/>
   <trkpt lat="46.4705980" lon="6.8138360"/>
   <trkpt lat="46.4705980" lon="6.8138020"/>
   <trkpt lat="46.4706000" lon="6.8137630"/>
   <trkpt lat="46.4706020" lon="6.8137240"/>
   <trkpt lat="46.4706040" lon="6.8136910"/>
   <trkpt lat="46.4706080" lon="6.8136480"/>
   <trkpt lat="46.4706100" lon="6.8136180"/>
   <trkpt lat="46.4706130" lon="6.8135740"/>
   <trkpt lat="46.4706150" lon="6.8135340"/>
   <trkpt lat="46.4706140" lon="6.8135020"/>
   <trkpt lat="46.4706180" lon="6.8134570"/>
   <trkpt lat="46.4706170" lon="6.8134270"/>
   <trkpt lat="46.4706240" lon="6.8133830"/>
   <trkpt lat="46.4706280" lon="6.8133440"/>
   <trkpt lat="46.4706280" lon="6.8133040"/>
   <trkpt lat="46.4706330" lon="6.8132610"/>
   <trkpt lat="46.4706300" lon="6.8132290"/>
   <trkpt lat="46.4706370" lon="6.8131830"/>
   <trkpt lat="46.4706410" lon="6.8131440"/>
   <trkpt lat="46.4706390" lon="6.8131040"/>
   <trkpt lat="46.4706410" lon="6.8130690"/>
   <trkpt lat="46.4706420" lon="6.8130400"/>
   <trkpt lat="46.4706460" lon="6.8129970"/>
   <trkpt lat="46.4706440" lon="6.8129670"/>
   <trkpt lat="46.4706460" lon="6.8129260"/>
   <trkpt lat="46.4706510" lon="6.8128920"/>
   <trkpt lat="46.4706530" lon="6.8128590"/>
   <trkpt lat="46.4706580" lon="6.8128160"/>
   <trkpt lat="46.4706590" lon="6.8127850"/>
   <trkpt lat="46.4706650" lon="6.8127410"/>
   <trkpt lat="46.4706690" lon="6.8127020"/>
   <trkpt lat="46.4706740" lon="6.8126600"/>
   <trkpt lat="46.4706800" lon="6.8126210"/>
   <trkpt lat="46.4706840" lon="6.8125920"/>
   <trkpt lat="46.4706860" lon="6.8125440"/>
   <trkpt lat="46.4706840" lon="6.8125070"/>
   <trkpt lat="46.4706850" lon="6.8124660"/>
   <trkpt lat="46.4706860" lon="6.8124260"/>
   <trkpt lat="46.4706850" lon="6.8123880"/>
   <trkpt lat="46.4706870" lon="6.8123470"/>
   <trkpt lat="46.4706880" lon="6.8123160"/>
   <trkpt lat="46.4706940" lon="6.8122710"/>
   <trkpt lat="46.4706980" lon="6.8122370"/>
   <trkpt lat="46.4707010" lon="6.8121970"/>
   <trkpt lat="46.4707070" lon="6.8121560"/>
   <trkpt lat="46.4707080" lon="6.8121250"/>
   <trkpt lat="46.4707130" lon="6.8120820"/>
   <trkpt lat="46.4707130" lon="6.8120440"/>
   <trkpt lat="46.4707170" lon="6.8120020"/>
   <trkpt lat="46.4707210" lon="6.8119640"/>
   <trkpt lat="46.4707200" lon="6.8119230"/>
   <trkpt lat="46.4707240" lon="6.8118820"/>
   <trkpt lat="46.4707230" lon="6.8118510"/>
   <trkpt lat="46.4707240" lon="6.8118050"/>
   <trkpt lat="46.4707220" lon="6.8117730"/>
   <trkpt lat="46.4707240" lon="6.8117290"/>
   <trkpt lat="46.4707270" lon="6.8116880"/>
   <trkpt lat="46.4707270" lon="6.8116500"/>
   <trkpt lat="46.4707310" lon="6.8116050"/>
   <trkpt lat="46.4707280" lon="6.8115740"/>
   <trkpt lat="46.4707340" lon="6.8115320"/>
   <trkpt lat="46.4707380" lon="6.8115000"/>
   <trkpt lat="46.4707400" lon="6.8114620"/>
   <trkpt lat="46.4707440" lon="6.8114220"/>
   <trkpt lat="46.4707440" lon="6.8113870"/>
   <trkpt lat="46.4707480" lon="6.8113400"/>
   <trkpt lat="46.4707450" lon="6.8113070"/>
   <trkpt lat="46.4707460" lon="6.8112650"/>
   <trkpt lat="46.4707500" lon="6.8112290"/>
   <trkpt lat="46.4707520" lon="6.8111930"/>
   <trkpt lat="46.4707580" lon="6.8111510"/>
   <trkpt lat="46.4707590" lon="6.8111200"/>
   <trkpt lat="46.4707600" lon="6.8110760"/>
   <trkpt lat="46.4707650" lon="6.8110430"/>
   <trkpt lat="46.4707700" lon="6.8110040"/>
   <trkpt lat="46.4707760" lon="6.8109680"/>
   <trkpt lat="46.4707780" lon="6.8109340"/>
   <trkpt lat="46.4707840" lon="6.8108910"/>
   <trkpt lat="46.4707820" lon="6.8108570"/>
   <trkpt lat="46.4707840" lon="6.8108120"/>
   <trkpt lat="46.4707850" lon="6.8107770"/>
   <trkpt lat="46.4707860" lon="6.8107380"/>
   <trkpt lat="46.4707870" lon="6.8106930"/>
   <trkpt lat="46.4707820" lon="6.8106610"/>
   <trkpt lat="46.4707860" lon="6.8106180"/>
   <trkpt lat="46.4707880" lon="6.8105790"/>
   <trkpt lat="46.4707930" lon="6.8105380"/>
   <trkpt lat="46.4707960" lon="6.8104950"/>
   <trkpt lat="46.4707960" lon="6.8104570"/>
   <trkpt lat="46.4708000" lon="6.8104120"/>
   <trkpt lat="46.4707980" lon="6.8103770"/>
   <trkpt lat="46.4708030" lon="6.8103340"/>
   <trkpt lat="46.4708070" lon="6.8102990"/>
   <trkpt lat="46.4708080" lon="6.8102610"/>
   <trkpt lat="46.4708120" lon="6.8102230"/>
   <trkpt lat="46.4708060" lon="6.8101890"/>
   <trkpt lat="46.4708110" lon="6.8101420"/>
   <trkpt lat="46.4708120" lon="6.8101050"/>
   <trkpt lat="46.4708150" lon="6.8100630"/>
   <trkpt lat="46.4708170" lon="6.8100220"/>
   <trkpt lat="46.4708170" lon="6.8099840"/>
   <trkpt lat="46.4708190" lon="6.8099390"/>
   <trkpt lat="46.4708170" lon="6.8099090"/>
   <trkpt lat="46.4708190" lon="6.8098620"/>
   <trkpt lat="46.4708150" lon="6.8098300"/>
   <trkpt lat="46.4708160" lon="6.8097870"/>
   <trkpt lat="46.4708200" lon="6.8097490"/>
   <trkpt lat="46.4708180" lon="6.8097180"/>
   <trkpt lat="46.4708210" lon="6.8096760"/>
   <trkpt lat="46.4708200" lon="6.8096440"/>
   <trkpt lat="46.4708230" lon="6.8095980"/>
   <trkpt lat="46.4708280" lon="6.8095590"/>
   <trkpt lat="46.4708270" lon="6.8095220"/>
   <trkpt lat="46.4708300" lon="6.8094770"/>
   <trkpt lat="46.4708260" lon="6.8094480"/>
   <trkpt lat="46.4708310" lon="6.8094060"/>
   <trkpt lat="46.4708340" lon="6.8093690"/>
   <trkpt lat="46.4708340" lon="6.8093290"/>
   <trkpt lat="46.4708370" lon="6.8092860"/>
   <trkpt lat="46.4708360" lon="6.8092540"/>
   <trkpt lat="46.4708410" lon="6.8092060"/>
   <trkpt lat="46.4708420" lon="6.8091690"/>
   <trkpt lat="46.4708450" lon="6.8091230"/>
   <trkpt lat="46.4708470" lon="6.8090860"/>
   <trkpt lat="46.4708490" lon="6.8090510"/>
   <trkpt lat="46.4708520" lon="6.8090100"/>
   <trkpt lat="46.4708510" lon="6.8089810"/>
   <trkpt lat="46.4708540" lon="6.8089390"/>
   <trkpt lat="46.4708570" lon="6.8089030"/>
   <trkpt lat="46.4708580" lon="6.8088680"/>
   <trkpt lat="46.4708600" lon="6.8088250"/>
   <trkpt lat="46.4708600" lon="6.8087890"/>
   <trkpt lat="46.4708640" lon="6.8087530"/>
   <trkpt lat="46.4708660" lon="6.8087200"/>
   <trkpt lat="46.4708680" lon="6.8086770"/>
   <trkpt lat="46.4708710" lon="6.8086400"/>
   <trkpt lat="46.4708720" lon="6.8086040"/>
   <trkpt lat="46.4708760" lon="6.8085600"/>
   <trkpt lat="46.4708750" lon="6.8085250"/>
   <trkpt lat="46.4708780" lon="6.8084820"/>
   <trkpt lat="46.4708790" lon="6.8084480"/>
   <trkpt lat="46.4708790" lon="6.8084090"/>
   <trkpt lat="46.4708800" lon="6.8083650"/>
   <trkpt lat="46.4708800" lon="6.8083310"/>
   <trkpt lat="46.4708840" lon="6.8082820"/>
   <trkpt lat="46.4708820" lon="6.8082470"/>
   <trkpt lat="46.4708860" lon="6.8082040"/>
   <trkpt lat="46.4708890" lon="6.8081680"/>
   <trkpt lat="46.4708920" lon="6.8081260"/>
   <trkpt lat="46.4708970" lon="6.8080810"/>
   <trkpt lat="46.4708960" lon="6.8080490"/>
   <trkpt lat="46.4709020" lon="6.8080040"/>
   <trkpt lat="46.4709060" lon="6.8079660"/>
   <trkpt lat="46.4709110" lon="6.8079260"/>
   <trkpt lat="46.4709170" lon="6.8078840"/>
   <trkpt lat="46.4709190" lon="6.8078460"/>
   <trkpt lat="46.4709270" lon="6.8078050"/>
   <trkpt lat="46.4709250" lon="6.8077770"/>
   <trkpt lat="46.4709330" lon="6.8077330"/>
   <trkpt lat="46.4709390" lon="6.8077020"/>
   <trkpt lat="46.4709430" lon="6.8076610"/>
   <trkpt lat="46.4709480" lon="6.8076200"/>
   <trkpt lat="46.4709500" lon="6.8075900"/>
   <trkpt lat="46.4709590" lon="6.8075450"/>
   <trkpt lat="46.4709600" lon="6.8075080"/>
   <trkpt lat="46.4709670" lon="6.8074640"/>
   <trkpt lat="46.4709760" lon="6.8074240"/>
   <trkpt lat="46.4709800" lon="6.8073880"/>
   <trkpt lat="46.4709900" lon="6.8073430"/>
   <trkpt lat="46.4709900" lon="6.8073130"/>
   <trkpt lat="46.4710000" lon="6.8072710"/>
   <trkpt lat="46.4710050" lon="6.8072340"/>
   <trkpt lat="46.4710110" lon="6.8071960"/>
   <trkpt lat="46.4710220" lon="6.8071560"/>
   <trkpt lat="46.4710260" lon="6.8071300"/>
   <trkpt lat="46.4710370" lon="6.8070870"/>
   <trkpt lat="46.4710390" lon="6.8070550"/>
   <trkpt lat="46.4710470" lon="6.8070170"/>
   <trkpt lat="46.4710540" lon="6.8069810"/>
   <trkpt lat="46.4710610" lon="6.8069540"/>
   <trkpt lat="46.4710740" lon="6.8069130"/>
   <trkpt lat="46.4710810" lon="6.8068800"/>
   <trkpt lat="46.4710900" lon="6.8068410"/>
   <trkpt lat="46.4711010" lon="6.8068030"/>
   <trkpt lat="46.4711030" lon="6.8067690"/>
   <trkpt lat="46.4711130" lon="6.8067240"/>
   <trkpt lat="46.4711130" lon="6.8066940"/>
   <trkpt lat="46.4711250" lon="6.8066490"/>
   <trkpt lat="46.4711320" lon="6.8066140"/>
   <trkpt lat="46.4711390" lon="6.8065760"/>
   <trkpt lat="46.4711480" lon="6.8065350"/>
   <trkpt lat="46.4711530" lon="6.8065030"/>
   <trkpt lat="46.4711670" lon="6.8064540"/>
   <trkpt lat="46.4711740" lon="6.8064200"/>
   <trkpt lat="46.4711880" lon="6.8063780"/>
   <trkpt lat="46.4711980" lon="6.8063420"/>
   <trkpt lat="46.4712050" lon="6.8063040"/>
   <trkpt lat="46.4712130" lon="6.8062580"/>
   <trkpt lat="46.4712170" lon="6.8062260"/>
   <trkpt lat="46.4712300" lon="6.8061860"/>
   <trkpt lat="46.4712370" lon="6.8061570"/>
   <trkpt lat="46.4712480" lon="6.8061140"/>
   <trkpt lat="46.4712590" lon="6.8060740"/>
   <trkpt lat="46.4712640" lon="6.8060340"/>
   <trkpt lat="46.4712770" lon="6.8059850"/>
   <trkpt lat="46.4712770" lon="6.8059530"/>
   <trkpt lat="46.4712900" lon="6.8059100"/>
   <trkpt lat="46.4712990" lon="6.8058780"/>
   <trkpt lat="46.4713060" lon="6.8058390"/>
   <trkpt lat="46.4713180" lon="6.8057980"/>
   <trkpt lat="46.4713240" lon="6.8057680"/>
   <trkpt lat="46.4713380" lon="6.8057240"/>
   <trkpt lat="46.4713450" lon="6.8056900"/>
   <trkpt lat="46.4713540" lon="6.8056520"/>
   <trkpt lat="46.4713650" lon="6.8056120"/>
   <trkpt lat="46.4713690" lon="6.8055770"/>
   <trkpt lat="46.4713820" lon="6.8055320"/>
   <trkpt lat="46.4713890" lon="6.8054950"/>
   <trkpt lat="46.4714010" lon="6.8054510"/>
   <trkpt lat="46.4714100" lon="6.8054140"/>
   <trkpt lat="46.4714160" lon="6.8053750"/>
   <trkpt lat="46.4714250" lon="6.8053310"/>
   <trkpt lat="46.4714260" lon="6.8052990"/>
   <trkpt lat="46.4714380" lon="6.8052590"/>
   <trkpt lat="46.4714480" lon="6.8052220"/>
   <trkpt lat="46.4714580" lon="6.8051830"/>
   <trkpt lat="46.4714680" lon="6.8051450"/>
   <trkpt lat="46.4714730" lon="6.8051100"/>
   <trkpt lat="46.4714830" lon="6.8050620"/>
   <trkpt lat="46.4714900" lon="6.8050270"/>
   <trkpt lat="46.4715030" lon="6.8049850"/>
   <trkpt lat="46.4715100" lon="6.8049500"/>
   <trkpt lat="46.4715130" lon="6.8049130"/>
   <trkpt lat="46.4715200" lon="6.8048710"/>
   <trkpt lat="46.4715230" lon="6.8048330"/>
   <trkpt lat="46.4715310" lon="6.8047950"/>
   <trkpt lat="46.4715390" lon="6.8047570"/>
   <trkpt lat="46.4715470" lon="6.8047160"/>
   <trkpt lat="46.4715530" lon="6.8046740"/>
   <trkpt lat="46.4715590" lon="6.8046370"/>
   <trkpt lat="46.4715660" lon="6.8045950"/>
   <trkpt lat="46.4715650" lon="6.8045660"/>
   <trkpt lat="46.4715760" lon="6.8045280"/>
   <trkpt lat="46.4715840" lon="6.8044910"/>
   <trkpt lat="46.4715870" lon="6.8044510"/>
   <trkpt lat="46.4715960" lon="6.8044100"/>
   <trkpt lat="46.4716000" lon="6.8043760"/>
   <trkpt lat="46.4716100" lon="6.8043300"/>
   <trkpt lat="46.4716140" lon="6.8042960"/>
   <trkpt lat="46.4716180" lon="6.8042550"/>
   <trkpt lat="46.4716250" lon="6.8042150"/>
   <trkpt lat="46.4716270" lon="6.8041730"/>
   <trkpt lat="46.4716320" lon="6.8041270"/>
   <trkpt lat="46.4716330" lon="6.8040950"/>
   <trkpt lat="46.4716390" lon="6.8040530"/>
   <trkpt lat="46.4716440" lon="6.8040180"/>
   <trkpt lat="46.4716470" lon="6.8039830"/>
   <trkpt lat="46.4716530" lon="6.8039430"/>
   <trkpt lat="46.4716500" lon="6.8039100"/>
   <trkpt lat="46.4716570" lon="6.8038670"/>
   <trkpt lat="46.4716560" lon="6.8038310"/>
   <trkpt lat="46.4716590" lon="6.8037890"/>
   <trkpt lat="46.4716630" lon="6.8037490"/>
   <trkpt lat="46.4716630" lon="6.8037150"/>
   <trkpt lat="46.4716700" lon="6.8036700"/>
   <trkpt lat="46.4716690" lon="6.8036400"/>
   <trkpt lat="46.4716760" lon="6.8035940"/>
   <trkpt lat="46.4716820" lon="6.8035560"/>
   <trkpt lat="46.4716820" lon="6.8035190"/>
   <trkpt lat="46.4716850" lon="6.8034770"/>
   <trkpt lat="46.4716850" lon="6.8034450"/>
   <trkpt lat="46.4716930" lon="6.8034060"/>
   <trkpt lat="46.4716980" lon="6.8033720"/>
   <trkpt lat="46.4717020" lon="6.8033290"/>
   <trkpt lat="46.4717070" lon="6.8032880"/>
   <trkpt lat="46.4717090" lon="6.8032580"/>
   <trkpt lat="46.4717140" lon="6.8032140"/>
   <trkpt lat="46.4717140" lon="6.8031870"/>
   <trkpt lat="46.4717180" lon="6.8031470"/>
   <trkpt lat="46.4717240" lon="6.8031130"/>
   <trkpt lat="46.4717240" lon="6.8030780"/>
   <trkpt lat="46.4717240" lon="6.8030340"/>
   <trkpt lat="46.4717260" lon="6.8030030"/>
   <trkpt lat="46.4717300" lon="6.8029590"/>
   <trkpt lat="46.4717310" lon="6.8029250"/>
   <trkpt lat="46.4717370" lon="6.8028830"/>
   <trkpt lat="46.4717400" lon="6.8028450"/>
   <trkpt lat="46.4717390" lon="6.8028100"/>
   <trkpt lat="46.4717470" lon="6.8027670"/>
   <trkpt lat="46.4717460" lon="6.8027380"/>
   <trkpt lat="46.4717540" lon="6.8026950"/>
   <trkpt lat="46.4717580" lon="6.8026580"/>
   <trkpt lat="46.4717570" lon="6.8026170"/>
   <trkpt lat="46.4717570" lon="6.8025740"/>
   <trkpt lat="46.4717580" lon="6.8025400"/>
   <trkpt lat="46.4717660" lon="6.8024930"/>
   <trkpt lat="46.4717750" lon="6.8024690"/>
   <trkpt lat="46.4717800" lon="6.8024290"/>
   <trkpt lat="46.4717780" lon="6.8023870"/>
   <trkpt lat="46.4717720" lon="6.8023540"/>
   <trkpt lat="46.4717770" lon="6.8023080"/>
   <trkpt lat="46.4717810" lon="6.8022790"/>
   <trkpt lat="46.4717840" lon="6.8022370"/>
   <trkpt lat="46.4717870" lon="6.8022000"/>
   <trkpt lat="46.4717840" lon="6.8021650"/>
   <trkpt lat="46.4717870" lon="6.8021210"/>
   <trkpt lat="46.4717930" lon="6.8020940"/>
   <trkpt lat="46.4717980" lon="6.8020500"/>
   <trkpt lat="46.4718040" lon="6.8020140"/>
   <trkpt lat="46.4718020" lon="6.8019790"/>
   <trkpt lat="46.4718040" lon="6.8019340"/>
   <trkpt lat="46.4718040" lon="6.8019050"/>
   <trkpt lat="46.4718090" lon="6.8018680"/>
   <trkpt lat="46.4718120" lon="6.8018330"/>
   <trkpt lat="46.4718130" lon="6.8017930"/>
   <trkpt lat="46.4718160" lon="6.8017500"/>
   <trkpt lat="46.4718190" lon="6.8017190"/>
   <trkpt lat="46.4718290" lon="6.8016770"/>
   <trkpt lat="46.4718320" lon="6.8016500"/>
   <trkpt lat="46.4718380" lon="6.8016100"/>
   <trkpt lat="46.4718410" lon="6.8015720"/>
   <trkpt lat="46.4718430" lon="6.8015390"/>
   <trkpt lat="46.4718500" lon="6.8014960"/>
   <trkpt lat="46.4718560" lon="6.8014600"/>
   <trkpt lat="46.4718640" lon="6.8014180"/>
   <trkpt lat="46.4718700" lon="6.8013840"/>
   <trkpt lat="46.4718710" lon="6.8013510"/>
   <trkpt lat="46.4718750" lon="6.8013080"/>
   <trkpt lat="46.4718750" lon="6.8012820"/>
   <trkpt lat="46.4718850" lon="6.8012430"/>
   <trkpt lat="46.4718900" lon="6.8012100"/>
   <trkpt lat="46.4718960" lon="6.8011750"/>
   <trkpt lat="46.4719040" lon="6.8011360"/>
   <trkpt lat="46.4719020" lon="6.8011090"/>
   <trkpt lat="46.4719110" lon="6.8010690"/>
   <trkpt lat="46.4719170" lon="6.8010390"/>
   <trkpt lat="46.4719270" lon="6.8010050"/>
   <trkpt lat="46.4719350" lon="6.8009740"/>
   <trkpt lat="46.4719370" lon="6.8009470"/>
   <trkpt lat="46.4719490" lon="6.8009070"/>
   <trkpt lat="46.4719590" lon="6.8008790"/>
   <trkpt lat="46.4719690" lon="6.8008420"/>
   <trkpt lat="46.4719760" lon="6.8008070"/>
   <trkpt lat="46.4719790" lon="6.8007700"/>
   <trkpt lat="46.4719870" lon="6.8007330"/>
   <trkpt lat="46.4719970" lon="6.8007120"/>
   <trkpt lat="46.4720070" lon="6.8006700"/>
   <trkpt lat="46.4720160" lon="6.8006370"/>
   <trkpt lat="46.4720260" lon="6.8006050"/>
   <trkpt lat="46.4720350" lon="6.8005700"/>
   <trkpt lat="46.4720430" lon="6.8005330"/>
   <trkpt lat="46.4720560" lon="6.8004950"/>
   <trkpt lat="46.4720630" lon="6.8004680"/>
   <trkpt lat="46.4720790" lon="6.8004320"/>
   <trkpt lat="46.4720910" lon="6.8003980"/>
   <trkpt lat="46.4721000" lon="6.8003670"/>
   <trkpt lat="46.4721160" lon="6.8003340"/>
   <trkpt lat="46.4721240" lon="6.8003030"/>
   <trkpt lat="46.4721400" lon="6.8002650"/>
   <trkpt lat="46.4721540" lon="6.8002340"/>
   <trkpt lat="46.4721670" lon="6.8002020"/>
   <trkpt lat="46.4721810" lon="6.8001710"/>
   <trkpt lat="46.4721880" lon="6.8001430"/>
   <trkpt lat="46.4722040" lon="6.8001080"/>
   <trkpt lat="46.4722130" lon="6.8000830"/>
   <trkpt lat="46.4722250" lon="6.8000530"/>
   <trkpt lat="46.4722390" lon="6.8000220"/>
   <trkpt lat="46.4722490" lon="6.7999910"/>
   <trkpt lat="46.4722640" lon="6.7999550"/>
   <trkpt lat="46.4722750" lon="6.7999310"/>
   <trkpt lat="46.4722930" lon="6.7998940"/>
   <trkpt lat="46.4723070" lon="6.7998650"/>
   <trkpt lat="46.4723200" lon="6.7998360"/>
   <trkpt lat="46.4723380" lon="6.7998050"/>
   <trkpt lat="46.4723440" lon="6.7997800"/>
   <trkpt lat="46.4723590" lon="6.7997400"/>
   <trkpt lat="46.4723760" lon="6.7997150"/>
   <trkpt lat="46.4723890" lon="6.7996800"/>
   <trkpt lat="46.4724040" lon="6.7996450"/>
   <trkpt lat="46.4724140" lon="6.7996150"/>
   <trkpt lat="46.4724330" lon="6.7995780"/>
   <trkpt lat="46.4724420" lon="6.7995510"/>
   <trkpt lat="46.4724560" lon="6.7995130"/>
   <trkpt lat="46.4724700" lon="6.7994810"/>
   <trkpt lat="46.4724780" lon="6.7994500"/>
   <trkpt lat="46.4724930" lon="6.7994130"/>
   <trkpt lat="46.4725010" lon="6.7993880"/>
   <trkpt lat="46.4725160" lon="6.7993460"/>
   <trkpt lat="46.4725240" lon="6.7993160"/>
   <trkpt lat="46.4725340" lon="6.7992780"/>
   <trkpt lat="46.4725430" lon="6.7992410"/>
   <trkpt lat="46.4725500" lon="6.7992060"/>
   <trkpt lat="46.4725640" lon="6.7991640"/>
   <trkpt lat="46.4725700" lon="6.7991320"/>
   <trkpt lat="46.4725800" lon="6.7990890"/>
   <trkpt lat="46.4725910" lon="6.7990540"/>
   <trkpt lat="46.4725980" lon="6.7990190"/>
   <trkpt lat="46.4726110" lon="6.7989810"/>
   <trkpt lat="46.4726130" lon="6.7989540"/>
   <trkpt lat="46.4726230" lon="6.7989130"/>
   <trkpt lat="46.4726280" lon="6.7988810"/>
   <trkpt lat="46.4726340" lon="6.7988460"/>
   <trkpt lat="46.4726440" lon="6.7988070"/>
   <trkpt lat="46.4726490" lon="6.7987730"/>
   <trkpt lat="46.4726560" lon="6.7987340"/>
   <trkpt lat="46.4726560" lon="6.7987060"/>
   <trkpt lat="46.4726650" lon="6.7986600"/>
   <trkpt lat="46.4726670" lon="6.7986260"/>
   <trkpt lat="46.4726730" lon="6.7985850"/>
   <trkpt lat="46.4726810" lon="6.7985470"/>
   <trkpt lat="46.4726810" lon="6.7985120"/>
   <trkpt lat="46.4726880" lon="6.7984690"/>
   <trkpt lat="46.4726850" lon="6.7984360"/>
   <trkpt lat="46.4726850" lon="6.7983850"/>
   <trkpt lat="46.4726850" lon="6.7983560"/>
   <trkpt lat="46.4726810" lon="6.7983150"/>
   <trkpt lat="46.4726740" lon="6.7982760"/>
   <trkpt lat="46.4726650" lon="6.7982350"/>
   <trkpt lat="46.4726640" lon="6.7981920"/>
   <trkpt lat="46.4726600" lon="6.7981640"/>
   <trkpt lat="46.4726580" lon="6.7981170"/>
   <trkpt lat="46.4726530" lon="6.7980790"/>
   <trkpt lat="46.4726690" lon="6.7980340"/>
   <trkpt lat="46.4726710" lon="6.7980000"/>
   <trkpt lat="46.4726740" lon="6.7979580"/>
   <trkpt lat="46.4726810" lon="6.7979190"/>
   <trkpt lat="46.4726810" lon="6.7978870"/>
   <trkpt lat="46.4726890" lon="6.7978490"/>
   <trkpt lat="46.4726900" lon="6.7978200"/>
   <trkpt lat="46.4726900" lon="6.7977740"/>
   <trkpt lat="46.4726900" lon="6.7977350"/>
   <trkpt lat="46.4726900" lon="6.7976960"/>
   <trkpt lat="46.4726920" lon="6.7976550"/>
   <trkpt lat="46.4726920" lon="6.7976240"/>
   <trkpt lat="46.4726970" lon="6.7975800"/>
   <trkpt lat="46.4726960" lon="6.7975470"/>
   <trkpt lat="46.4726960" lon="6.7975050"/>
   <trkpt lat="46.4726940" lon="6.7974700"/>
   <trkpt lat="46.4726930" lon="6.7974310"/>
   <trkpt lat="46.4726970" lon="6.7973840"/>
   <trkpt lat="46.4726940" lon="6.7973490"/>
   <trkpt lat="46.4726960" lon="6.7973050"/>
   <trkpt lat="46.4726950" lon="6.7972720"/>
   <trkpt lat="46.4726960" lon="6.7972320"/>
   <trkpt lat="46.4727000" lon="6.7971950"/>
   <trkpt lat="46.4727010" lon="6.7971590"/>
   <trkpt lat="46.4727000" lon="6.7971150"/>
   <trkpt lat="46.4726970" lon="6.7970880"/>
   <trkpt lat="46.4727020" lon="6.7970440"/>
   <trkpt lat="46.4727070" lon="6.7970110"/>
   <trkpt lat="46.4727090" lon="6.7969690"/>
   <trkpt lat="46.4727160" lon="6.7969280"/>
   <trkpt lat="46.4727160" lon="6.7968920"/>
   <trkpt lat="46.4727220" lon="6.7968480"/>
   <trkpt lat="46.4727200" lon="6.7968120"/>
   <trkpt lat="46.4727200" lon="6.7967750"/>
   <trkpt lat="46.4727240" lon="6.7967370"/>
   <trkpt lat="46.4727240" lon="6.7967010"/>
   <trkpt lat="46.4727270" lon="6.7966590"/>
   <trkpt lat="46.4727220" lon="6.7966270"/>
   <trkpt lat="46.4727260" lon="6.7965850"/>
   <trkpt lat="46.4727280" lon="6.7965530"/>
   <trkpt lat="46.4727260" lon="6.7965150"/>
   <trkpt lat="46.4727310" lon="6.7964780"/>
   <trkpt lat="46.4727300" lon="6.7964440"/>
   <trkpt lat="46.4727360" lon="6.7964010"/>
   <trkpt lat="46.4727390" lon="6.7963700"/>
   <trkpt lat="46.4727410" lon="6.7963260"/>
   <trkpt lat="46.4727460" lon="6.7962880"/>
   <trkpt lat="46.4727440" lon="6.7962500"/>
   <trkpt lat="46.4727490" lon="6.7962090"/>
   <trkpt lat="46.4727470" lon="6.7961780"/>
   <trkpt lat="46.4727560" lon="6.7961420"/>
   <trkpt lat="46.4727630" lon="6.7961080"/>
   <trkpt lat="46.4727690" lon="6.7960730"/>
   <trkpt lat="46.4727790" lon="6.7960380"/>
   <trkpt lat="46.4727800" lon="6.7960030"/>
   <trkpt lat="46.4727910" lon="6.7959580"/>
   <trkpt lat="46.4727900" lon="6.7959280"/>
   <trkpt lat="46.4727980" lon="6.7958860"/>
   <trkpt lat="46.4728030" lon="6.7958520"/>
   <trkpt lat="46.4728120" lon="6.7958150"/>
   <trkpt lat="46.4728230" lon="6.7957820"/>
   <trkpt lat="46.4728280" lon="6.7957510"/>
   <trkpt lat="46.4728420" lon="6.7957080"/>
   <trkpt lat="46.4728440" lon="6.7956790"/>
   <trkpt lat="46.4728540" lon="6.7956320"/>
   <trkpt lat="46.4728610" lon="6.7955960"/>
   <trkpt lat="46.4728710" lon="6.7955580"/>
   <trkpt lat="46.4728860" lon="6.7955230"/>
   <trkpt lat="46.4728950" lon="6.7954890"/>
   <trkpt lat="46.4729110" lon="6.7954490"/>
   <trkpt lat="46.4729160" lon="6.7954230"/>
   <trkpt lat="46.4729300" lon="6.7953790"/>
   <trkpt lat="46.4729460" lon="6.7953480"/>
   <trkpt lat="46.4729590" lon="6.7953130"/>
   <trkpt lat="46.4729790" lon="6.7952790"/>
   <trkpt lat="46.4729870" lon="6.7952490"/>
   <trkpt lat="46.4730050" lon="6.7952110"/>
   <trkpt lat="46.4730170" lon="6.7951890"/>
   <trkpt lat="46.4730330" lon="6.7951540"/>
   <trkpt lat="46.4730490" lon="6.7951280"/>
   <trkpt lat="46.4730640" lon="6.7951010"/>
   <trkpt lat="46.4730850" lon="6.7950660"/>
   <trkpt lat="46.4730940" lon="6.7950390"/>
   <trkpt lat="46.4731100" lon="6.7949980"/>
   <trkpt lat="46.4731230" lon="6.7949680"/>
   <trkpt lat="46.4731390" lon="6.7949300"/>
   <trkpt lat="46.4731580" lon="6.7949000"/>
   <trkpt lat="46.4731680" lon="6.7948670"/>
   <trkpt lat="46.4731890" lon="6.7948300"/>
   <trkpt lat="46.4731980" lon="6.7948010"/>
   <trkpt lat="46.4732130" lon="6.7947620"/>
   <trkpt lat="46.4732270" lon="6.7947320"/>
   <trkpt lat="46.4732430" lon="6.7946960"/>
   <trkpt lat="46.4732630" lon="6.7946660"/>
   <trkpt lat="46.4732720" lon="6.7946350"/>
   <trkpt lat="46.4732920" lon="6.7945990"/>
   <trkpt lat="46.4733010" lon="6.7945690"/>
   <trkpt lat="46.4733140" lon="6.7945290"/>
   <trkpt lat="46.4733210" lon="6.7944940"/>
   <trkpt lat="46.4733370" lon="6.7944580"/>
   <trkpt lat="46.4733570" lon="6.7944280"/>
   <trkpt lat="46.4733670" lon="6.7943970"/>
   <trkpt lat="46.4733840" lon="6.7943610"/>
   <trkpt lat="46.4733920" lon="6.7943350"/>
   <trkpt lat="46.4734090" lon="6.7942930"/>
   <trkpt lat="46.4734220" lon="6.7942580"/>
   <trkpt lat="46.4734370" lon="6.7942210"/>
   <trkpt lat="46.4734570" lon="6.7941870"/>
   <trkpt lat="46.4734700" lon="6.7941580"/>
   <trkpt lat="46.4734950" lon="6.7941290"/>
   <trkpt lat="46.4735060" lon="6.7941010"/>
   <trkpt lat="46.4735240" lon="6.7940620"/>
   <trkpt lat="46.4735370" lon="6.7940300"/>
   <trkpt lat="46.4735500" lon="6.7939920"/>
   <trkpt lat="46.4735630" lon="6.7939610"/>
   <trkpt lat="46.4735740" lon="6.7939320"/>
   <trkpt lat="46.4735910" lon="6.7938980"/>
   <trkpt lat="46.4735960" lon="6.7938690"/>
   <trkpt lat="46.4736130" lon="6.7938280"/>
   <trkpt lat="46.4736180" lon="6.7938000"/>
   <trkpt lat="46.4736290" lon="6.7937630"/>
   <trkpt lat="46.4736400" lon="6.7937290"/>
   <trkpt lat="46.4736460" lon="6.7936950"/>
   <trkpt lat="46.4736590" lon="6.7936590"/>
   <trkpt lat="46.4736670" lon="6.7936270"/>
   <trkpt lat="46.4736820" lon="6.7935860"/>
   <trkpt lat="46.4736860" lon="6.7935550"/>
   <trkpt lat="46.4736950" lon="6.7935130"/>
   <trkpt lat="46.4737070" lon="6.7934800"/>
   <trkpt lat="46.4737150" lon="6.7934420"/>
   <trkpt lat="46.4737270" lon="6.7934010"/>
   <trkpt lat="46.4737280" lon="6.7933710"/>
   <trkpt lat="46.4737420" lon="6.7933300"/>
   <trkpt lat="46.4737500" lon="6.7932970"/>
   <trkpt lat="46.4737570" lon="6.7932560"/>
   <trkpt lat="46.4737670" lon="6.7932210"/>
   <trkpt lat="46.4737720" lon="6.7931880"/>
   <trkpt lat="46.4737820" lon="6.7931490"/>
   <trkpt lat="46.4737800" lon="6.7931200"/>
   <trkpt lat="46.4737900" lon="6.7930790"/>
   <trkpt lat="46.4737990" lon="6.7930500"/>
   <trkpt lat="46.4738060" lon="6.7930120"/>
   <trkpt lat="46.4738170" lon="6.7929710"/>
   <trkpt lat="46.4738200" lon="6.7929350"/>
   <trkpt lat="46.4738290" lon="6.7928900"/>
   <trkpt lat="46.4738310" lon="6.7928550"/>
   <trkpt lat="46.4738370" lon="6.7928140"/>
   <trkpt lat="46.4738450" lon="6.7927790"/>
   <trkpt lat="46.4738500" lon="6.7927470"/>
   <trkpt lat="46.4738590" lon="6.7927090"/>
   <trkpt lat="46.4738570" lon="6.7926770"/>
   <trkpt lat="46.4738650" lon="6.7926380"/>
   <trkpt lat="46.4738710" lon="6.7926040"/>
   <trkpt lat="46.4738740" lon="6.7925640"/>
   <trkpt lat="46.4738840" lon="6.7925270"/>
   <trkpt lat="46.4738900" lon="6.7924920"/>
   <trkpt lat="46.4739000" lon="6.7924490"/>
   <trkpt lat="46.4739100" lon="6.7924220"/>
   <trkpt lat="46.4739240" lon="6.7923810"/>
   <trkpt lat="46.4739350" lon="6.7923510"/>
   <trkpt lat="46.4739370" lon="6.7923140"/>
   <trkpt lat="46.4739460" lon="6.7922760"/>
   <trkpt lat="46.4739470" lon="6.7922410"/>
   <trkpt lat="46.4739550" lon="6.7921950"/>
   <trkpt lat="46.4739580" lon="6.7921640"/>
   <trkpt lat="46.4739660" lon="6.7921230"/>
   <trkpt lat="46.4739760" lon="6.7920890"/>
   <trkpt lat="46.4739800" lon="6.7920530"/>
   <trkpt lat="46.4739870" lon="6.7920120"/>
   <trkpt lat="46.4739930" lon="6.7919840"/>
   <trkpt lat="46.4740040" lon="6.7919400"/>
   <trkpt lat="46.4740090" lon="6.7919070"/>
   <trkpt lat="46.4740150" lon="6.7918680"/>
   <trkpt lat="46.4740240" lon="6.7918300"/>
   <trkpt lat="46.4740260" lon="6.7917930"/>
   <trkpt lat="46.4740350" lon="6.7917520"/>
   <trkpt lat="46.4740380" lon="6.7917240"/>
   <trkpt lat="46.4740480" lon="6.7916800"/>
   <trkpt lat="46.4740530" lon="6.7916480"/>
   <trkpt lat="46.4740580" lon="6.7916100"/>
   <trkpt lat="46.4740680" lon="6.7915730"/>
   <trkpt lat="46.4740700" lon="6.7915410"/>
   <trkpt lat="46.4740800" lon="6.7914990"/>
   <trkpt lat="46.4740900" lon="6.7914730"/>
   <trkpt lat="46.4740940" lon="6.7914380"/>
   <trkpt lat="46.4741030" lon="6.7914070"/>
   <trkpt lat="46.4741080" lon="6.7913770"/>
   <trkpt lat="46.4741180" lon="6.7913370"/>
   <trkpt lat="46.4741240" lon="6.7913110"/>
   <trkpt lat="46.4741310" lon="6.7912700"/>
   <trkpt lat="46.4741420" lon="6.7912350"/>
   <trkpt lat="46.4741490" lon="6.7912000"/>
   <trkpt lat="46.4741600" lon="6.7911600"/>
   <trkpt lat="46.4741650" lon="6.7911260"/>
   <trkpt lat="46.4741770" lon="6.7910850"/>
   <trkpt lat="46.4741840" lon="6.7910580"/>
   <trkpt lat="46.4741930" lon="6.7910220"/>
   <trkpt lat="46.4742030" lon="6.7909880"/>
   <trkpt lat="46.4742090" lon="6.7909490"/>
   <trkpt lat="46.4742190" lon="6.7909060"/>
   <trkpt lat="46.4742270" lon="6.7908750"/>
   <trkpt lat="46.4742430" lon="6.7908340"/>
   <trkpt lat="46.4742520" lon="6.7908040"/>
   <trkpt lat="46.4742630" lon="6.7907630"/>
   <trkpt lat="46.4742750" lon="6.7907240"/>
   <trkpt lat="46.4742790" lon="6.7906890"/>
   <trkpt lat="46.4742920" lon="6.7906450"/>
   <trkpt lat="46.4743010" lon="6.7906150"/>
   <trkpt lat="46.4743150" lon="6.7905720"/>
   <trkpt lat="46.4743280" lon="6.7905420"/>
   <trkpt lat="46.4743340" lon="6.7905040"/>
   <trkpt lat="46.4743450" lon="6.7904650"/>
   <trkpt lat="46.4743510" lon="6.7904370"/>
   <trkpt lat="46.4743650" lon="6.7903950"/>
   <trkpt lat="46.4743740" lon="6.7903690"/>
   <trkpt lat="46.4743860" lon="6.7903290"/>
   <trkpt lat="46.4744000" lon="6.7902910"/>
   <trkpt lat="46.4744050" lon="6.7902530"/>
   <trkpt lat="46.4744180" lon="6.7902170"/>
   <trkpt lat="46.4744250" lon="6.7901920"/>
   <trkpt lat="46.4744400" lon="6.7901510"/>
   <trkpt lat="46.4744480" lon="6.7901240"/>
   <trkpt lat="46.4744600" lon="6.7900860"/>
   <trkpt lat="46.4744690" lon="6.7900490"/>
   <trkpt lat="46.4744750" lon="6.7900160"/>
   <trkpt lat="46.4744890" lon="6.7899730"/>
   <trkpt lat="46.4744980" lon="6.7899380"/>
   <trkpt lat="46.4745110" lon="6.7898970"/>
   <trkpt lat="46.4745170" lon="6.7898630"/>
   <trkpt lat="46.4745210" lon="6.7898200"/>
   <trkpt lat="46.4745270" lon="6.7897790"/>
   <trkpt lat="46.4745300" lon="6.7897460"/>
   <trkpt lat="46.4745390" lon="6.7897040"/>
   <trkpt lat="46.4745440" lon="6.7896790"/>
   <trkpt lat="46.4745550" lon="6.7896390"/>
   <trkpt lat="46.4745650" lon="6.7896050"/>
   <trkpt lat="46.4745700" lon="6.7895710"/>
   <trkpt lat="46.4745800" lon="6.7895350"/>
   <trkpt lat="46.4745840" lon="6.7895010"/>
   <trkpt lat="46.4745930" lon="6.7894560"/>
   <trkpt lat="46.4746000" lon="6.7894270"/>
   <trkpt lat="46.4746090" lon="6.7893830"/>
   <trkpt lat="46.4746170" lon="6.7893460"/>
   <trkpt lat="46.4746190" lon="6.7893080"/>
   <trkpt lat="46.4746230" lon="6.7892710"/>
   <trkpt lat="46.4746200" lon="6.7892400"/>
   <trkpt lat="46.4746290" lon="6.7891980"/>
   <trkpt lat="46.4746340" lon="6.7891660"/>
   <trkpt lat="46.4746390" lon="6.7891240"/>
   <trkpt lat="46.4746450" lon="6.7890850"/>
   <trkpt lat="46.4746440" lon="6.7890500"/>
   <trkpt lat="46.4746480" lon="6.7890090"/>
   <trkpt lat="46.4746490" lon="6.7889820"/>
   <trkpt lat="46.4746530" lon="6.7889420"/>
   <trkpt lat="46.4746580" lon="6.7889070"/>
   <trkpt lat="46.4746630" lon="6.7888670"/>
   <trkpt lat="46.4746640" lon="6.7888240"/>
   <trkpt lat="46.4746590" lon="6.7887870"/>
   <trkpt lat="46.4746640" lon="6.7887410"/>
   <trkpt lat="46.4746640" lon="6.7887120"/>
   <trkpt lat="46.4746630" lon="6.7886710"/>
   <trkpt lat="46.4746630" lon="6.7886290"/>
   <trkpt lat="46.4746630" lon="6.7885880"/>
   <trkpt lat="46.4746650" lon="6.7885480"/>
   <trkpt lat="46.4746590" lon="6.7885160"/>
   <trkpt lat="46.4746600" lon="6.7884730"/>
   <trkpt lat="46.4746620" lon="6.7884390"/>
   <trkpt lat="46.4746600" lon="6.7883980"/>
   <trkpt lat="46.4746600" lon="6.7883620"/>
   <trkpt lat="46.4746570" lon="6.7883250"/>
   <trkpt lat="46.4746550" lon="6.7882840"/>
   <trkpt lat="46.4746520" lon="6.7882560"/>
   <trkpt lat="46.4746510" lon="6.7882090"/>
   <trkpt lat="46.4746490" lon="6.7881800"/>
   <trkpt lat="46.4746490" lon="6.7881380"/>
   <trkpt lat="46.4746490" lon="6.7881010"/>
   <trkpt lat="46.4746440" lon="6.7880620"/>
   <trkpt lat="46.4746410" lon="6.7880190"/>
   <trkpt lat="46.4746360" lon="6.7879840"/>
   <trkpt lat="46.4746340" lon="6.7879400"/>
   <trkpt lat="46.4746360" lon="6.7879010"/>
   <trkpt lat="46.4746340" lon="6.7878610"/>
   <trkpt lat="46.4746340" lon="6.7878230"/>
   <trkpt lat="46.4746270" lon="6.7877900"/>
   <trkpt lat="46.4746270" lon="6.7877490"/>
   <trkpt lat="46.4746220" lon="6.7877180"/>
   <trkpt lat="46.4746180" lon="6.7876750"/>
   <trkpt lat="46.4746200" lon="6.7876400"/>
   <trkpt lat="46.4746160" lon="6.7876020"/>
   <trkpt lat="46.4746130" lon="6.7875600"/>
   <trkpt lat="46.4746060" lon="6.7875280"/>
   <trkpt lat="46.4746060" lon="6.7874830"/>
   <trkpt lat="46.4746060" lon="6.7874540"/>
   <trkpt lat="46.4746010" lon="6.7874150"/>
   <trkpt lat="46.4746020" lon="6.7873800"/>
   <trkpt lat="46.4745940" lon="6.7873440"/>
   <trkpt lat="46.4745910" lon="6.7873060"/>
   <trkpt lat="46.4745880" lon="6.7872740"/>
   <trkpt lat="46.4745870" lon="6.7872350"/>
   <trkpt lat="46.4745850" lon="6.7872000"/>
   <trkpt lat="46.4745780" lon="6.7871600"/>
   <trkpt lat="46.4745760" lon="6.7871220"/>
   <trkpt lat="46.4745670" lon="6.7870880"/>
   <trkpt lat="46.4745640" lon="6.7870460"/>
   <trkpt lat="46.4745640" lon="6.7870070"/>
   <trkpt lat="46.4745570" lon="6.7869670"/>
   <trkpt lat="46.4745530" lon="6.7869300"/>
   <trkpt lat="46.4745430" lon="6.7868920"/>
   <trkpt lat="46.4745410" lon="6.7868490"/>
   <trkpt lat="46.4745380" lon="6.7868180"/>
   <trkpt lat="46.4745340" lon="6.7867690"/>
   <trkpt lat="46.4745280" lon="6.7867300"/>
   <trkpt lat="46.4745240" lon="6.7866850"/>
   <trkpt lat="46.4745200" lon="6.7866430"/>
   <trkpt lat="46.4745080" lon="6.7866130"/>
   <trkpt lat="46.4745030" lon="6.7865670"/>
   <trkpt lat="46.4744920" lon="6.7865350"/>
   <trkpt lat="46.4744830" lon="6.7864950"/>
   <trkpt lat="46.4744810" lon="6.7864590"/>
   <trkpt lat="46.4744760" lon="6.7864220"/>
   <trkpt lat="46.4744750" lon="6.7863800"/>
   <trkpt lat="46.4744720" lon="6.7863480"/>
   <trkpt lat="46.4744680" lon="6.7863020"/>
   <trkpt lat="46.4744610" lon="6.7862650"/>
   <trkpt lat="46.4744560" lon="6.7862210"/>
   <trkpt lat="46.4744520" lon="6.7861840"/>
   <trkpt lat="46.4744440" lon="6.7861470"/>
   <trkpt lat="46.4744410" lon="6.7861050"/>
   <trkpt lat="46.4744360" lon="6.7860750"/>
   <trkpt lat="46.4744380" lon="6.7860290"/>
   <trkpt lat="46.4744370" lon="6.7859940"/>
   <trkpt lat="46.4744350" lon="6.7859550"/>
   <trkpt lat="46.4744380" lon="6.7859130"/>
   <trkpt lat="46.4744380" lon="6.7858770"/>
   <trkpt lat="46.4744460" lon="6.7858280"/>
   <trkpt lat="46.4744490" lon="6.7857890"/>
   <trkpt lat="46.4744540" lon="6.7857450"/>
   <trkpt lat="46.4744590" lon="6.7857040"/>
   <trkpt lat="46.4744600" lon="6.7856660"/>
   <trkpt lat="46.4744680" lon="6.7856250"/>
   <trkpt lat="46.4744670" lon="6.7855910"/>
   <trkpt lat="46.4744720" lon="6.7855480"/>
   <trkpt lat="46.4744770" lon="6.7855120"/>
   <trkpt lat="46.4744780" lon="6.7854710"/>
   <trkpt lat="46.4744810" lon="6.7854320"/>
   <trkpt lat="46.4744710" lon="6.7853970"/>
   <trkpt lat="46.4744690" lon="6.7853540"/>
   <trkpt lat="46.4744660" lon="6.7853230"/>
   <trkpt lat="46.4744620" lon="6.7852800"/>
   <trkpt lat="46.4744600" lon="6.7852460"/>
   <trkpt lat="46.4744510" lon="6.7852100"/>
   <trkpt lat="46.4744510" lon="6.7851720"/>
   <trkpt lat="46.4744420" lon="6.7851400"/>
   <trkpt lat="46.4744360" lon="6.7850980"/>
   <trkpt lat="46.4744340" lon="6.7850670"/>
   <trkpt lat="46.4744280" lon="6.7850260"/>
   <trkpt lat="46.4744220" lon="6.7849940"/>
   <trkpt lat="46.4744100" lon="6.7849660"/>
   <trkpt lat="46.4744060" lon="6.7849270"/>
   <trkpt lat="46.4743980" lon="6.7849000"/>
   <trkpt lat="46.4743920" lon="6.7848610"/>
   <trkpt lat="46.4743900" lon="6.7848270"/>
   <trkpt lat="46.4743780" lon="6.7847890"/>
   <trkpt lat="46.4743680" lon="6.7847490"/>
   <trkpt lat="46.4743600" lon="6.7847210"/>
   <trkpt lat="46.4743500" lon="6.7846790"/>
   <trkpt lat="46.4743500" lon="6.7846480"/>
   <trkpt lat="46.4743390" lon="6.7846090"/>
   <trkpt lat="46.4743300" lon="6.7845750"/>
   <trkpt lat="46.4743170" lon="6.7845460"/>
   <trkpt lat="46.4743080" lon="6.7845070"/>
   <trkpt lat="46.4743060" lon="6.7844750"/>
   <trkpt lat="46.4742970" lon="6.7844360"/>
   <trkpt lat="46.4742910" lon="6.7843980"/>
   <trkpt lat="46.4742800" lon="6.7843680"/>
   <trkpt lat="46.4742740" lon="6.7843280"/>
   <trkpt lat="46.4742670" lon="6.7843010"/>
   <trkpt lat="46.4742590" lon="6.7842630"/>
   <trkpt lat="46.4742530" lon="6.7842300"/>
   <trkpt lat="46.4742430" lon="6.7842010"/>
   <trkpt lat="46.4742350" lon="6.7841630"/>
   <trkpt lat="46.4742250" lon="6.7841370"/>
   <trkpt lat="46.4742190" lon="6.7840970"/>
   <trkpt lat="46.4742160" lon="6.7840680"/>
   <trkpt lat="46.4742070" lon="6.7840330"/>
   <trkpt lat="46.4741980" lon="6.7840000"/>
   <trkpt lat="46.4741890" lon="6.7839760"/>
   <trkpt lat="46.4741850" lon="6.7839350"/>
   <trkpt lat="46.4741820" lon="6.7839020"/>
   <trkpt lat="46.4741730" lon="6.7838680"/>
   <trkpt lat="46.4741670" lon="6.7838310"/>
   <trkpt lat="46.4741590" lon="6.7838010"/>
   <trkpt lat="46.4741510" lon="6.7837610"/>
   <trkpt lat="46.4741440" lon="6.7837270"/>
   <trkpt lat="46.4741350" lon="6.7836930"/>
   <trkpt lat="46.4741290" lon="6.7836570"/>
   <trkpt lat="46.4741200" lon="6.7836280"/>
   <trkpt lat="46.4741130" lon="6.7835880"/>
   <trkpt lat="46.4741060" lon="6.7835590"/>
   <trkpt lat="46.4740950" lon="6.7835200"/>
   <trkpt lat="46.4740890" lon="6.7834830"/>
   <trkpt lat="46.4740820" lon="6.7834520"/>
   <trkpt lat="46.4740760" lon="6.7834150"/>
   <trkpt lat="46.4740680" lon="6.7833860"/>
   <trkpt lat="46.4740630" lon="6.7833490"/>
   <trkpt lat="46.4740630" lon="6.7833160"/>
   <trkpt lat="46.4740560" lon="6.7832830"/>
   <trkpt lat="46.4740560" lon="6.7832430"/>
   <trkpt lat="46.4740510" lon="6.7832160"/>
   <trkpt lat="46.4740490" lon="6.7831740"/>
   <trkpt lat="46.4740460" lon="6.7831370"/>
   <trkpt lat="46.4740430" lon="6.7831000"/>
   <trkpt lat="46.4740420" lon="6.7830600"/>
   <trkpt lat="46.4740350" lon="6.7830310"/>
   <trkpt lat="46.4740400" lon="6.7829870"/>
   <trkpt lat="46.4740450" lon="6.7829520"/>
   <trkpt lat="46.4740470" lon="6.7829150"/>
   <trkpt lat="46.4740510" lon="6.7828790"/>
   <trkpt lat="46.4740540" lon="6.7828490"/>
   <trkpt lat="46.4740620" lon="6.7828080"/>
   <trkpt lat="46.4740600" lon="6.7827790"/>
   <trkpt lat="46.4740660" lon="6.7827340"/>
   <trkpt lat="46.4740740" lon="6.7827030"/>
   <trkpt lat="46.4740780" lon="6.7826660"/>
   <trkpt lat="46.4740850" lon="6.7826290"/>
   <trkpt lat="46.4740870" lon="6.7825990"/>
   <trkpt lat="46.4740930" lon="6.7825560"/>
   <trkpt lat="46.4740960" lon="6.7825220"/>
   <trkpt lat="46.4741110" lon="6.7824810"/>
   <trkpt lat="46.4741220" lon="6.7824440"/>
   <trkpt lat="46.4741270" lon="6.7824140"/>
   <trkpt lat="46.4741370" lon="6.7823780"/>
   <trkpt lat="46.4741430" lon="6.7823490"/>
   <trkpt lat="46.4741610" lon="6.7823090"/>
   <trkpt lat="46.4741720" lon="6.7822800"/>
   <trkpt lat="46.4741800" lon="6.7822410"/>
   <trkpt lat="46.4741900" lon="6.7822040"/>
   <trkpt lat="46.4741910" lon="6.7821740"/>
   <trkpt lat="46.4742050" lon="6.7821310"/>
   <trkpt lat="46.4742150" lon="6.7821010"/>
   <trkpt lat="46.4742250" lon="6.7820590"/>
   <trkpt lat="46.4742350" lon="6.7820240"/>
   <trkpt lat="46.4742410" lon="6.7819920"/>
   <trkpt lat="46.4742530" lon="6.7819560"/>
   <trkpt lat="46.4742570" lon="6.7819290"/>
   <trkpt lat="46.4742690" lon="6.7818950"/>
   <trkpt lat="46.4742760" lon="6.7818690"/>
   <trkpt lat="46.4742830" lon="6.7818340"/>
   <trkpt lat="46.4742930" lon="6.7817960"/>
   <trkpt lat="46.4742980" lon="6.7817640"/>
   <trkpt lat="46.4743060" lon="6.7817230"/>
   <trkpt lat="46.4743100" lon="6.7816910"/>
   <trkpt lat="46.4743150" lon="6.7816500"/>
   <trkpt lat="46.4743230" lon="6.7816190"/>
   <trkpt lat="46.4743220" lon="6.7815840"/>
   <trkpt lat="46.4743230" lon="6.7815460"/>
   <trkpt lat="46.4743220" lon="6.7815220"/>
   <trkpt lat="46.4743250" lon="6.7815070"/>
   <trkpt lat="46.4743280" lon="6.7814880"/>
   <trkpt lat="46.4743290" lon="6.7814720"/>
   <trkpt lat="46.4743260" lon="6.7814550"/>
   <trkpt lat="46.4743240" lon="6.7814340"/>
   <trkpt lat="46.4743260" lon="6.7814160"/>
   <trkpt lat="46.4743270" lon="6.7813930"/>
   <trkpt lat="46.4743270" lon="6.7813660"/>
   <trkpt lat="46.4743240" lon="6.7813340"/>
   <trkpt lat="46.4743230" lon="6.7813070"/>
   <trkpt lat="46.4743210" lon="6.7812600"/>
   <trkpt lat="46.4743220" lon="6.7812300"/>
   <trkpt lat="46.4743230" lon="6.7811880"/>
   <trkpt lat="46.4743230" lon="6.7811520"/>
   <trkpt lat="46.4743180" lon="6.7811140"/>
   <trkpt lat="46.4743150" lon="6.7810780"/>
   <trkpt lat="46.4743060" lon="6.7810510"/>
   <trkpt lat="46.4742890" lon="6.7810270"/>
   <trkpt lat="46.4742810" lon="6.7810070"/>
   <trkpt lat="46.4742720" lon="6.7809620"/>
   <trkpt lat="46.4742660" lon="6.7809270"/>
   <trkpt lat="46.4742590" lon="6.7808880"/>
   <trkpt lat="46.4742670" lon="6.7808560"/>
   <trkpt lat="46.4742710" lon="6.7808170"/>
   <trkpt lat="46.4742680" lon="6.7807750"/>
   <trkpt lat="46.4742650" lon="6.7807450"/>
   <trkpt lat="46.4742570" lon="6.7807030"/>
   <trkpt lat="46.4742490" lon="6.7806750"/>
   <trkpt lat="46.4742400" lon="6.7806360"/>
   <trkpt lat="46.4742370" lon="6.7806010"/>
   <trkpt lat="46.4742260" lon="6.7805660"/>
   <trkpt lat="46.4742200" lon="6.7805240"/>
   <trkpt lat="46.4742140" lon="6.7804950"/>
   <trkpt lat="46.4742130" lon="6.7804550"/>
   <trkpt lat="46.4742050" lon="6.7804280"/>
   <trkpt lat="46.4741980" lon="6.7803870"/>
   <trkpt lat="46.4741980" lon="6.7803520"/>
   <trkpt lat="46.4741930" lon="6.7803120"/>
   <trkpt lat="46.4741920" lon="6.7802670"/>
   <trkpt lat="46.4741880" lon="6.7802320"/>
   <trkpt lat="46.4741870" lon="6.7801850"/>
   <trkpt lat="46.4741860" lon="6.7801510"/>
   <trkpt lat="46.4741900" lon="6.7801070"/>
   <trkpt lat="46.4741930" lon="6.7800690"/>
   <trkpt lat="46.4741930" lon="6.7800270"/>
   <trkpt lat="46.4741960" lon="6.7799860"/>
   <trkpt lat="46.4742030" lon="6.7799560"/>
   <trkpt lat="46.4742140" lon="6.7799150"/>
   <trkpt lat="46.4742180" lon="6.7798820"/>
   <trkpt lat="46.4742240" lon="6.7798460"/>
   <trkpt lat="46.4742320" lon="6.7798110"/>
   <trkpt lat="46.4742350" lon="6.7797770"/>
   <trkpt lat="46.4742430" lon="6.7797370"/>
   <trkpt lat="46.4742480" lon="6.7797020"/>
   <trkpt lat="46.4742590" lon="6.7796540"/>
   <trkpt lat="46.4742620" lon="6.7796270"/>
   <trkpt lat="46.4742730" lon="6.7795880"/>
   <trkpt lat="46.4742830" lon="6.7795550"/>
   <trkpt lat="46.4742950" lon="6.7795250"/>
   <trkpt lat="46.4743100" lon="6.7794930"/>
   <trkpt lat="46.4743200" lon="6.7794650"/>
   <trkpt lat="46.4743350" lon="6.7794250"/>
   <trkpt lat="46.4743470" lon="6.7793980"/>
   <trkpt lat="46.4743630" lon="6.7793610"/>
   <trkpt lat="46.4743830" lon="6.7793300"/>
   <trkpt lat="46.4743980" lon="6.7792980"/>
   <trkpt lat="46.4744180" lon="6.7792640"/>
   <trkpt lat="46.4744270" lon="6.7792300"/>
   <trkpt lat="46.4744440" lon="6.7791830"/>
   <trkpt lat="46.4744500" lon="6.7791520"/>
   <trkpt lat="46.4744610" lon="6.7791110"/>
   <trkpt lat="46.4744770" lon="6.7790770"/>
   <trkpt lat="46.4744840" lon="6.7790400"/>
   <trkpt lat="46.4744980" lon="6.7790010"/>
   <trkpt lat="46.4745070" lon="6.7789730"/>
   <trkpt lat="46.4745220" lon="6.7789330"/>
   <trkpt lat="46.4745310" lon="6.7789040"/>
   <trkpt lat="46.4745430" lon="6.7788680"/>
   <trkpt lat="46.4745550" lon="6.7788360"/>
   <trkpt lat="46.4745650" lon="6.7788000"/>
   <trkpt lat="46.4745810" lon="6.7787580"/>
   <trkpt lat="46.4745860" lon="6.7787270"/>
   <trkpt lat="46.4746020" lon="6.7786860"/>
   <trkpt lat="46.4746130" lon="6.7786530"/>
   <trkpt lat="46.4746210" lon="6.7786170"/>
   <trkpt lat="46.4746310" lon="6.7785820"/>
   <trkpt lat="46.4746390" lon="6.7785520"/>
   <trkpt lat="46.4746540" lon="6.7785070"/>
   <trkpt lat="46.4746570" lon="6.7784770"/>
   <trkpt lat="46.4746670" lon="6.7784330"/>
   <trkpt lat="46.4746760" lon="6.7783980"/>
   <trkpt lat="46.4746820" lon="6.7783610"/>
   <trkpt lat="46.4746930" lon="6.7783220"/>
   <trkpt lat="46.4747010" lon="6.7782920"/>
   <trkpt lat="46.4747120" lon="6.7782480"/>
   <trkpt lat="46.4747160" lon="6.7782130"/>
   <trkpt lat="46.4747270" lon="6.7781730"/>
   <trkpt lat="46.4747310" lon="6.7781440"/>
   <trkpt lat="46.4747320" lon="6.7781040"/>
   <trkpt lat="46.4747410" lon="6.7780660"/>
   <trkpt lat="46.4747430" lon="6.7780320"/>
   <trkpt lat="46.4747480" lon="6.7779830"/>
   <trkpt lat="46.4747470" lon="6.7779510"/>
   <trkpt lat="46.4747490" lon="6.7779060"/>
   <trkpt lat="46.4747550" lon="6.7778700"/>
   <trkpt lat="46.4747560" lon="6.7778280"/>
   <trkpt lat="46.4747670" lon="6.7777820"/>
   <trkpt lat="46.4747650" lon="6.7777450"/>
   <trkpt lat="46.4747710" lon="6.7776970"/>
   <trkpt lat="46.4747770" lon="6.7776610"/>
   <trkpt lat="46.4747780" lon="6.7776230"/>
   <trkpt lat="46.4747810" lon="6.7775860"/>
   <trkpt lat="46.4747810" lon="6.7775530"/>
   <trkpt lat="46.4747860" lon="6.7775140"/>
   <trkpt lat="46.4747850" lon="6.7774840"/>
   <trkpt lat="46.4747870" lon="6.7774420"/>
   <trkpt lat="46.4747910" lon="6.7774030"/>
   <trkpt lat="46.4747860" lon="6.7773640"/>
   <trkpt lat="46.4747860" lon="6.7773260"/>
   <trkpt lat="46.4747800" lon="6.7772910"/>
   <trkpt lat="46.4747760" lon="6.7772450"/>
   <trkpt lat="46.4747700" lon="6.7772100"/>
   <trkpt lat="46.4747700" lon="6.7771670"/>
   <trkpt lat="46.4747710" lon="6.7771360"/>
   <trkpt lat="46.4747720" lon="6.7770940"/>
   <trkpt lat="46.4747730" lon="6.7770540"/>
   <trkpt lat="46.4747740" lon="6.7770250"/>
   <trkpt lat="46.4747780" lon="6.7769800"/>
   <trkpt lat="46.4747790" lon="6.7769430"/>
   <trkpt lat="46.4747820" lon="6.7769000"/>
   <trkpt lat="46.4747890" lon="6.7768620"/>
   <trkpt lat="46.4747920" lon="6.7768300"/>
   <trkpt lat="46.4747990" lon="6.7767860"/>
   <trkpt lat="46.4747970" lon="6.7767580"/>
   <trkpt lat="46.4748020" lon="6.7767150"/>
   <trkpt lat="46.4748040" lon="6.7766780"/>
   <trkpt lat="46.4748060" lon="6.7766430"/>
   <trkpt lat="46.4748140" lon="6.7766080"/>
   <trkpt lat="46.4748230" lon="6.7765760"/>
   <trkpt lat="46.4748340" lon="6.7765340"/>
   <trkpt lat="46.4748390" lon="6.7765050"/>
   <trkpt lat="46.4748460" lon="6.7764620"/>
   <trkpt lat="46.4748540" lon="6.7764290"/>
   <trkpt lat="46.4748600" lon="6.7763960"/>
   <trkpt lat="46.4748720" lon="6.7763610"/>
   <trkpt lat="46.4748780" lon="6.7763300"/>
   <trkpt lat="46.4748910" lon="6.7762890"/>
   <trkpt lat="46.4748950" lon="6.7762590"/>
   <trkpt lat="46.4749040" lon="6.7762140"/>
   <trkpt lat="46.4749150" lon="6.7761790"/>
   <trkpt lat="46.4749270" lon="6.7761440"/>
   <trkpt lat="46.4749400" lon="6.7761080"/>
   <trkpt lat="46.4749460" lon="6.7760820"/>
   <trkpt lat="46.4749590" lon="6.7760410"/>
   <trkpt lat="46.4749710" lon="6.7760180"/>
   <trkpt lat="46.4749850" lon="6.7759820"/>
   <trkpt lat="46.4750000" lon="6.7759540"/>
   <trkpt lat="46.4750150" lon="6.7759250"/>
   <trkpt lat="46.4750290" lon="6.7758860"/>
   <trkpt lat="46.4750320" lon="6.7758560"/>
   <trkpt lat="46.4750480" lon="6.7758200"/>
   <trkpt lat="46.4750570" lon="6.7757890"/>
   <trkpt lat="46.4750700" lon="6.7757510"/>
   <trkpt lat="46.4750840" lon="6.7757170"/>
   <trkpt lat="46.4750960" lon="6.7756880"/>
   <trkpt lat="46.4751110" lon="6.7756500"/>
   <trkpt lat="46.4751180" lon="6.7756190"/>
   <trkpt lat="46.4751320" lon="6.7755840"/>
   <trkpt lat="46.4751430" lon="6.7755540"/>
   <trkpt lat="46.4751520" lon="6.7755190"/>
   <trkpt lat="46.4751650" lon="6.7754850"/>
   <trkpt lat="46.4751740" lon="6.7754600"/>
   <trkpt lat="46.4751830" lon="6.7754160"/>
   <trkpt lat="46.4751880" lon="6.7753900"/>
   <trkpt lat="46.4752000" lon="6.7753510"/>
   <trkpt lat="46.4752130" lon="6.7753240"/>
   <trkpt lat="46.4752190" lon="6.7752910"/>
   <trkpt lat="46.4752310" lon="6.7752520"/>
   <trkpt lat="46.4752360" lon="6.7752270"/>
   <trkpt lat="46.4752490" lon="6.7751860"/>
   <trkpt lat="46.4752600" lon="6.7751530"/>
   <trkpt lat="46.4752730" lon="6.7751200"/>
   <trkpt lat="46.4752840" lon="6.7750830"/>
   <trkpt lat="46.4752930" lon="6.7750540"/>
   <trkpt lat="46.4753100" lon="6.7750170"/>
   <trkpt lat="46.4753180" lon="6.7749910"/>
   <trkpt lat="46.4753300" lon="6.7749520"/>
   <trkpt lat="46.4753440" lon="6.7749190"/>
   <trkpt lat="46.4753530" lon="6.7748880"/>
   <trkpt lat="46.4753670" lon="6.7748530"/>
   <trkpt lat="46.4753700" lon="6.7748280"/>
   <trkpt lat="46.4753850" lon="6.7747900"/>
   <trkpt lat="46.4753980" lon="6.7747610"/>
   <trkpt lat="46.4754140" lon="6.7747260"/>
   <trkpt lat="46.4754310" lon="6.7746950"/>
   <trkpt lat="46.4754410" lon="6.7746660"/>
   <trkpt lat="46.4754560" lon="6.7746280"/>
   <trkpt lat="46.4754660" lon="6.7746010"/>
   <trkpt lat="46.4754780" lon="6.7745640"/>
   <trkpt lat="46.4754950" lon="6.7745350"/>
   <trkpt lat="46.4755060" lon="6.7745070"/>
   <trkpt lat="46.4755210" lon="6.7744730"/>
   <trkpt lat="46.4755240" lon="6.7744470"/>
   <trkpt lat="46.4755370" lon="6.7744120"/>
   <trkpt lat="46.4755470" lon="6.7743850"/>
   <trkpt lat="46.4755590" lon="6.7743540"/>
   <trkpt lat="46.4755740" lon="6.7743210"/>
   <trkpt lat="46.4755780" lon="6.7742970"/>
   <trkpt lat="46.4755900" lon="6.7742520"/>
   <trkpt lat="46.4756030" lon="6.7742260"/>
   <trkpt lat="46.4756160" lon="6.7741930"/>
   <trkpt lat="46.4756300" lon="6.7741590"/>
   <trkpt lat="46.4756340" lon="6.7741320"/>
   <trkpt lat="46.4756480" lon="6.7740930"/>
   <trkpt lat="46.4756600" lon="6.7740680"/>
   <trkpt lat="46.4756680" lon="6.7740400"/>
   <trkpt lat="46.4756800" lon="6.7740120"/>
   <trkpt lat="46.4756880" lon="6.7739880"/>
   <trkpt lat="46.4757060" lon="6.7739510"/>
   <trkpt lat="46.4757170" lon="6.7739250"/>
   <trkpt lat="46.4757310" lon="6.7738930"/>
   <trkpt lat="46.4757450" lon="6.7738640"/>
   <trkpt lat="46.4757520" lon="6.7738380"/>
   <trkpt lat="46.4757690" lon="6.7738010"/>
   <trkpt lat="46.4757800" lon="6.7737740"/>
   <trkpt lat="46.4757950" lon="6.7737430"/>
   <trkpt lat="46.4758070" lon="6.7737170"/>
   <trkpt lat="46.4758180" lon="6.7736890"/>
   <trkpt lat="46.4758340" lon="6.7736560"/>
   <trkpt lat="46.4758380" lon="6.7736300"/>
   <trkpt lat="46.4758500" lon="6.7735920"/>
   <trkpt lat="46.4758660" lon="6.7735610"/>
   <trkpt lat="46.4758780" lon="6.7735290"/>
   <trkpt lat="46.4758880" lon="6.7734920"/>
   <trkpt lat="46.4758930" lon="6.7734630"/>
   <trkpt lat="46.4759050" lon="6.7734260"/>
   <trkpt lat="46.4759190" lon="6.7733950"/>
   <trkpt lat="46.4759320" lon="6.7733640"/>
   <trkpt lat="46.4759470" lon="6.7733310"/>
   <trkpt lat="46.4759530" lon="6.7733060"/>
   <trkpt lat="46.4759660" lon="6.7732640"/>
   <trkpt lat="46.4759790" lon="6.7732340"/>
   <trkpt lat="46.4759900" lon="6.7732010"/>
   <trkpt lat="46.4760030" lon="6.7731680"/>
   <trkpt lat="46.4760100" lon="6.7731420"/>
   <trkpt lat="46.4760260" lon="6.7731050"/>
   <trkpt lat="46.4760350" lon="6.7730770"/>
   <trkpt lat="46.4760460" lon="6.7730410"/>
   <trkpt lat="46.4760630" lon="6.7730100"/>
   <trkpt lat="46.4760730" lon="6.7729790"/>
   <trkpt lat="46.4760890" lon="6.7729380"/>
   <trkpt lat="46.4760920" lon="6.7729100"/>
   <trkpt lat="46.4761030" lon="6.7728690"/>
   <trkpt lat="46.4761130" lon="6.7728370"/>
   <trkpt lat="46.4761230" lon="6.7728080"/>
   <trkpt lat="46.4761380" lon="6.7727710"/>
   <trkpt lat="46.4761460" lon="6.7727440"/>
   <trkpt lat="46.4761590" lon="6.7727030"/>
   <trkpt lat="46.4761720" lon="6.7726730"/>
   <trkpt lat="46.4761830" lon="6.7726430"/>
   <trkpt lat="46.4761970" lon="6.7726090"/>
   <trkpt lat="46.4761980" lon="6.7725820"/>
   <trkpt lat="46.4762100" lon="6.7725410"/>
   <trkpt lat="46.4762260" lon="6.7725070"/>
   <trkpt lat="46.4762390" lon="6.7724720"/>
   <trkpt lat="46.4762500" lon="6.7724390"/>
   <trkpt lat="46.4762570" lon="6.7724130"/>
   <trkpt lat="46.4762710" lon="6.7723700"/>
   <trkpt lat="46.4762790" lon="6.7723400"/>
   <trkpt lat="46.4762890" lon="6.7723010"/>
   <trkpt lat="46.4763030" lon="6.7722700"/>
   <trkpt lat="46.4763080" lon="6.7722410"/>
   <trkpt lat="46.4763210" lon="6.7722000"/>
   <trkpt lat="46.4763330" lon="6.7721720"/>
   <trkpt lat="46.4763450" lon="6.7721350"/>
   <trkpt lat="46.4763600" lon="6.7721050"/>
   <trkpt lat="46.4763670" lon="6.7720770"/>
   <trkpt lat="46.4763820" lon="6.7720390"/>
   <trkpt lat="46.4763920" lon="6.7720140"/>
   <trkpt lat="46.4764040" lon="6.7719770"/>
   <trkpt lat="46.4764170" lon="6.7719510"/>
   <trkpt lat="46.4764230" lon="6.7719190"/>
   <trkpt lat="46.4764360" lon="6.7718850"/>
   <trkpt lat="46.4764400" lon="6.7718600"/>
   <trkpt lat="46.4764550" lon="6.7718240"/>
   <trkpt lat="46.4764670" lon="6.7717940"/>
   <trkpt lat="46.4764770" lon="6.7717590"/>
   <trkpt lat="46.4764890" lon="6.7717220"/>
   <trkpt lat="46.4764950" lon="6.7717000"/>
   <trkpt lat="46.4765100" lon="6.7716600"/>
   <trkpt lat="46.4765240" lon="6.7716320"/>
   <trkpt lat="46.4765350" lon="6.7715970"/>
   <trkpt lat="46.4765460" lon="6.7715630"/>
   <trkpt lat="46.4765480" lon="6.7715380"/>
   <trkpt lat="46.4765600" lon="6.7715010"/>
   <trkpt lat="46.4765680" lon="6.7714740"/>
   <trkpt lat="46.4765770" lon="6.7714400"/>
   <trkpt lat="46.4765910" lon="6.7714060"/>
   <trkpt lat="46.4766030" lon="6.7713780"/>
   <trkpt lat="46.4766170" lon="6.7713370"/>
   <trkpt lat="46.4766300" lon="6.7713120"/>
   <trkpt lat="46.4766410" lon="6.7712740"/>
   <trkpt lat="46.4766580" lon="6.7712470"/>
   <trkpt lat="46.4766700" lon="6.7712180"/>
   <trkpt lat="46.4766840" lon="6.7711800"/>
   <trkpt lat="46.4766870" lon="6.7711540"/>
   <trkpt lat="46.4766990" lon="6.7711150"/>
   <trkpt lat="46.4767060" lon="6.7710890"/>
   <trkpt lat="46.4767170" lon="6.7710520"/>
   <trkpt lat="46.4767300" lon="6.7710150"/>
   <trkpt lat="46.4767420" lon="6.7709890"/>
   <trkpt lat="46.4767570" lon="6.7709480"/>
   <trkpt lat="46.4767670" lon="6.7709260"/>
   <trkpt lat="46.4767800" lon="6.7708850"/>
   <trkpt lat="46.4767940" lon="6.7708510"/>
   <trkpt lat="46.4768000" lon="6.7708170"/>
   <trkpt lat="46.4768120" lon="6.7707780"/>
   <trkpt lat="46.4768150" lon="6.7707510"/>
   <trkpt lat="46.4768290" lon="6.7707120"/>
   <trkpt lat="46.4768400" lon="6.7706820"/>
   <trkpt lat="46.4768540" lon="6.7706500"/>
   <trkpt lat="46.4768640" lon="6.7706160"/>
   <trkpt lat="46.4768700" lon="6.7705930"/>
   <trkpt lat="46.4768840" lon="6.7705580"/>
   <trkpt lat="46.4768930" lon="6.7705320"/>
   <trkpt lat="46.4769000" lon="6.7705000"/>
   <trkpt lat="46.4769140" lon="6.7704720"/>
   <trkpt lat="46.4769220" lon="6.7704430"/>
   <trkpt lat="46.4769340" lon="6.7703980"/>
   <trkpt lat="46.4769350" lon="6.7703680"/>
   <trkpt lat="46.4769470" lon="6.7703280"/>
   <trkpt lat="46.4769600" lon="6.7702980"/>
   <trkpt lat="46.4769730" lon="6.7702730"/>
   <trkpt lat="46.4769880" lon="6.7702370"/>
   <trkpt lat="46.4769940" lon="6.7702140"/>
   <trkpt lat="46.4770040" lon="6.7701780"/>
   <trkpt lat="46.4770190" lon="6.7701490"/>
   <trkpt lat="46.4770220" lon="6.7701190"/>
   <trkpt lat="46.4770340" lon="6.7700790"/>
   <trkpt lat="46.4770380" lon="6.7700570"/>
   <trkpt lat="46.4770520" lon="6.7700180"/>
   <trkpt lat="46.4770630" lon="6.7699870"/>
   <trkpt lat="46.4770740" lon="6.7699530"/>
   <trkpt lat="46.4770860" lon="6.7699130"/>
   <trkpt lat="46.4770900" lon="6.7698840"/>
   <trkpt lat="46.4771050" lon="6.7698480"/>
   <trkpt lat="46.4771140" lon="6.7698190"/>
   <trkpt lat="46.4771260" lon="6.7697840"/>
   <trkpt lat="46.4771370" lon="6.7697490"/>
   <trkpt lat="46.4771410" lon="6.7697240"/>
   <trkpt lat="46.4771540" lon="6.7696830"/>
   <trkpt lat="46.4771620" lon="6.7696520"/>
   <trkpt lat="46.4771710" lon="6.7696130"/>
   <trkpt lat="46.4771820" lon="6.7695780"/>
   <trkpt lat="46.4771860" lon="6.7695500"/>
   <trkpt lat="46.4771950" lon="6.7695100"/>
   <trkpt lat="46.4772010" lon="6.7694780"/>
   <trkpt lat="46.4772110" lon="6.7694410"/>
   <trkpt lat="46.4772250" lon="6.7694070"/>
   <trkpt lat="46.4772370" lon="6.7693790"/>
   <trkpt lat="46.4772470" lon="6.7693370"/>
   <trkpt lat="46.4772510" lon="6.7693100"/>
   <trkpt lat="46.4772630" lon="6.7692730"/>
   <trkpt lat="46.4772700" lon="6.7692440"/>
   <trkpt lat="46.4772770" lon="6.7692170"/>
   <trkpt lat="46.4772880" lon="6.7691810"/>
   <trkpt lat="46.4772930" lon="6.7691570"/>
   <trkpt lat="46.4773020" lon="6.7691200"/>
   <trkpt lat="46.4773120" lon="6.7690930"/>
   <trkpt lat="46.4773190" lon="6.7690630"/>
   <trkpt lat="46.4773330" lon="6.7690260"/>
   <trkpt lat="46.4773330" lon="6.7690010"/>
   <trkpt lat="46.4773460" lon="6.7689580"/>
   <trkpt lat="46.4773580" lon="6.7689250"/>
   <trkpt lat="46.4773660" lon="6.7688880"/>
   <trkpt lat="46.4773770" lon="6.7688500"/>
   <trkpt lat="46.4773780" lon="6.7688280"/>
   <trkpt lat="46.4773870" lon="6.7687900"/>
   <trkpt lat="46.4773980" lon="6.7687560"/>
   <trkpt lat="46.4774030" lon="6.7687210"/>
   <trkpt lat="46.4774130" lon="6.7686840"/>
   <trkpt lat="46.4774200" lon="6.7686550"/>
   <trkpt lat="46.4774320" lon="6.7686180"/>
   <trkpt lat="46.4774440" lon="6.7685940"/>
   <trkpt lat="46.4774510" lon="6.7685590"/>
   <trkpt lat="46.4774640" lon="6.7685260"/>
   <trkpt lat="46.4774690" lon="6.7685000"/>
   <trkpt lat="46.4774830" lon="6.7684600"/>
   <trkpt lat="46.4774920" lon="6.7684350"/>
   <trkpt lat="46.4775000" lon="6.7684010"/>
   <trkpt lat="46.4775130" lon="6.7683680"/>
   <trkpt lat="46.4775220" lon="6.7683420"/>
   <trkpt lat="46.4775370" lon="6.7683060"/>
   <trkpt lat="46.4775470" lon="6.7682800"/>
   <trkpt lat="46.4775590" lon="6.7682440"/>
   <trkpt lat="46.4775700" lon="6.7682120"/>
   <trkpt lat="46.4775790" lon="6.7681860"/>
   <trkpt lat="46.4775910" lon="6.7681500"/>
   <trkpt lat="46.4775970" lon="6.7681250"/>
   <trkpt lat="46.4776050" lon="6.7680910"/>
   <trkpt lat="46.4776180" lon="6.7680640"/>
   <trkpt lat="46.4776270" lon="6.7680370"/>
   <trkpt lat="46.4776370" lon="6.7680030"/>
   <trkpt lat="46.4776440" lon="6.7679740"/>
   <trkpt lat="46.4776570" lon="6.7679410"/>
   <trkpt lat="46.4776650" lon="6.7679140"/>
   <trkpt lat="46.4776790" lon="6.7678810"/>
   <trkpt lat="46.4776930" lon="6.7678530"/>
   <trkpt lat="46.4776990" lon="6.7678230"/>
   <trkpt lat="46.4777170" lon="6.7677860"/>
   <trkpt lat="46.4777250" lon="6.7677610"/>
   <trkpt lat="46.4777370" lon="6.7677280"/>
   <trkpt lat="46.4777510" lon="6.7676970"/>
   <trkpt lat="46.4777580" lon="6.7676720"/>
   <trkpt lat="46.4777720" lon="6.7676310"/>
   <trkpt lat="46.4777740" lon="6.7676040"/>
   <trkpt lat="46.4777850" lon="6.7675660"/>
   <trkpt lat="46.4777990" lon="6.7675370"/>
   <trkpt lat="46.4778040" lon="6.7675080"/>
   <trkpt lat="46.4778180" lon="6.7674690"/>
   <trkpt lat="46.4778200" lon="6.7674390"/>
   <trkpt lat="46.4778350" lon="6.7674060"/>
   <trkpt lat="46.4778500" lon="6.7673800"/>
   <trkpt lat="46.4778640" lon="6.7673490"/>
   <trkpt lat="46.4778810" lon="6.7673180"/>
   <trkpt lat="46.4778880" lon="6.7672920"/>
   <trkpt lat="46.4779090" lon="6.7672570"/>
   <trkpt lat="46.4779220" lon="6.7672310"/>
   <trkpt lat="46.4779350" lon="6.7672000"/>
   <trkpt lat="46.4779510" lon="6.7671690"/>
   <trkpt lat="46.4779610" lon="6.7671380"/>
   <trkpt lat="46.4779800" lon="6.7671020"/>
   <trkpt lat="46.4779900" lon="6.7670760"/>
   <trkpt lat="46.4780060" lon="6.7670420"/>
   <trkpt lat="46.4780200" lon="6.7670100"/>
   <trkpt lat="46.4780300" lon="6.7669840"/>
   <trkpt lat="46.4780440" lon="6.7669540"/>
   <trkpt lat="46.4780500" lon="6.7669310"/>
   <trkpt lat="46.4780650" lon="6.7668930"/>
   <trkpt lat="46.4780720" lon="6.7668680"/>
   <trkpt lat="46.4780840" lon="6.7668340"/>
   <trkpt lat="46.4781000" lon="6.7668020"/>
   <trkpt lat="46.4781090" lon="6.7667730"/>
   <trkpt lat="46.4781290" lon="6.7667360"/>
   <trkpt lat="46.4781390" lon="6.7667090"/>
   <trkpt lat="46.4781530" lon="6.7666760"/>
   <trkpt lat="46.4781670" lon="6.7666500"/>
   <trkpt lat="46.4781790" lon="6.7666260"/>
   <trkpt lat="46.4781960" lon="6.7665880"/>
   <trkpt lat="46.4782010" lon="6.7665670"/>
   <trkpt lat="46.4782160" lon="6.7665290"/>
   <trkpt lat="46.4782300" lon="6.7665030"/>
   <trkpt lat="46.4782400" lon="6.7664670"/>
   <trkpt lat="46.4782550" lon="6.7664320"/>
   <trkpt lat="46.4782610" lon="6.7664120"/>
   <trkpt lat="46.4782760" lon="6.7663750"/>
   <trkpt lat="46.4782930" lon="6.7663470"/>
   <trkpt lat="46.4783040" lon="6.7663150"/>
   <trkpt lat="46.4783180" lon="6.7662810"/>
   <trkpt lat="46.4783160" lon="6.7662600"/>
   <trkpt lat="46.4783300" lon="6.7662210"/>
   <trkpt lat="46.4783410" lon="6.7661940"/>
   <trkpt lat="46.4783520" lon="6.7661530"/>
   <trkpt lat="46.4783690" lon="6.7661190"/>
   <trkpt lat="46.4783770" lon="6.7660930"/>
   <trkpt lat="46.4783920" lon="6.7660560"/>
   <trkpt lat="46.4784020" lon="6.7660310"/>
   <trkpt lat="46.4784140" lon="6.7659950"/>
   <trkpt lat="46.4784280" lon="6.7659650"/>
   <trkpt lat="46.4784340" lon="6.7659360"/>
   <trkpt lat="46.4784480" lon="6.7658970"/>
   <trkpt lat="46.4784560" lon="6.7658720"/>
   <trkpt lat="46.4784690" lon="6.7658370"/>
   <trkpt lat="46.4784840" lon="6.7658040"/>
   <trkpt lat="46.4784890" lon="6.7657750"/>
   <trkpt lat="46.4785050" lon="6.7657380"/>
   <trkpt lat="46.4785110" lon="6.7657100"/>
   <trkpt lat="46.4785230" lon="6.7656760"/>
   <trkpt lat="46.4785370" lon="6.7656470"/>
   <trkpt lat="46.4785430" lon="6.7656170"/>
   <trkpt lat="46.4785560" lon="6.7655840"/>
   <trkpt lat="46.4785630" lon="6.7655580"/>
   <trkpt lat="46.4785720" lon="6.7655250"/>
   <trkpt lat="46.4785880" lon="6.7654970"/>
   <trkpt lat="46.4785960" lon="6.7654670"/>
   <trkpt lat="46.4786110" lon="6.7654280"/>
   <trkpt lat="46.4786140" lon="6.7654020"/>
   <trkpt lat="46.4786270" lon="6.7653640"/>
   <trkpt lat="46.4786370" lon="6.7653380"/>
   <trkpt lat="46.4786450" lon="6.7653110"/>
   <trkpt lat="46.4786630" lon="6.7652770"/>
   <trkpt lat="46.4786660" lon="6.7652540"/>
   <trkpt lat="46.4786820" lon="6.7652140"/>
   <trkpt lat="46.4786950" lon="6.7651850"/>
   <trkpt lat="46.4787050" lon="6.7651510"/>
   <trkpt lat="46.4787190" lon="6.7651150"/>
   <trkpt lat="46.4787220" lon="6.7650920"/>
   <trkpt lat="46.4787370" lon="6.7650520"/>
   <trkpt lat="46.4787480" lon="6.7650240"/>
   <trkpt lat="46.4787580" lon="6.7649920"/>
   <trkpt lat="46.4787720" lon="6.7649590"/>
   <trkpt lat="46.4787790" lon="6.7649310"/>
   <trkpt lat="46.4787930" lon="6.7648910"/>
   <trkpt lat="46.4788000" lon="6.7648660"/>
   <trkpt lat="46.4788110" lon="6.7648260"/>
   <trkpt lat="46.4788250" lon="6.7647920"/>
   <trkpt lat="46.4788290" lon="6.7647600"/>
   <trkpt lat="46.4788440" lon="6.7647240"/>
   <trkpt lat="46.4788520" lon="6.7647010"/>
   <trkpt lat="46.4788680" lon="6.7646670"/>
   <trkpt lat="46.4788790" lon="6.7646430"/>
   <trkpt lat="46.4788900" lon="6.7646100"/>
   <trkpt lat="46.4789050" lon="6.7645790"/>
   <trkpt lat="46.4789090" lon="6.7645510"/>
   <trkpt lat="46.4789240" lon="6.7645100"/>
   <trkpt lat="46.4789300" lon="6.7644840"/>
   <trkpt lat="46.4789440" lon="6.7644460"/>
   <trkpt lat="46.4789550" lon="6.7644170"/>
   <trkpt lat="46.4789620" lon="6.7643880"/>
   <trkpt lat="46.4789770" lon="6.7643520"/>
   <trkpt lat="46.4789840" lon="6.7643270"/>
   <trkpt lat="46.4789990" lon="6.7642890"/>
   <trkpt lat="46.4790130" lon="6.7642590"/>
   <trkpt lat="46.4790240" lon="6.7642270"/>
   <trkpt lat="46.4790380" lon="6.7641910"/>
   <trkpt lat="46.4790410" lon="6.7641640"/>
   <trkpt lat="46.4790540" lon="6.7641220"/>
   <trkpt lat="46.4790630" lon="6.7640940"/>
   <trkpt lat="46.4790730" lon="6.7640600"/>
   <trkpt lat="46.4790880" lon="6.7640290"/>
   <trkpt lat="46.4790980" lon="6.7640050"/>
   <trkpt lat="46.4791150" lon="6.7639740"/>
   <trkpt lat="46.4791250" lon="6.7639500"/>
   <trkpt lat="46.4791370" lon="6.7639190"/>
   <trkpt lat="46.4791510" lon="6.7638900"/>
   <trkpt lat="46.4791590" lon="6.7638630"/>
   <trkpt lat="46.4791720" lon="6.7638230"/>
   <trkpt lat="46.4791790" lon="6.7637970"/>
   <trkpt lat="46.4791880" lon="6.7637620"/>
   <trkpt lat="46.4792030" lon="6.7637280"/>
   <trkpt lat="46.4792130" lon="6.7637040"/>
   <trkpt lat="46.4792290" lon="6.7636680"/>
   <trkpt lat="46.4792380" lon="6.7636420"/>
   <trkpt lat="46.4792500" lon="6.7636090"/>
   <trkpt lat="46.4792640" lon="6.7635800"/>
   <trkpt lat="46.4792720" lon="6.7635490"/>
   <trkpt lat="46.4792880" lon="6.7635130"/>
   <trkpt lat="46.4792940" lon="6.7634900"/>
   <trkpt lat="46.4793080" lon="6.7634520"/>
   <trkpt lat="46.4793200" lon="6.7634240"/>
   <trkpt lat="46.4793320" lon="6.7633910"/>
   <trkpt lat="46.4793470" lon="6.7633580"/>
   <trkpt lat="46.4793560" lon="6.7633330"/>
   <trkpt lat="46.4793720" lon="6.7632950"/>
   <trkpt lat="46.4793820" lon="6.7632680"/>
   <trkpt lat="46.4793960" lon="6.7632340"/>
   <trkpt lat="46.4794110" lon="6.7632020"/>
   <trkpt lat="46.4794170" lon="6.7631720"/>
   <trkpt lat="46.4794320" lon="6.7631370"/>
   <trkpt lat="46.4794380" lon="6.7631140"/>
   <trkpt lat="46.4794530" lon="6.7630840"/>
   <trkpt lat="46.4794670" lon="6.7630570"/>
   <trkpt lat="46.4794770" lon="6.7630280"/>
   <trkpt lat="46.4794910" lon="6.7629890"/>
   <trkpt lat="46.4794950" lon="6.7629630"/>
   <trkpt lat="46.4795080" lon="6.7629290"/>
   <trkpt lat="46.4795250" lon="6.7629020"/>
   <trkpt lat="46.4795400" lon="6.7628730"/>
   <trkpt lat="46.4795570" lon="6.7628420"/>
   <trkpt lat="46.4795660" lon="6.7628190"/>
   <trkpt lat="46.4795790" lon="6.7627850"/>
   <trkpt lat="46.4795910" lon="6.7627590"/>
   <trkpt lat="46.4796040" lon="6.7627280"/>
   <trkpt lat="46.4796200" lon="6.7626960"/>
   <trkpt lat="46.4796260" lon="6.7626700"/>
   <trkpt lat="46.4796430" lon="6.7626340"/>
   <trkpt lat="46.4796540" lon="6.7626050"/>
   <trkpt lat="46.4796680" lon="6.7625730"/>
   <trkpt lat="46.4796860" lon="6.7625470"/>
   <trkpt lat="46.4796970" lon="6.7625190"/>
   <trkpt lat="46.4797150" lon="6.7624850"/>
   <trkpt lat="46.4797240" lon="6.7624570"/>
   <trkpt lat="46.4797410" lon="6.7624210"/>
   <trkpt lat="46.4797520" lon="6.7623950"/>
   <trkpt lat="46.4797660" lon="6.7623600"/>
   <trkpt lat="46.4797850" lon="6.7623290"/>
   <trkpt lat="46.4797930" lon="6.7623010"/>
   <trkpt lat="46.4798090" lon="6.7622620"/>
   <trkpt lat="46.4798190" lon="6.7622350"/>
   <trkpt lat="46.4798320" lon="6.7621980"/>
   <trkpt lat="46.4798460" lon="6.7621690"/>
   <trkpt lat="46.4798600" lon="6.7621400"/>
   <trkpt lat="46.4798770" lon="6.7621060"/>
   <trkpt lat="46.4798820" lon="6.7620790"/>
   <trkpt lat="46.4798950" lon="6.7620410"/>
   <trkpt lat="46.4799070" lon="6.7620150"/>
   <trkpt lat="46.4799220" lon="6.7619830"/>
   <trkpt lat="46.4799380" lon="6.7619530"/>
   <trkpt lat="46.4799500" lon="6.7619290"/>
   <trkpt lat="46.4799660" lon="6.7618950"/>
   <trkpt lat="46.4799730" lon="6.7618700"/>
   <trkpt lat="46.4799850" lon="6.7618350"/>
   <trkpt lat="46.4800020" lon="6.7618070"/>
   <trkpt lat="46.4800110" lon="6.7617790"/>
   <trkpt lat="46.4800290" lon="6.7617490"/>
   <trkpt lat="46.4800340" lon="6.7617240"/>
   <trkpt lat="46.4800520" lon="6.7616860"/>
   <trkpt lat="46.4800640" lon="6.7616600"/>
   <trkpt lat="46.4800790" lon="6.7616280"/>
   <trkpt lat="46.4800960" lon="6.7615990"/>
   <trkpt lat="46.4801040" lon="6.7615720"/>
   <trkpt lat="46.4801230" lon="6.7615340"/>
   <trkpt lat="46.4801350" lon="6.7615120"/>
   <trkpt lat="46.4801490" lon="6.7614810"/>
   <trkpt lat="46.4801640" lon="6.7614520"/>
   <trkpt lat="46.4801730" lon="6.7614260"/>
   <trkpt lat="46.4801910" lon="6.7613930"/>
   <trkpt lat="46.4802020" lon="6.7613680"/>
   <trkpt lat="46.4802180" lon="6.7613330"/>
   <trkpt lat="46.4802340" lon="6.7613080"/>
   <trkpt lat="46.4802420" lon="6.7612760"/>
   <trkpt lat="46.4802580" lon="6.7612400"/>
   <trkpt lat="46.4802650" lon="6.7612160"/>
   <trkpt lat="46.4802840" lon="6.7611800"/>
   <trkpt lat="46.4802990" lon="6.7611560"/>
   <trkpt lat="46.4803150" lon="6.7611240"/>
   <trkpt lat="46.4803310" lon="6.7610940"/>
   <trkpt lat="46.4803440" lon="6.7610700"/>
   <trkpt lat="46.4803620" lon="6.7610380"/>
   <trkpt lat="46.4803730" lon="6.7610160"/>
   <trkpt lat="46.4803870" lon="6.7609880"/>
   <trkpt lat="46.4804060" lon="6.7609610"/>
   <trkpt lat="46.4804210" lon="6.7609280"/>
   <trkpt lat="46.4804390" lon="6.7608910"/>
   <trkpt lat="46.4804460" lon="6.7608670"/>
   <trkpt lat="46.4804630" lon="6.7608350"/>
   <trkpt lat="46.4804780" lon="6.7608080"/>
   <trkpt lat="46.4804940" lon="6.7607800"/>
   <trkpt lat="46.4805130" lon="6.7607510"/>
   <trkpt lat="46.4805220" lon="6.7607260"/>
   <trkpt lat="46.4805410" lon="6.7606940"/>
   <trkpt lat="46.4805510" lon="6.7606720"/>
   <trkpt lat="46.4805660" lon="6.7606410"/>
   <trkpt lat="46.4805840" lon="6.7606150"/>
   <trkpt lat="46.4805960" lon="6.7605890"/>
   <trkpt lat="46.4806150" lon="6.7605560"/>
   <trkpt lat="46.4806240" lon="6.7605310"/>
   <trkpt lat="46.4806420" lon="6.7605000"/>
   <trkpt lat="46.4806570" lon="6.7604730"/>
   <trkpt lat="46.4806710" lon="6.7604430"/>
   <trkpt lat="46.4806880" lon="6.7604130"/>
   <trkpt lat="46.4806950" lon="6.7603910"/>
   <trkpt lat="46.4807100" lon="6.7603510"/>
   <trkpt lat="46.4807170" lon="6.7603270"/>
   <trkpt lat="46.4807340" lon="6.7602940"/>
   <trkpt lat="46.4807530" lon="6.7602670"/>
   <trkpt lat="46.4807640" lon="6.7602420"/>
   <trkpt lat="46.4807830" lon="6.7602070"/>
   <trkpt lat="46.4807940" lon="6.7601830"/>
   <trkpt lat="46.4808110" lon="6.7601470"/>
   <trkpt lat="46.4808280" lon="6.7601180"/>
   <trkpt lat="46.4808410" lon="6.7600910"/>
   <trkpt lat="46.4808600" lon="6.7600590"/>
   <trkpt lat="46.4808670" lon="6.7600370"/>
   <trkpt lat="46.4808870" lon="6.7600020"/>
   <trkpt lat="46.4808990" lon="6.7599800"/>
   <trkpt lat="46.4809170" lon="6.7599500"/>
   <trkpt lat="46.4809370" lon="6.7599230"/>
   <trkpt lat="46.4809510" lon="6.7598980"/>
   <trkpt lat="46.4809670" lon="6.7598630"/>
   <trkpt lat="46.4809750" lon="6.7598420"/>
   <trkpt lat="46.4809910" lon="6.7598040"/>
   <trkpt lat="46.4810060" lon="6.7597770"/>
   <trkpt lat="46.4810220" lon="6.7597450"/>
   <trkpt lat="46.4810390" lon="6.7597190"/>
   <trkpt lat="46.4810490" lon="6.7596950"/>
   <trkpt lat="46.4810710" lon="6.7596640"/>
   <trkpt lat="46.4810850" lon="6.7596400"/>
   <trkpt lat="46.4811060" lon="6.7596090"/>
   <trkpt lat="46.4811240" lon="6.7595820"/>
   <trkpt lat="46.4811380" lon="6.7595510"/>
   <trkpt lat="46.4811560" lon="6.7595180"/>
   <trkpt lat="46.4811670" lon="6.7594990"/>
   <trkpt lat="46.4811870" lon="6.7594660"/>
   <trkpt lat="46.4812010" lon="6.7594450"/>
   <trkpt lat="46.4812160" lon="6.7594170"/>
   <trkpt lat="46.4812350" lon="6.7593900"/>
   <trkpt lat="46.4812430" lon="6.7593650"/>
   <trkpt lat="46.4812620" lon="6.7593330"/>
   <trkpt lat="46.4812740" lon="6.7593060"/>
   <trkpt lat="46.4812910" lon="6.7592790"/>
   <trkpt lat="46.4813100" lon="6.7592570"/>
   <trkpt lat="46.4813250" lon="6.7592300"/>
   <trkpt lat="46.4813470" lon="6.7592020"/>
   <trkpt lat="46.4813540" lon="6.7591810"/>
   <trkpt lat="46.4813750" lon="6.7591520"/>
   <trkpt lat="46.4813920" lon="6.7591300"/>
   <trkpt lat="46.4814110" lon="6.7591080"/>
   <trkpt lat="46.4814340" lon="6.7590860"/>
   <trkpt lat="46.4814490" lon="6.7590670"/>
   <trkpt lat="46.4814730" lon="6.7590360"/>
   <trkpt lat="46.4814860" lon="6.7590190"/>
   <trkpt lat="46.4815040" lon="6.7589910"/>
   <trkpt lat="46.4815220" lon="6.7589680"/>
   <trkpt lat="46.4815400" lon="6.7589380"/>
   <trkpt lat="46.4815640" lon="6.7589090"/>
   <trkpt lat="46.4815750" lon="6.7588890"/>
   <trkpt lat="46.4815980" lon="6.7588620"/>
   <trkpt lat="46.4816140" lon="6.7588450"/>
   <trkpt lat="46.4816310" lon="6.7588200"/>
   <trkpt lat="46.4816520" lon="6.7587970"/>
   <trkpt lat="46.4816670" lon="6.7587740"/>
   <trkpt lat="46.4816920" lon="6.7587490"/>
   <trkpt lat="46.4817030" lon="6.7587330"/>
   <trkpt lat="46.4817250" lon="6.7587060"/>
   <trkpt lat="46.4817430" lon="6.7586830"/>
   <trkpt lat="46.4817650" lon="6.7586630"/>
   <trkpt lat="46.4817880" lon="6.7586410"/>
   <trkpt lat="46.4818000" lon="6.7586230"/>
   <trkpt lat="46.4818240" lon="6.7585970"/>
   <trkpt lat="46.4818400" lon="6.7585780"/>
   <trkpt lat="46.4818650" lon="6.7585560"/>
   <trkpt lat="46.4818880" lon="6.7585360"/>
   <trkpt lat="46.4819040" lon="6.7585130"/>
   <trkpt lat="46.4819300" lon="6.7584950"/>
   <trkpt lat="46.4819450" lon="6.7584810"/>
   <trkpt lat="46.4819690" lon="6.7584600"/>
   <trkpt lat="46.4819890" lon="6.7584430"/>
   <trkpt lat="46.4820070" lon="6.7584250"/>
   <trkpt lat="46.4820330" lon="6.7584040"/>
   <trkpt lat="46.4820430" lon="6.7583820"/>
   <trkpt lat="46.4820710" lon="6.7583580"/>
   <trkpt lat="46.4820900" lon="6.7583440"/>
   <trkpt lat="46.4821150" lon="6.7583260"/>
   <trkpt lat="46.4821370" lon="6.7583070"/>
   <trkpt lat="46.4821530" lon="6.7582870"/>
   <trkpt lat="46.4821780" lon="6.7582650"/>
   <trkpt lat="46.4821900" lon="6.7582460"/>
   <trkpt lat="46.4822160" lon="6.7582250"/>
   <trkpt lat="46.4822380" lon="6.7582070"/>
   <trkpt lat="46.4822650" lon="6.7581920"/>
   <trkpt lat="46.4822900" lon="6.7581770"/>
   <trkpt lat="46.4823050" lon="6.7581600"/>
   <trkpt lat="46.4823330" lon="6.7581470"/>
   <trkpt lat="46.4823550" lon="6.7581340"/>
   <trkpt lat="46.4823790" lon="6.7581130"/>
   <trkpt lat="46.4824040" lon="6.7581010"/>
   <trkpt lat="46.4824280" lon="6.7580870"/>
   <trkpt lat="46.4824590" lon="6.7580720"/>
   <trkpt lat="46.4824720" lon="6.7580560"/>
   <trkpt lat="46.4825010" lon="6.7580360"/>
   <trkpt lat="46.4825180" lon="6.7580160"/>
   <trkpt lat="46.4825420" lon="6.7579960"/>
   <trkpt lat="46.4825600" lon="6.7579770"/>
   <trkpt lat="46.4825830" lon="6.7579590"/>
   <trkpt lat="46.4826080" lon="6.7579420"/>
   <trkpt lat="46.4826220" lon="6.7579260"/>
   <trkpt lat="46.4826510" lon="6.7579000"/>
   <trkpt lat="46.4826660" lon="6.7578870"/>
   <trkpt lat="46.4826920" lon="6.7578620"/>
   <trkpt lat="46.4827130" lon="6.7578420"/>
   <trkpt lat="46.4827340" lon="6.7578230"/>
   <trkpt lat="46.4827600" lon="6.7578050"/>
   <trkpt lat="46.4827730" lon="6.7577890"/>
   <trkpt lat="46.4828000" lon="6.7577650"/>
   <trkpt lat="46.4828160" lon="6.7577500"/>
   <trkpt lat="46.4828390" lon="6.7577260"/>
   <trkpt lat="46.4828590" lon="6.7577080"/>
   <trkpt lat="46.4828800" lon="6.7576910"/>
   <trkpt lat="46.4829060" lon="6.7576670"/>
   <trkpt lat="46.4829210" lon="6.7576540"/>
   <trkpt lat="46.4829460" lon="6.7576330"/>
   <trkpt lat="46.4829640" lon="6.7576170"/>
   <trkpt lat="46.4829840" lon="6.7575950"/>
   <trkpt lat="46.4830050" lon="6.7575730"/>
   <trkpt lat="46.4830180" lon="6.7575530"/>
   <trkpt lat="46.4830410" lon="6.7575220"/>
   <trkpt lat="46.4830500" lon="6.7575020"/>
   <trkpt lat="46.4830720" lon="6.7574730"/>
   <trkpt lat="46.4830920" lon="6.7574470"/>
   <trkpt lat="46.4831100" lon="6.7574230"/>
   <trkpt lat="46.4831340" lon="6.7573970"/>
   <trkpt lat="46.4831460" lon="6.7573770"/>
   <trkpt lat="46.4831670" lon="6.7573450"/>
   <trkpt lat="46.4831810" lon="6.7573290"/>
   <trkpt lat="46.4831990" lon="6.7573030"/>
   <trkpt lat="46.4832200" lon="6.7572810"/>
   <trkpt lat="46.4832320" lon="6.7572590"/>
   <trkpt lat="46.4832550" lon="6.7572290"/>
   <trkpt lat="46.4832670" lon="6.7572060"/>
   <trkpt lat="46.4832870" lon="6.7571790"/>
   <trkpt lat="46.4833070" lon="6.7571570"/>
   <trkpt lat="46.4833230" lon="6.7571340"/>
   <trkpt lat="46.4833440" lon="6.7571090"/>
   <trkpt lat="46.4833550" lon="6.7570840"/>
   <trkpt lat="46.4833770" lon="6.7570540"/>
   <trkpt lat="46.4833920" lon="6.7570330"/>
   <trkpt lat="46.4834100" lon="6.7570070"/>
   <trkpt lat="46.4834310" lon="6.7569790"/>
   <trkpt lat="46.4834470" lon="6.7569590"/>
   <trkpt lat="46.4834710" lon="6.7569350"/>
   <trkpt lat="46.4834850" lon="6.7569140"/>
   <trkpt lat="46.4835070" lon="6.7568760"/>
   <trkpt lat="46.4835200" lon="6.7568510"/>
   <trkpt lat="46.4835360" lon="6.7568210"/>
   <trkpt lat="46.4835540" lon="6.7567940"/>
   <trkpt lat="46.4835700" lon="6.7567700"/>
   <trkpt lat="46.4835940" lon="6.7567410"/>
   <trkpt lat="46.4836020" lon="6.7567180"/>
   <trkpt lat="46.4836220" lon="6.7566870"/>
   <trkpt lat="46.4836400" lon="6.7566680"/>
   <trkpt lat="46.4836560" lon="6.7566340"/>
   <trkpt lat="46.4836780" lon="6.7566010"/>
   <trkpt lat="46.4836940" lon="6.7565760"/>
   <trkpt lat="46.4837150" lon="6.7565420"/>
   <trkpt lat="46.4837230" lon="6.7565240"/>
   <trkpt lat="46.4837440" lon="6.7565000"/>
   <trkpt lat="46.4837610" lon="6.7564740"/>
   <trkpt lat="46.4837750" lon="6.7564470"/>
   <trkpt lat="46.4837920" lon="6.7564190"/>
   <trkpt lat="46.4838010" lon="6.7563950"/>
   <trkpt lat="46.4838220" lon="6.7563560"/>
   <trkpt lat="46.4838330" lon="6.7563330"/>
   <trkpt lat="46.4838530" lon="6.7562980"/>
   <trkpt lat="46.4838710" lon="6.7562660"/>
   <trkpt lat="46.4838800" lon="6.7562270"/>
   <trkpt lat="46.4838970" lon="6.7561900"/>
   <trkpt lat="46.4839030" lon="6.7561590"/>
   <trkpt lat="46.4839270" lon="6.7561220"/>
   <trkpt lat="46.4839420" lon="6.7561020"/>
   <trkpt lat="46.4839590" lon="6.7560670"/>
   <trkpt lat="46.4839780" lon="6.7560380"/>
   <trkpt lat="46.4839900" lon="6.7560080"/>
   <trkpt lat="46.4840040" lon="6.7559760"/>
   <trkpt lat="46.4840120" lon="6.7559530"/>
   <trkpt lat="46.4840320" lon="6.7559190"/>
   <trkpt lat="46.4840410" lon="6.7558950"/>
   <trkpt lat="46.4840520" lon="6.7558610"/>
   <trkpt lat="46.4840690" lon="6.7558310"/>
   <trkpt lat="46.4840770" lon="6.7558010"/>
   <trkpt lat="46.4840960" lon="6.7557640"/>
   <trkpt lat="46.4840980" lon="6.7557350"/>
   <trkpt lat="46.4841120" lon="6.7556890"/>
   <trkpt lat="46.4841200" lon="6.7556560"/>
   <trkpt lat="46.4841230" lon="6.7556400"/>
   <trkpt lat="46.4841310" lon="6.7556160"/>
   <trkpt lat="46.4841390" lon="6.7556040"/>
   <trkpt lat="46.4841430" lon="6.7555900"/>
   <trkpt lat="46.4841480" lon="6.7555760"/>
   <trkpt lat="46.4841540" lon="6.7555620"/>
   <trkpt lat="46.4841580" lon="6.7555460"/>
   <trkpt lat="46.4841700" lon="6.7555140"/>
   <trkpt lat="46.4841810" lon="6.7554870"/>
   <trkpt lat="46.4841930" lon="6.7554570"/>
   <trkpt lat="46.4842140" lon="6.7554240"/>
   <trkpt lat="46.4842220" lon="6.7553980"/>
   <trkpt lat="46.4842380" lon="6.7553570"/>
   <trkpt lat="46.4842460" lon="6.7553270"/>
   <trkpt lat="46.4842600" lon="6.7552960"/>
   <trkpt lat="46.4842770" lon="6.7552640"/>
   <trkpt lat="46.4842840" lon="6.7552440"/>
   <trkpt lat="46.4843000" lon="6.7552070"/>
   <trkpt lat="46.4843070" lon="6.7551870"/>
   <trkpt lat="46.4843220" lon="6.7551470"/>
   <trkpt lat="46.4843330" lon="6.7551170"/>
   <trkpt lat="46.4843450" lon="6.7550800"/>
   <trkpt lat="46.4843630" lon="6.7550410"/>
   <trkpt lat="46.4843690" lon="6.7550070"/>
   <trkpt lat="46.4843890" lon="6.7549700"/>
   <trkpt lat="46.4844030" lon="6.7549460"/>
   <trkpt lat="46.4844230" lon="6.7549080"/>
   <trkpt lat="46.4844420" lon="6.7548810"/>
   <trkpt lat="46.4844540" lon="6.7548490"/>
   <trkpt lat="46.4844740" lon="6.7548160"/>
   <trkpt lat="46.4844830" lon="6.7547890"/>
   <trkpt lat="46.4845060" lon="6.7547580"/>
   <trkpt lat="46.4845190" lon="6.7547400"/>
   <trkpt lat="46.4845370" lon="6.7547070"/>
   <trkpt lat="46.4845630" lon="6.7546860"/>
   <trkpt lat="46.4845730" lon="6.7546580"/>
   <trkpt lat="46.4845980" lon="6.7546300"/>
   <trkpt lat="46.4846100" lon="6.7546110"/>
   <trkpt lat="46.4846320" lon="6.7545820"/>
   <trkpt lat="46.4846500" lon="6.7545620"/>
   <trkpt lat="46.4846690" lon="6.7545300"/>
   <trkpt lat="46.4846910" lon="6.7544980"/>
   <trkpt lat="46.4847030" lon="6.7544810"/>
   <trkpt lat="46.4847320" lon="6.7544510"/>
   <trkpt lat="46.4847480" lon="6.7544330"/>
   <trkpt lat="46.4847740" lon="6.7544060"/>
   <trkpt lat="46.4847960" lon="6.7543870"/>
   <trkpt lat="46.4848130" lon="6.7543640"/>
   <trkpt lat="46.4848390" lon="6.7543420"/>
   <trkpt lat="46.4848540" lon="6.7543210"/>
   <trkpt lat="46.4848790" lon="6.7542900"/>
   <trkpt lat="46.4848950" lon="6.7542740"/>
   <trkpt lat="46.4849170" lon="6.7542440"/>
   <trkpt lat="46.4849400" lon="6.7542260"/>
   <trkpt lat="46.4849550" lon="6.7542030"/>
   <trkpt lat="46.4849810" lon="6.7541760"/>
   <trkpt lat="46.4849910" lon="6.7541580"/>
   <trkpt lat="46.4850140" lon="6.7541320"/>
   <trkpt lat="46.4850320" lon="6.7541110"/>
   <trkpt lat="46.4850510" lon="6.7540820"/>
   <trkpt lat="46.4850710" lon="6.7540560"/>
   <trkpt lat="46.4850870" lon="6.7540380"/>
   <trkpt lat="46.4851150" lon="6.7540090"/>
   <trkpt lat="46.4851310" lon="6.7539870"/>
   <trkpt lat="46.4851530" lon="6.7539600"/>
   <trkpt lat="46.4851750" lon="6.7539450"/>
   <trkpt lat="46.4851920" lon="6.7539240"/>
   <trkpt lat="46.4852170" lon="6.7539010"/>
   <trkpt lat="46.4852290" lon="6.7538850"/>
   <trkpt lat="46.4852590" lon="6.7538660"/>
   <trkpt lat="46.4852790" lon="6.7538540"/>
   <trkpt lat="46.4853020" lon="6.7538290"/>
   <trkpt lat="46.4853260" lon="6.7538090"/>
   <trkpt lat="46.4853410" lon="6.7537900"/>
   <trkpt lat="46.4853670" lon="6.7537640"/>
   <trkpt lat="46.4853840" lon="6.7537510"/>
   <trkpt lat="46.4854030" lon="6.7537270"/>
   <trkpt lat="46.4854200" lon="6.7537040"/>
   <trkpt lat="46.4854360" lon="6.7536770"/>
   <trkpt lat="46.4854620" lon="6.7536570"/>
   <trkpt lat="46.4854740" lon="6.7536410"/>
   <trkpt lat="46.4855020" lon="6.7536140"/>
   <trkpt lat="46.4855180" lon="6.7535990"/>
   <trkpt lat="46.4855390" lon="6.7535770"/>
   <trkpt lat="46.4855620" lon="6.7535570"/>
   <trkpt lat="46.4855830" lon="6.7535370"/>
   <trkpt lat="46.4856110" lon="6.7535120"/>
   <trkpt lat="46.4856250" lon="6.7534970"/>
   <trkpt lat="46.4856510" lon="6.7534710"/>
   <trkpt lat="46.4856730" lon="6.7534520"/>
   <trkpt lat="46.4856900" lon="6.7534260"/>
   <trkpt lat="46.4857130" lon="6.7534010"/>
   <trkpt lat="46.4857210" lon="6.7533800"/>
   <trkpt lat="46.4857440" lon="6.7533500"/>
   <trkpt lat="46.4857620" lon="6.7533270"/>
   <trkpt lat="46.4857830" lon="6.7533020"/>
   <trkpt lat="46.4858050" lon="6.7532780"/>
   <trkpt lat="46.4858190" lon="6.7532550"/>
   <trkpt lat="46.4858450" lon="6.7532280"/>
   <trkpt lat="46.4858560" lon="6.7532120"/>
   <trkpt lat="46.4858760" lon="6.7531860"/>
   <trkpt lat="46.4858920" lon="6.7531620"/>
   <trkpt lat="46.4859060" lon="6.7531420"/>
   <trkpt lat="46.4859280" lon="6.7531140"/>
   <trkpt lat="46.4859390" lon="6.7530910"/>
   <trkpt lat="46.4859550" lon="6.7530600"/>
   <trkpt lat="46.4859720" lon="6.7530380"/>
   <trkpt lat="46.4859860" lon="6.7530140"/>
   <trkpt lat="46.4860080" lon="6.7529900"/>
   <trkpt lat="46.4860130" lon="6.7529660"/>
   <trkpt lat="46.4860360" lon="6.7529380"/>
   <trkpt lat="46.4860510" lon="6.7529170"/>
   <trkpt lat="46.4860720" lon="6.7528940"/>
   <trkpt lat="46.4860970" lon="6.7528730"/>
   <trkpt lat="46.4861050" lon="6.7528510"/>
   <trkpt lat="46.4861280" lon="6.7528290"/>
   <trkpt lat="46.4861410" lon="6.7528140"/>
   <trkpt lat="46.4861630" lon="6.7527920"/>
   <trkpt lat="46.4861870" lon="6.7527730"/>
   <trkpt lat="46.4861980" lon="6.7527550"/>
   <trkpt lat="46.4862210" lon="6.7527310"/>
   <trkpt lat="46.4862350" lon="6.7527120"/>
   <trkpt lat="46.4862540" lon="6.7526880"/>
   <trkpt lat="46.4862770" lon="6.7526690"/>
   <trkpt lat="46.4862890" lon="6.7526520"/>
   <trkpt lat="46.4863120" lon="6.7526260"/>
   <trkpt lat="46.4863240" lon="6.7526030"/>
   <trkpt lat="46.4863380" lon="6.7525760"/>
   <trkpt lat="46.4863580" lon="6.7525510"/>
   <trkpt lat="46.4863670" lon="6.7525270"/>
   <trkpt lat="46.4863800" lon="6.7524880"/>
   <trkpt lat="46.4863900" lon="6.7524650"/>
   <trkpt lat="46.4864000" lon="6.7524360"/>
   <trkpt lat="46.4864150" lon="6.7524100"/>
   <trkpt lat="46.4864160" lon="6.7523820"/>
   <trkpt lat="46.4864290" lon="6.7523480"/>
   <trkpt lat="46.4864380" lon="6.7523240"/>
   <trkpt lat="46.4864510" lon="6.7522940"/>
   <trkpt lat="46.4864690" lon="6.7522650"/>
   <trkpt lat="46.4864780" lon="6.7522350"/>
   <trkpt lat="46.4864940" lon="6.7522010"/>
   <trkpt lat="46.4865030" lon="6.7521760"/>
   <trkpt lat="46.4865180" lon="6.7521390"/>
   <trkpt lat="46.4865330" lon="6.7521140"/>
   <trkpt lat="46.4865430" lon="6.7520920"/>
   <trkpt lat="46.4865620" lon="6.7520610"/>
   <trkpt lat="46.4865700" lon="6.7520370"/>
   <trkpt lat="46.4865810" lon="6.7520020"/>
   <trkpt lat="46.4865930" lon="6.7519740"/>
   <trkpt lat="46.4866010" lon="6.7519510"/>
   <trkpt lat="46.4866170" lon="6.7519140"/>
   <trkpt lat="46.4866240" lon="6.7518860"/>
   <trkpt lat="46.4866390" lon="6.7518500"/>
   <trkpt lat="46.4866530" lon="6.7518240"/>
   <trkpt lat="46.4866640" lon="6.7517940"/>
   <trkpt lat="46.4866800" lon="6.7517610"/>
   <trkpt lat="46.4866860" lon="6.7517410"/>
   <trkpt lat="46.4866990" lon="6.7517030"/>
   <trkpt lat="46.4867120" lon="6.7516730"/>
   <trkpt lat="46.4867190" lon="6.7516430"/>
   <trkpt lat="46.4867330" lon="6.7516110"/>
   <trkpt lat="46.4867330" lon="6.7515880"/>
   <trkpt lat="46.4867460" lon="6.7515540"/>
   <trkpt lat="46.4867580" lon="6.7515260"/>
   <trkpt lat="46.4867680" lon="6.7514920"/>
   <trkpt lat="46.4867810" lon="6.7514650"/>
   <trkpt lat="46.4867880" lon="6.7514410"/>
   <trkpt lat="46.4868060" lon="6.7514060"/>
   <trkpt lat="46.4868170" lon="6.7513810"/>
   <trkpt lat="46.4868310" lon="6.7513460"/>
   <trkpt lat="46.4868450" lon="6.7513150"/>
   <trkpt lat="46.4868490" lon="6.7512830"/>
   <trkpt lat="46.4868640" lon="6.7512490"/>
   <trkpt lat="46.4868720" lon="6.7512210"/>
   <trkpt lat="46.4868800" lon="6.7511860"/>
   <trkpt lat="46.4868930" lon="6.7511550"/>
   <trkpt lat="46.4868980" lon="6.7511320"/>
   <trkpt lat="46.4869130" lon="6.7510990"/>
   <trkpt lat="46.4869220" lon="6.7510790"/>
   <trkpt lat="46.4869310" lon="6.7510440"/>
   <trkpt lat="46.4869430" lon="6.7510170"/>
   <trkpt lat="46.4869450" lon="6.7509920"/>
   <trkpt lat="46.4869600" lon="6.7509550"/>
   <trkpt lat="46.4869690" lon="6.7509330"/>
   <trkpt lat="46.4869790" lon="6.7508970"/>
   <trkpt lat="46.4869940" lon="6.7508670"/>
   <trkpt lat="46.4870030" lon="6.7508410"/>
   <trkpt lat="46.4870200" lon="6.7508010"/>
   <trkpt lat="46.4870280" lon="6.7507830"/>
   <trkpt lat="46.4870410" lon="6.7507480"/>
   <trkpt lat="46.4870580" lon="6.7507210"/>
   <trkpt lat="46.4870660" lon="6.7506880"/>
   <trkpt lat="46.4870800" lon="6.7506500"/>
   <trkpt lat="46.4870890" lon="6.7506240"/>
   <trkpt lat="46.4871010" lon="6.7505900"/>
   <trkpt lat="46.4871130" lon="6.7505610"/>
   <trkpt lat="46.4871180" lon="6.7505340"/>
   <trkpt lat="46.4871320" lon="6.7505010"/>
   <trkpt lat="46.4871390" lon="6.7504790"/>
   <trkpt lat="46.4871520" lon="6.7504450"/>
   <trkpt lat="46.4871650" lon="6.7504160"/>
   <trkpt lat="46.4871700" lon="6.7503870"/>
   <trkpt lat="46.4871870" lon="6.7503500"/>
   <trkpt lat="46.4871930" lon="6.7503250"/>
   <trkpt lat="46.4872050" lon="6.7502840"/>
   <trkpt lat="46.4872200" lon="6.7502590"/>
   <trkpt lat="46.4872360" lon="6.7502350"/>
   <trkpt lat="46.4872520" lon="6.7502010"/>
   <trkpt lat="46.4872560" lon="6.7501790"/>
   <trkpt lat="46.4872680" lon="6.7501410"/>
   <trkpt lat="46.4872780" lon="6.7501160"/>
   <trkpt lat="46.4872870" lon="6.7500840"/>
   <trkpt lat="46.4873010" lon="6.7500520"/>
   <trkpt lat="46.4873060" lon="6.7500270"/>
   <trkpt lat="46.4873190" lon="6.7499850"/>
   <trkpt lat="46.4873270" lon="6.7499610"/>
   <trkpt lat="46.4873380" lon="6.7499230"/>
   <trkpt lat="46.4873530" lon="6.7498930"/>
   <trkpt lat="46.4873620" lon="6.7498670"/>
   <trkpt lat="46.4873790" lon="6.7498320"/>
   <trkpt lat="46.4873890" lon="6.7498090"/>
   <trkpt lat="46.4874040" lon="6.7497780"/>
   <trkpt lat="46.4874190" lon="6.7497520"/>
   <trkpt lat="46.4874300" lon="6.7497300"/>
   <trkpt lat="46.4874490" lon="6.7496970"/>
   <trkpt lat="46.4874530" lon="6.7496750"/>
   <trkpt lat="46.4874650" lon="6.7496370"/>
   <trkpt lat="46.4874780" lon="6.7496060"/>
   <trkpt lat="46.4874880" lon="6.7495800"/>
   <trkpt lat="46.4875050" lon="6.7495440"/>
   <trkpt lat="46.4875120" lon="6.7495270"/>
   <trkpt lat="46.4875260" lon="6.7494970"/>
   <trkpt lat="46.4875400" lon="6.7494730"/>
   <trkpt lat="46.4875500" lon="6.7494540"/>
   <trkpt lat="46.4875710" lon="6.7494260"/>
   <trkpt lat="46.4875830" lon="6.7494080"/>
   <trkpt lat="46.4875970" lon="6.7493820"/>
   <trkpt lat="46.4876120" lon="6.7493560"/>
   <trkpt lat="46.4876190" lon="6.7493260"/>
   <trkpt lat="46.4876390" lon="6.7492920"/>
   <trkpt lat="46.4876500" lon="6.7492720"/>
   <trkpt lat="46.4876710" lon="6.7492440"/>
   <trkpt lat="46.4876870" lon="6.7492200"/>
   <trkpt lat="46.4877040" lon="6.7491950"/>
   <trkpt lat="46.4877260" lon="6.7491690"/>
   <trkpt lat="46.4877370" lon="6.7491580"/>
   <trkpt lat="46.4877610" lon="6.7491330"/>
   <trkpt lat="46.4877840" lon="6.7491110"/>
   <trkpt lat="46.4878040" lon="6.7490880"/>
   <trkpt lat="46.4878280" lon="6.7490620"/>
   <trkpt lat="46.4878390" lon="6.7490490"/>
   <trkpt lat="46.4878580" lon="6.7490220"/>
   <trkpt lat="46.4878750" lon="6.7490050"/>
   <trkpt lat="46.4878930" lon="6.7489850"/>
   <trkpt lat="46.4879130" lon="6.7489590"/>
   <trkpt lat="46.4879250" lon="6.7489430"/>
   <trkpt lat="46.4879480" lon="6.7489150"/>
   <trkpt lat="46.4879650" lon="6.7488970"/>
   <trkpt lat="46.4879800" lon="6.7488730"/>
   <trkpt lat="46.4880000" lon="6.7488470"/>
   <trkpt lat="46.4880070" lon="6.7488280"/>
   <trkpt lat="46.4880270" lon="6.7488020"/>
   <trkpt lat="46.4880430" lon="6.7487820"/>
   <trkpt lat="46.4880590" lon="6.7487540"/>
   <trkpt lat="46.4880790" lon="6.7487280"/>
   <trkpt lat="46.4880870" lon="6.7487060"/>
   <trkpt lat="46.4881060" lon="6.7486720"/>
   <trkpt lat="46.4881200" lon="6.7486530"/>
   <trkpt lat="46.4881350" lon="6.7486220"/>
   <trkpt lat="46.4881550" lon="6.7485990"/>
   <trkpt lat="46.4881610" lon="6.7485790"/>
   <trkpt lat="46.4881780" lon="6.7485470"/>
   <trkpt lat="46.4881900" lon="6.7485260"/>
   <trkpt lat="46.4882010" lon="6.7484920"/>
   <trkpt lat="46.4882140" lon="6.7484600"/>
   <trkpt lat="46.4882220" lon="6.7484340"/>
   <trkpt lat="46.4882380" lon="6.7483970"/>
   <trkpt lat="46.4882440" lon="6.7483750"/>
   <trkpt lat="46.4882530" lon="6.7483390"/>
   <trkpt lat="46.4882650" lon="6.7483080"/>
   <trkpt lat="46.4882700" lon="6.7482840"/>
   <trkpt lat="46.4882840" lon="6.7482450"/>
   <trkpt lat="46.4882910" lon="6.7482230"/>
   <trkpt lat="46.4883000" lon="6.7481910"/>
   <trkpt lat="46.4883150" lon="6.7481600"/>
   <trkpt lat="46.4883180" lon="6.7481340"/>
   <trkpt lat="46.4883320" lon="6.7480980"/>
   <trkpt lat="46.4883380" lon="6.7480740"/>
   <trkpt lat="46.4883510" lon="6.7480390"/>
   <trkpt lat="46.4883660" lon="6.7480080"/>
   <trkpt lat="46.4883740" lon="6.7479790"/>
   <trkpt lat="46.4883870" lon="6.7479420"/>
   <trkpt lat="46.4883950" lon="6.7479190"/>
   <trkpt lat="46.4884070" lon="6.7478820"/>
   <trkpt lat="46.4884190" lon="6.7478520"/>
   <trkpt lat="46.4884230" lon="6.7478280"/>
   <trkpt lat="46.4884370" lon="6.7477980"/>
   <trkpt lat="46.4884460" lon="6.7477750"/>
   <trkpt lat="46.4884570" lon="6.7477400"/>
   <trkpt lat="46.4884690" lon="6.7477090"/>
   <trkpt lat="46.4884740" lon="6.7476800"/>
   <trkpt lat="46.4884880" lon="6.7476420"/>
   <trkpt lat="46.4884980" lon="6.7476170"/>
   <trkpt lat="46.4885110" lon="6.7475880"/>
   <trkpt lat="46.4885240" lon="6.7475660"/>
   <trkpt lat="46.4885270" lon="6.7475400"/>
   <trkpt lat="46.4885400" lon="6.7475030"/>
   <trkpt lat="46.4885460" lon="6.7474800"/>
   <trkpt lat="46.4885610" lon="6.7474470"/>
   <trkpt lat="46.4885750" lon="6.7474190"/>
   <trkpt lat="46.4885810" lon="6.7473920"/>
   <trkpt lat="46.4885950" lon="6.7473570"/>
   <trkpt lat="46.4886020" lon="6.7473330"/>
   <trkpt lat="46.4886100" lon="6.7472990"/>
   <trkpt lat="46.4886210" lon="6.7472690"/>
   <trkpt lat="46.4886260" lon="6.7472440"/>
   <trkpt lat="46.4886390" lon="6.7472070"/>
   <trkpt lat="46.4886470" lon="6.7471860"/>
   <trkpt lat="46.4886560" lon="6.7471510"/>
   <trkpt lat="46.4886700" lon="6.7471240"/>
   <trkpt lat="46.4886750" lon="6.7470910"/>
   <trkpt lat="46.4886910" lon="6.7470520"/>
   <trkpt lat="46.4887000" lon="6.7470270"/>
   <trkpt lat="46.4887150" lon="6.7469870"/>
   <trkpt lat="46.4887260" lon="6.7469510"/>
   <trkpt lat="46.4887340" lon="6.7469180"/>
   <trkpt lat="46.4887480" lon="6.7468850"/>
   <trkpt lat="46.4887540" lon="6.7468580"/>
   <trkpt lat="46.4887660" lon="6.7468210"/>
   <trkpt lat="46.4887780" lon="6.7467910"/>
   <trkpt lat="46.4887860" lon="6.7467610"/>
   <trkpt lat="46.4888020" lon="6.7467270"/>
   <trkpt lat="46.4888060" lon="6.7467060"/>
   <trkpt lat="46.4888160" lon="6.7466710"/>
   <trkpt lat="46.4888290" lon="6.7466420"/>
   <trkpt lat="46.4888390" lon="6.7466190"/>
   <trkpt lat="46.4888570" lon="6.7465870"/>
   <trkpt lat="46.4888600" lon="6.7465650"/>
   <trkpt lat="46.4888710" lon="6.7465300"/>
   <trkpt lat="46.4888860" lon="6.7465040"/>
   <trkpt lat="46.4888960" lon="6.7464770"/>
   <trkpt lat="46.4889140" lon="6.7464430"/>
   <trkpt lat="46.4889220" lon="6.7464170"/>
   <trkpt lat="46.4889380" lon="6.7463830"/>
   <trkpt lat="46.4889530" lon="6.7463540"/>
   <trkpt lat="46.4889670" lon="6.7463230"/>
   <trkpt lat="46.4889900" lon="6.7462920"/>
   <trkpt lat="46.4889980" lon="6.7462720"/>
   <trkpt lat="46.4890140" lon="6.7462400"/>
   <trkpt lat="46.4890300" lon="6.7462160"/>
   <trkpt lat="46.4890430" lon="6.7461860"/>
   <trkpt lat="46.4890600" lon="6.7461570"/>
   <trkpt lat="46.4890680" lon="6.7461340"/>
   <trkpt lat="46.4890850" lon="6.7460990"/>
   <trkpt lat="46.4890990" lon="6.7460720"/>
   <trkpt lat="46.4891180" lon="6.7460370"/>
   <trkpt lat="46.4891350" lon="6.7460090"/>
   <trkpt lat="46.4891490" lon="6.7459790"/>
   <trkpt lat="46.4891650" lon="6.7459420"/>
   <trkpt lat="46.4891710" lon="6.7459200"/>
   <trkpt lat="46.4891920" lon="6.7458880"/>
   <trkpt lat="46.4892000" lon="6.7458620"/>
   <trkpt lat="46.4892240" lon="6.7458250"/>
   <trkpt lat="46.4892420" lon="6.7457990"/>
   <trkpt lat="46.4892500" lon="6.7457700"/>
   <trkpt lat="46.4892660" lon="6.7457360"/>
   <trkpt lat="46.4892710" lon="6.7457100"/>
   <trkpt lat="46.4892910" lon="6.7456790"/>
   <trkpt lat="46.4893110" lon="6.7456560"/>
   <trkpt lat="46.4893230" lon="6.7456290"/>
   <trkpt lat="46.4893430" lon="6.7455960"/>
   <trkpt lat="46.4893480" lon="6.7455710"/>
   <trkpt lat="46.4893670" lon="6.7455350"/>
   <trkpt lat="46.4893810" lon="6.7455130"/>
   <trkpt lat="46.4893950" lon="6.7454810"/>
   <trkpt lat="46.4894140" lon="6.7454490"/>
   <trkpt lat="46.4894240" lon="6.7454260"/>
   <trkpt lat="46.4894420" lon="6.7453930"/>
   <trkpt lat="46.4894540" lon="6.7453690"/>
   <trkpt lat="46.4894630" lon="6.7453330"/>
   <trkpt lat="46.4894800" lon="6.7453050"/>
   <trkpt lat="46.4894860" lon="6.7452760"/>
   <trkpt lat="46.4895040" lon="6.7452420"/>
   <trkpt lat="46.4895120" lon="6.7452140"/>
   <trkpt lat="46.4895210" lon="6.7451770"/>
   <trkpt lat="46.4895360" lon="6.7451430"/>
   <trkpt lat="46.4895440" lon="6.7451110"/>
   <trkpt lat="46.4895560" lon="6.7450740"/>
   <trkpt lat="46.4895570" lon="6.7450530"/>
   <trkpt lat="46.4895680" lon="6.7450180"/>
   <trkpt lat="46.4895810" lon="6.7449890"/>
   <trkpt lat="46.4895880" lon="6.7449590"/>
   <trkpt lat="46.4896020" lon="6.7449190"/>
   <trkpt lat="46.4896110" lon="6.7448920"/>
   <trkpt lat="46.4896190" lon="6.7448540"/>
   <trkpt lat="46.4896310" lon="6.7448250"/>
   <trkpt lat="46.4896340" lon="6.7447940"/>
   <trkpt lat="46.4896460" lon="6.7447560"/>
   <trkpt lat="46.4896450" lon="6.7447260"/>
   <trkpt lat="46.4896560" lon="6.7446900"/>
   <trkpt lat="46.4896660" lon="6.7446580"/>
   <trkpt lat="46.4896720" lon="6.7446200"/>
   <trkpt lat="46.4896840" lon="6.7445840"/>
   <trkpt lat="46.4896880" lon="6.7445560"/>
   <trkpt lat="46.4897000" lon="6.7445180"/>
   <trkpt lat="46.4897050" lon="6.7444880"/>
   <trkpt lat="46.4897130" lon="6.7444470"/>
   <trkpt lat="46.4897220" lon="6.7444100"/>
   <trkpt lat="46.4897260" lon="6.7443760"/>
   <trkpt lat="46.4897350" lon="6.7443400"/>
   <trkpt lat="46.4897350" lon="6.7443130"/>
   <trkpt lat="46.4897400" lon="6.7442700"/>
   <trkpt lat="46.4897460" lon="6.7442410"/>
   <trkpt lat="46.4897460" lon="6.7442060"/>
   <trkpt lat="46.4897530" lon="6.7441690"/>
   <trkpt lat="46.4897510" lon="6.7441460"/>
   <trkpt lat="46.4897550" lon="6.7441060"/>
   <trkpt lat="46.4897590" lon="6.7440730"/>
   <trkpt lat="46.4897550" lon="6.7440340"/>
   <trkpt lat="46.4897620" lon="6.7439950"/>
   <trkpt lat="46.4897630" lon="6.7439660"/>
   <trkpt lat="46.4897680" lon="6.7439240"/>
   <trkpt lat="46.4897680" lon="6.7438930"/>
   <trkpt lat="46.4897680" lon="6.7438560"/>
   <trkpt lat="46.4897710" lon="6.7438240"/>
   <trkpt lat="46.4897710" lon="6.7437950"/>
   <trkpt lat="46.4897790" lon="6.7437610"/>
   <trkpt lat="46.4897810" lon="6.7437300"/>
   <trkpt lat="46.4897870" lon="6.7436940"/>
   <trkpt lat="46.4897880" lon="6.7436580"/>
   <trkpt lat="46.4897870" lon="6.7436290"/>
   <trkpt lat="46.4897920" lon="6.7435960"/>
   <trkpt lat="46.4897910" lon="6.7435670"/>
   <trkpt lat="46.4897930" lon="6.7435360"/>
   <trkpt lat="46.4897970" lon="6.7435050"/>
   <trkpt lat="46.4897960" lon="6.7434750"/>
   <trkpt lat="46.4898010" lon="6.7434370"/>
   <trkpt lat="46.4897990" lon="6.7434040"/>
   <trkpt lat="46.4898010" lon="6.7433690"/>
   <trkpt lat="46.4898000" lon="6.7433380"/>
   <trkpt lat="46.4897970" lon="6.7433110"/>
   <trkpt lat="46.4898020" lon="6.7432740"/>
   <trkpt lat="46.4897980" lon="6.7432500"/>
   <trkpt lat="46.4897980" lon="6.7432070"/>
   <trkpt lat="46.4897980" lon="6.7431770"/>
   <trkpt lat="46.4897940" lon="6.7431420"/>
   <trkpt lat="46.4897960" lon="6.7431070"/>
   <trkpt lat="46.4897920" lon="6.7430840"/>
   <trkpt lat="46.4897890" lon="6.7430390"/>
   <trkpt lat="46.4897890" lon="6.7430080"/>
   <trkpt lat="46.4897860" lon="6.7429710"/>
   <trkpt lat="46.4897880" lon="6.7429290"/>
   <trkpt lat="46.4897820" lon="6.7429070"/>
   <trkpt lat="46.4897840" lon="6.7428670"/>
   <trkpt lat="46.4897860" lon="6.7428420"/>
   <trkpt lat="46.4897900" lon="6.7428130"/>
   <trkpt lat="46.4897990" lon="6.7427760"/>
   <trkpt lat="46.4897970" lon="6.7427530"/>
   <trkpt lat="46.4897950" lon="6.7427170"/>
   <trkpt lat="46.4897940" lon="6.7426860"/>
   <trkpt lat="46.4897910" lon="6.7426560"/>
   <trkpt lat="46.4897950" lon="6.7426140"/>
   <trkpt lat="46.4897920" lon="6.7425870"/>
   <trkpt lat="46.4897960" lon="6.7425460"/>
   <trkpt lat="46.4897990" lon="6.7425130"/>
   <trkpt lat="46.4897940" lon="6.7424730"/>
   <trkpt lat="46.4897970" lon="6.7424340"/>
   <trkpt lat="46.4897950" lon="6.7424080"/>
   <trkpt lat="46.4897970" lon="6.7423690"/>
   <trkpt lat="46.4897990" lon="6.7423440"/>
   <trkpt lat="46.4897950" lon="6.7423160"/>
   <trkpt lat="46.4897970" lon="6.7422800"/>
   <trkpt lat="46.4897960" lon="6.7422580"/>
   <trkpt lat="46.4897970" lon="6.7422200"/>
   <trkpt lat="46.4897980" lon="6.7421930"/>
   <trkpt lat="46.4897950" lon="6.7421600"/>
   <trkpt lat="46.4898020" lon="6.7421220"/>
   <trkpt lat="46.4897990" lon="6.7420980"/>
   <trkpt lat="46.4898010" lon="6.7420560"/>
   <trkpt lat="46.4898010" lon="6.7420320"/>
   <trkpt lat="46.4897940" lon="6.7419960"/>
   <trkpt lat="46.4897970" lon="6.7419600"/>
   <trkpt lat="46.4897940" lon="6.7419350"/>
   <trkpt lat="46.4897930" lon="6.7418950"/>
   <trkpt lat="46.4897950" lon="6.7418690"/>
   <trkpt lat="46.4897890" lon="6.7418340"/>
   <trkpt lat="46.4897890" lon="6.7417970"/>
   <trkpt lat="46.4897870" lon="6.7417740"/>
   <trkpt lat="46.4897930" lon="6.7417320"/>
   <trkpt lat="46.4897960" lon="6.7417070"/>
   <trkpt lat="46.4897940" lon="6.7416770"/>
   <trkpt lat="46.4897930" lon="6.7416400"/>
   <trkpt lat="46.4897920" lon="6.7416210"/>
   <trkpt lat="46.4897900" lon="6.7415830"/>
   <trkpt lat="46.4897910" lon="6.7415540"/>
   <trkpt lat="46.4897870" lon="6.7415270"/>
   <trkpt lat="46.4897890" lon="6.7414870"/>
   <trkpt lat="46.4897910" lon="6.7414610"/>
   <trkpt lat="46.4897920" lon="6.7414200"/>
   <trkpt lat="46.4897930" lon="6.7413890"/>
   <trkpt lat="46.4897870" lon="6.7413590"/>
   <trkpt lat="46.4897870" lon="6.7413210"/>
   <trkpt lat="46.4897870" lon="6.7412960"/>
   <trkpt lat="46.4897880" lon="6.7412540"/>
   <trkpt lat="46.4897860" lon="6.7412310"/>
   <trkpt lat="46.4897820" lon="6.7411980"/>
   <trkpt lat="46.4897830" lon="6.7411650"/>
   <trkpt lat="46.4897800" lon="6.7411370"/>
   <trkpt lat="46.4897800" lon="6.7410930"/>
   <trkpt lat="46.4897790" lon="6.7410640"/>
   <trkpt lat="46.4897750" lon="6.7410280"/>
   <trkpt lat="46.4897740" lon="6.7409960"/>
   <trkpt lat="46.4897710" lon="6.7409680"/>
   <trkpt lat="46.4897690" lon="6.7409250"/>
   <trkpt lat="46.4897660" lon="6.7408980"/>
   <trkpt lat="46.4897620" lon="6.7408590"/>
   <trkpt lat="46.4897610" lon="6.7408230"/>
   <trkpt lat="46.4897570" lon="6.7407960"/>
   <trkpt lat="46.4897560" lon="6.7407540"/>
   <trkpt lat="46.4897580" lon="6.7407350"/>
   <trkpt lat="46.4897550" lon="6.7407020"/>
   <trkpt lat="46.4897560" lon="6.7406700"/>
   <trkpt lat="46.4897510" lon="6.7406450"/>
   <trkpt lat="46.4897530" lon="6.7406060"/>
   <trkpt lat="46.4897540" lon="6.7405780"/>
   <trkpt lat="46.4897530" lon="6.7405440"/>
   <trkpt lat="46.4897540" lon="6.7405100"/>
   <trkpt lat="46.4897520" lon="6.7404850"/>
   <trkpt lat="46.4897570" lon="6.7404440"/>
   <trkpt lat="46.4897590" lon="6.7404130"/>
   <trkpt lat="46.4897570" lon="6.7403810"/>
   <trkpt lat="46.4897610" lon="6.7403460"/>
   <trkpt lat="46.4897540" lon="6.7403210"/>
   <trkpt lat="46.4897620" lon="6.7402840"/>
   <trkpt lat="46.4897610" lon="6.7402620"/>
   <trkpt lat="46.4897610" lon="6.7402280"/>
   <trkpt lat="46.4897670" lon="6.7401950"/>
   <trkpt lat="46.4897660" lon="6.7401670"/>
   <trkpt lat="46.4897720" lon="6.7401330"/>
   <trkpt lat="46.4897750" lon="6.7401060"/>
   <trkpt lat="46.4897780" lon="6.7400640"/>
   <trkpt lat="46.4897840" lon="6.7400300"/>
   <trkpt lat="46.4897870" lon="6.7399970"/>
   <trkpt lat="46.4897930" lon="6.7399580"/>
   <trkpt lat="46.4897920" lon="6.7399310"/>
   <trkpt lat="46.4897960" lon="6.7398950"/>
   <trkpt lat="46.4898030" lon="6.7398660"/>
   <trkpt lat="46.4898040" lon="6.7398360"/>
   <trkpt lat="46.4898130" lon="6.7397970"/>
   <trkpt lat="46.4898140" lon="6.7397710"/>
   <trkpt lat="46.4898200" lon="6.7397310"/>
   <trkpt lat="46.4898290" lon="6.7396910"/>
   <trkpt lat="46.4898330" lon="6.7396570"/>
   <trkpt lat="46.4898390" lon="6.7396190"/>
   <trkpt lat="46.4898370" lon="6.7395900"/>
   <trkpt lat="46.4898440" lon="6.7395490"/>
   <trkpt lat="46.4898520" lon="6.7395180"/>
   <trkpt lat="46.4898570" lon="6.7394830"/>
   <trkpt lat="46.4898690" lon="6.7394450"/>
   <trkpt lat="46.4898710" lon="6.7394130"/>
   <trkpt lat="46.4898810" lon="6.7393710"/>
   <trkpt lat="46.4898900" lon="6.7393390"/>
   <trkpt lat="46.4898960" lon="6.7392970"/>
   <trkpt lat="46.4899050" lon="6.7392620"/>
   <trkpt lat="46.4899060" lon="6.7392320"/>
   <trkpt lat="46.4899190" lon="6.7391910"/>
   <trkpt lat="46.4899250" lon="6.7391590"/>
   <trkpt lat="46.4899320" lon="6.7391220"/>
   <trkpt lat="46.4899410" lon="6.7390870"/>
   <trkpt lat="46.4899420" lon="6.7390540"/>
   <trkpt lat="46.4899570" lon="6.7390130"/>
   <trkpt lat="46.4899640" lon="6.7389820"/>
   <trkpt lat="46.4899730" lon="6.7389450"/>
   <trkpt lat="46.4899880" lon="6.7389090"/>
   <trkpt lat="46.4899930" lon="6.7388770"/>
   <trkpt lat="46.4900100" lon="6.7388380"/>
   <trkpt lat="46.4900200" lon="6.7388050"/>
   <trkpt lat="46.4900310" lon="6.7387700"/>
   <trkpt lat="46.4900440" lon="6.7387350"/>
   <trkpt lat="46.4900470" lon="6.7387020"/>
   <trkpt lat="46.4900580" lon="6.7386610"/>
   <trkpt lat="46.4900570" lon="6.7386300"/>
   <trkpt lat="46.4900680" lon="6.7385860"/>
   <trkpt lat="46.4900800" lon="6.7385500"/>
   <trkpt lat="46.4900820" lon="6.7385170"/>
   <trkpt lat="46.4900920" lon="6.7384780"/>
   <trkpt lat="46.4900960" lon="6.7384490"/>
   <trkpt lat="46.4900970" lon="6.7384020"/>
   <trkpt lat="46.4901000" lon="6.7383630"/>
   <trkpt lat="46.4900970" lon="6.7383310"/>
   <trkpt lat="46.4900960" lon="6.7382860"/>
   <trkpt lat="46.4900960" lon="6.7382560"/>
   <trkpt lat="46.4900900" lon="6.7382120"/>
   <trkpt lat="46.4900880" lon="6.7381730"/>
   <trkpt lat="46.4900870" lon="6.7381350"/>
   <trkpt lat="46.4900820" lon="6.7380950"/>
   <trkpt lat="46.4900790" lon="6.7380700"/>
   <trkpt lat="46.4900730" lon="6.7380360"/>
   <trkpt lat="46.4900690" lon="6.7380080"/>
   <trkpt lat="46.4900660" lon="6.7379770"/>
   <trkpt lat="46.4900550" lon="6.7379360"/>
   <trkpt lat="46.4900530" lon="6.7378950"/>
   <trkpt lat="46.4900440" lon="6.7378550"/>
   <trkpt lat="46.4900360" lon="6.7378180"/>
   <trkpt lat="46.4900310" lon="6.7377890"/>
   <trkpt lat="46.4900270" lon="6.7377470"/>
   <trkpt lat="46.4900170" lon="6.7377250"/>
   <trkpt lat="46.4900030" lon="6.7376880"/>
   <trkpt lat="46.4899940" lon="6.7376570"/>
   <trkpt lat="46.4899820" lon="6.7376260"/>
   <trkpt lat="46.4899810" lon="6.7375850"/>
   <trkpt lat="46.4899730" lon="6.7375560"/>
   <trkpt lat="46.4899620" lon="6.7375150"/>
   <trkpt lat="46.4899550" lon="6.7374870"/>
   <trkpt lat="46.4899410" lon="6.7374520"/>
   <trkpt lat="46.4899370" lon="6.7374140"/>
   <trkpt lat="46.4899220" lon="6.7373840"/>
   <trkpt lat="46.4899090" lon="6.7373450"/>
   <trkpt lat="46.4898990" lon="6.7373230"/>
   <trkpt lat="46.4898860" lon="6.7372880"/>
   <trkpt lat="46.4898770" lon="6.7372550"/>
   <trkpt lat="46.4898590" lon="6.7372290"/>
   <trkpt lat="46.4898470" lon="6.7371920"/>
   <trkpt lat="46.4898350" lon="6.7371670"/>
   <trkpt lat="46.4898130" lon="6.7371300"/>
   <trkpt lat="46.4898010" lon="6.7371000"/>
   <trkpt lat="46.4897820" lon="6.7370640"/>
   <trkpt lat="46.4897730" lon="6.7370260"/>
   <trkpt lat="46.4897560" lon="6.7369960"/>
   <trkpt lat="46.4897410" lon="6.7369530"/>
   <trkpt lat="46.4897320" lon="6.7369250"/>
   <trkpt lat="46.4897160" lon="6.7368840"/>
   <trkpt lat="46.4897080" lon="6.7368520"/>
   <trkpt lat="46.4896890" lon="6.7368220"/>
   <trkpt lat="46.4896780" lon="6.7367870"/>
   <trkpt lat="46.4896690" lon="6.7367640"/>
   <trkpt lat="46.4896550" lon="6.7367220"/>
   <trkpt lat="46.4896440" lon="6.7366890"/>
   <trkpt lat="46.4896320" lon="6.7366560"/>
   <trkpt lat="46.4896250" lon="6.7366200"/>
   <trkpt lat="46.4896120" lon="6.7365930"/>
   <trkpt lat="46.4896040" lon="6.7365530"/>
   <trkpt lat="46.4895940" lon="6.7365250"/>
   <trkpt lat="46.4895870" lon="6.7364790"/>
   <trkpt lat="46.4895790" lon="6.7364440"/>
   <trkpt lat="46.4895710" lon="6.7364040"/>
   <trkpt lat="46.4895680" lon="6.7363650"/>
   <trkpt lat="46.4895580" lon="6.7363340"/>
   <trkpt lat="46.4895520" lon="6.7362880"/>
   <trkpt lat="46.4895440" lon="6.7362590"/>
   <trkpt lat="46.4895320" lon="6.7362210"/>
   <trkpt lat="46.4895290" lon="6.7361900"/>
   <trkpt lat="46.4895210" lon="6.7361630"/>
   <trkpt lat="46.4895180" lon="6.7361220"/>
   <trkpt lat="46.4895130" lon="6.7360920"/>
   <trkpt lat="46.4895110" lon="6.7360530"/>
   <trkpt lat="46.4895060" lon="6.7360220"/>
   <trkpt lat="46.4894930" lon="6.7359980"/>
   <trkpt lat="46.4894760" lon="6.7359690"/>
   <trkpt lat="46.4894670" lon="6.7359470"/>
   <trkpt lat="46.4894430" lon="6.7359220"/>
   <trkpt lat="46.4894230" lon="6.7358970"/>
   <trkpt lat="46.4894020" lon="6.7358690"/>
   <trkpt lat="46.4893950" lon="6.7358280"/>
   <trkpt lat="46.4893850" lon="6.7358030"/>
   <trkpt lat="46.4893750" lon="6.7357640"/>
   <trkpt lat="46.4893730" lon="6.7357290"/>
   <trkpt lat="46.4893650" lon="6.7356980"/>
   <trkpt lat="46.4893580" lon="6.7356610"/>
   <trkpt lat="46.4893510" lon="6.7356390"/>
   <trkpt lat="46.4893470" lon="6.7355960"/>
   <trkpt lat="46.4893450" lon="6.7355630"/>
   <trkpt lat="46.4893370" lon="6.7355290"/>
   <trkpt lat="46.4893310" lon="6.7354880"/>
   <trkpt lat="46.4893270" lon="6.7354610"/>
   <trkpt lat="46.4893210" lon="6.7354220"/>
   <trkpt lat="46.4893190" lon="6.7353860"/>
   <trkpt lat="46.4893150" lon="6.7353520"/>
   <trkpt lat="46.4893130" lon="6.7353150"/>
   <trkpt lat="46.4893080" lon="6.7352860"/>
   <trkpt lat="46.4892990" lon="6.7352470"/>
   <trkpt lat="46.4892930" lon="6.7352150"/>
   <trkpt lat="46.4892870" lon="6.7351780"/>
   <trkpt lat="46.4892900" lon="6.7351360"/>
   <trkpt lat="46.4892900" lon="6.7351080"/>
   <trkpt lat="46.4892920" lon="6.7350850"/>
   <trkpt lat="46.4892840" lon="6.7350700"/>
   <trkpt lat="46.4892750" lon="6.7350570"/>
   <trkpt lat="46.4892620" lon="6.7350230"/>
   <trkpt lat="46.4892560" lon="6.7349980"/>
   <trkpt lat="46.4892470" lon="6.7349630"/>
   <trkpt lat="46.4892420" lon="6.7349340"/>
   <trkpt lat="46.4892380" lon="6.7349030"/>
   <trkpt lat="46.4892350" lon="6.7348630"/>
   <trkpt lat="46.4892320" lon="6.7348330"/>
   <trkpt lat="46.4892260" lon="6.7348040"/>
   <trkpt lat="46.4892230" lon="6.7347720"/>
   <trkpt lat="46.4892140" lon="6.7347470"/>
   <trkpt lat="46.4892070" lon="6.7347070"/>
   <trkpt lat="46.4892000" lon="6.7346820"/>
   <trkpt lat="46.4891900" lon="6.7346520"/>
   <trkpt lat="46.4891870" lon="6.7346160"/>
   <trkpt lat="46.4891800" lon="6.7345910"/>
   <trkpt lat="46.4891720" lon="6.7345570"/>
   <trkpt lat="46.4891690" lon="6.7345290"/>
   <trkpt lat="46.4891590" lon="6.7344950"/>
   <trkpt lat="46.4891560" lon="6.7344560"/>
   <trkpt lat="46.4891490" lon="6.7344340"/>
   <trkpt lat="46.4891380" lon="6.7343970"/>
   <trkpt lat="46.4891330" lon="6.7343660"/>
   <trkpt lat="46.4891230" lon="6.7343410"/>
   <trkpt lat="46.4891130" lon="6.7343060"/>
   <trkpt lat="46.4891110" lon="6.7342780"/>
   <trkpt lat="46.4891000" lon="6.7342460"/>
   <trkpt lat="46.4890950" lon="6.7342140"/>
   <trkpt lat="46.4890880" lon="6.7341910"/>
   <trkpt lat="46.4890810" lon="6.7341540"/>
   <trkpt lat="46.4890740" lon="6.7341250"/>
   <trkpt lat="46.4890620" lon="6.7340920"/>
   <trkpt lat="46.4890540" lon="6.7340560"/>
   <trkpt lat="46.4890480" lon="6.7340400"/>
   <trkpt lat="46.4890350" lon="6.7340030"/>
   <trkpt lat="46.4890270" lon="6.7339770"/>
   <trkpt lat="46.4890140" lon="6.7339500"/>
   <trkpt lat="46.4890060" lon="6.7339210"/>
   <trkpt lat="46.4889970" lon="6.7338980"/>
   <trkpt lat="46.4889800" lon="6.7338620"/>
   <trkpt lat="46.4889680" lon="6.7338320"/>
   <trkpt lat="46.4889510" lon="6.7338010"/>
   <trkpt lat="46.4889400" lon="6.7337710"/>
   <trkpt lat="46.4889320" lon="6.7337470"/>
   <trkpt lat="46.4889200" lon="6.7337180"/>
   <trkpt lat="46.4889130" lon="6.7336890"/>
   <trkpt lat="46.4889030" lon="6.7336690"/>
   <trkpt lat="46.4888880" lon="6.7336340"/>
   <trkpt lat="46.4888780" lon="6.7336110"/>
   <trkpt lat="46.4888600" lon="6.7335810"/>
   <trkpt lat="46.4888510" lon="6.7335510"/>
   <trkpt lat="46.4888400" lon="6.7335340"/>
   <trkpt lat="46.4888240" lon="6.7335030"/>
   <trkpt lat="46.4888150" lon="6.7334800"/>
   <trkpt lat="46.4887990" lon="6.7334510"/>
   <trkpt lat="46.4887920" lon="6.7334190"/>
   <trkpt lat="46.4887840" lon="6.7333960"/>
   <trkpt lat="46.4887670" lon="6.7333610"/>
   <trkpt lat="46.4887580" lon="6.7333360"/>
   <trkpt lat="46.4887430" lon="6.7333100"/>
   <trkpt lat="46.4887280" lon="6.7332800"/>
   <trkpt lat="46.4887130" lon="6.7332670"/>
   <trkpt lat="46.4886930" lon="6.7332400"/>
   <trkpt lat="46.4886820" lon="6.7332170"/>
   <trkpt lat="46.4886720" lon="6.7331820"/>
   <trkpt lat="46.4886640" lon="6.7331500"/>
   <trkpt lat="46.4886540" lon="6.7331360"/>
   <trkpt lat="46.4886360" lon="6.7331030"/>
   <trkpt lat="46.4886230" lon="6.7330790"/>
   <trkpt lat="46.4886030" lon="6.7330530"/>
   <trkpt lat="46.4885880" lon="6.7330170"/>
   <trkpt lat="46.4885770" lon="6.7329990"/>
   <trkpt lat="46.4885580" lon="6.7329670"/>
   <trkpt lat="46.4885410" lon="6.7329410"/>
   <trkpt lat="46.4885310" lon="6.7329130"/>
   <trkpt lat="46.4885170" lon="6.7328820"/>
   <trkpt lat="46.4885040" lon="6.7328600"/>
   <trkpt lat="46.4884860" lon="6.7328310"/>
   <trkpt lat="46.4884710" lon="6.7328200"/>
   <trkpt lat="46.4884520" lon="6.7327960"/>
   <trkpt lat="46.4884360" lon="6.7327740"/>
   <trkpt lat="46.4884230" lon="6.7327600"/>
   <trkpt lat="46.4884000" lon="6.7327250"/>
   <trkpt lat="46.4883860" lon="6.7326980"/>
   <trkpt lat="46.4883660" lon="6.7326750"/>
   <trkpt lat="46.4883490" lon="6.7326460"/>
   <trkpt lat="46.4883360" lon="6.7326320"/>
   <trkpt lat="46.4883120" lon="6.7326080"/>
   <trkpt lat="46.4882960" lon="6.7325890"/>
   <trkpt lat="46.4882770" lon="6.7325630"/>
   <trkpt lat="46.4882640" lon="6.7325310"/>
   <trkpt lat="46.4882530" lon="6.7325150"/>
   <trkpt lat="46.4882350" lon="6.7324930"/>
   <trkpt lat="46.4882220" lon="6.7324700"/>
   <trkpt lat="46.4882040" lon="6.7324510"/>
   <trkpt lat="46.4881890" lon="6.7324190"/>
   <trkpt lat="46.4881810" lon="6.7323980"/>
   <trkpt lat="46.4881650" lon="6.7323700"/>
   <trkpt lat="46.4881570" lon="6.7323380"/>
   <trkpt lat="46.4881460" lon="6.7323160"/>
   <trkpt lat="46.4881310" lon="6.7322840"/>
   <trkpt lat="46.4881160" lon="6.7322650"/>
   <trkpt lat="46.4880950" lon="6.7322410"/>
   <trkpt lat="46.4880800" lon="6.7322240"/>
   <trkpt lat="46.4880680" lon="6.7322080"/>
   <trkpt lat="46.4880510" lon="6.7321800"/>
   <trkpt lat="46.4880410" lon="6.7321640"/>
   <trkpt lat="46.4880220" lon="6.7321490"/>
   <trkpt lat="46.4880010" lon="6.7321310"/>
   <trkpt lat="46.4879850" lon="6.7321120"/>
   <trkpt lat="46.4879680" lon="6.7320920"/>
   <trkpt lat="46.4879510" lon="6.7320760"/>
   <trkpt lat="46.4879270" lon="6.7320580"/>
   <trkpt lat="46.4879020" lon="6.7320320"/>
   <trkpt lat="46.4878880" lon="6.7320180"/>
   <trkpt lat="46.4878620" lon="6.7319960"/>
   <trkpt lat="46.4878440" lon="6.7319760"/>
   <trkpt lat="46.4878240" lon="6.7319520"/>
   <trkpt lat="46.4878030" lon="6.7319230"/>
   <trkpt lat="46.4877850" lon="6.7318950"/>
   <trkpt lat="46.4877810" lon="6.7318540"/>
   <trkpt lat="46.4877940" lon="6.7318250"/>
   <trkpt lat="46.4878020" lon="6.7317930"/>
   <trkpt lat="46.4878180" lon="6.7317600"/>
   <trkpt lat="46.4878360" lon="6.7317400"/>
   <trkpt lat="46.4878600" lon="6.7317110"/>
   <trkpt lat="46.4878930" lon="6.7317080"/>
   <trkpt lat="46.4879150" lon="6.7317030"/>
   <trkpt lat="46.4879400" lon="6.7317180"/>
   <trkpt lat="46.4879590" lon="6.7317360"/>
   <trkpt lat="46.4879830" lon="6.7317550"/>
   <trkpt lat="46.4880010" lon="6.7317810"/>
   <trkpt lat="46.4880150" lon="6.7317980"/>
   <trkpt lat="46.4880370" lon="6.7318270"/>
   <trkpt lat="46.4880550" lon="6.7318500"/>
   <trkpt lat="46.4880770" lon="6.7318730"/>
   <trkpt lat="46.4880950" lon="6.7318960"/>
   <trkpt lat="46.4881080" lon="6.7319050"/>
   <trkpt lat="46.4881330" lon="6.7319280"/>
   <trkpt lat="46.4881470" lon="6.7319460"/>
   <trkpt lat="46.4881680" lon="6.7319550"/>
   <trkpt lat="46.4881930" lon="6.7319790"/>
   <trkpt lat="46.4882070" lon="6.7319900"/>
   <trkpt lat="46.4882330" lon="6.7320130"/>
   <trkpt lat="46.4882540" lon="6.7320310"/>
   <trkpt lat="46.4882700" lon="6.7320480"/>
   <trkpt lat="46.4882960" lon="6.7320740"/>
   <trkpt lat="46.4883080" lon="6.7320810"/>
   <trkpt lat="46.4883280" lon="6.7321060"/>
   <trkpt lat="46.4883500" lon="6.7321330"/>
   <trkpt lat="46.4883660" lon="6.7321450"/>
   <trkpt lat="46.4883870" lon="6.7321770"/>
   <trkpt lat="46.4883960" lon="6.7322080"/>
   <trkpt lat="46.4884160" lon="6.7322330"/>
   <trkpt lat="46.4884330" lon="6.7322640"/>
   <trkpt lat="46.4884450" lon="6.7322800"/>
   <trkpt lat="46.4884640" lon="6.7323100"/>
   <trkpt lat="46.4884730" lon="6.7323350"/>
   <trkpt lat="46.4884850" lon="6.7323610"/>
   <trkpt lat="46.4885020" lon="6.7323940"/>
   <trkpt lat="46.4885120" lon="6.7324110"/>
   <trkpt lat="46.4885290" lon="6.7324420"/>
   <trkpt lat="46.4885380" lon="6.7324710"/>
   <trkpt lat="46.4885510" lon="6.7324940"/>
   <trkpt lat="46.4885680" lon="6.7325270"/>
   <trkpt lat="46.4885810" lon="6.7325370"/>
   <trkpt lat="46.4886020" lon="6.7325600"/>
   <trkpt lat="46.4886210" lon="6.7325750"/>
   <trkpt lat="46.4886340" lon="6.7325900"/>
   <trkpt lat="46.4886500" lon="6.7326200"/>
   <trkpt lat="46.4886640" lon="6.7326400"/>
   <trkpt lat="46.4886820" lon="6.7326620"/>
   <trkpt lat="46.4886950" lon="6.7326940"/>
   <trkpt lat="46.4887100" lon="6.7327140"/>
   <trkpt lat="46.4887300" lon="6.7327420"/>
   <trkpt lat="46.4887430" lon="6.7327650"/>
   <trkpt lat="46.4887570" lon="6.7327840"/>
   <trkpt lat="46.4887700" lon="6.7328200"/>
   <trkpt lat="46.4887780" lon="6.7328430"/>
   <trkpt lat="46.4887950" lon="6.7328740"/>
   <trkpt lat="46.4888120" lon="6.7329000"/>
   <trkpt lat="46.4888260" lon="6.7329230"/>
   <trkpt lat="46.4888450" lon="6.7329600"/>
   <trkpt lat="46.4888530" lon="6.7329880"/>
   <trkpt lat="46.4888670" lon="6.7330190"/>
   <trkpt lat="46.4888800" lon="6.7330510"/>
   <trkpt lat="46.4888880" lon="6.7330740"/>
   <trkpt lat="46.4889030" lon="6.7331050"/>
   <trkpt lat="46.4889100" lon="6.7331320"/>
   <trkpt lat="46.4889230" lon="6.7331570"/>
   <trkpt lat="46.4889360" lon="6.7331890"/>
   <trkpt lat="46.4889460" lon="6.7332080"/>
   <trkpt lat="46.4889570" lon="6.7332440"/>
   <trkpt lat="46.4889630" lon="6.7332650"/>
   <trkpt lat="46.4889740" lon="6.7332910"/>
   <trkpt lat="46.4889880" lon="6.7333230"/>
   <trkpt lat="46.4889970" lon="6.7333470"/>
   <trkpt lat="46.4890100" lon="6.7333800"/>
   <trkpt lat="46.4890210" lon="6.7334160"/>
   <trkpt lat="46.4890340" lon="6.7334410"/>
   <trkpt lat="46.4890480" lon="6.7334780"/>
   <trkpt lat="46.4890530" lon="6.7334990"/>
   <trkpt lat="46.4890670" lon="6.7335320"/>
   <trkpt lat="46.4890740" lon="6.7335590"/>
   <trkpt lat="46.4890880" lon="6.7335830"/>
   <trkpt lat="46.4891020" lon="6.7336180"/>
   <trkpt lat="46.4891070" lon="6.7336370"/>
   <trkpt lat="46.4891200" lon="6.7336680"/>
   <trkpt lat="46.4891270" lon="6.7337010"/>
   <trkpt lat="46.4891330" lon="6.7337290"/>
   <trkpt lat="46.4891390" lon="6.7337610"/>
   <trkpt lat="46.4891470" lon="6.7337850"/>
   <trkpt lat="46.4891570" lon="6.7338160"/>
   <trkpt lat="46.4891640" lon="6.7338380"/>
   <trkpt lat="46.4891780" lon="6.7338660"/>
   <trkpt lat="46.4891860" lon="6.7339080"/>
   <trkpt lat="46.4891910" lon="6.7339360"/>
   <trkpt lat="46.4892050" lon="6.7339660"/>
   <trkpt lat="46.4892110" lon="6.7340040"/>
   <trkpt lat="46.4892160" lon="6.7340250"/>
   <trkpt lat="46.4892270" lon="6.7340600"/>
   <trkpt lat="46.4892350" lon="6.7340920"/>
   <trkpt lat="46.4892480" lon="6.7341200"/>
   <trkpt lat="46.4892570" lon="6.7341530"/>
   <trkpt lat="46.4892640" lon="6.7341810"/>
   <trkpt lat="46.4892710" lon="6.7342190"/>
   <trkpt lat="46.4892750" lon="6.7342390"/>
   <trkpt lat="46.4892830" lon="6.7342670"/>
   <trkpt lat="46.4892910" lon="6.7342980"/>
   <trkpt lat="46.4892960" lon="6.7343180"/>
   <trkpt lat="46.4893140" lon="6.7343550"/>
   <trkpt lat="46.4893270" lon="6.7343770"/>
   <trkpt lat="46.4893470" lon="6.7343970"/>
   <trkpt lat="46.4893690" lon="6.7343950"/>
   <trkpt lat="46.4893830" lon="6.7343850"/>
   <trkpt lat="46.4894060" lon="6.7343800"/>
   <trkpt lat="46.4894170" lon="6.7343690"/>
   <trkpt lat="46.4894200" lon="6.7343460"/>
   <trkpt lat="46.4894280" lon="6.7343150"/>
   <trkpt lat="46.4894270" lon="6.7343010"/>
   <trkpt lat="46.4894260" lon="6.7342650"/>
   <trkpt lat="46.4894230" lon="6.7342320"/>
   <trkpt lat="46.4894150" lon="6.7342140"/>
   <trkpt lat="46.4894070" lon="6.7341780"/>
   <trkpt lat="46.4893990" lon="6.7341470"/>
   <trkpt lat="46.4893910" lon="6.7341300"/>
   <trkpt lat="46.4893840" lon="6.7340880"/>
   <trkpt lat="46.4893750" lon="6.7340610"/>
   <trkpt lat="46.4893650" lon="6.7340340"/>
   <trkpt lat="46.4893660" lon="6.7340070"/>
   <trkpt lat="46.4893670" lon="6.7339850"/>
   <trkpt lat="46.4893680" lon="6.7339520"/>
   <trkpt lat="46.4893680" lon="6.7339150"/>
   <trkpt lat="46.4893620" lon="6.7338930"/>
   <trkpt lat="46.4893560" lon="6.7338560"/>
   <trkpt lat="46.4893570" lon="6.7338210"/>
   <trkpt lat="46.4893510" lon="6.7337950"/>
   <trkpt lat="46.4893500" lon="6.7337610"/>
   <trkpt lat="46.4893470" lon="6.7337380"/>
   <trkpt lat="46.4893410" lon="6.7337100"/>
   <trkpt lat="46.4893400" lon="6.7336770"/>
   <trkpt lat="46.4893390" lon="6.7336560"/>
   <trkpt lat="46.4893360" lon="6.7336160"/>
   <trkpt lat="46.4893320" lon="6.7335880"/>
   <trkpt lat="46.4893270" lon="6.7335600"/>
   <trkpt lat="46.4893260" lon="6.7335250"/>
   <trkpt lat="46.4893230" lon="6.7335050"/>
   <trkpt lat="46.4893200" lon="6.7334640"/>
   <trkpt lat="46.4893170" lon="6.7334340"/>
   <trkpt lat="46.4893110" lon="6.7334100"/>
   <trkpt lat="46.4893100" lon="6.7333800"/>
   <trkpt lat="46.4893060" lon="6.7333600"/>
   <trkpt lat="46.4892940" lon="6.7333320"/>
   <trkpt lat="46.4892910" lon="6.7333020"/>
   <trkpt lat="46.4892810" lon="6.7332870"/>
   <trkpt lat="46.4892720" lon="6.7332450"/>
   <trkpt lat="46.4892680" lon="6.7332160"/>
   <trkpt lat="46.4892570" lon="6.7331870"/>
   <trkpt lat="46.4892530" lon="6.7331520"/>
   <trkpt lat="46.4892490" lon="6.7331320"/>
   <trkpt lat="46.4892420" lon="6.7331050"/>
   <trkpt lat="46.4892350" lon="6.7330740"/>
   <trkpt lat="46.4892210" lon="6.7330550"/>
   <trkpt lat="46.4892130" lon="6.7330210"/>
   <trkpt lat="46.4892150" lon="6.7329940"/>
   <trkpt lat="46.4892050" lon="6.7329660"/>
   <trkpt lat="46.4892030" lon="6.7329320"/>
   <trkpt lat="46.4891930" lon="6.7329120"/>
   <trkpt lat="46.4891820" lon="6.7328780"/>
   <trkpt lat="46.4891770" lon="6.7328480"/>
   <trkpt lat="46.4891670" lon="6.7328240"/>
   <trkpt lat="46.4891590" lon="6.7327870"/>
   <trkpt lat="46.4891500" lon="6.7327710"/>
   <trkpt lat="46.4891390" lon="6.7327340"/>
   <trkpt lat="46.4891350" lon="6.7327020"/>
   <trkpt lat="46.4891270" lon="6.7326750"/>
   <trkpt lat="46.4891160" lon="6.7326400"/>
   <trkpt lat="46.4891100" lon="6.7326180"/>
   <trkpt lat="46.4890960" lon="6.7325910"/>
   <trkpt lat="46.4890920" lon="6.7325580"/>
   <trkpt lat="46.4890810" lon="6.7325440"/>
   <trkpt lat="46.4890710" lon="6.7325070"/>
   <trkpt lat="46.4890680" lon="6.7324810"/>
   <trkpt lat="46.4890540" lon="6.7324510"/>
   <trkpt lat="46.4890470" lon="6.7324160"/>
   <trkpt lat="46.4890390" lon="6.7323970"/>
   <trkpt lat="46.4890260" lon="6.7323620"/>
   <trkpt lat="46.4890210" lon="6.7323290"/>
   <trkpt lat="46.4890090" lon="6.7323030"/>
   <trkpt lat="46.4889920" lon="6.7322740"/>
   <trkpt lat="46.4889870" lon="6.7322580"/>
   <trkpt lat="46.4889750" lon="6.7322340"/>
   <trkpt lat="46.4889650" lon="6.7322100"/>
   <trkpt lat="46.4889560" lon="6.7321970"/>
   <trkpt lat="46.4889380" lon="6.7321720"/>
   <trkpt lat="46.4889350" lon="6.7321490"/>
   <trkpt lat="46.4889180" lon="6.7321160"/>
   <trkpt lat="46.4889090" lon="6.7320790"/>
   <trkpt lat="46.4888980" lon="6.7320500"/>
   <trkpt lat="46.4888870" lon="6.7320150"/>
   <trkpt lat="46.4888800" lon="6.7319870"/>
   <trkpt lat="46.4888650" lon="6.7319580"/>
   <trkpt lat="46.4888570" lon="6.7319230"/>
   <trkpt lat="46.4888490" lon="6.7319030"/>
   <trkpt lat="46.4888350" lon="6.7318720"/>
   <trkpt lat="46.4888270" lon="6.7318420"/>
   <trkpt lat="46.4888170" lon="6.7318140"/>
   <trkpt lat="46.4888020" lon="6.7317850"/>
   <trkpt lat="46.4887880" lon="6.7317640"/>
   <trkpt lat="46.4887730" lon="6.7317360"/>
   <trkpt lat="46.4887560" lon="6.7317040"/>
   <trkpt lat="46.4887430" lon="6.7316750"/>
   <trkpt lat="46.4887340" lon="6.7316490"/>
   <trkpt lat="46.4887230" lon="6.7316210"/>
   <trkpt lat="46.4887110" lon="6.7315980"/>
   <trkpt lat="46.4886970" lon="6.7315650"/>
   <trkpt lat="46.4886840" lon="6.7315470"/>
   <trkpt lat="46.4886740" lon="6.7315190"/>
   <trkpt lat="46.4886610" lon="6.7314860"/>
   <trkpt lat="46.4886560" lon="6.7314590"/>
   <trkpt lat="46.4886480" lon="6.7314240"/>
   <trkpt lat="46.4886370" lon="6.7313960"/>
   <trkpt lat="46.4886220" lon="6.7313680"/>
   <trkpt lat="46.4886070" lon="6.7313430"/>
   <trkpt lat="46.4885960" lon="6.7313210"/>
   <trkpt lat="46.4885790" lon="6.7312930"/>
   <trkpt lat="46.4885650" lon="6.7312700"/>
   <trkpt lat="46.4885510" lon="6.7312460"/>
   <trkpt lat="46.4885400" lon="6.7312180"/>
   <trkpt lat="46.4885310" lon="6.7311970"/>
   <trkpt lat="46.4885120" lon="6.7311650"/>
   <trkpt lat="46.4885040" lon="6.7311400"/>
   <trkpt lat="46.4884940" lon="6.7311080"/>
   <trkpt lat="46.4884900" lon="6.7310710"/>
   <trkpt lat="46.4884790" lon="6.7310490"/>
   <trkpt lat="46.4884650" lon="6.7310230"/>
   <trkpt lat="46.4884600" lon="6.7309880"/>
   <trkpt lat="46.4884460" lon="6.7309690"/>
   <trkpt lat="46.4884280" lon="6.7309370"/>
   <trkpt lat="46.4884140" lon="6.7309210"/>
   <trkpt lat="46.4883930" lon="6.7308860"/>
   <trkpt lat="46.4883780" lon="6.7308620"/>
   <trkpt lat="46.4883610" lon="6.7308410"/>
   <trkpt lat="46.4883410" lon="6.7308040"/>
   <trkpt lat="46.4883320" lon="6.7307830"/>
   <trkpt lat="46.4883150" lon="6.7307500"/>
   <trkpt lat="46.4883040" lon="6.7307180"/>
   <trkpt lat="46.4882930" lon="6.7306970"/>
   <trkpt lat="46.4882810" lon="6.7306580"/>
   <trkpt lat="46.4882720" lon="6.7306290"/>
   <trkpt lat="46.4882610" lon="6.7305990"/>
   <trkpt lat="46.4882510" lon="6.7305620"/>
   <trkpt lat="46.4882470" lon="6.7305320"/>
   <trkpt lat="46.4882360" lon="6.7304920"/>
   <trkpt lat="46.4882320" lon="6.7304500"/>
   <trkpt lat="46.4882240" lon="6.7304190"/>
   <trkpt lat="46.4882160" lon="6.7303800"/>
   <trkpt lat="46.4882100" lon="6.7303580"/>
   <trkpt lat="46.4881970" lon="6.7303220"/>
   <trkpt lat="46.4881960" lon="6.7302870"/>
   <trkpt lat="46.4881900" lon="6.7302560"/>
   <trkpt lat="46.4881830" lon="6.7302170"/>
   <trkpt lat="46.4881750" lon="6.7302020"/>
   <trkpt lat="46.4881620" lon="6.7301710"/>
   <trkpt lat="46.4881550" lon="6.7301390"/>
   <trkpt lat="46.4881440" lon="6.7301210"/>
   <trkpt lat="46.4881310" lon="6.7300860"/>
   <trkpt lat="46.4881250" lon="6.7300650"/>
   <trkpt lat="46.4881150" lon="6.7300500"/>
   <trkpt lat="46.4881010" lon="6.7300420"/>
   <trkpt lat="46.4880940" lon="6.7300330"/>
   <trkpt lat="46.4880900" lon="6.7300250"/>
   <trkpt lat="46.4880820" lon="6.7300160"/>
   <trkpt lat="46.4880750" lon="6.7300020"/>
   <trkpt lat="46.4880720" lon="6.7299830"/>
   <trkpt lat="46.4880690" lon="6.7299610"/>
   <trkpt lat="46.4880660" lon="6.7299350"/>
   <trkpt lat="46.4880600" lon="6.7299160"/>
   <trkpt lat="46.4880560" lon="6.7299020"/>
   <trkpt lat="46.4880500" lon="6.7298870"/>
   <trkpt lat="46.4880450" lon="6.7298720"/>
   <trkpt lat="46.4880410" lon="6.7298550"/>
   <trkpt lat="46.4880390" lon="6.7298430"/>
   <trkpt lat="46.4880370" lon="6.7298300"/>
   <trkpt lat="46.4880360" lon="6.7298200"/>
   <trkpt lat="46.4880330" lon="6.7298120"/>
   <trkpt lat="46.4880280" lon="6.7298070"/>
   <trkpt lat="46.4880150" lon="6.7297930"/>
   <trkpt lat="46.4880040" lon="6.7297640"/>
   <trkpt lat="46.4879950" lon="6.7297460"/>
   <trkpt lat="46.4879810" lon="6.7297200"/>
   <trkpt lat="46.4879700" lon="6.7296890"/>
   <trkpt lat="46.4879600" lon="6.7296650"/>
   <trkpt lat="46.4879350" lon="6.7296410"/>
   <trkpt lat="46.4879210" lon="6.7296150"/>
   <trkpt lat="46.4879070" lon="6.7295910"/>
   <trkpt lat="46.4878920" lon="6.7295560"/>
   <trkpt lat="46.4878840" lon="6.7295360"/>
   <trkpt lat="46.4878630" lon="6.7295080"/>
   <trkpt lat="46.4878500" lon="6.7294870"/>
   <trkpt lat="46.4878330" lon="6.7294640"/>
   <trkpt lat="46.4878210" lon="6.7294370"/>
   <trkpt lat="46.4878100" lon="6.7294190"/>
   <trkpt lat="46.4877910" lon="6.7293840"/>
   <trkpt lat="46.4877800" lon="6.7293670"/>
   <trkpt lat="46.4877610" lon="6.7293320"/>
   <trkpt lat="46.4877490" lon="6.7292990"/>
   <trkpt lat="46.4877340" lon="6.7292690"/>
   <trkpt lat="46.4877240" lon="6.7292290"/>
   <trkpt lat="46.4877140" lon="6.7292030"/>
   <trkpt lat="46.4877020" lon="6.7291650"/>
   <trkpt lat="46.4876960" lon="6.7291280"/>
   <trkpt lat="46.4876870" lon="6.7290990"/>
   <trkpt lat="46.4876810" lon="6.7290610"/>
   <trkpt lat="46.4876760" lon="6.7290340"/>
   <trkpt lat="46.4876690" lon="6.7289960"/>
   <trkpt lat="46.4876670" lon="6.7289670"/>
   <trkpt lat="46.4876610" lon="6.7289330"/>
   <trkpt lat="46.4876580" lon="6.7288990"/>
   <trkpt lat="46.4876510" lon="6.7288720"/>
   <trkpt lat="46.4876440" lon="6.7288420"/>
   <trkpt lat="46.4876380" lon="6.7288150"/>
   <trkpt lat="46.4876270" lon="6.7287900"/>
   <trkpt lat="46.4876200" lon="6.7287510"/>
   <trkpt lat="46.4876100" lon="6.7287270"/>
   <trkpt lat="46.4876010" lon="6.7286950"/>
   <trkpt lat="46.4875940" lon="6.7286650"/>
   <trkpt lat="46.4875890" lon="6.7286290"/>
   <trkpt lat="46.4875860" lon="6.7285830"/>
   <trkpt lat="46.4875810" lon="6.7285460"/>
   <trkpt lat="46.4875740" lon="6.7285090"/>
   <trkpt lat="46.4875690" lon="6.7284750"/>
   <trkpt lat="46.4875620" lon="6.7284540"/>
   <trkpt lat="46.4875580" lon="6.7284220"/>
   <trkpt lat="46.4875550" lon="6.7283920"/>
   <trkpt lat="46.4875490" lon="6.7283650"/>
   <trkpt lat="46.4875440" lon="6.7283310"/>
   <trkpt lat="46.4875320" lon="6.7283040"/>
   <trkpt lat="46.4875360" lon="6.7282750"/>
   <trkpt lat="46.4875370" lon="6.7282400"/>
   <trkpt lat="46.4875330" lon="6.7282140"/>
   <trkpt lat="46.4875290" lon="6.7281760"/>
   <trkpt lat="46.4875230" lon="6.7281480"/>
   <trkpt lat="46.4875140" lon="6.7281210"/>
   <trkpt lat="46.4875130" lon="6.7280810"/>
   <trkpt lat="46.4875080" lon="6.7280570"/>
   <trkpt lat="46.4874990" lon="6.7280190"/>
   <trkpt lat="46.4874900" lon="6.7279910"/>
   <trkpt lat="46.4874800" lon="6.7279590"/>
   <trkpt lat="46.4874690" lon="6.7279260"/>
   <trkpt lat="46.4874630" lon="6.7278990"/>
   <trkpt lat="46.4874580" lon="6.7278610"/>
   <trkpt lat="46.4874520" lon="6.7278310"/>
   <trkpt lat="46.4874430" lon="6.7278010"/>
   <trkpt lat="46.4874400" lon="6.7277680"/>
   <trkpt lat="46.4874340" lon="6.7277450"/>
   <trkpt lat="46.4874330" lon="6.7277160"/>
   <trkpt lat="46.4874310" lon="6.7276850"/>
   <trkpt lat="46.4874250" lon="6.7276600"/>
   <trkpt lat="46.4874230" lon="6.7276270"/>
   <trkpt lat="46.4874200" lon="6.7275950"/>
   <trkpt lat="46.4874120" lon="6.7275600"/>
   <trkpt lat="46.4874120" lon="6.7275250"/>
   <trkpt lat="46.4874060" lon="6.7274990"/>
   <trkpt lat="46.4874100" lon="6.7274640"/>
   <trkpt lat="46.4874100" lon="6.7274300"/>
   <trkpt lat="46.4874100" lon="6.7273950"/>
   <trkpt lat="46.4874100" lon="6.7273540"/>
   <trkpt lat="46.4874030" lon="6.7273270"/>
   <trkpt lat="46.4874020" lon="6.7272890"/>
   <trkpt lat="46.4873970" lon="6.7272670"/>
   <trkpt lat="46.4873900" lon="6.7272330"/>
   <trkpt lat="46.4873910" lon="6.7271910"/>
   <trkpt lat="46.4873820" lon="6.7271700"/>
   <trkpt lat="46.4873780" lon="6.7271280"/>
   <trkpt lat="46.4873750" lon="6.7270980"/>
   <trkpt lat="46.4873720" lon="6.7270660"/>
   <trkpt lat="46.4873730" lon="6.7270290"/>
   <trkpt lat="46.4873670" lon="6.7270050"/>
   <trkpt lat="46.4873630" lon="6.7269660"/>
   <trkpt lat="46.4873640" lon="6.7269390"/>
   <trkpt lat="46.4873590" lon="6.7269060"/>
   <trkpt lat="46.4873580" lon="6.7268700"/>
   <trkpt lat="46.4873500" lon="6.7268460"/>
   <trkpt lat="46.4873510" lon="6.7268070"/>
   <trkpt lat="46.4873480" lon="6.7267750"/>
   <trkpt lat="46.4873440" lon="6.7267500"/>
   <trkpt lat="46.4873410" lon="6.7267190"/>
   <trkpt lat="46.4873390" lon="6.7266910"/>
   <trkpt lat="46.4873370" lon="6.7266550"/>
   <trkpt lat="46.4873360" lon="6.7266180"/>
   <trkpt lat="46.4873300" lon="6.7265860"/>
   <trkpt lat="46.4873380" lon="6.7265440"/>
   <trkpt lat="46.4873350" lon="6.7265140"/>
   <trkpt lat="46.4873300" lon="6.7264730"/>
   <trkpt lat="46.4873320" lon="6.7264400"/>
   <trkpt lat="46.4873330" lon="6.7264070"/>
   <trkpt lat="46.4873360" lon="6.7263740"/>
   <trkpt lat="46.4873300" lon="6.7263510"/>
   <trkpt lat="46.4873250" lon="6.7263160"/>
   <trkpt lat="46.4873280" lon="6.7262880"/>
   <trkpt lat="46.4873230" lon="6.7262660"/>
   <trkpt lat="46.4873270" lon="6.7262290"/>
   <trkpt lat="46.4873280" lon="6.7262010"/>
   <trkpt lat="46.4873280" lon="6.7261730"/>
   <trkpt lat="46.4873300" lon="6.7261350"/>
   <trkpt lat="46.4873280" lon="6.7261110"/>
   <trkpt lat="46.4873290" lon="6.7260820"/>
   <trkpt lat="46.4873320" lon="6.7260480"/>
   <trkpt lat="46.4873300" lon="6.7260210"/>
   <trkpt lat="46.4873340" lon="6.7259830"/>
   <trkpt lat="46.4873350" lon="6.7259560"/>
   <trkpt lat="46.4873350" lon="6.7259150"/>
   <trkpt lat="46.4873350" lon="6.7258750"/>
   <trkpt lat="46.4873290" lon="6.7258460"/>
   <trkpt lat="46.4873350" lon="6.7258090"/>
   <trkpt lat="46.4873370" lon="6.7257830"/>
   <trkpt lat="46.4873400" lon="6.7257480"/>
   <trkpt lat="46.4873420" lon="6.7257120"/>
   <trkpt lat="46.4873360" lon="6.7256910"/>
   <trkpt lat="46.4873330" lon="6.7256510"/>
   <trkpt lat="46.4873320" lon="6.7256240"/>
   <trkpt lat="46.4873280" lon="6.7255950"/>
   <trkpt lat="46.4873310" lon="6.7255580"/>
   <trkpt lat="46.4873240" lon="6.7255350"/>
   <trkpt lat="46.4873240" lon="6.7254990"/>
   <trkpt lat="46.4873270" lon="6.7254700"/>
   <trkpt lat="46.4873250" lon="6.7254450"/>
   <trkpt lat="46.4873280" lon="6.7254070"/>
   <trkpt lat="46.4873250" lon="6.7253830"/>
   <trkpt lat="46.4873310" lon="6.7253420"/>
   <trkpt lat="46.4873360" lon="6.7253140"/>
   <trkpt lat="46.4873340" lon="6.7252830"/>
   <trkpt lat="46.4873340" lon="6.7252470"/>
   <trkpt lat="46.4873370" lon="6.7252150"/>
   <trkpt lat="46.4873340" lon="6.7251810"/>
   <trkpt lat="46.4873340" lon="6.7251450"/>
   <trkpt lat="46.4873340" lon="6.7251230"/>
   <trkpt lat="46.4873410" lon="6.7250830"/>
   <trkpt lat="46.4873490" lon="6.7250540"/>
   <trkpt lat="46.4873510" lon="6.7250200"/>
   <trkpt lat="46.4873530" lon="6.7249800"/>
   <trkpt lat="46.4873490" lon="6.7249590"/>
   <trkpt lat="46.4873480" lon="6.7249240"/>
   <trkpt lat="46.4873470" lon="6.7249020"/>
   <trkpt lat="46.4873470" lon="6.7248750"/>
   <trkpt lat="46.4873490" lon="6.7248410"/>
   <trkpt lat="46.4873440" lon="6.7248220"/>
   <trkpt lat="46.4873390" lon="6.7247930"/>
   <trkpt lat="46.4873460" lon="6.7247570"/>
   <trkpt lat="46.4873430" lon="6.7247300"/>
   <trkpt lat="46.4873460" lon="6.7246920"/>
   <trkpt lat="46.4873430" lon="6.7246650"/>
   <trkpt lat="46.4873450" lon="6.7246280"/>
   <trkpt lat="46.4873440" lon="6.7245930"/>
   <trkpt lat="46.4873370" lon="6.7245630"/>
   <trkpt lat="46.4873380" lon="6.7245240"/>
   <trkpt lat="46.4873360" lon="6.7244970"/>
   <trkpt lat="46.4873330" lon="6.7244640"/>
   <trkpt lat="46.4873340" lon="6.7244300"/>
   <trkpt lat="46.4873290" lon="6.7244040"/>
   <trkpt lat="46.4873270" lon="6.7243650"/>
   <trkpt lat="46.4873250" lon="6.7243360"/>
   <trkpt lat="46.4873210" lon="6.7243030"/>
   <trkpt lat="46.4873200" lon="6.7242660"/>
   <trkpt lat="46.4873130" lon="6.7242400"/>
   <trkpt lat="46.4873120" lon="6.7242060"/>
   <trkpt lat="46.4873110" lon="6.7241790"/>
   <trkpt lat="46.4873070" lon="6.7241470"/>
   <trkpt lat="46.4873050" lon="6.7241130"/>
   <trkpt lat="46.4872990" lon="6.7240930"/>
   <trkpt lat="46.4872930" lon="6.7240600"/>
   <trkpt lat="46.4872900" lon="6.7240280"/>
   <trkpt lat="46.4872820" lon="6.7240030"/>
   <trkpt lat="46.4872820" lon="6.7239620"/>
   <trkpt lat="46.4872880" lon="6.7239360"/>
   <trkpt lat="46.4872850" lon="6.7239090"/>
   <trkpt lat="46.4872870" lon="6.7238720"/>
   <trkpt lat="46.4872810" lon="6.7238500"/>
   <trkpt lat="46.4872730" lon="6.7238110"/>
   <trkpt lat="46.4872700" lon="6.7237840"/>
   <trkpt lat="46.4872620" lon="6.7237570"/>
   <trkpt lat="46.4872570" lon="6.7237240"/>
   <trkpt lat="46.4872570" lon="6.7237020"/>
   <trkpt lat="46.4872550" lon="6.7236690"/>
   <trkpt lat="46.4872540" lon="6.7236360"/>
   <trkpt lat="46.4872480" lon="6.7236110"/>
   <trkpt lat="46.4872480" lon="6.7235700"/>
   <trkpt lat="46.4872450" lon="6.7235380"/>
   <trkpt lat="46.4872410" lon="6.7235060"/>
   <trkpt lat="46.4872430" lon="6.7234730"/>
   <trkpt lat="46.4872410" lon="6.7234450"/>
   <trkpt lat="46.4872400" lon="6.7234050"/>
   <trkpt lat="46.4872380" lon="6.7233750"/>
   <trkpt lat="46.4872350" lon="6.7233520"/>
   <trkpt lat="46.4872350" lon="6.7233130"/>
   <trkpt lat="46.4872290" lon="6.7232850"/>
   <trkpt lat="46.4872240" lon="6.7232550"/>
   <trkpt lat="46.4872230" lon="6.7232190"/>
   <trkpt lat="46.4872150" lon="6.7232010"/>
   <trkpt lat="46.4872140" lon="6.7231650"/>
   <trkpt lat="46.4872140" lon="6.7231390"/>
   <trkpt lat="46.4872090" lon="6.7231100"/>
   <trkpt lat="46.4872050" lon="6.7230750"/>
   <trkpt lat="46.4872000" lon="6.7230520"/>
   <trkpt lat="46.4871960" lon="6.7230140"/>
   <trkpt lat="46.4871960" lon="6.7229800"/>
   <trkpt lat="46.4871900" lon="6.7229530"/>
   <trkpt lat="46.4871890" lon="6.7229120"/>
   <trkpt lat="46.4871830" lon="6.7228780"/>
   <trkpt lat="46.4871790" lon="6.7228440"/>
   <trkpt lat="46.4871780" lon="6.7228090"/>
   <trkpt lat="46.4871710" lon="6.7227900"/>
   <trkpt lat="46.4871690" lon="6.7227600"/>
   <trkpt lat="46.4871680" lon="6.7227330"/>
   <trkpt lat="46.4871650" lon="6.7227070"/>
   <trkpt lat="46.4871660" lon="6.7226720"/>
   <trkpt lat="46.4871610" lon="6.7226500"/>
   <trkpt lat="46.4871690" lon="6.7226090"/>
   <trkpt lat="46.4871860" lon="6.7225750"/>
   <trkpt lat="46.4872050" lon="6.7225500"/>
   <trkpt lat="46.4872260" lon="6.7225550"/>
   <trkpt lat="46.4872390" lon="6.7225810"/>
   <trkpt lat="46.4872550" lon="6.7226100"/>
   <trkpt lat="46.4872610" lon="6.7226500"/>
   <trkpt lat="46.4872640" lon="6.7226740"/>
   <trkpt lat="46.4872710" lon="6.7227130"/>
   <trkpt lat="46.4872820" lon="6.7227440"/>
   <trkpt lat="46.4872860" lon="6.7227710"/>
   <trkpt lat="46.4872890" lon="6.7228090"/>
   <trkpt lat="46.4872890" lon="6.7228360"/>
   <trkpt lat="46.4872940" lon="6.7228610"/>
   <trkpt lat="46.4872940" lon="6.7228990"/>
   <trkpt lat="46.4873030" lon="6.7229240"/>
   <trkpt lat="46.4873130" lon="6.7229570"/>
   <trkpt lat="46.4873170" lon="6.7229960"/>
   <trkpt lat="46.4873200" lon="6.7230120"/>
   <trkpt lat="46.4873220" lon="6.7230470"/>
   <trkpt lat="46.4873220" lon="6.7230770"/>
   <trkpt lat="46.4873250" lon="6.7230980"/>
   <trkpt lat="46.4873270" lon="6.7231320"/>
   <trkpt lat="46.4873260" lon="6.7231540"/>
   <trkpt lat="46.4873280" lon="6.7231840"/>
   <trkpt lat="46.4873280" lon="6.7232220"/>
   <trkpt lat="46.4873320" lon="6.7232440"/>
   <trkpt lat="46.4873360" lon="6.7232830"/>
   <trkpt lat="46.4873380" lon="6.7233120"/>
   <trkpt lat="46.4873430" lon="6.7233360"/>
   <trkpt lat="46.4873440" lon="6.7233730"/>
   <trkpt lat="46.4873450" lon="6.7233930"/>
   <trkpt lat="46.4873490" lon="6.7234230"/>
   <trkpt lat="46.4873490" lon="6.7234520"/>
   <trkpt lat="46.4873530" lon="6.7234720"/>
   <trkpt lat="46.4873560" lon="6.7235060"/>
   <trkpt lat="46.4873590" lon="6.7235350"/>
   <trkpt lat="46.4873640" lon="6.7235630"/>
   <trkpt lat="46.4873650" lon="6.7236010"/>
   <trkpt lat="46.4873740" lon="6.7236180"/>
   <trkpt lat="46.4873780" lon="6.7236500"/>
   <trkpt lat="46.4873790" lon="6.7236850"/>
   <trkpt lat="46.4873830" lon="6.7237090"/>
   <trkpt lat="46.4873850" lon="6.7237460"/>
   <trkpt lat="46.4873860" lon="6.7237680"/>
   <trkpt lat="46.4873940" lon="6.7237930"/>
   <trkpt lat="46.4873930" lon="6.7238320"/>
   <trkpt lat="46.4873920" lon="6.7238520"/>
   <trkpt lat="46.4873950" lon="6.7238830"/>
   <trkpt lat="46.4873960" lon="6.7239130"/>
   <trkpt lat="46.4874010" lon="6.7239310"/>
   <trkpt lat="46.4874000" lon="6.7239700"/>
   <trkpt lat="46.4874020" lon="6.7239950"/>
   <trkpt lat="46.4874070" lon="6.7240210"/>
   <trkpt lat="46.4874050" lon="6.7240580"/>
   <trkpt lat="46.4874070" lon="6.7240770"/>
   <trkpt lat="46.4874090" lon="6.7241070"/>
   <trkpt lat="46.4874070" lon="6.7241390"/>
   <trkpt lat="46.4874100" lon="6.7241570"/>
   <trkpt lat="46.4874120" lon="6.7241910"/>
   <trkpt lat="46.4874120" lon="6.7242180"/>
   <trkpt lat="46.4874160" lon="6.7242450"/>
   <trkpt lat="46.4874160" lon="6.7242850"/>
   <trkpt lat="46.4874210" lon="6.7243040"/>
   <trkpt lat="46.4874270" lon="6.7243300"/>
   <trkpt lat="46.4874270" lon="6.7243660"/>
   <trkpt lat="46.4874280" lon="6.7243850"/>
   <trkpt lat="46.4874340" lon="6.7244180"/>
   <trkpt lat="46.4874350" lon="6.7244440"/>
   <trkpt lat="46.4874430" lon="6.7244650"/>
   <trkpt lat="46.4874490" lon="6.7245010"/>
   <trkpt lat="46.4874520" lon="6.7245250"/>
   <trkpt lat="46.4874530" lon="6.7245490"/>
   <trkpt lat="46.4874540" lon="6.7245850"/>
   <trkpt lat="46.4874580" lon="6.7246030"/>
   <trkpt lat="46.4874610" lon="6.7246310"/>
   <trkpt lat="46.4874610" lon="6.7246640"/>
   <trkpt lat="46.4874670" lon="6.7246850"/>
   <trkpt lat="46.4874700" lon="6.7247240"/>
   <trkpt lat="46.4874710" lon="6.7247500"/>
   <trkpt lat="46.4874780" lon="6.7247770"/>
   <trkpt lat="46.4874830" lon="6.7248130"/>
   <trkpt lat="46.4874850" lon="6.7248280"/>
   <trkpt lat="46.4874930" lon="6.7248620"/>
   <trkpt lat="46.4874900" lon="6.7248950"/>
   <trkpt lat="46.4874960" lon="6.7249100"/>
   <trkpt lat="46.4875010" lon="6.7249440"/>
   <trkpt lat="46.4875060" lon="6.7249650"/>
   <trkpt lat="46.4875140" lon="6.7249860"/>
   <trkpt lat="46.4875190" lon="6.7250190"/>
   <trkpt lat="46.4875250" lon="6.7250420"/>
   <trkpt lat="46.4875320" lon="6.7250710"/>
   <trkpt lat="46.4875380" lon="6.7251000"/>
   <trkpt lat="46.4875470" lon="6.7251140"/>
   <trkpt lat="46.4875600" lon="6.7251510"/>
   <trkpt lat="46.4875600" lon="6.7251810"/>
   <trkpt lat="46.4875650" lon="6.7252050"/>
   <trkpt lat="46.4875730" lon="6.7252430"/>
   <trkpt lat="46.4875750" lon="6.7252670"/>
   <trkpt lat="46.4875800" lon="6.7252950"/>
   <trkpt lat="46.4875830" lon="6.7253330"/>
   <trkpt lat="46.4875920" lon="6.7253490"/>
   <trkpt lat="46.4875980" lon="6.7253840"/>
   <trkpt lat="46.4876000" lon="6.7254150"/>
   <trkpt lat="46.4876070" lon="6.7254350"/>
   <trkpt lat="46.4876170" lon="6.7254720"/>
   <trkpt lat="46.4876210" lon="6.7254960"/>
   <trkpt lat="46.4876300" lon="6.7255230"/>
   <trkpt lat="46.4876320" lon="6.7255570"/>
   <trkpt lat="46.4876450" lon="6.7255700"/>
   <trkpt lat="46.4876510" lon="6.7256030"/>
   <trkpt lat="46.4876520" lon="6.7256340"/>
   <trkpt lat="46.4876570" lon="6.7256520"/>
   <trkpt lat="46.4876600" lon="6.7256880"/>
   <trkpt lat="46.4876650" lon="6.7257190"/>
   <trkpt lat="46.4876770" lon="6.7257410"/>
   <trkpt lat="46.4876850" lon="6.7257790"/>
   <trkpt lat="46.4876900" lon="6.7257960"/>
   <trkpt lat="46.4876980" lon="6.7258220"/>
   <trkpt lat="46.4877020" lon="6.7258530"/>
   <trkpt lat="46.4877070" lon="6.7258700"/>
   <trkpt lat="46.4877170" lon="6.7259040"/>
   <trkpt lat="46.4877260" lon="6.7259330"/>
   <trkpt lat="46.4877370" lon="6.7259510"/>
   <trkpt lat="46.4877500" lon="6.7259870"/>
   <trkpt lat="46.4877590" lon="6.7260030"/>
   <trkpt lat="46.4877690" lon="6.7260330"/>
   <trkpt lat="46.4877740" lon="6.7260690"/>
   <trkpt lat="46.4877760" lon="6.7260820"/>
   <trkpt lat="46.4877870" lon="6.7261190"/>
   <trkpt lat="46.4877920" lon="6.7261510"/>
   <trkpt lat="46.4878000" lon="6.7261690"/>
   <trkpt lat="46.4878150" lon="6.7262080"/>
   <trkpt lat="46.4878220" lon="6.7262290"/>
   <trkpt lat="46.4878360" lon="6.7262460"/>
   <trkpt lat="46.4878440" lon="6.7262800"/>
   <trkpt lat="46.4878500" lon="6.7263000"/>
   <trkpt lat="46.4878630" lon="6.7263290"/>
   <trkpt lat="46.4878750" lon="6.7263580"/>
   <trkpt lat="46.4878830" lon="6.7263720"/>
   <trkpt lat="46.4878970" lon="6.7264030"/>
   <trkpt lat="46.4879030" lon="6.7264280"/>
   <trkpt lat="46.4879110" lon="6.7264450"/>
   <trkpt lat="46.4879210" lon="6.7264800"/>
   <trkpt lat="46.4879290" lon="6.7265000"/>
   <trkpt lat="46.4879410" lon="6.7265210"/>
   <trkpt lat="46.4879470" lon="6.7265560"/>
   <trkpt lat="46.4879510" lon="6.7265720"/>
   <trkpt lat="46.4879620" lon="6.7265980"/>
   <trkpt lat="46.4879720" lon="6.7266290"/>
   <trkpt lat="46.4879750" lon="6.7266430"/>
   <trkpt lat="46.4879890" lon="6.7266770"/>
   <trkpt lat="46.4879970" lon="6.7267070"/>
   <trkpt lat="46.4880070" lon="6.7267290"/>
   <trkpt lat="46.4880190" lon="6.7267610"/>
   <trkpt lat="46.4880270" lon="6.7267810"/>
   <trkpt lat="46.4880380" lon="6.7268020"/>
   <trkpt lat="46.4880490" lon="6.7268360"/>
   <trkpt lat="46.4880530" lon="6.7268580"/>
   <trkpt lat="46.4880650" lon="6.7268820"/>
   <trkpt lat="46.4880800" lon="6.7269110"/>
   <trkpt lat="46.4880890" lon="6.7269220"/>
   <trkpt lat="46.4881030" lon="6.7269500"/>
   <trkpt lat="46.4881130" lon="6.7269810"/>
   <trkpt lat="46.4881220" lon="6.7270000"/>
   <trkpt lat="46.4881370" lon="6.7270320"/>
   <trkpt lat="46.4881450" lon="6.7270560"/>
   <trkpt lat="46.4881600" lon="6.7270790"/>
   <trkpt lat="46.4881770" lon="6.7271090"/>
   <trkpt lat="46.4881850" lon="6.7271300"/>
   <trkpt lat="46.4881950" lon="6.7271600"/>
   <trkpt lat="46.4882080" lon="6.7271890"/>
   <trkpt lat="46.4882160" lon="6.7272010"/>
   <trkpt lat="46.4882260" lon="6.7272300"/>
   <trkpt lat="46.4882330" lon="6.7272570"/>
   <trkpt lat="46.4882430" lon="6.7272740"/>
   <trkpt lat="46.4882570" lon="6.7273060"/>
   <trkpt lat="46.4882680" lon="6.7273250"/>
   <trkpt lat="46.4882840" lon="6.7273420"/>
   <trkpt lat="46.4883020" lon="6.7273680"/>
   <trkpt lat="46.4883120" lon="6.7273830"/>
   <trkpt lat="46.4883260" lon="6.7274080"/>
   <trkpt lat="46.4883400" lon="6.7274370"/>
   <trkpt lat="46.4883500" lon="6.7274550"/>
   <trkpt lat="46.4883650" lon="6.7274880"/>
   <trkpt lat="46.4883760" lon="6.7275110"/>
   <trkpt lat="46.4883860" lon="6.7275310"/>
   <trkpt lat="46.4883980" lon="6.7275600"/>
   <trkpt lat="46.4884090" lon="6.7275750"/>
   <trkpt lat="46.4884230" lon="6.7276030"/>
   <trkpt lat="46.4884340" lon="6.7276320"/>
   <trkpt lat="46.4884470" lon="6.7276460"/>
   <trkpt lat="46.4884580" lon="6.7276750"/>
   <trkpt lat="46.4884680" lon="6.7276970"/>
   <trkpt lat="46.4884820" lon="6.7277180"/>
   <trkpt lat="46.4884930" lon="6.7277510"/>
   <trkpt lat="46.4885070" lon="6.7277660"/>
   <trkpt lat="46.4885220" lon="6.7277900"/>
   <trkpt lat="46.4885360" lon="6.7278190"/>
   <trkpt lat="46.4885490" lon="6.7278340"/>
   <trkpt lat="46.4885650" lon="6.7278650"/>
   <trkpt lat="46.4885750" lon="6.7278920"/>
   <trkpt lat="46.4885870" lon="6.7279160"/>
   <trkpt lat="46.4886000" lon="6.7279520"/>
   <trkpt lat="46.4886090" lon="6.7279750"/>
   <trkpt lat="46.4886200" lon="6.7280050"/>
   <trkpt lat="46.4886280" lon="6.7280370"/>
   <trkpt lat="46.4886380" lon="6.7280550"/>
   <trkpt lat="46.4886520" lon="6.7280870"/>
   <trkpt lat="46.4886620" lon="6.7281140"/>
   <trkpt lat="46.4886760" lon="6.7281340"/>
   <trkpt lat="46.4886900" lon="6.7281680"/>
   <trkpt lat="46.4886990" lon="6.7281880"/>
   <trkpt lat="46.4887110" lon="6.7282190"/>
   <trkpt lat="46.4887230" lon="6.7282490"/>
   <trkpt lat="46.4887360" lon="6.7282640"/>
   <trkpt lat="46.4887520" lon="6.7282960"/>
   <trkpt lat="46.4887600" lon="6.7283220"/>
   <trkpt lat="46.4887720" lon="6.7283480"/>
   <trkpt lat="46.4887870" lon="6.7283800"/>
   <trkpt lat="46.4887990" lon="6.7283920"/>
   <trkpt lat="46.4888170" lon="6.7284240"/>
   <trkpt lat="46.4888300" lon="6.7284500"/>
   <trkpt lat="46.4888430" lon="6.7284700"/>
   <trkpt lat="46.4888580" lon="6.7285060"/>
   <trkpt lat="46.4888680" lon="6.7285310"/>
   <trkpt lat="46.4888820" lon="6.7285590"/>
   <trkpt lat="46.4888950" lon="6.7285940"/>
   <trkpt lat="46.4889040" lon="6.7286130"/>
   <trkpt lat="46.4889190" lon="6.7286370"/>
   <trkpt lat="46.4889290" lon="6.7286650"/>
   <trkpt lat="46.4889380" lon="6.7286880"/>
   <trkpt lat="46.4889470" lon="6.7287230"/>
   <trkpt lat="46.4889520" lon="6.7287510"/>
   <trkpt lat="46.4889640" lon="6.7287790"/>
   <trkpt lat="46.4889780" lon="6.7288140"/>
   <trkpt lat="46.4889870" lon="6.7288280"/>
   <trkpt lat="46.4890020" lon="6.7288570"/>
   <trkpt lat="46.4890110" lon="6.7288840"/>
   <trkpt lat="46.4890170" lon="6.7289040"/>
   <trkpt lat="46.4890270" lon="6.7289390"/>
   <trkpt lat="46.4890390" lon="6.7289640"/>
   <trkpt lat="46.4890530" lon="6.7289890"/>
   <trkpt lat="46.4890640" lon="6.7290230"/>
   <trkpt lat="46.4890690" lon="6.7290460"/>
   <trkpt lat="46.4890780" lon="6.7290720"/>
   <trkpt lat="46.4890880" lon="6.7291020"/>
   <trkpt lat="46.4890970" lon="6.7291140"/>
   <trkpt lat="46.4891110" lon="6.7291450"/>
   <trkpt lat="46.4891200" lon="6.7291730"/>
   <trkpt lat="46.4891350" lon="6.7291950"/>
   <trkpt lat="46.4891490" lon="6.7292270"/>
   <trkpt lat="46.4891550" lon="6.7292480"/>
   <trkpt lat="46.4891660" lon="6.7292730"/>
   <trkpt lat="46.4891750" lon="6.7293050"/>
   <trkpt lat="46.4891790" lon="6.7293210"/>
   <trkpt lat="46.4891900" lon="6.7293540"/>
   <trkpt lat="46.4892010" lon="6.7293810"/>
   <trkpt lat="46.4892120" lon="6.7293960"/>
   <trkpt lat="46.4892260" lon="6.7294280"/>
   <trkpt lat="46.4892370" lon="6.7294490"/>
   <trkpt lat="46.4892460" lon="6.7294730"/>
   <trkpt lat="46.4892560" lon="6.7295070"/>
   <trkpt lat="46.4892610" lon="6.7295270"/>
   <trkpt lat="46.4892730" lon="6.7295580"/>
   <trkpt lat="46.4892780" lon="6.7295900"/>
   <trkpt lat="46.4892810" lon="6.7296140"/>
   <trkpt lat="46.4892910" lon="6.7296470"/>
   <trkpt lat="46.4892970" lon="6.7296750"/>
   <trkpt lat="46.4893100" lon="6.7296950"/>
   <trkpt lat="46.4893250" lon="6.7297280"/>
   <trkpt lat="46.4893310" lon="6.7297490"/>
   <trkpt lat="46.4893460" lon="6.7297740"/>
   <trkpt lat="46.4893540" lon="6.7298000"/>
   <trkpt lat="46.4893640" lon="6.7298190"/>
   <trkpt lat="46.4893770" lon="6.7298440"/>
   <trkpt lat="46.4893850" lon="6.7298700"/>
   <trkpt lat="46.4893900" lon="6.7298880"/>
   <trkpt lat="46.4894040" lon="6.7299190"/>
   <trkpt lat="46.4894100" lon="6.7299430"/>
   <trkpt lat="46.4894210" lon="6.7299650"/>
   <trkpt lat="46.4894300" lon="6.7300040"/>
   <trkpt lat="46.4894340" lon="6.7300260"/>
   <trkpt lat="46.4894490" lon="6.7300550"/>
   <trkpt lat="46.4894560" lon="6.7300940"/>
   <trkpt lat="46.4894590" lon="6.7301110"/>
   <trkpt lat="46.4894680" lon="6.7301430"/>
   <trkpt lat="46.4894800" lon="6.7301730"/>
   <trkpt lat="46.4894950" lon="6.7301880"/>
   <trkpt lat="46.4895130" lon="6.7302200"/>
   <trkpt lat="46.4895200" lon="6.7302440"/>
   <trkpt lat="46.4895330" lon="6.7302700"/>
   <trkpt lat="46.4895450" lon="6.7303080"/>
   <trkpt lat="46.4895490" lon="6.7303270"/>
   <trkpt lat="46.4895610" lon="6.7303560"/>
   <trkpt lat="46.4895730" lon="6.7303870"/>
   <trkpt lat="46.4895770" lon="6.7304020"/>
   <trkpt lat="46.4895880" lon="6.7304320"/>
   <trkpt lat="46.4895960" lon="6.7304600"/>
   <trkpt lat="46.4896070" lon="6.7304750"/>
   <trkpt lat="46.4896240" lon="6.7305070"/>
   <trkpt lat="46.4896360" lon="6.7305310"/>
   <trkpt lat="46.4896480" lon="6.7305550"/>
   <trkpt lat="46.4896590" lon="6.7305860"/>
   <trkpt lat="46.4896610" lon="6.7306030"/>
   <trkpt lat="46.4896710" lon="6.7306280"/>
   <trkpt lat="46.4896810" lon="6.7306590"/>
   <trkpt lat="46.4896850" lon="6.7306780"/>
   <trkpt lat="46.4896990" lon="6.7307100"/>
   <trkpt lat="46.4897110" lon="6.7307380"/>
   <trkpt lat="46.4897210" lon="6.7307570"/>
   <trkpt lat="46.4897330" lon="6.7307920"/>
   <trkpt lat="46.4897370" lon="6.7308140"/>
   <trkpt lat="46.4897470" lon="6.7308400"/>
   <trkpt lat="46.4897570" lon="6.7308700"/>
   <trkpt lat="46.4897610" lon="6.7308860"/>
   <trkpt lat="46.4897670" lon="6.7309130"/>
   <trkpt lat="46.4897770" lon="6.7309440"/>
   <trkpt lat="46.4897820" lon="6.7309590"/>
   <trkpt lat="46.4897890" lon="6.7309900"/>
   <trkpt lat="46.4897960" lon="6.7310210"/>
   <trkpt lat="46.4898070" lon="6.7310400"/>
   <trkpt lat="46.4898230" lon="6.7310750"/>
   <trkpt lat="46.4898340" lon="6.7310980"/>
   <trkpt lat="46.4898450" lon="6.7311230"/>
   <trkpt lat="46.4898560" lon="6.7311610"/>
   <trkpt lat="46.4898570" lon="6.7311760"/>
   <trkpt lat="46.4898670" lon="6.7312100"/>
   <trkpt lat="46.4898770" lon="6.7312370"/>
   <trkpt lat="46.4898850" lon="6.7312540"/>
   <trkpt lat="46.4898970" lon="6.7312930"/>
   <trkpt lat="46.4899050" lon="6.7313210"/>
   <trkpt lat="46.4899170" lon="6.7313470"/>
   <trkpt lat="46.4899270" lon="6.7313780"/>
   <trkpt lat="46.4899260" lon="6.7313940"/>
   <trkpt lat="46.4899330" lon="6.7314230"/>
   <trkpt lat="46.4899450" lon="6.7314490"/>
   <trkpt lat="46.4899530" lon="6.7314700"/>
   <trkpt lat="46.4899680" lon="6.7315040"/>
   <trkpt lat="46.4899760" lon="6.7315260"/>
   <trkpt lat="46.4899870" lon="6.7315530"/>
   <trkpt lat="46.4899970" lon="6.7315900"/>
   <trkpt lat="46.4900020" lon="6.7316080"/>
   <trkpt lat="46.4900120" lon="6.7316390"/>
   <trkpt lat="46.4900180" lon="6.7316720"/>
   <trkpt lat="46.4900230" lon="6.7316890"/>
   <trkpt lat="46.4900380" lon="6.7317240"/>
   <trkpt lat="46.4900450" lon="6.7317510"/>
   <trkpt lat="46.4900580" lon="6.7317770"/>
   <trkpt lat="46.4900700" lon="6.7318100"/>
   <trkpt lat="46.4900770" lon="6.7318270"/>
   <trkpt lat="46.4900900" lon="6.7318510"/>
   <trkpt lat="46.4900990" lon="6.7318790"/>
   <trkpt lat="46.4901080" lon="6.7318940"/>
   <trkpt lat="46.4901210" lon="6.7319270"/>
   <trkpt lat="46.4901260" lon="6.7319540"/>
   <trkpt lat="46.4901330" lon="6.7319750"/>
   <trkpt lat="46.4901410" lon="6.7320120"/>
   <trkpt lat="46.4901480" lon="6.7320330"/>
   <trkpt lat="46.4901600" lon="6.7320600"/>
   <trkpt lat="46.4901690" lon="6.7320940"/>
   <trkpt lat="46.4901770" lon="6.7321070"/>
   <trkpt lat="46.4901890" lon="6.7321370"/>
   <trkpt lat="46.4901970" lon="6.7321630"/>
   <trkpt lat="46.4902080" lon="6.7321790"/>
   <trkpt lat="46.4902190" lon="6.7322060"/>
   <trkpt lat="46.4902240" lon="6.7322250"/>
   <trkpt lat="46.4902310" lon="6.7322430"/>
   <trkpt lat="46.4902330" lon="6.7322560"/>
   <trkpt lat="46.4902370" lon="6.7322700"/>
   <trkpt lat="46.4902370" lon="6.7322840"/>
   <trkpt lat="46.4902370" lon="6.7322960"/>
   <trkpt lat="46.4902410" lon="6.7323100"/>
   <trkpt lat="46.4902430" lon="6.7323250"/>
   <trkpt lat="46.4902450" lon="6.7323440"/>
   <trkpt lat="46.4902490" lon="6.7323650"/>
   <trkpt lat="46.4902530" lon="6.7323830"/>
   <trkpt lat="46.4902560" lon="6.7324020"/>
   <trkpt lat="46.4902610" lon="6.7324210"/>
   <trkpt lat="46.4902670" lon="6.7324400"/>
   <trkpt lat="46.4902720" lon="6.7324580"/>
   <trkpt lat="46.4902780" lon="6.7324700"/>
   <trkpt lat="46.4902820" lon="6.7324830"/>
   <trkpt lat="46.4902870" lon="6.7324980"/>
   <trkpt lat="46.4902920" lon="6.7325150"/>
   <trkpt lat="46.4902950" lon="6.7325280"/>
   <trkpt lat="46.4902990" lon="6.7325410"/>
   <trkpt lat="46.4903020" lon="6.7325540"/>
   <trkpt lat="46.4903050" lon="6.7325670"/>
   <trkpt lat="46.4903090" lon="6.7325830"/>
   <trkpt lat="46.4903130" lon="6.7325990"/>
   <trkpt lat="46.4903190" lon="6.7326160"/>
   <trkpt lat="46.4903240" lon="6.7326350"/>
   <trkpt lat="46.4903300" lon="6.7326510"/>
   <trkpt lat="46.4903380" lon="6.7326700"/>
   <trkpt lat="46.4903470" lon="6.7326920"/>
   <trkpt lat="46.4903540" lon="6.7327160"/>
   <trkpt lat="46.4903650" lon="6.7327490"/>
   <trkpt lat="46.4903760" lon="6.7327810"/>
   <trkpt lat="46.4903830" lon="6.7328070"/>
   <trkpt lat="46.4903930" lon="6.7328350"/>
   <trkpt lat="46.4904060" lon="6.7328600"/>
   <trkpt lat="46.4904190" lon="6.7328830"/>
   <trkpt lat="46.4904260" lon="6.7329190"/>
   <trkpt lat="46.4904300" lon="6.7329410"/>
   <trkpt lat="46.4904400" lon="6.7329700"/>
   <trkpt lat="46.4904510" lon="6.7329980"/>
   <trkpt lat="46.4904640" lon="6.7330210"/>
   <trkpt lat="46.4904780" lon="6.7330580"/>
   <trkpt lat="46.4904840" lon="6.7330830"/>
   <trkpt lat="46.4904930" lon="6.7331130"/>
   <trkpt lat="46.4905060" lon="6.7331460"/>
   <trkpt lat="46.4905170" lon="6.7331640"/>
   <trkpt lat="46.4905280" lon="6.7332020"/>
   <trkpt lat="46.4905320" lon="6.7332260"/>
   <trkpt lat="46.4905440" lon="6.7332550"/>
   <trkpt lat="46.4905510" lon="6.7332880"/>
   <trkpt lat="46.4905600" lon="6.7333060"/>
   <trkpt lat="46.4905720" lon="6.7333440"/>
   <trkpt lat="46.4905790" lon="6.7333690"/>
   <trkpt lat="46.4905890" lon="6.7334030"/>
   <trkpt lat="46.4905980" lon="6.7334370"/>
   <trkpt lat="46.4906040" lon="6.7334550"/>
   <trkpt lat="46.4906160" lon="6.7334920"/>
   <trkpt lat="46.4906210" lon="6.7335160"/>
   <trkpt lat="46.4906310" lon="6.7335440"/>
   <trkpt lat="46.4906380" lon="6.7335800"/>
   <trkpt lat="46.4906440" lon="6.7335990"/>
   <trkpt lat="46.4906600" lon="6.7336280"/>
   <trkpt lat="46.4906650" lon="6.7336570"/>
   <trkpt lat="46.4906770" lon="6.7336850"/>
   <trkpt lat="46.4906870" lon="6.7337220"/>
   <trkpt lat="46.4906980" lon="6.7337480"/>
   <trkpt lat="46.4907020" lon="6.7337800"/>
   <trkpt lat="46.4907070" lon="6.7338070"/>
   <trkpt lat="46.4907200" lon="6.7338320"/>
   <trkpt lat="46.4907290" lon="6.7338700"/>
   <trkpt lat="46.4907300" lon="6.7338920"/>
   <trkpt lat="46.4907370" lon="6.7339240"/>
   <trkpt lat="46.4907430" lon="6.7339540"/>
   <trkpt lat="46.4907550" lon="6.7339780"/>
   <trkpt lat="46.4907650" lon="6.7340160"/>
   <trkpt lat="46.4907720" lon="6.7340370"/>
   <trkpt lat="46.4907830" lon="6.7340680"/>
   <trkpt lat="46.4907930" lon="6.7340990"/>
   <trkpt lat="46.4908040" lon="6.7341170"/>
   <trkpt lat="46.4908180" lon="6.7341480"/>
   <trkpt lat="46.4908220" lon="6.7341720"/>
   <trkpt lat="46.4908340" lon="6.7342050"/>
   <trkpt lat="46.4908400" lon="6.7342440"/>
   <trkpt lat="46.4908420" lon="6.7342650"/>
   <trkpt lat="46.4908510" lon="6.7343020"/>
   <trkpt lat="46.4908590" lon="6.7343300"/>
   <trkpt lat="46.4908670" lon="6.7343540"/>
   <trkpt lat="46.4908730" lon="6.7343940"/>
   <trkpt lat="46.4908800" lon="6.7344190"/>
   <trkpt lat="46.4908910" lon="6.7344500"/>
   <trkpt lat="46.4908960" lon="6.7344840"/>
   <trkpt lat="46.4908990" lon="6.7345050"/>
   <trkpt lat="46.4909040" lon="6.7345390"/>
   <trkpt lat="46.4909090" lon="6.7345580"/>
   <trkpt lat="46.4909190" lon="6.7345910"/>
   <trkpt lat="46.4909250" lon="6.7346340"/>
   <trkpt lat="46.4909250" lon="6.7346550"/>
   <trkpt lat="46.4909320" lon="6.7346970"/>
   <trkpt lat="46.4909360" lon="6.7347290"/>
   <trkpt lat="46.4909390" lon="6.7347610"/>
   <trkpt lat="46.4909450" lon="6.7348000"/>
   <trkpt lat="46.4909430" lon="6.7348200"/>
   <trkpt lat="46.4909530" lon="6.7348580"/>
   <trkpt lat="46.4909580" lon="6.7348920"/>
   <trkpt lat="46.4909680" lon="6.7349210"/>
   <trkpt lat="46.4909750" lon="6.7349600"/>
   <trkpt lat="46.4909750" lon="6.7349880"/>
   <trkpt lat="46.4909820" lon="6.7350230"/>
   <trkpt lat="46.4909870" lon="6.7350630"/>
   <trkpt lat="46.4909870" lon="6.7350850"/>
   <trkpt lat="46.4909850" lon="6.7351210"/>
   <trkpt lat="46.4909880" lon="6.7351510"/>
   <trkpt lat="46.4909930" lon="6.7351790"/>
   <trkpt lat="46.4909930" lon="6.7352190"/>
   <trkpt lat="46.4909920" lon="6.7352500"/>
   <trkpt lat="46.4909920" lon="6.7352890"/>
   <trkpt lat="46.4909910" lon="6.7353200"/>
   <trkpt lat="46.4909970" lon="6.7353490"/>
   <trkpt lat="46.4910010" lon="6.7353890"/>
   <trkpt lat="46.4910020" lon="6.7354110"/>
   <trkpt lat="46.4910050" lon="6.7354500"/>
   <trkpt lat="46.4910050" lon="6.7354860"/>
   <trkpt lat="46.4910110" lon="6.7355170"/>
   <trkpt lat="46.4910140" lon="6.7355590"/>
   <trkpt lat="46.4910150" lon="6.7355860"/>
   <trkpt lat="46.4910200" lon="6.7356230"/>
   <trkpt lat="46.4910220" lon="6.7356580"/>
   <trkpt lat="46.4910280" lon="6.7356800"/>
   <trkpt lat="46.4910280" lon="6.7357220"/>
   <trkpt lat="46.4910270" lon="6.7357520"/>
   <trkpt lat="46.4910290" lon="6.7357840"/>
   <trkpt lat="46.4910290" lon="6.7358220"/>
   <trkpt lat="46.4910290" lon="6.7358420"/>
   <trkpt lat="46.4910280" lon="6.7358860"/>
   <trkpt lat="46.4910260" lon="6.7359170"/>
   <trkpt lat="46.4910280" lon="6.7359490"/>
   <trkpt lat="46.4910230" lon="6.7359850"/>
   <trkpt lat="46.4910180" lon="6.7360100"/>
   <trkpt lat="46.4910170" lon="6.7360460"/>
   <trkpt lat="46.4910130" lon="6.7360820"/>
   <trkpt lat="46.4910150" lon="6.7361100"/>
   <trkpt lat="46.4910100" lon="6.7361540"/>
   <trkpt lat="46.4910040" lon="6.7361820"/>
   <trkpt lat="46.4910020" lon="6.7362190"/>
   <trkpt lat="46.4909960" lon="6.7362540"/>
   <trkpt lat="46.4909930" lon="6.7362730"/>
   <trkpt lat="46.4909870" lon="6.7363130"/>
   <trkpt lat="46.4909800" lon="6.7363420"/>
   <trkpt lat="46.4909780" lon="6.7363680"/>
   <trkpt lat="46.4909690" lon="6.7364070"/>
   <trkpt lat="46.4909600" lon="6.7364280"/>
   <trkpt lat="46.4909570" lon="6.7364620"/>
   <trkpt lat="46.4909520" lon="6.7364910"/>
   <trkpt lat="46.4909480" lon="6.7365130"/>
   <trkpt lat="46.4909390" lon="6.7365570"/>
   <trkpt lat="46.4909320" lon="6.7365860"/>
   <trkpt lat="46.4909270" lon="6.7366180"/>
   <trkpt lat="46.4909180" lon="6.7366540"/>
   <trkpt lat="46.4909140" lon="6.7366790"/>
   <trkpt lat="46.4909030" lon="6.7367210"/>
   <trkpt lat="46.4908930" lon="6.7367530"/>
   <trkpt lat="46.4908880" lon="6.7367830"/>
   <trkpt lat="46.4908780" lon="6.7368220"/>
   <trkpt lat="46.4908740" lon="6.7368490"/>
   <trkpt lat="46.4908680" lon="6.7368820"/>
   <trkpt lat="46.4908590" lon="6.7369100"/>
   <trkpt lat="46.4908530" lon="6.7369290"/>
   <trkpt lat="46.4908410" lon="6.7369660"/>
   <trkpt lat="46.4908330" lon="6.7369890"/>
   <trkpt lat="46.4908310" lon="6.7370200"/>
   <trkpt lat="46.4908180" lon="6.7370510"/>
   <trkpt lat="46.4908100" lon="6.7370710"/>
   <trkpt lat="46.4908000" lon="6.7371110"/>
   <trkpt lat="46.4907910" lon="6.7371420"/>
   <trkpt lat="46.4907850" lon="6.7371700"/>
   <trkpt lat="46.4907710" lon="6.7372030"/>
   <trkpt lat="46.4907640" lon="6.7372240"/>
   <trkpt lat="46.4907560" lon="6.7372580"/>
   <trkpt lat="46.4907420" lon="6.7372800"/>
   <trkpt lat="46.4907380" lon="6.7372960"/>
   <trkpt lat="46.4907280" lon="6.7373290"/>
   <trkpt lat="46.4907170" lon="6.7373530"/>
   <trkpt lat="46.4907080" lon="6.7373810"/>
   <trkpt lat="46.4906930" lon="6.7374110"/>
   <trkpt lat="46.4906860" lon="6.7374400"/>
   <trkpt lat="46.4906740" lon="6.7374720"/>
   <trkpt lat="46.4906610" lon="6.7375010"/>
   <trkpt lat="46.4906500" lon="6.7375200"/>
   <trkpt lat="46.4906350" lon="6.7375440"/>
   <trkpt lat="46.4906290" lon="6.7375630"/>
   <trkpt lat="46.4906210" lon="6.7375940"/>
   <trkpt lat="46.4906100" lon="6.7376180"/>
   <trkpt lat="46.4906030" lon="6.7376340"/>
   <trkpt lat="46.4905920" lon="6.7376680"/>
   <trkpt lat="46.4905830" lon="6.7376890"/>
   <trkpt lat="46.4905740" lon="6.7377150"/>
   <trkpt lat="46.4905610" lon="6.7377430"/>
   <trkpt lat="46.4905560" lon="6.7377630"/>
   <trkpt lat="46.4905460" lon="6.7378000"/>
   <trkpt lat="46.4905320" lon="6.7378250"/>
   <trkpt lat="46.4905230" lon="6.7378550"/>
   <trkpt lat="46.4905080" lon="6.7378890"/>
   <trkpt lat="46.4905000" lon="6.7379070"/>
   <trkpt lat="46.4904870" lon="6.7379420"/>
   <trkpt lat="46.4904740" lon="6.7379670"/>
   <trkpt lat="46.4904650" lon="6.7379890"/>
   <trkpt lat="46.4904530" lon="6.7380160"/>
   <trkpt lat="46.4904470" lon="6.7380350"/>
   <trkpt lat="46.4904370" lon="6.7380590"/>
   <trkpt lat="46.4904240" lon="6.7380870"/>
   <trkpt lat="46.4904150" lon="6.7381080"/>
   <trkpt lat="46.4903990" lon="6.7381430"/>
   <trkpt lat="46.4903860" lon="6.7381630"/>
   <trkpt lat="46.4903800" lon="6.7381850"/>
   <trkpt lat="46.4903650" lon="6.7382110"/>
   <trkpt lat="46.4903590" lon="6.7382330"/>
   <trkpt lat="46.4903510" lon="6.7382630"/>
   <trkpt lat="46.4903370" lon="6.7382870"/>
   <trkpt lat="46.4903310" lon="6.7383060"/>
   <trkpt lat="46.4903240" lon="6.7383410"/>
   <trkpt lat="46.4903110" lon="6.7383620"/>
   <trkpt lat="46.4903000" lon="6.7383920"/>
   <trkpt lat="46.4902850" lon="6.7384240"/>
   <trkpt lat="46.4902740" lon="6.7384460"/>
   <trkpt lat="46.4902640" lon="6.7384780"/>
   <trkpt lat="46.4902490" lon="6.7385050"/>
   <trkpt lat="46.4902420" lon="6.7385270"/>
   <trkpt lat="46.4902320" lon="6.7385610"/>
   <trkpt lat="46.4902240" lon="6.7385790"/>
   <trkpt lat="46.4902160" lon="6.7386000"/>
   <trkpt lat="46.4902040" lon="6.7386280"/>
   <trkpt lat="46.4901990" lon="6.7386500"/>
   <trkpt lat="46.4901860" lon="6.7386870"/>
   <trkpt lat="46.4901770" lon="6.7387150"/>
   <trkpt lat="46.4901710" lon="6.7387420"/>
   <trkpt lat="46.4901590" lon="6.7387680"/>
   <trkpt lat="46.4901490" lon="6.7387880"/>
   <trkpt lat="46.4901390" lon="6.7388130"/>
   <trkpt lat="46.4901270" lon="6.7388390"/>
   <trkpt lat="46.4901200" lon="6.7388580"/>
   <trkpt lat="46.4901090" lon="6.7388940"/>
   <trkpt lat="46.4900980" lon="6.7389210"/>
   <trkpt lat="46.4900930" lon="6.7389520"/>
   <trkpt lat="46.4900850" lon="6.7389810"/>
   <trkpt lat="46.4900830" lon="6.7390030"/>
   <trkpt lat="46.4900820" lon="6.7390420"/>
   <trkpt lat="46.4900850" lon="6.7390740"/>
   <trkpt lat="46.4900990" lon="6.7390880"/>
   <trkpt lat="46.4901230" lon="6.7390770"/>
   <trkpt lat="46.4901280" lon="6.7390580"/>
   <trkpt lat="46.4901340" lon="6.7390220"/>
   <trkpt lat="46.4901470" lon="6.7389940"/>
   <trkpt lat="46.4901520" lon="6.7389700"/>
   <trkpt lat="46.4901660" lon="6.7389340"/>
   <trkpt lat="46.4901730" lon="6.7389110"/>
   <trkpt lat="46.4901800" lon="6.7388810"/>
   <trkpt lat="46.4901950" lon="6.7388480"/>
   <trkpt lat="46.4901990" lon="6.7388270"/>
   <trkpt lat="46.4902100" lon="6.7387950"/>
   <trkpt lat="46.4902230" lon="6.7387680"/>
   <trkpt lat="46.4902350" lon="6.7387440"/>
   <trkpt lat="46.4902520" lon="6.7387120"/>
   <trkpt lat="46.4902560" lon="6.7386890"/>
   <trkpt lat="46.4902670" lon="6.7386540"/>
   <trkpt lat="46.4902790" lon="6.7386280"/>
   <trkpt lat="46.4902860" lon="6.7386040"/>
   <trkpt lat="46.4903030" lon="6.7385710"/>
   <trkpt lat="46.4903100" lon="6.7385490"/>
   <trkpt lat="46.4903190" lon="6.7385210"/>
   <trkpt lat="46.4903340" lon="6.7384920"/>
   <trkpt lat="46.4903390" lon="6.7384700"/>
   <trkpt lat="46.4903520" lon="6.7384400"/>
   <trkpt lat="46.4903650" lon="6.7384150"/>
   <trkpt lat="46.4903710" lon="6.7383900"/>
   <trkpt lat="46.4903880" lon="6.7383580"/>
   <trkpt lat="46.4903920" lon="6.7383370"/>
   <trkpt lat="46.4904040" lon="6.7383100"/>
   <trkpt lat="46.4904200" lon="6.7382850"/>
   <trkpt lat="46.4904260" lon="6.7382640"/>
   <trkpt lat="46.4904380" lon="6.7382290"/>
   <trkpt lat="46.4904440" lon="6.7382080"/>
   <trkpt lat="46.4904540" lon="6.7381760"/>
   <trkpt lat="46.4904710" lon="6.7381480"/>
   <trkpt lat="46.4904770" lon="6.7381280"/>
   <trkpt lat="46.4904890" lon="6.7380920"/>
   <trkpt lat="46.4905000" lon="6.7380700"/>
   <trkpt lat="46.4905100" lon="6.7380490"/>
   <trkpt lat="46.4905260" lon="6.7380180"/>
   <trkpt lat="46.4905370" lon="6.7379970"/>
   <trkpt lat="46.4905500" lon="6.7379750"/>
   <trkpt lat="46.4905640" lon="6.7379510"/>
   <trkpt lat="46.4905710" lon="6.7379300"/>
   <trkpt lat="46.4905840" lon="6.7379080"/>
   <trkpt lat="46.4905940" lon="6.7378840"/>
   <trkpt lat="46.4906070" lon="6.7378590"/>
   <trkpt lat="46.4906210" lon="6.7378310"/>
   <trkpt lat="46.4906290" lon="6.7378100"/>
   <trkpt lat="46.4906440" lon="6.7377710"/>
   <trkpt lat="46.4906490" lon="6.7377460"/>
   <trkpt lat="46.4906610" lon="6.7377140"/>
   <trkpt lat="46.4906760" lon="6.7376870"/>
   <trkpt lat="46.4906840" lon="6.7376600"/>
   <trkpt lat="46.4906950" lon="6.7376300"/>
   <trkpt lat="46.4907050" lon="6.7376050"/>
   <trkpt lat="46.4907110" lon="6.7375810"/>
   <trkpt lat="46.4907250" lon="6.7375530"/>
   <trkpt lat="46.4907290" lon="6.7375270"/>
   <trkpt lat="46.4907440" lon="6.7375020"/>
   <trkpt lat="46.4907510" lon="6.7374810"/>
   <trkpt lat="46.4907610" lon="6.7374510"/>
   <trkpt lat="46.4907740" lon="6.7374260"/>
   <trkpt lat="46.4907750" lon="6.7374050"/>
   <trkpt lat="46.4907860" lon="6.7373810"/>
   <trkpt lat="46.4907950" lon="6.7373580"/>
   <trkpt lat="46.4908030" lon="6.7373370"/>
   <trkpt lat="46.4908120" lon="6.7373140"/>
   <trkpt lat="46.4908150" lon="6.7372840"/>
   <trkpt lat="46.4908260" lon="6.7372630"/>
   <trkpt lat="46.4908330" lon="6.7372360"/>
   <trkpt lat="46.4908410" lon="6.7372090"/>
   <trkpt lat="46.4908540" lon="6.7371880"/>
   <trkpt lat="46.4908610" lon="6.7371710"/>
   <trkpt lat="46.4908690" lon="6.7371510"/>
   <trkpt lat="46.4908750" lon="6.7371310"/>
   <trkpt lat="46.4908790" lon="6.7371130"/>
   <trkpt lat="46.4908830" lon="6.7370970"/>
   <trkpt lat="46.4908860" lon="6.7370810"/>
   <trkpt lat="46.4908880" lon="6.7370650"/>
   <trkpt lat="46.4908870" lon="6.7370500"/>
   <trkpt lat="46.4908870" lon="6.7370340"/>
   <trkpt lat="46.4908890" lon="6.7370200"/>
   <trkpt lat="46.4908900" lon="6.7370040"/>
   <trkpt lat="46.4908940" lon="6.7369890"/>
   <trkpt lat="46.4908980" lon="6.7369730"/>
   <trkpt lat="46.4909050" lon="6.7369550"/>
   <trkpt lat="46.4909100" lon="6.7369390"/>
   <trkpt lat="46.4909150" lon="6.7369210"/>
   <trkpt lat="46.4909190" lon="6.7369040"/>
   <trkpt lat="46.4909220" lon="6.7368860"/>
   <trkpt lat="46.4909250" lon="6.7368680"/>
   <trkpt lat="46.4909270" lon="6.7368540"/>
   <trkpt lat="46.4909280" lon="6.7368400"/>
   <trkpt lat="46.4909290" lon="6.7368280"/>
   <trkpt lat="46.4909300" lon="6.7368140"/>
   <trkpt lat="46.4909320" lon="6.7367980"/>
   <trkpt lat="46.4909360" lon="6.7367830"/>
   <trkpt lat="46.4909400" lon="6.7367660"/>
   <trkpt lat="46.4909440" lon="6.7367490"/>
   <trkpt lat="46.4909490" lon="6.7367320"/>
   <trkpt lat="46.4909550" lon="6.7367160"/>
   <trkpt lat="46.4909580" lon="6.7367050"/>
   <trkpt lat="46.4909630" lon="6.7366900"/>
   <trkpt lat="46.4909670" lon="6.7366740"/>
   <trkpt lat="46.4909710" lon="6.7366550"/>
   <trkpt lat="46.4909740" lon="6.7366380"/>
   <trkpt lat="46.4909750" lon="6.7366210"/>
   <trkpt lat="46.4909770" lon="6.7366060"/>
   <trkpt lat="46.4909800" lon="6.7365890"/>
   <trkpt lat="46.4909840" lon="6.7365710"/>
   <trkpt lat="46.4909890" lon="6.7365490"/>
   <trkpt lat="46.4909950" lon="6.7365290"/>
   <trkpt lat="46.4910010" lon="6.7365100"/>
   <trkpt lat="46.4910060" lon="6.7364870"/>
   <trkpt lat="46.4910100" lon="6.7364650"/>
   <trkpt lat="46.4910150" lon="6.7364450"/>
   <trkpt lat="46.4910190" lon="6.7364260"/>
   <trkpt lat="46.4910210" lon="6.7364070"/>
   <trkpt lat="46.4910230" lon="6.7363900"/>
   <trkpt lat="46.4910250" lon="6.7363740"/>
   <trkpt lat="46.4910260" lon="6.7363540"/>
   <trkpt lat="46.4910260" lon="6.7363360"/>
   <trkpt lat="46.4910270" lon="6.7363180"/>
   <trkpt lat="46.4910290" lon="6.7362960"/>
   <trkpt lat="46.4910310" lon="6.7362800"/>
   <trkpt lat="46.4910340" lon="6.7362640"/>
   <trkpt lat="46.4910360" lon="6.7362470"/>
   <trkpt lat="46.4910400" lon="6.7362260"/>
   <trkpt lat="46.4910420" lon="6.7362120"/>
   <trkpt lat="46.4910440" lon="6.7361960"/>
   <trkpt lat="46.4910460" lon="6.7361790"/>
   <trkpt lat="46.4910470" lon="6.7361590"/>
   <trkpt lat="46.4910470" lon="6.7361420"/>
   <trkpt lat="46.4910480" lon="6.7361240"/>
   <trkpt lat="46.4910490" lon="6.7361070"/>
   <trkpt lat="46.4910490" lon="6.7360890"/>
   <trkpt lat="46.4910480" lon="6.7360720"/>
   <trkpt lat="46.4910480" lon="6.7360530"/>
   <trkpt lat="46.4910500" lon="6.7360360"/>
   <trkpt lat="46.4910520" lon="6.7360170"/>
   <trkpt lat="46.4910540" lon="6.7359970"/>
   <trkpt lat="46.4910550" lon="6.7359800"/>
   <trkpt lat="46.4910580" lon="6.7359640"/>
   <trkpt lat="46.4910600" lon="6.7359470"/>
   <trkpt lat="46.4910620" lon="6.7359250"/>
   <trkpt lat="46.4910630" lon="6.7359020"/>
   <trkpt lat="46.4910660" lon="6.7358720"/>
   <trkpt lat="46.4910710" lon="6.7358410"/>
   <trkpt lat="46.4910710" lon="6.7358120"/>
   <trkpt lat="46.4910730" lon="6.7357800"/>
   <trkpt lat="46.4910720" lon="6.7357500"/>
   <trkpt lat="46.4910720" lon="6.7357170"/>
   <trkpt lat="46.4910710" lon="6.7356850"/>
   <trkpt lat="46.4910680" lon="6.7356650"/>
   <trkpt lat="46.4910720" lon="6.7356250"/>
   <trkpt lat="46.4910720" lon="6.7355980"/>
   <trkpt lat="46.4910670" lon="6.7355650"/>
   <trkpt lat="46.4910700" lon="6.7355310"/>
   <trkpt lat="46.4910690" lon="6.7355130"/>
   <trkpt lat="46.4910710" lon="6.7354780"/>
   <trkpt lat="46.4910710" lon="6.7354530"/>
   <trkpt lat="46.4910660" lon="6.7354240"/>
   <trkpt lat="46.4910660" lon="6.7353930"/>
   <trkpt lat="46.4910660" lon="6.7353720"/>
   <trkpt lat="46.4910600" lon="6.7353410"/>
   <trkpt lat="46.4910570" lon="6.7353080"/>
   <trkpt lat="46.4910540" lon="6.7352870"/>
   <trkpt lat="46.4910560" lon="6.7352480"/>
   <trkpt lat="46.4910550" lon="6.7352220"/>
   <trkpt lat="46.4910510" lon="6.7351940"/>
   <trkpt lat="46.4910500" lon="6.7351580"/>
   <trkpt lat="46.4910480" lon="6.7351360"/>
   <trkpt lat="46.4910450" lon="6.7351070"/>
   <trkpt lat="46.4910440" lon="6.7350770"/>
   <trkpt lat="46.4910410" lon="6.7350560"/>
   <trkpt lat="46.4910400" lon="6.7350230"/>
   <trkpt lat="46.4910420" lon="6.7349990"/>
   <trkpt lat="46.4910410" lon="6.7349760"/>
   <trkpt lat="46.4910390" lon="6.7349590"/>
   <trkpt lat="46.4910360" lon="6.7349420"/>
   <trkpt lat="46.4910330" lon="6.7349230"/>
   <trkpt lat="46.4910300" lon="6.7349060"/>
   <trkpt lat="46.4910260" lon="6.7348940"/>
   <trkpt lat="46.4910210" lon="6.7348850"/>
   <trkpt lat="46.4910180" lon="6.7348750"/>
   <trkpt lat="46.4910160" lon="6.7348610"/>
   <trkpt lat="46.4910140" lon="6.7348430"/>
   <trkpt lat="46.4910120" lon="6.7348220"/>
   <trkpt lat="46.4910090" lon="6.7348010"/>
   <trkpt lat="46.4910060" lon="6.7347810"/>
   <trkpt lat="46.4910040" lon="6.7347610"/>
   <trkpt lat="46.4910000" lon="6.7347430"/>
   <trkpt lat="46.4909950" lon="6.7347230"/>
   <trkpt lat="46.4909930" lon="6.7347060"/>
   <trkpt lat="46.4909890" lon="6.7346900"/>
   <trkpt lat="46.4909870" lon="6.7346750"/>
   <trkpt lat="46.4909840" lon="6.7346650"/>
   <trkpt lat="46.4909810" lon="6.7346500"/>
   <trkpt lat="46.4909770" lon="6.7346340"/>
   <trkpt lat="46.4909730" lon="6.7346150"/>
   <trkpt lat="46.4909690" lon="6.7345930"/>
   <trkpt lat="46.4909680" lon="6.7345720"/>
   <trkpt lat="46.4909690" lon="6.7345470"/>
   <trkpt lat="46.4909670" lon="6.7345290"/>
   <trkpt lat="46.4909640" lon="6.7345100"/>
   <trkpt lat="46.4909620" lon="6.7344950"/>
   <trkpt lat="46.4909590" lon="6.7344780"/>
   <trkpt lat="46.4909560" lon="6.7344640"/>
   <trkpt lat="46.4909560" lon="6.7344470"/>
   <trkpt lat="46.4909550" lon="6.7344310"/>
   <trkpt lat="46.4909520" lon="6.7344150"/>
   <trkpt lat="46.4909480" lon="6.7343990"/>
   <trkpt lat="46.4909430" lon="6.7343840"/>
   <trkpt lat="46.4909370" lon="6.7343650"/>
   <trkpt lat="46.4909330" lon="6.7343460"/>
   <trkpt lat="46.4909300" lon="6.7343280"/>
   <trkpt lat="46.4909250" lon="6.7343080"/>
   <trkpt lat="46.4909210" lon="6.7342880"/>
   <trkpt lat="46.4909170" lon="6.7342740"/>
   <trkpt lat="46.4909110" lon="6.7342620"/>
   <trkpt lat="46.4909060" lon="6.7342490"/>
   <trkpt lat="46.4908990" lon="6.7342350"/>
   <trkpt lat="46.4908920" lon="6.7342210"/>
   <trkpt lat="46.4908850" lon="6.7342080"/>
   <trkpt lat="46.4908780" lon="6.7341900"/>
   <trkpt lat="46.4908730" lon="6.7341710"/>
   <trkpt lat="46.4908700" lon="6.7341530"/>
   <trkpt lat="46.4908660" lon="6.7341330"/>
   <trkpt lat="46.4908620" lon="6.7341140"/>
   <trkpt lat="46.4908580" lon="6.7340960"/>
   <trkpt lat="46.4908530" lon="6.7340750"/>
   <trkpt lat="46.4908480" lon="6.7340550"/>
   <trkpt lat="46.4908430" lon="6.7340370"/>
   <trkpt lat="46.4908370" lon="6.7340190"/>
   <trkpt lat="46.4908310" lon="6.7340030"/>
   <trkpt lat="46.4908240" lon="6.7339860"/>
   <trkpt lat="46.4908190" lon="6.7339700"/>
   <trkpt lat="46.4908150" lon="6.7339580"/>
   <trkpt lat="46.4908100" lon="6.7339450"/>
   <trkpt lat="46.4908080" lon="6.7339320"/>
   <trkpt lat="46.4908030" lon="6.7339150"/>
   <trkpt lat="46.4907990" lon="6.7338920"/>
   <trkpt lat="46.4907950" lon="6.7338750"/>
   <trkpt lat="46.4907910" lon="6.7338590"/>
   <trkpt lat="46.4907860" lon="6.7338390"/>
   <trkpt lat="46.4907800" lon="6.7338220"/>
   <trkpt lat="46.4907750" lon="6.7338040"/>
   <trkpt lat="46.4907720" lon="6.7337870"/>
   <trkpt lat="46.4907690" lon="6.7337680"/>
   <trkpt lat="46.4907630" lon="6.7337470"/>
   <trkpt lat="46.4907580" lon="6.7337290"/>
   <trkpt lat="46.4907520" lon="6.7337100"/>
   <trkpt lat="46.4907460" lon="6.7336950"/>
   <trkpt lat="46.4907390" lon="6.7336730"/>
   <trkpt lat="46.4907310" lon="6.7336500"/>
   <trkpt lat="46.4907210" lon="6.7336230"/>
   <trkpt lat="46.4907090" lon="6.7335860"/>
   <trkpt lat="46.4907000" lon="6.7335570"/>
   <trkpt lat="46.4906880" lon="6.7335260"/>
   <trkpt lat="46.4906770" lon="6.7334960"/>
   <trkpt lat="46.4906700" lon="6.7334690"/>
   <trkpt lat="46.4906590" lon="6.7334350"/>
   <trkpt lat="46.4906500" lon="6.7334130"/>
   <trkpt lat="46.4906380" lon="6.7333820"/>
   <trkpt lat="46.4906300" lon="6.7333460"/>
   <trkpt lat="46.4906200" lon="6.7333260"/>
   <trkpt lat="46.4906050" lon="6.7332930"/>
   <trkpt lat="46.4905980" lon="6.7332710"/>
   <trkpt lat="46.4905860" lon="6.7332400"/>
   <trkpt lat="46.4905770" lon="6.7332010"/>
   <trkpt lat="46.4905690" lon="6.7331820"/>
   <trkpt lat="46.4905550" lon="6.7331460"/>
   <trkpt lat="46.4905480" lon="6.7331170"/>
   <trkpt lat="46.4905370" lon="6.7330850"/>
   <trkpt lat="46.4905310" lon="6.7330440"/>
   <trkpt lat="46.4905220" lon="6.7330260"/>
   <trkpt lat="46.4905090" lon="6.7329960"/>
   <trkpt lat="46.4905020" lon="6.7329710"/>
   <trkpt lat="46.4904890" lon="6.7329390"/>
   <trkpt lat="46.4904820" lon="6.7329010"/>
   <trkpt lat="46.4904720" lon="6.7328740"/>
   <trkpt lat="46.4904580" lon="6.7328360"/>
   <trkpt lat="46.4904460" lon="6.7328140"/>
   <trkpt lat="46.4904360" lon="6.7327810"/>
   <trkpt lat="46.4904260" lon="6.7327440"/>
   <trkpt lat="46.4904210" lon="6.7327210"/>
   <trkpt lat="46.4904080" lon="6.7326840"/>
   <trkpt lat="46.4903980" lon="6.7326580"/>
   <trkpt lat="46.4903880" lon="6.7326270"/>
   <trkpt lat="46.4903800" lon="6.7325930"/>
   <trkpt lat="46.4903710" lon="6.7325660"/>
   <trkpt lat="46.4903590" lon="6.7325280"/>
   <trkpt lat="46.4903530" lon="6.7324960"/>
   <trkpt lat="46.4903420" lon="6.7324630"/>
   <trkpt lat="46.4903320" lon="6.7324290"/>
   <trkpt lat="46.4903210" lon="6.7324060"/>
   <trkpt lat="46.4903140" lon="6.7323680"/>
   <trkpt lat="46.4903030" lon="6.7323430"/>
   <trkpt lat="46.4902930" lon="6.7323150"/>
   <trkpt lat="46.4902880" lon="6.7322850"/>
   <trkpt lat="46.4902740" lon="6.7322600"/>
   <trkpt lat="46.4902670" lon="6.7322220"/>
   <trkpt lat="46.4902620" lon="6.7322000"/>
   <trkpt lat="46.4902480" lon="6.7321670"/>
   <trkpt lat="46.4902410" lon="6.7321340"/>
   <trkpt lat="46.4902310" lon="6.7321120"/>
   <trkpt lat="46.4902200" lon="6.7320730"/>
   <trkpt lat="46.4902100" lon="6.7320530"/>
   <trkpt lat="46.4901970" lon="6.7320220"/>
   <trkpt lat="46.4901880" lon="6.7319900"/>
   <trkpt lat="46.4901760" lon="6.7319670"/>
   <trkpt lat="46.4901670" lon="6.7319310"/>
   <trkpt lat="46.4901600" lon="6.7319060"/>
   <trkpt lat="46.4901490" lon="6.7318750"/>
   <trkpt lat="46.4901440" lon="6.7318390"/>
   <trkpt lat="46.4901340" lon="6.7318110"/>
   <trkpt lat="46.4901230" lon="6.7317710"/>
   <trkpt lat="46.4901220" lon="6.7317470"/>
   <trkpt lat="46.4901110" lon="6.7317150"/>
   <trkpt lat="46.4901020" lon="6.7316880"/>
   <trkpt lat="46.4900880" lon="6.7316630"/>
   <trkpt lat="46.4900810" lon="6.7316260"/>
   <trkpt lat="46.4900750" lon="6.7316060"/>
   <trkpt lat="46.4900620" lon="6.7315720"/>
   <trkpt lat="46.4900510" lon="6.7315450"/>
   <trkpt lat="46.4900390" lon="6.7315220"/>
   <trkpt lat="46.4900310" lon="6.7314860"/>
   <trkpt lat="46.4900230" lon="6.7314650"/>
   <trkpt lat="46.4900110" lon="6.7314360"/>
   <trkpt lat="46.4900030" lon="6.7314070"/>
   <trkpt lat="46.4899920" lon="6.7313840"/>
   <trkpt lat="46.4899800" lon="6.7313530"/>
   <trkpt lat="46.4899700" lon="6.7313330"/>
   <trkpt lat="46.4899560" lon="6.7312940"/>
   <trkpt lat="46.4899480" lon="6.7312630"/>
   <trkpt lat="46.4899330" lon="6.7312380"/>
   <trkpt lat="46.4899250" lon="6.7311970"/>
   <trkpt lat="46.4899150" lon="6.7311780"/>
   <trkpt lat="46.4899000" lon="6.7311500"/>
   <trkpt lat="46.4898930" lon="6.7311190"/>
   <trkpt lat="46.4898810" lon="6.7310870"/>
   <trkpt lat="46.4898700" lon="6.7310480"/>
   <trkpt lat="46.4898630" lon="6.7310240"/>
   <trkpt lat="46.4898490" lon="6.7309940"/>
   <trkpt lat="46.4898400" lon="6.7309660"/>
   <trkpt lat="46.4898270" lon="6.7309390"/>
   <trkpt lat="46.4898170" lon="6.7309080"/>
   <trkpt lat="46.4898100" lon="6.7308850"/>
   <trkpt lat="46.4897970" lon="6.7308550"/>
   <trkpt lat="46.4897890" lon="6.7308290"/>
   <trkpt lat="46.4897740" lon="6.7308100"/>
   <trkpt lat="46.4897620" lon="6.7307770"/>
   <trkpt lat="46.4897550" lon="6.7307550"/>
   <trkpt lat="46.4897430" lon="6.7307260"/>
   <trkpt lat="46.4897340" lon="6.7306980"/>
   <trkpt lat="46.4897230" lon="6.7306680"/>
   <trkpt lat="46.4897150" lon="6.7306310"/>
   <trkpt lat="46.4897060" lon="6.7306080"/>
   <trkpt lat="46.4896920" lon="6.7305750"/>
   <trkpt lat="46.4896840" lon="6.7305440"/>
   <trkpt lat="46.4896700" lon="6.7305190"/>
   <trkpt lat="46.4896600" lon="6.7304840"/>
   <trkpt lat="46.4896500" lon="6.7304610"/>
   <trkpt lat="46.4896410" lon="6.7304280"/>
   <trkpt lat="46.4896320" lon="6.7304050"/>
   <trkpt lat="46.4896190" lon="6.7303790"/>
   <trkpt lat="46.4896090" lon="6.7303480"/>
   <trkpt lat="46.4895980" lon="6.7303240"/>
   <trkpt lat="46.4895870" lon="6.7302920"/>
   <trkpt lat="46.4895780" lon="6.7302650"/>
   <trkpt lat="46.4895630" lon="6.7302430"/>
   <trkpt lat="46.4895500" lon="6.7302130"/>
   <trkpt lat="46.4895400" lon="6.7301960"/>
   <trkpt lat="46.4895230" lon="6.7301610"/>
   <trkpt lat="46.4895130" lon="6.7301330"/>
   <trkpt lat="46.4894970" lon="6.7301020"/>
   <trkpt lat="46.4894860" lon="6.7300710"/>
   <trkpt lat="46.4894770" lon="6.7300520"/>
   <trkpt lat="46.4894630" lon="6.7300150"/>
   <trkpt lat="46.4894580" lon="6.7299820"/>
   <trkpt lat="46.4894460" lon="6.7299550"/>
   <trkpt lat="46.4894320" lon="6.7299230"/>
   <trkpt lat="46.4894210" lon="6.7299060"/>
   <trkpt lat="46.4894060" lon="6.7298790"/>
   <trkpt lat="46.4893970" lon="6.7298490"/>
   <trkpt lat="46.4893870" lon="6.7298230"/>
   <trkpt lat="46.4893780" lon="6.7297920"/>
   <trkpt lat="46.4893750" lon="6.7297680"/>
   <trkpt lat="46.4893680" lon="6.7297380"/>
   <trkpt lat="46.4893600" lon="6.7297100"/>
   <trkpt lat="46.4893490" lon="6.7296880"/>
   <trkpt lat="46.4893380" lon="6.7296540"/>
   <trkpt lat="46.4893350" lon="6.7296340"/>
   <trkpt lat="46.4893240" lon="6.7296060"/>
   <trkpt lat="46.4893120" lon="6.7295800"/>
   <trkpt lat="46.4893020" lon="6.7295610"/>
   <trkpt lat="46.4892890" lon="6.7295280"/>
   <trkpt lat="46.4892830" lon="6.7295010"/>
   <trkpt lat="46.4892710" lon="6.7294680"/>
   <trkpt lat="46.4892620" lon="6.7294330"/>
   <trkpt lat="46.4892530" lon="6.7294170"/>
   <trkpt lat="46.4892340" lon="6.7293800"/>
   <trkpt lat="46.4892280" lon="6.7293560"/>
   <trkpt lat="46.4892170" lon="6.7293340"/>
   <trkpt lat="46.4892090" lon="6.7293070"/>
   <trkpt lat="46.4892010" lon="6.7292910"/>
   <trkpt lat="46.4891870" lon="6.7292590"/>
   <trkpt lat="46.4891800" lon="6.7292350"/>
   <trkpt lat="46.4891670" lon="6.7292090"/>
   <trkpt lat="46.4891580" lon="6.7291720"/>
   <trkpt lat="46.4891490" lon="6.7291520"/>
   <trkpt lat="46.4891350" lon="6.7291220"/>
   <trkpt lat="46.4891290" lon="6.7290940"/>
   <trkpt lat="46.4891190" lon="6.7290680"/>
   <trkpt lat="46.4891100" lon="6.7290360"/>
   <trkpt lat="46.4891030" lon="6.7290190"/>
   <trkpt lat="46.4890910" lon="6.7289860"/>
   <trkpt lat="46.4890850" lon="6.7289580"/>
   <trkpt lat="46.4890760" lon="6.7289370"/>
   <trkpt lat="46.4890580" lon="6.7289020"/>
   <trkpt lat="46.4890510" lon="6.7288750"/>
   <trkpt lat="46.4890420" lon="6.7288460"/>
   <trkpt lat="46.4890350" lon="6.7288100"/>
   <trkpt lat="46.4890220" lon="6.7287980"/>
   <trkpt lat="46.4890070" lon="6.7287620"/>
   <trkpt lat="46.4889940" lon="6.7287270"/>
   <trkpt lat="46.4889830" lon="6.7287020"/>
   <trkpt lat="46.4889670" lon="6.7286620"/>
   <trkpt lat="46.4889580" lon="6.7286450"/>
   <trkpt lat="46.4889460" lon="6.7286200"/>
   <trkpt lat="46.4889370" lon="6.7285890"/>
   <trkpt lat="46.4889290" lon="6.7285700"/>
   <trkpt lat="46.4889100" lon="6.7285340"/>
   <trkpt lat="46.4888980" lon="6.7285100"/>
   <trkpt lat="46.4888900" lon="6.7284850"/>
   <trkpt lat="46.4888810" lon="6.7284510"/>
   <trkpt lat="46.4888690" lon="6.7284340"/>
   <trkpt lat="46.4888520" lon="6.7284080"/>
   <trkpt lat="46.4888410" lon="6.7283770"/>
   <trkpt lat="46.4888320" lon="6.7283560"/>
   <trkpt lat="46.4888090" lon="6.7283270"/>
   <trkpt lat="46.4887980" lon="6.7283040"/>
   <trkpt lat="46.4887850" lon="6.7282830"/>
   <trkpt lat="46.4887750" lon="6.7282430"/>
   <trkpt lat="46.4887680" lon="6.7282260"/>
   <trkpt lat="46.4887530" lon="6.7281960"/>
   <trkpt lat="46.4887390" lon="6.7281660"/>
   <trkpt lat="46.4887250" lon="6.7281430"/>
   <trkpt lat="46.4887070" lon="6.7281070"/>
   <trkpt lat="46.4886990" lon="6.7280780"/>
   <trkpt lat="46.4886830" lon="6.7280480"/>
   <trkpt lat="46.4886720" lon="6.7280160"/>
   <trkpt lat="46.4886660" lon="6.7280040"/>
   <trkpt lat="46.4886490" lon="6.7279780"/>
   <trkpt lat="46.4886400" lon="6.7279530"/>
   <trkpt lat="46.4886260" lon="6.7279290"/>
   <trkpt lat="46.4886120" lon="6.7278950"/>
   <trkpt lat="46.4886030" lon="6.7278690"/>
   <trkpt lat="46.4885870" lon="6.7278390"/>
   <trkpt lat="46.4885760" lon="6.7278130"/>
   <trkpt lat="46.4885630" lon="6.7277950"/>
   <trkpt lat="46.4885440" lon="6.7277700"/>
   <trkpt lat="46.4885330" lon="6.7277460"/>
   <trkpt lat="46.4885170" lon="6.7277200"/>
   <trkpt lat="46.4885040" lon="6.7276890"/>
   <trkpt lat="46.4884930" lon="6.7276780"/>
   <trkpt lat="46.4884770" lon="6.7276490"/>
   <trkpt lat="46.4884650" lon="6.7276200"/>
   <trkpt lat="46.4884530" lon="6.7275930"/>
   <trkpt lat="46.4884400" lon="6.7275610"/>
   <trkpt lat="46.4884320" lon="6.7275350"/>
   <trkpt lat="46.4884170" lon="6.7275110"/>
   <trkpt lat="46.4884050" lon="6.7274850"/>
   <trkpt lat="46.4883860" lon="6.7274730"/>
   <trkpt lat="46.4883700" lon="6.7274470"/>
   <trkpt lat="46.4883570" lon="6.7274230"/>
   <trkpt lat="46.4883410" lon="6.7273940"/>
   <trkpt lat="46.4883250" lon="6.7273610"/>
   <trkpt lat="46.4883160" lon="6.7273460"/>
   <trkpt lat="46.4883040" lon="6.7273110"/>
   <trkpt lat="46.4882930" lon="6.7272860"/>
   <trkpt lat="46.4882760" lon="6.7272610"/>
   <trkpt lat="46.4882630" lon="6.7272280"/>
   <trkpt lat="46.4882530" lon="6.7272000"/>
   <trkpt lat="46.4882420" lon="6.7271650"/>
   <trkpt lat="46.4882280" lon="6.7271350"/>
   <trkpt lat="46.4882120" lon="6.7271080"/>
   <trkpt lat="46.4881970" lon="6.7270730"/>
   <trkpt lat="46.4881880" lon="6.7270540"/>
   <trkpt lat="46.4881740" lon="6.7270250"/>
   <trkpt lat="46.4881630" lon="6.7269970"/>
   <trkpt lat="46.4881520" lon="6.7269770"/>
   <trkpt lat="46.4881380" lon="6.7269420"/>
   <trkpt lat="46.4881260" lon="6.7269150"/>
   <trkpt lat="46.4881160" lon="6.7268880"/>
   <trkpt lat="46.4881050" lon="6.7268590"/>
   <trkpt lat="46.4880970" lon="6.7268400"/>
   <trkpt lat="46.4880820" lon="6.7268050"/>
   <trkpt lat="46.4880730" lon="6.7267760"/>
   <trkpt lat="46.4880590" lon="6.7267530"/>
   <trkpt lat="46.4880490" lon="6.7267170"/>
   <trkpt lat="46.4880410" lon="6.7266940"/>
   <trkpt lat="46.4880280" lon="6.7266660"/>
   <trkpt lat="46.4880170" lon="6.7266370"/>
   <trkpt lat="46.4880060" lon="6.7266200"/>
   <trkpt lat="46.4879930" lon="6.7265910"/>
   <trkpt lat="46.4879840" lon="6.7265660"/>
   <trkpt lat="46.4879710" lon="6.7265440"/>
   <trkpt lat="46.4879610" lon="6.7265100"/>
   <trkpt lat="46.4879530" lon="6.7264930"/>
   <trkpt lat="46.4879400" lon="6.7264700"/>
   <trkpt lat="46.4879320" lon="6.7264420"/>
   <trkpt lat="46.4879270" lon="6.7264230"/>
   <trkpt lat="46.4879240" lon="6.7263970"/>
   <trkpt lat="46.4879220" lon="6.7263690"/>
   <trkpt lat="46.4879210" lon="6.7263460"/>
   <trkpt lat="46.4879140" lon="6.7263240"/>
   <trkpt lat="46.4879100" lon="6.7263040"/>
   <trkpt lat="46.4879040" lon="6.7262900"/>
   <trkpt lat="46.4879000" lon="6.7262710"/>
   <trkpt lat="46.4878940" lon="6.7262540"/>
   <trkpt lat="46.4878910" lon="6.7262370"/>
   <trkpt lat="46.4878890" lon="6.7262150"/>
   <trkpt lat="46.4878840" lon="6.7261990"/>
   <trkpt lat="46.4878760" lon="6.7261810"/>
   <trkpt lat="46.4878720" lon="6.7261640"/>
   <trkpt lat="46.4878660" lon="6.7261530"/>
   <trkpt lat="46.4878610" lon="6.7261410"/>
   <trkpt lat="46.4878570" lon="6.7261310"/>
   <trkpt lat="46.4878530" lon="6.7261200"/>
   <trkpt lat="46.4878480" lon="6.7261080"/>
   <trkpt lat="46.4878430" lon="6.7260950"/>
   <trkpt lat="46.4878370" lon="6.7260800"/>
   <trkpt lat="46.4878300" lon="6.7260650"/>
   <trkpt lat="46.4878240" lon="6.7260510"/>
   <trkpt lat="46.4878170" lon="6.7260380"/>
   <trkpt lat="46.4878090" lon="6.7260230"/>
   <trkpt lat="46.4878030" lon="6.7260050"/>
   <trkpt lat="46.4877990" lon="6.7259890"/>
   <trkpt lat="46.4877950" lon="6.7259710"/>
   <trkpt lat="46.4877920" lon="6.7259520"/>
   <trkpt lat="46.4877880" lon="6.7259280"/>
   <trkpt lat="46.4877820" lon="6.7259040"/>
   <trkpt lat="46.4877760" lon="6.7258810"/>
   <trkpt lat="46.4877720" lon="6.7258620"/>
   <trkpt lat="46.4877670" lon="6.7258430"/>
   <trkpt lat="46.4877620" lon="6.7258240"/>
   <trkpt lat="46.4877580" lon="6.7258040"/>
   <trkpt lat="46.4877550" lon="6.7257850"/>
   <trkpt lat="46.4877490" lon="6.7257660"/>
   <trkpt lat="46.4877420" lon="6.7257470"/>
   <trkpt lat="46.4877360" lon="6.7257310"/>
   <trkpt lat="46.4877320" lon="6.7257200"/>
   <trkpt lat="46.4877290" lon="6.7257110"/>
   <trkpt lat="46.4877280" lon="6.7256860"/>
   <trkpt lat="46.4877250" lon="6.7256710"/>
   <trkpt lat="46.4877210" lon="6.7256510"/>
   <trkpt lat="46.4877180" lon="6.7256320"/>
   <trkpt lat="46.4877130" lon="6.7256190"/>
   <trkpt lat="46.4877070" lon="6.7256060"/>
   <trkpt lat="46.4877000" lon="6.7255920"/>
   <trkpt lat="46.4876920" lon="6.7255780"/>
   <trkpt lat="46.4876840" lon="6.7255620"/>
   <trkpt lat="46.4876770" lon="6.7255470"/>
   <trkpt lat="46.4876700" lon="6.7255340"/>
   <trkpt lat="46.4876630" lon="6.7255200"/>
   <trkpt lat="46.4876590" lon="6.7255020"/>
   <trkpt lat="46.4876560" lon="6.7254830"/>
   <trkpt lat="46.4876520" lon="6.7254620"/>
   <trkpt lat="46.4876450" lon="6.7254290"/>
   <trkpt lat="46.4876390" lon="6.7253970"/>
   <trkpt lat="46.4876310" lon="6.7253640"/>
   <trkpt lat="46.4876220" lon="6.7253310"/>
   <trkpt lat="46.4876150" lon="6.7252980"/>
   <trkpt lat="46.4876040" lon="6.7252590"/>
   <trkpt lat="46.4875980" lon="6.7252180"/>
   <trkpt lat="46.4875900" lon="6.7251870"/>
   <trkpt lat="46.4875810" lon="6.7251440"/>
   <trkpt lat="46.4875790" lon="6.7251040"/>
   <trkpt lat="46.4875720" lon="6.7250750"/>
   <trkpt lat="46.4875670" lon="6.7250290"/>
   <trkpt lat="46.4875640" lon="6.7250010"/>
   <trkpt lat="46.4875540" lon="6.7249620"/>
   <trkpt lat="46.4875470" lon="6.7249260"/>
   <trkpt lat="46.4875390" lon="6.7249020"/>
   <trkpt lat="46.4875330" lon="6.7248640"/>
   <trkpt lat="46.4875250" lon="6.7248350"/>
   <trkpt lat="46.4875160" lon="6.7248060"/>
   <trkpt lat="46.4875100" lon="6.7247710"/>
   <trkpt lat="46.4875000" lon="6.7247490"/>
   <trkpt lat="46.4874920" lon="6.7247100"/>
   <trkpt lat="46.4874890" lon="6.7246770"/>
   <trkpt lat="46.4874830" lon="6.7246490"/>
   <trkpt lat="46.4874810" lon="6.7246150"/>
   <trkpt lat="46.4874800" lon="6.7245870"/>
   <trkpt lat="46.4874740" lon="6.7245560"/>
   <trkpt lat="46.4874710" lon="6.7245210"/>
   <trkpt lat="46.4874690" lon="6.7244930"/>
   <trkpt lat="46.4874680" lon="6.7244480"/>
   <trkpt lat="46.4874670" lon="6.7244170"/>
   <trkpt lat="46.4874630" lon="6.7243800"/>
   <trkpt lat="46.4874600" lon="6.7243450"/>
   <trkpt lat="46.4874520" lon="6.7243180"/>
   <trkpt lat="46.4874460" lon="6.7242800"/>
   <trkpt lat="46.4874410" lon="6.7242490"/>
   <trkpt lat="46.4874340" lon="6.7242180"/>
   <trkpt lat="46.4874310" lon="6.7241780"/>
   <trkpt lat="46.4874260" lon="6.7241500"/>
   <trkpt lat="46.4874240" lon="6.7241070"/>
   <trkpt lat="46.4874210" lon="6.7240770"/>
   <trkpt lat="46.4874160" lon="6.7240410"/>
   <trkpt lat="46.4874150" lon="6.7240040"/>
   <trkpt lat="46.4874110" lon="6.7239770"/>
   <trkpt lat="46.4874090" lon="6.7239310"/>
   <trkpt lat="46.4874040" lon="6.7239030"/>
   <trkpt lat="46.4874030" lon="6.7238650"/>
   <trkpt lat="46.4874040" lon="6.7238290"/>
   <trkpt lat="46.4873990" lon="6.7238010"/>
   <trkpt lat="46.4873960" lon="6.7237600"/>
   <trkpt lat="46.4873920" lon="6.7237320"/>
   <trkpt lat="46.4873860" lon="6.7236950"/>
   <trkpt lat="46.4873810" lon="6.7236590"/>
   <trkpt lat="46.4873730" lon="6.7236350"/>
   <trkpt lat="46.4873690" lon="6.7235960"/>
   <trkpt lat="46.4873650" lon="6.7235670"/>
   <trkpt lat="46.4873630" lon="6.7235330"/>
   <trkpt lat="46.4873660" lon="6.7234940"/>
   <trkpt lat="46.4873660" lon="6.7234660"/>
   <trkpt lat="46.4873640" lon="6.7234230"/>
   <trkpt lat="46.4873630" lon="6.7233880"/>
   <trkpt lat="46.4873550" lon="6.7233520"/>
   <trkpt lat="46.4873550" lon="6.7233130"/>
   <trkpt lat="46.4873530" lon="6.7232940"/>
   <trkpt lat="46.4873510" lon="6.7232530"/>
   <trkpt lat="46.4873510" lon="6.7232200"/>
   <trkpt lat="46.4873440" lon="6.7231920"/>
   <trkpt lat="46.4873450" lon="6.7231550"/>
   <trkpt lat="46.4873400" lon="6.7231290"/>
   <trkpt lat="46.4873340" lon="6.7230910"/>
   <trkpt lat="46.4873300" lon="6.7230600"/>
   <trkpt lat="46.4873250" lon="6.7230340"/>
   <trkpt lat="46.4873270" lon="6.7229920"/>
   <trkpt lat="46.4873210" lon="6.7229710"/>
   <trkpt lat="46.4873150" lon="6.7229360"/>
   <trkpt lat="46.4873150" lon="6.7229010"/>
   <trkpt lat="46.4873130" lon="6.7228750"/>
   <trkpt lat="46.4873130" lon="6.7228330"/>
   <trkpt lat="46.4873140" lon="6.7228030"/>
   <trkpt lat="46.4873110" lon="6.7227650"/>
   <trkpt lat="46.4873110" lon="6.7227270"/>
   <trkpt lat="46.4873080" lon="6.7227030"/>
   <trkpt lat="46.4873030" lon="6.7226620"/>
   <trkpt lat="46.4873000" lon="6.7226350"/>
   <trkpt lat="46.4872960" lon="6.7226030"/>
   <trkpt lat="46.4872970" lon="6.7225650"/>
   <trkpt lat="46.4872930" lon="6.7225430"/>
   <trkpt lat="46.4872900" lon="6.7224990"/>
   <trkpt lat="46.4872910" lon="6.7224670"/>
   <trkpt lat="46.4872890" lon="6.7224380"/>
   <trkpt lat="46.4872910" lon="6.7223990"/>
   <trkpt lat="46.4872880" lon="6.7223800"/>
   <trkpt lat="46.4872800" lon="6.7223380"/>
   <trkpt lat="46.4872830" lon="6.7223040"/>
   <trkpt lat="46.4872830" lon="6.7222800"/>
   <trkpt lat="46.4872820" lon="6.7222430"/>
   <trkpt lat="46.4872760" lon="6.7222210"/>
   <trkpt lat="46.4872700" lon="6.7221780"/>
   <trkpt lat="46.4872680" lon="6.7221520"/>
   <trkpt lat="46.4872700" lon="6.7221190"/>
   <trkpt lat="46.4872780" lon="6.7220820"/>
   <trkpt lat="46.4872800" lon="6.7220550"/>
   <trkpt lat="46.4872820" lon="6.7220180"/>
   <trkpt lat="46.4872830" lon="6.7219910"/>
   <trkpt lat="46.4872830" lon="6.7219570"/>
   <trkpt lat="46.4872880" lon="6.7219180"/>
   <trkpt lat="46.4872850" lon="6.7218980"/>
   <trkpt lat="46.4872860" lon="6.7218600"/>
   <trkpt lat="46.4872930" lon="6.7218290"/>
   <trkpt lat="46.4872960" lon="6.7218030"/>
   <trkpt lat="46.4873060" lon="6.7217670"/>
   <trkpt lat="46.4873040" lon="6.7217360"/>
   <trkpt lat="46.4873100" lon="6.7216980"/>
   <trkpt lat="46.4873170" lon="6.7216670"/>
   <trkpt lat="46.4873200" lon="6.7216380"/>
   <trkpt lat="46.4873300" lon="6.7215950"/>
   <trkpt lat="46.4873320" lon="6.7215690"/>
   <trkpt lat="46.4873370" lon="6.7215320"/>
   <trkpt lat="46.4873450" lon="6.7214940"/>
   <trkpt lat="46.4873480" lon="6.7214700"/>
   <trkpt lat="46.4873600" lon="6.7214290"/>
   <trkpt lat="46.4873630" lon="6.7214060"/>
   <trkpt lat="46.4873690" lon="6.7213770"/>
   <trkpt lat="46.4873830" lon="6.7213410"/>
   <trkpt lat="46.4873860" lon="6.7213210"/>
   <trkpt lat="46.4873980" lon="6.7212850"/>
   <trkpt lat="46.4874050" lon="6.7212600"/>
   <trkpt lat="46.4874130" lon="6.7212250"/>
   <trkpt lat="46.4874270" lon="6.7211930"/>
   <trkpt lat="46.4874350" lon="6.7211660"/>
   <trkpt lat="46.4874490" lon="6.7211380"/>
   <trkpt lat="46.4874600" lon="6.7211180"/>
   <trkpt lat="46.4874690" lon="6.7210840"/>
   <trkpt lat="46.4874830" lon="6.7210500"/>
   <trkpt lat="46.4874890" lon="6.7210300"/>
   <trkpt lat="46.4875030" lon="6.7209930"/>
   <trkpt lat="46.4875110" lon="6.7209690"/>
   <trkpt lat="46.4875190" lon="6.7209340"/>
   <trkpt lat="46.4875350" lon="6.7209090"/>
   <trkpt lat="46.4875440" lon="6.7208900"/>
   <trkpt lat="46.4875590" lon="6.7208590"/>
   <trkpt lat="46.4875710" lon="6.7208340"/>
   <trkpt lat="46.4875790" lon="6.7208090"/>
   <trkpt lat="46.4875940" lon="6.7207780"/>
   <trkpt lat="46.4875970" lon="6.7207560"/>
   <trkpt lat="46.4876040" lon="6.7207220"/>
   <trkpt lat="46.4876130" lon="6.7206930"/>
   <trkpt lat="46.4876210" lon="6.7206700"/>
   <trkpt lat="46.4876350" lon="6.7206340"/>
   <trkpt lat="46.4876460" lon="6.7206080"/>
   <trkpt lat="46.4876560" lon="6.7205820"/>
   <trkpt lat="46.4876680" lon="6.7205430"/>
   <trkpt lat="46.4876760" lon="6.7205160"/>
   <trkpt lat="46.4876840" lon="6.7204870"/>
   <trkpt lat="46.4876950" lon="6.7204550"/>
   <trkpt lat="46.4876930" lon="6.7204320"/>
   <trkpt lat="46.4876950" lon="6.7203990"/>
   <trkpt lat="46.4877000" lon="6.7203650"/>
   <trkpt lat="46.4877040" lon="6.7203470"/>
   <trkpt lat="46.4877150" lon="6.7203330"/>
   <trkpt lat="46.4877240" lon="6.7203210"/>
   <trkpt lat="46.4877350" lon="6.7203080"/>
   <trkpt lat="46.4877470" lon="6.7202910"/>
   <trkpt lat="46.4877560" lon="6.7202750"/>
   <trkpt lat="46.4877640" lon="6.7202580"/>
   <trkpt lat="46.4877740" lon="6.7202440"/>
   <trkpt lat="46.4877850" lon="6.7202290"/>
   <trkpt lat="46.4877950" lon="6.7202120"/>
   <trkpt lat="46.4878020" lon="6.7201970"/>
   <trkpt lat="46.4878080" lon="6.7201840"/>
   <trkpt lat="46.4878160" lon="6.7201730"/>
   <trkpt lat="46.4878190" lon="6.7201640"/>
   <trkpt lat="46.4878240" lon="6.7201520"/>
   <trkpt lat="46.4878300" lon="6.7201400"/>
   <trkpt lat="46.4878380" lon="6.7201250"/>
   <trkpt lat="46.4878440" lon="6.7201130"/>
   <trkpt lat="46.4878510" lon="6.7200990"/>
   <trkpt lat="46.4878580" lon="6.7200840"/>
   <trkpt lat="46.4878630" lon="6.7200680"/>
   <trkpt lat="46.4878690" lon="6.7200530"/>
   <trkpt lat="46.4878760" lon="6.7200370"/>
   <trkpt lat="46.4878820" lon="6.7200230"/>
   <trkpt lat="46.4878900" lon="6.7200110"/>
   <trkpt lat="46.4878990" lon="6.7200000"/>
   <trkpt lat="46.4879080" lon="6.7199880"/>
   <trkpt lat="46.4879170" lon="6.7199710"/>
   <trkpt lat="46.4879260" lon="6.7199580"/>
   <trkpt lat="46.4879360" lon="6.7199420"/>
   <trkpt lat="46.4879450" lon="6.7199280"/>
   <trkpt lat="46.4879540" lon="6.7199130"/>
   <trkpt lat="46.4879620" lon="6.7198950"/>
   <trkpt lat="46.4879710" lon="6.7198750"/>
   <trkpt lat="46.4879810" lon="6.7198550"/>
   <trkpt lat="46.4879890" lon="6.7198380"/>
   <trkpt lat="46.4879940" lon="6.7198240"/>
   <trkpt lat="46.4879980" lon="6.7198100"/>
   <trkpt lat="46.4880090" lon="6.7197910"/>
   <trkpt lat="46.4880180" lon="6.7197740"/>
   <trkpt lat="46.4880280" lon="6.7197560"/>
   <trkpt lat="46.4880360" lon="6.7197430"/>
   <trkpt lat="46.4880420" lon="6.7197310"/>
   <trkpt lat="46.4880510" lon="6.7197170"/>
   <trkpt lat="46.4880610" lon="6.7197050"/>
   <trkpt lat="46.4880700" lon="6.7196910"/>
   <trkpt lat="46.4880790" lon="6.7196740"/>
   <trkpt lat="46.4880880" lon="6.7196570"/>
   <trkpt lat="46.4880970" lon="6.7196420"/>
   <trkpt lat="46.4881040" lon="6.7196280"/>
   <trkpt lat="46.4881130" lon="6.7196140"/>
   <trkpt lat="46.4881240" lon="6.7195980"/>
   <trkpt lat="46.4881300" lon="6.7195890"/>
   <trkpt lat="46.4881400" lon="6.7195710"/>
   <trkpt lat="46.4881440" lon="6.7195540"/>
   <trkpt lat="46.4881520" lon="6.7195390"/>
   <trkpt lat="46.4881590" lon="6.7195230"/>
   <trkpt lat="46.4881680" lon="6.7195040"/>
   <trkpt lat="46.4881770" lon="6.7194880"/>
   <trkpt lat="46.4881840" lon="6.7194690"/>
   <trkpt lat="46.4881940" lon="6.7194510"/>
   <trkpt lat="46.4882020" lon="6.7194340"/>
   <trkpt lat="46.4882120" lon="6.7194160"/>
   <trkpt lat="46.4882220" lon="6.7193980"/>
   <trkpt lat="46.4882330" lon="6.7193800"/>
   <trkpt lat="46.4882420" lon="6.7193680"/>
   <trkpt lat="46.4882490" lon="6.7193540"/>
   <trkpt lat="46.4882580" lon="6.7193430"/>
   <trkpt lat="46.4882650" lon="6.7193310"/>
   <trkpt lat="46.4882740" lon="6.7193180"/>
   <trkpt lat="46.4882820" lon="6.7193050"/>
   <trkpt lat="46.4882910" lon="6.7192890"/>
   <trkpt lat="46.4882980" lon="6.7192770"/>
   <trkpt lat="46.4883060" lon="6.7192640"/>
   <trkpt lat="46.4883130" lon="6.7192510"/>
   <trkpt lat="46.4883190" lon="6.7192380"/>
   <trkpt lat="46.4883260" lon="6.7192230"/>
   <trkpt lat="46.4883350" lon="6.7192110"/>
   <trkpt lat="46.4883460" lon="6.7191970"/>
   <trkpt lat="46.4883560" lon="6.7191830"/>
   <trkpt lat="46.4883670" lon="6.7191690"/>
   <trkpt lat="46.4883790" lon="6.7191510"/>
   <trkpt lat="46.4883890" lon="6.7191380"/>
   <trkpt lat="46.4884020" lon="6.7191240"/>
   <trkpt lat="46.4884130" lon="6.7191070"/>
   <trkpt lat="46.4884200" lon="6.7190910"/>
   <trkpt lat="46.4884270" lon="6.7190800"/>
   <trkpt lat="46.4884330" lon="6.7190650"/>
   <trkpt lat="46.4884410" lon="6.7190520"/>
   <trkpt lat="46.4884500" lon="6.7190390"/>
   <trkpt lat="46.4884600" lon="6.7190250"/>
   <trkpt lat="46.4884680" lon="6.7190070"/>
   <trkpt lat="46.4884760" lon="6.7189910"/>
   <trkpt lat="46.4884890" lon="6.7189710"/>
   <trkpt lat="46.4884980" lon="6.7189560"/>
   <trkpt lat="46.4885070" lon="6.7189380"/>
   <trkpt lat="46.4885130" lon="6.7189250"/>
   <trkpt lat="46.4885190" lon="6.7189140"/>
   <trkpt lat="46.4885260" lon="6.7189020"/>
   <trkpt lat="46.4885330" lon="6.7188910"/>
   <trkpt lat="46.4885410" lon="6.7188770"/>
   <trkpt lat="46.4885510" lon="6.7188640"/>
   <trkpt lat="46.4885630" lon="6.7188530"/>
   <trkpt lat="46.4885760" lon="6.7188390"/>
   <trkpt lat="46.4885890" lon="6.7188230"/>
   <trkpt lat="46.4886020" lon="6.7188060"/>
   <trkpt lat="46.4886120" lon="6.7187870"/>
   <trkpt lat="46.4886200" lon="6.7187720"/>
   <trkpt lat="46.4886290" lon="6.7187580"/>
   <trkpt lat="46.4886370" lon="6.7187430"/>
   <trkpt lat="46.4886480" lon="6.7187270"/>
   <trkpt lat="46.4886560" lon="6.7187150"/>
   <trkpt lat="46.4886650" lon="6.7187000"/>
   <trkpt lat="46.4886730" lon="6.7186860"/>
   <trkpt lat="46.4886830" lon="6.7186710"/>
   <trkpt lat="46.4886940" lon="6.7186550"/>
   <trkpt lat="46.4887030" lon="6.7186370"/>
   <trkpt lat="46.4887120" lon="6.7186210"/>
   <trkpt lat="46.4887190" lon="6.7186060"/>
   <trkpt lat="46.4887260" lon="6.7185910"/>
   <trkpt lat="46.4887350" lon="6.7185730"/>
   <trkpt lat="46.4887430" lon="6.7185570"/>
   <trkpt lat="46.4887530" lon="6.7185380"/>
   <trkpt lat="46.4887600" lon="6.7185240"/>
   <trkpt lat="46.4887670" lon="6.7185090"/>
   <trkpt lat="46.4887740" lon="6.7184930"/>
   <trkpt lat="46.4887810" lon="6.7184740"/>
   <trkpt lat="46.4887890" lon="6.7184560"/>
   <trkpt lat="46.4887970" lon="6.7184390"/>
   <trkpt lat="46.4888060" lon="6.7184230"/>
   <trkpt lat="46.4888120" lon="6.7184080"/>
   <trkpt lat="46.4888200" lon="6.7183940"/>
   <trkpt lat="46.4888270" lon="6.7183790"/>
   <trkpt lat="46.4888350" lon="6.7183640"/>
   <trkpt lat="46.4888510" lon="6.7183360"/>
   <trkpt lat="46.4888620" lon="6.7183130"/>
   <trkpt lat="46.4888710" lon="6.7182910"/>
   <trkpt lat="46.4888860" lon="6.7182610"/>
   <trkpt lat="46.4889020" lon="6.7182320"/>
   <trkpt lat="46.4889180" lon="6.7182030"/>
   <trkpt lat="46.4889350" lon="6.7181700"/>
   <trkpt lat="46.4889440" lon="6.7181430"/>
   <trkpt lat="46.4889650" lon="6.7181080"/>
   <trkpt lat="46.4889770" lon="6.7180860"/>
   <trkpt lat="46.4889910" lon="6.7180560"/>
   <trkpt lat="46.4890070" lon="6.7180250"/>
   <trkpt lat="46.4890150" lon="6.7180010"/>
   <trkpt lat="46.4890330" lon="6.7179630"/>
   <trkpt lat="46.4890450" lon="6.7179390"/>
   <trkpt lat="46.4890530" lon="6.7179110"/>
   <trkpt lat="46.4890700" lon="6.7178820"/>
   <trkpt lat="46.4890780" lon="6.7178580"/>
   <trkpt lat="46.4890950" lon="6.7178250"/>
   <trkpt lat="46.4891070" lon="6.7178070"/>
   <trkpt lat="46.4891210" lon="6.7177800"/>
   <trkpt lat="46.4891380" lon="6.7177550"/>
   <trkpt lat="46.4891470" lon="6.7177370"/>
   <trkpt lat="46.4891680" lon="6.7177020"/>
   <trkpt lat="46.4891790" lon="6.7176810"/>
   <trkpt lat="46.4891940" lon="6.7176590"/>
   <trkpt lat="46.4892110" lon="6.7176330"/>
   <trkpt lat="46.4892190" lon="6.7176140"/>
   <trkpt lat="46.4892340" lon="6.7175830"/>
   <trkpt lat="46.4892460" lon="6.7175580"/>
   <trkpt lat="46.4892560" lon="6.7175350"/>
   <trkpt lat="46.4892730" lon="6.7175000"/>
   <trkpt lat="46.4892830" lon="6.7174780"/>
   <trkpt lat="46.4892970" lon="6.7174480"/>
   <trkpt lat="46.4893100" lon="6.7174200"/>
   <trkpt lat="46.4893180" lon="6.7174010"/>
   <trkpt lat="46.4893340" lon="6.7173660"/>
   <trkpt lat="46.4893460" lon="6.7173450"/>
   <trkpt lat="46.4893600" lon="6.7173190"/>
   <trkpt lat="46.4893760" lon="6.7172910"/>
   <trkpt lat="46.4893850" lon="6.7172770"/>
   <trkpt lat="46.4894020" lon="6.7172400"/>
   <trkpt lat="46.4894150" lon="6.7172230"/>
   <trkpt lat="46.4894230" lon="6.7172030"/>
   <trkpt lat="46.4894360" lon="6.7171810"/>
   <trkpt lat="46.4894430" lon="6.7171650"/>
   <trkpt lat="46.4894560" lon="6.7171370"/>
   <trkpt lat="46.4894670" lon="6.7171140"/>
   <trkpt lat="46.4894750" lon="6.7170930"/>
   <trkpt lat="46.4894920" lon="6.7170640"/>
   <trkpt lat="46.4895020" lon="6.7170460"/>
   <trkpt lat="46.4895180" lon="6.7170210"/>
   <trkpt lat="46.4895300" lon="6.7169860"/>
   <trkpt lat="46.4895410" lon="6.7169540"/>
   <trkpt lat="46.4895580" lon="6.7169270"/>
   <trkpt lat="46.4895680" lon="6.7169100"/>
   <trkpt lat="46.4895800" lon="6.7168830"/>
   <trkpt lat="46.4895910" lon="6.7168550"/>
   <trkpt lat="46.4895970" lon="6.7168370"/>
   <trkpt lat="46.4896140" lon="6.7168040"/>
   <trkpt lat="46.4896270" lon="6.7167860"/>
   <trkpt lat="46.4896410" lon="6.7167580"/>
   <trkpt lat="46.4896560" lon="6.7167330"/>
   <trkpt lat="46.4896630" lon="6.7167110"/>
   <trkpt lat="46.4896810" lon="6.7166760"/>
   <trkpt lat="46.4896910" lon="6.7166550"/>
   <trkpt lat="46.4897030" lon="6.7166300"/>
   <trkpt lat="46.4897160" lon="6.7166030"/>
   <trkpt lat="46.4897200" lon="6.7165840"/>
   <trkpt lat="46.4897340" lon="6.7165590"/>
   <trkpt lat="46.4897460" lon="6.7165400"/>
   <trkpt lat="46.4897580" lon="6.7165150"/>
   <trkpt lat="46.4897740" lon="6.7164900"/>
   <trkpt lat="46.4897830" lon="6.7164750"/>
   <trkpt lat="46.4898000" lon="6.7164450"/>
   <trkpt lat="46.4898130" lon="6.7164260"/>
   <trkpt lat="46.4898240" lon="6.7163980"/>
   <trkpt lat="46.4898390" lon="6.7163700"/>
   <trkpt lat="46.4898450" lon="6.7163500"/>
   <trkpt lat="46.4898600" lon="6.7163150"/>
   <trkpt lat="46.4898740" lon="6.7162910"/>
   <trkpt lat="46.4898820" lon="6.7162600"/>
   <trkpt lat="46.4899000" lon="6.7162320"/>
   <trkpt lat="46.4899050" lon="6.7162090"/>
   <trkpt lat="46.4899180" lon="6.7161770"/>
   <trkpt lat="46.4899320" lon="6.7161520"/>
   <trkpt lat="46.4899420" lon="6.7161260"/>
   <trkpt lat="46.4899580" lon="6.7160930"/>
   <trkpt lat="46.4899660" lon="6.7160700"/>
   <trkpt lat="46.4899820" lon="6.7160340"/>
   <trkpt lat="46.4899980" lon="6.7160100"/>
   <trkpt lat="46.4900100" lon="6.7159840"/>
   <trkpt lat="46.4900300" lon="6.7159590"/>
   <trkpt lat="46.4900350" lon="6.7159360"/>
   <trkpt lat="46.4900490" lon="6.7159020"/>
   <trkpt lat="46.4900650" lon="6.7158740"/>
   <trkpt lat="46.4900740" lon="6.7158510"/>
   <trkpt lat="46.4900910" lon="6.7158230"/>
   <trkpt lat="46.4901050" lon="6.7158000"/>
   <trkpt lat="46.4901200" lon="6.7157740"/>
   <trkpt lat="46.4901340" lon="6.7157510"/>
   <trkpt lat="46.4901420" lon="6.7157290"/>
   <trkpt lat="46.4901590" lon="6.7157030"/>
   <trkpt lat="46.4901710" lon="6.7156830"/>
   <trkpt lat="46.4901900" lon="6.7156540"/>
   <trkpt lat="46.4902080" lon="6.7156310"/>
   <trkpt lat="46.4902240" lon="6.7156060"/>
   <trkpt lat="46.4902430" lon="6.7155780"/>
   <trkpt lat="46.4902560" lon="6.7155610"/>
   <trkpt lat="46.4902770" lon="6.7155320"/>
   <trkpt lat="46.4902920" lon="6.7155100"/>
   <trkpt lat="46.4903050" lon="6.7154860"/>
   <trkpt lat="46.4903230" lon="6.7154570"/>
   <trkpt lat="46.4903310" lon="6.7154310"/>
   <trkpt lat="46.4903480" lon="6.7153980"/>
   <trkpt lat="46.4903620" lon="6.7153760"/>
   <trkpt lat="46.4903700" lon="6.7153550"/>
   <trkpt lat="46.4903850" lon="6.7153190"/>
   <trkpt lat="46.4903900" lon="6.7153000"/>
   <trkpt lat="46.4904060" lon="6.7152630"/>
   <trkpt lat="46.4904200" lon="6.7152420"/>
   <trkpt lat="46.4904350" lon="6.7152120"/>
   <trkpt lat="46.4904550" lon="6.7151850"/>
   <trkpt lat="46.4904620" lon="6.7151690"/>
   <trkpt lat="46.4904830" lon="6.7151370"/>
   <trkpt lat="46.4904970" lon="6.7151150"/>
   <trkpt lat="46.4905070" lon="6.7150900"/>
   <trkpt lat="46.4905240" lon="6.7150670"/>
   <trkpt lat="46.4905350" lon="6.7150490"/>
   <trkpt lat="46.4905480" lon="6.7150240"/>
   <trkpt lat="46.4905660" lon="6.7150020"/>
   <trkpt lat="46.4905820" lon="6.7149790"/>
   <trkpt lat="46.4906010" lon="6.7149530"/>
   <trkpt lat="46.4906160" lon="6.7149320"/>
   <trkpt lat="46.4906290" lon="6.7149060"/>
   <trkpt lat="46.4906500" lon="6.7148780"/>
   <trkpt lat="46.4906590" lon="6.7148640"/>
   <trkpt lat="46.4906760" lon="6.7148330"/>
   <trkpt lat="46.4906930" lon="6.7148140"/>
   <trkpt lat="46.4907030" lon="6.7147890"/>
   <trkpt lat="46.4907210" lon="6.7147640"/>
   <trkpt lat="46.4907330" lon="6.7147440"/>
   <trkpt lat="46.4907460" lon="6.7147190"/>
   <trkpt lat="46.4907630" lon="6.7146960"/>
   <trkpt lat="46.4907710" lon="6.7146760"/>
   <trkpt lat="46.4907930" lon="6.7146460"/>
   <trkpt lat="46.4908070" lon="6.7146240"/>
   <trkpt lat="46.4908150" lon="6.7146000"/>
   <trkpt lat="46.4908310" lon="6.7145680"/>
   <trkpt lat="46.4908390" lon="6.7145480"/>
   <trkpt lat="46.4908510" lon="6.7145190"/>
   <trkpt lat="46.4908660" lon="6.7144920"/>
   <trkpt lat="46.4908740" lon="6.7144720"/>
   <trkpt lat="46.4908850" lon="6.7144440"/>
   <trkpt lat="46.4908980" lon="6.7144130"/>
   <trkpt lat="46.4909030" lon="6.7143900"/>
   <trkpt lat="46.4909150" lon="6.7143600"/>
   <trkpt lat="46.4909300" lon="6.7143350"/>
   <trkpt lat="46.4909320" lon="6.7143130"/>
   <trkpt lat="46.4909460" lon="6.7142900"/>
   <trkpt lat="46.4909580" lon="6.7142700"/>
   <trkpt lat="46.4909650" lon="6.7142500"/>
   <trkpt lat="46.4909840" lon="6.7142190"/>
   <trkpt lat="46.4909920" lon="6.7142020"/>
   <trkpt lat="46.4910030" lon="6.7141830"/>
   <trkpt lat="46.4910160" lon="6.7141580"/>
   <trkpt lat="46.4910260" lon="6.7141350"/>
   <trkpt lat="46.4910400" lon="6.7141090"/>
   <trkpt lat="46.4910550" lon="6.7140860"/>
   <trkpt lat="46.4910580" lon="6.7140700"/>
   <trkpt lat="46.4910720" lon="6.7140390"/>
   <trkpt lat="46.4910840" lon="6.7140140"/>
   <trkpt lat="46.4910940" lon="6.7139910"/>
   <trkpt lat="46.4911080" lon="6.7139580"/>
   <trkpt lat="46.4911120" lon="6.7139370"/>
   <trkpt lat="46.4911220" lon="6.7139080"/>
   <trkpt lat="46.4911350" lon="6.7138790"/>
   <trkpt lat="46.4911450" lon="6.7138600"/>
   <trkpt lat="46.4911590" lon="6.7138280"/>
   <trkpt lat="46.4911700" lon="6.7138040"/>
   <trkpt lat="46.4911780" lon="6.7137840"/>
   <trkpt lat="46.4911970" lon="6.7137580"/>
   <trkpt lat="46.4912110" lon="6.7137370"/>
   <trkpt lat="46.4912150" lon="6.7137150"/>
   <trkpt lat="46.4912310" lon="6.7136840"/>
   <trkpt lat="46.4912450" lon="6.7136650"/>
   <trkpt lat="46.4912550" lon="6.7136420"/>
   <trkpt lat="46.4912730" lon="6.7136130"/>
   <trkpt lat="46.4912840" lon="6.7135920"/>
   <trkpt lat="46.4912790" lon="6.7135820"/>
   <trkpt lat="46.4912760" lon="6.7135660"/>
   <trkpt lat="46.4912770" lon="6.7135550"/>
   <trkpt lat="46.4912820" lon="6.7135360"/>
   <trkpt lat="46.4912900" lon="6.7135220"/>
   <trkpt lat="46.4913000" lon="6.7135040"/>
   <trkpt lat="46.4913120" lon="6.7134880"/>
   <trkpt lat="46.4913230" lon="6.7134730"/>
   <trkpt lat="46.4913360" lon="6.7134560"/>
   <trkpt lat="46.4913480" lon="6.7134440"/>
   <trkpt lat="46.4913520" lon="6.7134280"/>
   <trkpt lat="46.4913550" lon="6.7134160"/>
   <trkpt lat="46.4913560" lon="6.7133990"/>
   <trkpt lat="46.4913530" lon="6.7133840"/>
   <trkpt lat="46.4913550" lon="6.7133730"/>
   <trkpt lat="46.4913610" lon="6.7133620"/>
   <trkpt lat="46.4913640" lon="6.7133510"/>
   <trkpt lat="46.4913690" lon="6.7133380"/>
   <trkpt lat="46.4913760" lon="6.7133200"/>
   <trkpt lat="46.4913870" lon="6.7133000"/>
   <trkpt lat="46.4913980" lon="6.7132840"/>
   <trkpt lat="46.4914100" lon="6.7132670"/>
   <trkpt lat="46.4914200" lon="6.7132520"/>
   <trkpt lat="46.4914270" lon="6.7132320"/>
   <trkpt lat="46.4914370" lon="6.7132150"/>
   <trkpt lat="46.4914440" lon="6.7132050"/>
   <trkpt lat="46.4914530" lon="6.7131920"/>
   <trkpt lat="46.4914600" lon="6.7131800"/>
   <trkpt lat="46.4914690" lon="6.7131680"/>
   <trkpt lat="46.4914760" lon="6.7131550"/>
   <trkpt lat="46.4914820" lon="6.7131390"/>
   <trkpt lat="46.4914880" lon="6.7131230"/>
   <trkpt lat="46.4914940" lon="6.7131080"/>
   <trkpt lat="46.4915010" lon="6.7130920"/>
   <trkpt lat="46.4915070" lon="6.7130780"/>
   <trkpt lat="46.4915150" lon="6.7130630"/>
   <trkpt lat="46.4915230" lon="6.7130480"/>
   <trkpt lat="46.4915310" lon="6.7130340"/>
   <trkpt lat="46.4915400" lon="6.7130190"/>
   <trkpt lat="46.4915470" lon="6.7130060"/>
   <trkpt lat="46.4915550" lon="6.7129940"/>
   <trkpt lat="46.4915640" lon="6.7129800"/>
   <trkpt lat="46.4915760" lon="6.7129650"/>
   <trkpt lat="46.4915890" lon="6.7129480"/>
   <trkpt lat="46.4916000" lon="6.7129370"/>
   <trkpt lat="46.4916080" lon="6.7129260"/>
   <trkpt lat="46.4916130" lon="6.7129110"/>
   <trkpt lat="46.4916230" lon="6.7128970"/>
   <trkpt lat="46.4916320" lon="6.7128870"/>
   <trkpt lat="46.4916410" lon="6.7128760"/>
   <trkpt lat="46.4916490" lon="6.7128640"/>
   <trkpt lat="46.4916590" lon="6.7128480"/>
   <trkpt lat="46.4916680" lon="6.7128320"/>
   <trkpt lat="46.4916780" lon="6.7128160"/>
   <trkpt lat="46.4916870" lon="6.7128010"/>
   <trkpt lat="46.4916970" lon="6.7127890"/>
   <trkpt lat="46.4917060" lon="6.7127780"/>
   <trkpt lat="46.4917150" lon="6.7127640"/>
   <trkpt lat="46.4917260" lon="6.7127500"/>
   <trkpt lat="46.4917370" lon="6.7127380"/>
   <trkpt lat="46.4917490" lon="6.7127220"/>
   <trkpt lat="46.4917590" lon="6.7127080"/>
   <trkpt lat="46.4917680" lon="6.7126950"/>
   <trkpt lat="46.4917780" lon="6.7126810"/>
   <trkpt lat="46.4917870" lon="6.7126690"/>
   <trkpt lat="46.4917990" lon="6.7126570"/>
   <trkpt lat="46.4918110" lon="6.7126440"/>
   <trkpt lat="46.4918200" lon="6.7126320"/>
   <trkpt lat="46.4918270" lon="6.7126220"/>
   <trkpt lat="46.4918380" lon="6.7126070"/>
   <trkpt lat="46.4918480" lon="6.7125920"/>
   <trkpt lat="46.4918590" lon="6.7125740"/>
   <trkpt lat="46.4918690" lon="6.7125580"/>
   <trkpt lat="46.4918780" lon="6.7125440"/>
   <trkpt lat="46.4918850" lon="6.7125290"/>
   <trkpt lat="46.4918930" lon="6.7125140"/>
   <trkpt lat="46.4919010" lon="6.7125030"/>
   <trkpt lat="46.4919110" lon="6.7124870"/>
   <trkpt lat="46.4919180" lon="6.7124730"/>
   <trkpt lat="46.4919250" lon="6.7124600"/>
   <trkpt lat="46.4919310" lon="6.7124500"/>
   <trkpt lat="46.4919420" lon="6.7124430"/>
   <trkpt lat="46.4919520" lon="6.7124320"/>
   <trkpt lat="46.4919620" lon="6.7124210"/>
   <trkpt lat="46.4919720" lon="6.7124090"/>
   <trkpt lat="46.4919790" lon="6.7123970"/>
   <trkpt lat="46.4919880" lon="6.7123870"/>
   <trkpt lat="46.4919930" lon="6.7123760"/>
   <trkpt lat="46.4920000" lon="6.7123650"/>
   <trkpt lat="46.4920080" lon="6.7123510"/>
   <trkpt lat="46.4920170" lon="6.7123350"/>
   <trkpt lat="46.4920260" lon="6.7123190"/>
   <trkpt lat="46.4920350" lon="6.7123020"/>
   <trkpt lat="46.4920450" lon="6.7122860"/>
   <trkpt lat="46.4920570" lon="6.7122710"/>
   <trkpt lat="46.4920680" lon="6.7122560"/>
   <trkpt lat="46.4920780" lon="6.7122440"/>
   <trkpt lat="46.4920900" lon="6.7122320"/>
   <trkpt lat="46.4921010" lon="6.7122200"/>
   <trkpt lat="46.4921110" lon="6.7122080"/>
   <trkpt lat="46.4921210" lon="6.7121940"/>
   <trkpt lat="46.4921310" lon="6.7121790"/>
   <trkpt lat="46.4921390" lon="6.7121700"/>
   <trkpt lat="46.4921480" lon="6.7121590"/>
   <trkpt lat="46.4921580" lon="6.7121450"/>
   <trkpt lat="46.4921710" lon="6.7121240"/>
   <trkpt lat="46.4921860" lon="6.7121000"/>
   <trkpt lat="46.4922050" lon="6.7120730"/>
   <trkpt lat="46.4922220" lon="6.7120440"/>
   <trkpt lat="46.4922340" lon="6.7120210"/>
   <trkpt lat="46.4922490" lon="6.7119930"/>
   <trkpt lat="46.4922580" lon="6.7119770"/>
   <trkpt lat="46.4922720" lon="6.7119470"/>
   <trkpt lat="46.4922880" lon="6.7119250"/>
   <trkpt lat="46.4923000" lon="6.7118990"/>
   <trkpt lat="46.4923220" lon="6.7118660"/>
   <trkpt lat="46.4923340" lon="6.7118470"/>
   <trkpt lat="46.4923490" lon="6.7118200"/>
   <trkpt lat="46.4923690" lon="6.7117950"/>
   <trkpt lat="46.4923790" lon="6.7117780"/>
   <trkpt lat="46.4924000" lon="6.7117490"/>
   <trkpt lat="46.4924160" lon="6.7117290"/>
   <trkpt lat="46.4924330" lon="6.7117060"/>
   <trkpt lat="46.4924510" lon="6.7116780"/>
   <trkpt lat="46.4924610" lon="6.7116610"/>
   <trkpt lat="46.4924800" lon="6.7116330"/>
   <trkpt lat="46.4924920" lon="6.7116160"/>
   <trkpt lat="46.4925090" lon="6.7115970"/>
   <trkpt lat="46.4925300" lon="6.7115730"/>
   <trkpt lat="46.4925450" lon="6.7115560"/>
   <trkpt lat="46.4925640" lon="6.7115270"/>
   <trkpt lat="46.4925820" lon="6.7115040"/>
   <trkpt lat="46.4925990" lon="6.7114830"/>
   <trkpt lat="46.4926210" lon="6.7114570"/>
   <trkpt lat="46.4926370" lon="6.7114360"/>
   <trkpt lat="46.4926560" lon="6.7114070"/>
   <trkpt lat="46.4926750" lon="6.7113850"/>
   <trkpt lat="46.4926840" lon="6.7113570"/>
   <trkpt lat="46.4927060" lon="6.7113310"/>
   <trkpt lat="46.4927200" lon="6.7113140"/>
   <trkpt lat="46.4927320" lon="6.7112880"/>
   <trkpt lat="46.4927460" lon="6.7112650"/>
   <trkpt lat="46.4927520" lon="6.7112440"/>
   <trkpt lat="46.4927720" lon="6.7112170"/>
   <trkpt lat="46.4927810" lon="6.7111990"/>
   <trkpt lat="46.4928000" lon="6.7111750"/>
   <trkpt lat="46.4928190" lon="6.7111500"/>
   <trkpt lat="46.4928330" lon="6.7111260"/>
   <trkpt lat="46.4928530" lon="6.7110990"/>
   <trkpt lat="46.4928680" lon="6.7110770"/>
   <trkpt lat="46.4928850" lon="6.7110530"/>
   <trkpt lat="46.4929050" lon="6.7110310"/>
   <trkpt lat="46.4929150" lon="6.7110110"/>
   <trkpt lat="46.4929360" lon="6.7109830"/>
   <trkpt lat="46.4929520" lon="6.7109650"/>
   <trkpt lat="46.4929670" lon="6.7109440"/>
   <trkpt lat="46.4929870" lon="6.7109180"/>
   <trkpt lat="46.4929940" lon="6.7108990"/>
   <trkpt lat="46.4930110" lon="6.7108740"/>
   <trkpt lat="46.4930300" lon="6.7108480"/>
   <trkpt lat="46.4930450" lon="6.7108180"/>
   <trkpt lat="46.4930670" lon="6.7107920"/>
   <trkpt lat="46.4930840" lon="6.7107810"/>
   <trkpt lat="46.4931040" lon="6.7107570"/>
   <trkpt lat="46.4931190" lon="6.7107410"/>
   <trkpt lat="46.4931360" lon="6.7107170"/>
   <trkpt lat="46.4931570" lon="6.7106880"/>
   <trkpt lat="46.4931680" lon="6.7106670"/>
   <trkpt lat="46.4931880" lon="6.7106380"/>
   <trkpt lat="46.4932030" lon="6.7106140"/>
   <trkpt lat="46.4932190" lon="6.7105830"/>
   <trkpt lat="46.4932380" lon="6.7105580"/>
   <trkpt lat="46.4932560" lon="6.7105410"/>
   <trkpt lat="46.4932740" lon="6.7105180"/>
   <trkpt lat="46.4932910" lon="6.7104940"/>
   <trkpt lat="46.4933040" lon="6.7104680"/>
   <trkpt lat="46.4933250" lon="6.7104400"/>
   <trkpt lat="46.4933360" lon="6.7104250"/>
   <trkpt lat="46.4933490" lon="6.7104030"/>
   <trkpt lat="46.4933650" lon="6.7103820"/>
   <trkpt lat="46.4933770" lon="6.7103560"/>
   <trkpt lat="46.4933970" lon="6.7103290"/>
   <trkpt lat="46.4934080" lon="6.7103070"/>
   <trkpt lat="46.4934230" lon="6.7102810"/>
   <trkpt lat="46.4934420" lon="6.7102570"/>
   <trkpt lat="46.4934500" lon="6.7102350"/>
   <trkpt lat="46.4934690" lon="6.7102050"/>
   <trkpt lat="46.4934830" lon="6.7101910"/>
   <trkpt lat="46.4934990" lon="6.7101680"/>
   <trkpt lat="46.4935200" lon="6.7101410"/>
   <trkpt lat="46.4935330" lon="6.7101210"/>
   <trkpt lat="46.4935580" lon="6.7100930"/>
   <trkpt lat="46.4935730" lon="6.7100760"/>
   <trkpt lat="46.4935880" lon="6.7100540"/>
   <trkpt lat="46.4936060" lon="6.7100310"/>
   <trkpt lat="46.4936140" lon="6.7100100"/>
   <trkpt lat="46.4936380" lon="6.7099860"/>
   <trkpt lat="46.4936520" lon="6.7099680"/>
   <trkpt lat="46.4936700" lon="6.7099450"/>
   <trkpt lat="46.4936890" lon="6.7099180"/>
   <trkpt lat="46.4937010" lon="6.7099040"/>
   <trkpt lat="46.4937150" lon="6.7098770"/>
   <trkpt lat="46.4937330" lon="6.7098490"/>
   <trkpt lat="46.4937450" lon="6.7098300"/>
   <trkpt lat="46.4937670" lon="6.7098010"/>
   <trkpt lat="46.4937820" lon="6.7097840"/>
   <trkpt lat="46.4937970" lon="6.7097600"/>
   <trkpt lat="46.4938130" lon="6.7097330"/>
   <trkpt lat="46.4938260" lon="6.7097180"/>
   <trkpt lat="46.4938450" lon="6.7096930"/>
   <trkpt lat="46.4938560" lon="6.7096720"/>
   <trkpt lat="46.4938710" lon="6.7096500"/>
   <trkpt lat="46.4938860" lon="6.7096310"/>
   <trkpt lat="46.4938950" lon="6.7096120"/>
   <trkpt lat="46.4939140" lon="6.7095840"/>
   <trkpt lat="46.4939280" lon="6.7095690"/>
   <trkpt lat="46.4939480" lon="6.7095410"/>
   <trkpt lat="46.4939650" lon="6.7095240"/>
   <trkpt lat="46.4939730" lon="6.7095030"/>
   <trkpt lat="46.4939920" lon="6.7094740"/>
   <trkpt lat="46.4940070" lon="6.7094550"/>
   <trkpt lat="46.4940240" lon="6.7094310"/>
   <trkpt lat="46.4940410" lon="6.7094040"/>
   <trkpt lat="46.4940520" lon="6.7093790"/>
   <trkpt lat="46.4940720" lon="6.7093480"/>
   <trkpt lat="46.4940860" lon="6.7093330"/>
   <trkpt lat="46.4940990" lon="6.7093070"/>
   <trkpt lat="46.4941140" lon="6.7092840"/>
   <trkpt lat="46.4941220" lon="6.7092670"/>
   <trkpt lat="46.4941430" lon="6.7092410"/>
   <trkpt lat="46.4941600" lon="6.7092230"/>
   <trkpt lat="46.4941760" lon="6.7092010"/>
   <trkpt lat="46.4941980" lon="6.7091730"/>
   <trkpt lat="46.4942050" lon="6.7091580"/>
   <trkpt lat="46.4942240" lon="6.7091270"/>
   <trkpt lat="46.4942370" lon="6.7091090"/>
   <trkpt lat="46.4942470" lon="6.7090900"/>
   <trkpt lat="46.4942690" lon="6.7090670"/>
   <trkpt lat="46.4942780" lon="6.7090530"/>
   <trkpt lat="46.4943020" lon="6.7090220"/>
   <trkpt lat="46.4943150" lon="6.7090040"/>
   <trkpt lat="46.4943320" lon="6.7089820"/>
   <trkpt lat="46.4943500" lon="6.7089640"/>
   <trkpt lat="46.4943630" lon="6.7089400"/>
   <trkpt lat="46.4943830" lon="6.7089280"/>
   <trkpt lat="46.4943990" lon="6.7089080"/>
   <trkpt lat="46.4944140" lon="6.7088820"/>
   <trkpt lat="46.4944310" lon="6.7088650"/>
   <trkpt lat="46.4944430" lon="6.7088480"/>
   <trkpt lat="46.4944610" lon="6.7088280"/>
   <trkpt lat="46.4944760" lon="6.7088060"/>
   <trkpt lat="46.4944940" lon="6.7087850"/>
   <trkpt lat="46.4945110" lon="6.7087620"/>
   <trkpt lat="46.4945300" lon="6.7087340"/>
   <trkpt lat="46.4945470" lon="6.7087090"/>
   <trkpt lat="46.4945590" lon="6.7086850"/>
   <trkpt lat="46.4945770" lon="6.7086580"/>
   <trkpt lat="46.4945870" lon="6.7086410"/>
   <trkpt lat="46.4945990" lon="6.7086200"/>
   <trkpt lat="46.4946160" lon="6.7085920"/>
   <trkpt lat="46.4946310" lon="6.7085800"/>
   <trkpt lat="46.4946540" lon="6.7085550"/>
   <trkpt lat="46.4946670" lon="6.7085360"/>
   <trkpt lat="46.4946850" lon="6.7085130"/>
   <trkpt lat="46.4947020" lon="6.7084860"/>
   <trkpt lat="46.4947130" lon="6.7084660"/>
   <trkpt lat="46.4947320" lon="6.7084390"/>
   <trkpt lat="46.4947430" lon="6.7084200"/>
   <trkpt lat="46.4947570" lon="6.7083940"/>
   <trkpt lat="46.4947770" lon="6.7083670"/>
   <trkpt lat="46.4947890" lon="6.7083470"/>
   <trkpt lat="46.4948090" lon="6.7083200"/>
   <trkpt lat="46.4948240" lon="6.7083000"/>
   <trkpt lat="46.4948420" lon="6.7082700"/>
   <trkpt lat="46.4948590" lon="6.7082460"/>
   <trkpt lat="46.4948680" lon="6.7082230"/>
   <trkpt lat="46.4948890" lon="6.7081880"/>
   <trkpt lat="46.4948930" lon="6.7081700"/>
   <trkpt lat="46.4949110" lon="6.7081370"/>
   <trkpt lat="46.4949230" lon="6.7081190"/>
   <trkpt lat="46.4949350" lon="6.7080960"/>
   <trkpt lat="46.4949530" lon="6.7080680"/>
   <trkpt lat="46.4949620" lon="6.7080500"/>
   <trkpt lat="46.4949840" lon="6.7080230"/>
   <trkpt lat="46.4950000" lon="6.7080040"/>
   <trkpt lat="46.4950110" lon="6.7079840"/>
   <trkpt lat="46.4950160" lon="6.7079670"/>
   <trkpt lat="46.4950180" lon="6.7079500"/>
   <trkpt lat="46.4950230" lon="6.7079340"/>
   <trkpt lat="46.4950290" lon="6.7079240"/>
   <trkpt lat="46.4950340" lon="6.7079150"/>
   <trkpt lat="46.4950420" lon="6.7079020"/>
   <trkpt lat="46.4950500" lon="6.7078880"/>
   <trkpt lat="46.4950600" lon="6.7078720"/>
   <trkpt lat="46.4950710" lon="6.7078620"/>
   <trkpt lat="46.4950830" lon="6.7078480"/>
   <trkpt lat="46.4950940" lon="6.7078290"/>
   <trkpt lat="46.4951090" lon="6.7078090"/>
   <trkpt lat="46.4951180" lon="6.7077880"/>
   <trkpt lat="46.4951280" lon="6.7077700"/>
   <trkpt lat="46.4951390" lon="6.7077500"/>
   <trkpt lat="46.4951510" lon="6.7077330"/>
   <trkpt lat="46.4951600" lon="6.7077170"/>
   <trkpt lat="46.4951650" lon="6.7077070"/>
   <trkpt lat="46.4951690" lon="6.7076960"/>
   <trkpt lat="46.4951750" lon="6.7076800"/>
   <trkpt lat="46.4951780" lon="6.7076630"/>
   <trkpt lat="46.4951820" lon="6.7076470"/>
   <trkpt lat="46.4951840" lon="6.7076310"/>
   <trkpt lat="46.4951900" lon="6.7076140"/>
   <trkpt lat="46.4951960" lon="6.7075950"/>
   <trkpt lat="46.4951980" lon="6.7075790"/>
   <trkpt lat="46.4952040" lon="6.7075620"/>
   <trkpt lat="46.4952090" lon="6.7075420"/>
   <trkpt lat="46.4952140" lon="6.7075260"/>
   <trkpt lat="46.4952200" lon="6.7075090"/>
   <trkpt lat="46.4952250" lon="6.7074940"/>
   <trkpt lat="46.4952300" lon="6.7074870"/>
   <trkpt lat="46.4952350" lon="6.7074750"/>
   <trkpt lat="46.4952400" lon="6.7074630"/>
   <trkpt lat="46.4952460" lon="6.7074480"/>
   <trkpt lat="46.4952520" lon="6.7074290"/>
   <trkpt lat="46.4952580" lon="6.7074120"/>
   <trkpt lat="46.4952640" lon="6.7073930"/>
   <trkpt lat="46.4952690" lon="6.7073770"/>
   <trkpt lat="46.4952740" lon="6.7073600"/>
   <trkpt lat="46.4952820" lon="6.7073420"/>
   <trkpt lat="46.4952910" lon="6.7073220"/>
   <trkpt lat="46.4953020" lon="6.7072980"/>
   <trkpt lat="46.4953150" lon="6.7072700"/>
   <trkpt lat="46.4953260" lon="6.7072440"/>
   <trkpt lat="46.4953400" lon="6.7072130"/>
   <trkpt lat="46.4953540" lon="6.7071860"/>
   <trkpt lat="46.4953670" lon="6.7071570"/>
   <trkpt lat="46.4953800" lon="6.7071280"/>
   <trkpt lat="46.4953930" lon="6.7071000"/>
   <trkpt lat="46.4954130" lon="6.7070720"/>
   <trkpt lat="46.4954270" lon="6.7070440"/>
   <trkpt lat="46.4954400" lon="6.7070130"/>
   <trkpt lat="46.4954590" lon="6.7069830"/>
   <trkpt lat="46.4954670" lon="6.7069610"/>
   <trkpt lat="46.4954840" lon="6.7069280"/>
   <trkpt lat="46.4954940" lon="6.7069010"/>
   <trkpt lat="46.4955070" lon="6.7068740"/>
   <trkpt lat="46.4955220" lon="6.7068370"/>
   <trkpt lat="46.4955330" lon="6.7068080"/>
   <trkpt lat="46.4955430" lon="6.7067720"/>
   <trkpt lat="46.4955510" lon="6.7067440"/>
   <trkpt lat="46.4955560" lon="6.7067180"/>
   <trkpt lat="46.4955710" lon="6.7066890"/>
   <trkpt lat="46.4955790" lon="6.7066620"/>
   <trkpt lat="46.4955900" lon="6.7066220"/>
   <trkpt lat="46.4956010" lon="6.7065880"/>
   <trkpt lat="46.4956070" lon="6.7065590"/>
   <trkpt lat="46.4956200" lon="6.7065210"/>
   <trkpt lat="46.4956270" lon="6.7064960"/>
   <trkpt lat="46.4956380" lon="6.7064620"/>
   <trkpt lat="46.4956480" lon="6.7064330"/>
   <trkpt lat="46.4956540" lon="6.7064040"/>
   <trkpt lat="46.4956670" lon="6.7063710"/>
   <trkpt lat="46.4956780" lon="6.7063490"/>
   <trkpt lat="46.4956940" lon="6.7063170"/>
   <trkpt lat="46.4957020" lon="6.7062980"/>
   <trkpt lat="46.4957120" lon="6.7062720"/>
   <trkpt lat="46.4957260" lon="6.7062450"/>
   <trkpt lat="46.4957330" lon="6.7062200"/>
   <trkpt lat="46.4957520" lon="6.7061870"/>
   <trkpt lat="46.4957660" lon="6.7061660"/>
   <trkpt lat="46.4957800" lon="6.7061370"/>
   <trkpt lat="46.4957950" lon="6.7061100"/>
   <trkpt lat="46.4958030" lon="6.7060860"/>
   <trkpt lat="46.4958180" lon="6.7060500"/>
   <trkpt lat="46.4958290" lon="6.7060280"/>
   <trkpt lat="46.4958400" lon="6.7060000"/>
   <trkpt lat="46.4958530" lon="6.7059690"/>
   <trkpt lat="46.4958610" lon="6.7059440"/>
   <trkpt lat="46.4958760" lon="6.7059060"/>
   <trkpt lat="46.4958860" lon="6.7058830"/>
   <trkpt lat="46.4958990" lon="6.7058590"/>
   <trkpt lat="46.4959150" lon="6.7058310"/>
   <trkpt lat="46.4959240" lon="6.7058090"/>
   <trkpt lat="46.4959410" lon="6.7057730"/>
   <trkpt lat="46.4959520" lon="6.7057490"/>
   <trkpt lat="46.4959630" lon="6.7057170"/>
   <trkpt lat="46.4959790" lon="6.7056860"/>
   <trkpt lat="46.4959890" lon="6.7056610"/>
   <trkpt lat="46.4960070" lon="6.7056270"/>
   <trkpt lat="46.4960150" lon="6.7056030"/>
   <trkpt lat="46.4960300" lon="6.7055740"/>
   <trkpt lat="46.4960440" lon="6.7055450"/>
   <trkpt lat="46.4960530" lon="6.7055220"/>
   <trkpt lat="46.4960670" lon="6.7054880"/>
   <trkpt lat="46.4960790" lon="6.7054620"/>
   <trkpt lat="46.4960900" lon="6.7054360"/>
   <trkpt lat="46.4961040" lon="6.7054070"/>
   <trkpt lat="46.4961120" lon="6.7053860"/>
   <trkpt lat="46.4961300" lon="6.7053540"/>
   <trkpt lat="46.4961460" lon="6.7053320"/>
   <trkpt lat="46.4961610" lon="6.7053040"/>
   <trkpt lat="46.4961770" lon="6.7052770"/>
   <trkpt lat="46.4961860" lon="6.7052510"/>
   <trkpt lat="46.4962050" lon="6.7052210"/>
   <trkpt lat="46.4962160" lon="6.7051960"/>
   <trkpt lat="46.4962300" lon="6.7051710"/>
   <trkpt lat="46.4962470" lon="6.7051430"/>
   <trkpt lat="46.4962560" lon="6.7051190"/>
   <trkpt lat="46.4962750" lon="6.7050860"/>
   <trkpt lat="46.4962850" lon="6.7050670"/>
   <trkpt lat="46.4963000" lon="6.7050360"/>
   <trkpt lat="46.4963160" lon="6.7050110"/>
   <trkpt lat="46.4963280" lon="6.7049900"/>
   <trkpt lat="46.4963470" lon="6.7049660"/>
   <trkpt lat="46.4963550" lon="6.7049440"/>
   <trkpt lat="46.4963760" lon="6.7049180"/>
   <trkpt lat="46.4963870" lon="6.7048980"/>
   <trkpt lat="46.4963950" lon="6.7048700"/>
   <trkpt lat="46.4964100" lon="6.7048430"/>
   <trkpt lat="46.4964170" lon="6.7048240"/>
   <trkpt lat="46.4964350" lon="6.7047920"/>
   <trkpt lat="46.4964460" lon="6.7047700"/>
   <trkpt lat="46.4964580" lon="6.7047400"/>
   <trkpt lat="46.4964750" lon="6.7047150"/>
   <trkpt lat="46.4964830" lon="6.7046930"/>
   <trkpt lat="46.4965020" lon="6.7046610"/>
   <trkpt lat="46.4965140" lon="6.7046380"/>
   <trkpt lat="46.4965300" lon="6.7046060"/>
   <trkpt lat="46.4965490" lon="6.7045810"/>
   <trkpt lat="46.4965680" lon="6.7045550"/>
   <trkpt lat="46.4965880" lon="6.7045250"/>
   <trkpt lat="46.4966030" lon="6.7045050"/>
   <trkpt lat="46.4966180" lon="6.7044790"/>
   <trkpt lat="46.4966350" lon="6.7044590"/>
   <trkpt lat="46.4966470" lon="6.7044340"/>
   <trkpt lat="46.4966650" lon="6.7044050"/>
   <trkpt lat="46.4966750" lon="6.7043820"/>
   <trkpt lat="46.4966920" lon="6.7043550"/>
   <trkpt lat="46.4967030" lon="6.7043300"/>
   <trkpt lat="46.4967140" lon="6.7043040"/>
   <trkpt lat="46.4967330" lon="6.7042750"/>
   <trkpt lat="46.4967440" lon="6.7042530"/>
   <trkpt lat="46.4967630" lon="6.7042300"/>
   <trkpt lat="46.4967740" lon="6.7042050"/>
   <trkpt lat="46.4967880" lon="6.7041730"/>
   <trkpt lat="46.4968070" lon="6.7041490"/>
   <trkpt lat="46.4968190" lon="6.7041240"/>
   <trkpt lat="46.4968390" lon="6.7040910"/>
   <trkpt lat="46.4968500" lon="6.7040650"/>
   <trkpt lat="46.4968670" lon="6.7040360"/>
   <trkpt lat="46.4968830" lon="6.7040120"/>
   <trkpt lat="46.4968980" lon="6.7039850"/>
   <trkpt lat="46.4969160" lon="6.7039530"/>
   <trkpt lat="46.4969240" lon="6.7039280"/>
   <trkpt lat="46.4969430" lon="6.7038940"/>
   <trkpt lat="46.4969560" lon="6.7038690"/>
   <trkpt lat="46.4969690" lon="6.7038400"/>
   <trkpt lat="46.4969840" lon="6.7038090"/>
   <trkpt lat="46.4969960" lon="6.7037840"/>
   <trkpt lat="46.4970120" lon="6.7037540"/>
   <trkpt lat="46.4970230" lon="6.7037330"/>
   <trkpt lat="46.4970360" lon="6.7036990"/>
   <trkpt lat="46.4970470" lon="6.7036730"/>
   <trkpt lat="46.4970620" lon="6.7036450"/>
   <trkpt lat="46.4970770" lon="6.7036150"/>
   <trkpt lat="46.4970850" lon="6.7035900"/>
   <trkpt lat="46.4970990" lon="6.7035520"/>
   <trkpt lat="46.4971080" lon="6.7035300"/>
   <trkpt lat="46.4971180" lon="6.7034940"/>
   <trkpt lat="46.4971380" lon="6.7034670"/>
   <trkpt lat="46.4971470" lon="6.7034440"/>
   <trkpt lat="46.4971640" lon="6.7034090"/>
   <trkpt lat="46.4971740" lon="6.7033820"/>
   <trkpt lat="46.4971890" lon="6.7033470"/>
   <trkpt lat="46.4972000" lon="6.7033240"/>
   <trkpt lat="46.4972050" lon="6.7032880"/>
   <trkpt lat="46.4972180" lon="6.7032520"/>
   <trkpt lat="46.4972240" lon="6.7032250"/>
   <trkpt lat="46.4972360" lon="6.7031860"/>
   <trkpt lat="46.4972420" lon="6.7031580"/>
   <trkpt lat="46.4972550" lon="6.7031190"/>
   <trkpt lat="46.4972680" lon="6.7030900"/>
   <trkpt lat="46.4972770" lon="6.7030720"/>
   <trkpt lat="46.4972940" lon="6.7030390"/>
   <trkpt lat="46.4973060" lon="6.7030150"/>
   <trkpt lat="46.4973180" lon="6.7029840"/>
   <trkpt lat="46.4973320" lon="6.7029520"/>
   <trkpt lat="46.4973410" lon="6.7029220"/>
   <trkpt lat="46.4973560" lon="6.7028850"/>
   <trkpt lat="46.4973660" lon="6.7028550"/>
   <trkpt lat="46.4973780" lon="6.7028220"/>
   <trkpt lat="46.4973910" lon="6.7027950"/>
   <trkpt lat="46.4973990" lon="6.7027650"/>
   <trkpt lat="46.4974120" lon="6.7027300"/>
   <trkpt lat="46.4974180" lon="6.7027100"/>
   <trkpt lat="46.4974310" lon="6.7026720"/>
   <trkpt lat="46.4974420" lon="6.7026400"/>
   <trkpt lat="46.4974520" lon="6.7026110"/>
   <trkpt lat="46.4974590" lon="6.7025860"/>
   <trkpt lat="46.4974670" lon="6.7025650"/>
   <trkpt lat="46.4974750" lon="6.7025450"/>
   <trkpt lat="46.4974800" lon="6.7025280"/>
   <trkpt lat="46.4974880" lon="6.7025100"/>
   <trkpt lat="46.4974960" lon="6.7024950"/>
   <trkpt lat="46.4975000" lon="6.7024800"/>
   <trkpt lat="46.4975030" lon="6.7024670"/>
   <trkpt lat="46.4975090" lon="6.7024600"/>
   <trkpt lat="46.4975140" lon="6.7024460"/>
   <trkpt lat="46.4975210" lon="6.7024330"/>
   <trkpt lat="46.4975260" lon="6.7024160"/>
   <trkpt lat="46.4975310" lon="6.7024080"/>
   <trkpt lat="46.4975340" lon="6.7023950"/>
   <trkpt lat="46.4975380" lon="6.7023820"/>
   <trkpt lat="46.4975430" lon="6.7023680"/>
   <trkpt lat="46.4975460" lon="6.7023490"/>
   <trkpt lat="46.4975520" lon="6.7023290"/>
   <trkpt lat="46.4975590" lon="6.7023100"/>
   <trkpt lat="46.4975660" lon="6.7022890"/>
   <trkpt lat="46.4975730" lon="6.7022680"/>
   <trkpt lat="46.4975810" lon="6.7022500"/>
   <trkpt lat="46.4975910" lon="6.7022340"/>
   <trkpt lat="46.4975990" lon="6.7022200"/>
   <trkpt lat="46.4976070" lon="6.7022050"/>
   <trkpt lat="46.4976150" lon="6.7021920"/>
   <trkpt lat="46.4976240" lon="6.7021750"/>
   <trkpt lat="46.4976330" lon="6.7021590"/>
   <trkpt lat="46.4976420" lon="6.7021400"/>
   <trkpt lat="46.4976510" lon="6.7021190"/>
   <trkpt lat="46.4976600" lon="6.7020990"/>
   <trkpt lat="46.4976680" lon="6.7020800"/>
   <trkpt lat="46.4976720" lon="6.7020710"/>
   <trkpt lat="46.4976770" lon="6.7020580"/>
   <trkpt lat="46.4976850" lon="6.7020450"/>
   <trkpt lat="46.4976920" lon="6.7020280"/>
   <trkpt lat="46.4976980" lon="6.7020130"/>
   <trkpt lat="46.4977040" lon="6.7019980"/>
   <trkpt lat="46.4977110" lon="6.7019810"/>
   <trkpt lat="46.4977190" lon="6.7019630"/>
   <trkpt lat="46.4977270" lon="6.7019470"/>
   <trkpt lat="46.4977350" lon="6.7019360"/>
   <trkpt lat="46.4977440" lon="6.7019200"/>
   <trkpt lat="46.4977530" lon="6.7019030"/>
   <trkpt lat="46.4977610" lon="6.7018870"/>
   <trkpt lat="46.4977690" lon="6.7018710"/>
   <trkpt lat="46.4977760" lon="6.7018550"/>
   <trkpt lat="46.4977840" lon="6.7018390"/>
   <trkpt lat="46.4977920" lon="6.7018250"/>
   <trkpt lat="46.4978000" lon="6.7018120"/>
   <trkpt lat="46.4978070" lon="6.7017990"/>
   <trkpt lat="46.4978170" lon="6.7017840"/>
   <trkpt lat="46.4978280" lon="6.7017690"/>
   <trkpt lat="46.4978390" lon="6.7017560"/>
   <trkpt lat="46.4978490" lon="6.7017430"/>
   <trkpt lat="46.4978590" lon="6.7017280"/>
   <trkpt lat="46.4978680" lon="6.7017150"/>
   <trkpt lat="46.4978780" lon="6.7017010"/>
   <trkpt lat="46.4978890" lon="6.7016850"/>
   <trkpt lat="46.4979000" lon="6.7016690"/>
   <trkpt lat="46.4979100" lon="6.7016550"/>
   <trkpt lat="46.4979170" lon="6.7016420"/>
   <trkpt lat="46.4979260" lon="6.7016270"/>
   <trkpt lat="46.4979340" lon="6.7016150"/>
   <trkpt lat="46.4979440" lon="6.7016030"/>
   <trkpt lat="46.4979540" lon="6.7015950"/>
   <trkpt lat="46.4979620" lon="6.7015870"/>
   <trkpt lat="46.4979700" lon="6.7015740"/>
   <trkpt lat="46.4979860" lon="6.7015560"/>
   <trkpt lat="46.4980010" lon="6.7015380"/>
   <trkpt lat="46.4980190" lon="6.7015140"/>
   <trkpt lat="46.4980410" lon="6.7014840"/>
   <trkpt lat="46.4980590" lon="6.7014590"/>
   <trkpt lat="46.4980770" lon="6.7014320"/>
   <trkpt lat="46.4980930" lon="6.7014060"/>
   <trkpt lat="46.4981140" lon="6.7013700"/>
   <trkpt lat="46.4981290" lon="6.7013500"/>
   <trkpt lat="46.4981450" lon="6.7013180"/>
   <trkpt lat="46.4981640" lon="6.7012870"/>
   <trkpt lat="46.4981740" lon="6.7012600"/>
   <trkpt lat="46.4981930" lon="6.7012320"/>
   <trkpt lat="46.4982070" lon="6.7012130"/>
   <trkpt lat="46.4982220" lon="6.7011860"/>
   <trkpt lat="46.4982380" lon="6.7011640"/>
   <trkpt lat="46.4982500" lon="6.7011400"/>
   <trkpt lat="46.4982690" lon="6.7011140"/>
   <trkpt lat="46.4982810" lon="6.7010960"/>
   <trkpt lat="46.4983000" lon="6.7010700"/>
   <trkpt lat="46.4983150" lon="6.7010490"/>
   <trkpt lat="46.4983270" lon="6.7010220"/>
   <trkpt lat="46.4983420" lon="6.7009940"/>
   <trkpt lat="46.4983530" lon="6.7009700"/>
   <trkpt lat="46.4983730" lon="6.7009390"/>
   <trkpt lat="46.4983870" lon="6.7009150"/>
   <trkpt lat="46.4984050" lon="6.7008890"/>
   <trkpt lat="46.4984230" lon="6.7008630"/>
   <trkpt lat="46.4984340" lon="6.7008380"/>
   <trkpt lat="46.4984510" lon="6.7008100"/>
   <trkpt lat="46.4984570" lon="6.7007810"/>
   <trkpt lat="46.4984680" lon="6.7007470"/>
   <trkpt lat="46.4984830" lon="6.7007180"/>
   <trkpt lat="46.4984940" lon="6.7006930"/>
   <trkpt lat="46.4985090" lon="6.7006590"/>
   <trkpt lat="46.4985160" lon="6.7006330"/>
   <trkpt lat="46.4985290" lon="6.7006050"/>
   <trkpt lat="46.4985450" lon="6.7005760"/>
   <trkpt lat="46.4985560" lon="6.7005560"/>
   <trkpt lat="46.4985710" lon="6.7005240"/>
   <trkpt lat="46.4985790" lon="6.7004980"/>
   <trkpt lat="46.4985920" lon="6.7004680"/>
   <trkpt lat="46.4986050" lon="6.7004390"/>
   <trkpt lat="46.4986110" lon="6.7004130"/>
   <trkpt lat="46.4986240" lon="6.7003770"/>
   <trkpt lat="46.4986290" lon="6.7003520"/>
   <trkpt lat="46.4986360" lon="6.7003160"/>
   <trkpt lat="46.4986470" lon="6.7002820"/>
   <trkpt lat="46.4986520" lon="6.7002570"/>
   <trkpt lat="46.4986650" lon="6.7002250"/>
   <trkpt lat="46.4986680" lon="6.7002040"/>
   <trkpt lat="46.4986730" lon="6.7001680"/>
   <trkpt lat="46.4986830" lon="6.7001360"/>
   <trkpt lat="46.4986890" lon="6.7001100"/>
   <trkpt lat="46.4986960" lon="6.7000710"/>
   <trkpt lat="46.4987020" lon="6.7000470"/>
   <trkpt lat="46.4987110" lon="6.7000070"/>
   <trkpt lat="46.4987170" lon="6.6999780"/>
   <trkpt lat="46.4987210" lon="6.6999410"/>
   <trkpt lat="46.4987290" lon="6.6999060"/>
   <trkpt lat="46.4987320" lon="6.6998860"/>
   <trkpt lat="46.4987400" lon="6.6998500"/>
   <trkpt lat="46.4987480" lon="6.6998240"/>
   <trkpt lat="46.4987540" lon="6.6997910"/>
   <trkpt lat="46.4987630" lon="6.6997540"/>
   <trkpt lat="46.4987670" lon="6.6997280"/>
   <trkpt lat="46.4987740" lon="6.6996900"/>
   <trkpt lat="46.4987810" lon="6.6996610"/>
   <trkpt lat="46.4987870" lon="6.6996310"/>
   <trkpt lat="46.4987960" lon="6.6996010"/>
   <trkpt lat="46.4988000" lon="6.6995860"/>
   <trkpt lat="46.4988100" lon="6.6995540"/>
   <trkpt lat="46.4988180" lon="6.6995230"/>
   <trkpt lat="46.4988190" lon="6.6994930"/>
   <trkpt lat="46.4988260" lon="6.6994560"/>
   <trkpt lat="46.4988280" lon="6.6994270"/>
   <trkpt lat="46.4988360" lon="6.6993890"/>
   <trkpt lat="46.4988430" lon="6.6993590"/>
   <trkpt lat="46.4988490" lon="6.6993230"/>
   <trkpt lat="46.4988550" lon="6.6992870"/>
   <trkpt lat="46.4988620" lon="6.6992610"/>
   <trkpt lat="46.4988700" lon="6.6992220"/>
   <trkpt lat="46.4988770" lon="6.6991960"/>
   <trkpt lat="46.4988830" lon="6.6991600"/>
   <trkpt lat="46.4988910" lon="6.6991300"/>
   <trkpt lat="46.4988930" lon="6.6991000"/>
   <trkpt lat="46.4989040" lon="6.6990650"/>
   <trkpt lat="46.4989120" lon="6.6990460"/>
   <trkpt lat="46.4989200" lon="6.6990160"/>
   <trkpt lat="46.4989270" lon="6.6989850"/>
   <trkpt lat="46.4989310" lon="6.6989520"/>
   <trkpt lat="46.4989430" lon="6.6989160"/>
   <trkpt lat="46.4989490" lon="6.6988940"/>
   <trkpt lat="46.4989640" lon="6.6988570"/>
   <trkpt lat="46.4989760" lon="6.6988240"/>
   <trkpt lat="46.4989830" lon="6.6987940"/>
   <trkpt lat="46.4989980" lon="6.6987620"/>
   <trkpt lat="46.4990100" lon="6.6987390"/>
   <trkpt lat="46.4990240" lon="6.6987020"/>
   <trkpt lat="46.4990380" lon="6.6986730"/>
   <trkpt lat="46.4990480" lon="6.6986440"/>
   <trkpt lat="46.4990600" lon="6.6986100"/>
   <trkpt lat="46.4990650" lon="6.6985850"/>
   <trkpt lat="46.4990790" lon="6.6985470"/>
   <trkpt lat="46.4990920" lon="6.6985200"/>
   <trkpt lat="46.4991060" lon="6.6984890"/>
   <trkpt lat="46.4991200" lon="6.6984590"/>
   <trkpt lat="46.4991290" lon="6.6984410"/>
   <trkpt lat="46.4991440" lon="6.6984040"/>
   <trkpt lat="46.4991520" lon="6.6983790"/>
   <trkpt lat="46.4991640" lon="6.6983470"/>
   <trkpt lat="46.4991790" lon="6.6983150"/>
   <trkpt lat="46.4991860" lon="6.6982910"/>
   <trkpt lat="46.4992020" lon="6.6982530"/>
   <trkpt lat="46.4992100" lon="6.6982270"/>
   <trkpt lat="46.4992200" lon="6.6981930"/>
   <trkpt lat="46.4992330" lon="6.6981590"/>
   <trkpt lat="46.4992410" lon="6.6981290"/>
   <trkpt lat="46.4992570" lon="6.6980910"/>
   <trkpt lat="46.4992660" lon="6.6980710"/>
   <trkpt lat="46.4992790" lon="6.6980370"/>
   <trkpt lat="46.4992920" lon="6.6980070"/>
   <trkpt lat="46.4993020" lon="6.6979750"/>
   <trkpt lat="46.4993180" lon="6.6979360"/>
   <trkpt lat="46.4993240" lon="6.6979050"/>
   <trkpt lat="46.4993420" lon="6.6978680"/>
   <trkpt lat="46.4993530" lon="6.6978390"/>
   <trkpt lat="46.4993610" lon="6.6978030"/>
   <trkpt lat="46.4993750" lon="6.6977700"/>
   <trkpt lat="46.4993860" lon="6.6977430"/>
   <trkpt lat="46.4993990" lon="6.6977080"/>
   <trkpt lat="46.4994090" lon="6.6976800"/>
   <trkpt lat="46.4994170" lon="6.6976510"/>
   <trkpt lat="46.4994290" lon="6.6976170"/>
   <trkpt lat="46.4994380" lon="6.6975920"/>
   <trkpt lat="46.4994530" lon="6.6975550"/>
   <trkpt lat="46.4994610" lon="6.6975280"/>
   <trkpt lat="46.4994720" lon="6.6974910"/>
   <trkpt lat="46.4994870" lon="6.6974560"/>
   <trkpt lat="46.4994990" lon="6.6974270"/>
   <trkpt lat="46.4995140" lon="6.6973900"/>
   <trkpt lat="46.4995170" lon="6.6973700"/>
   <trkpt lat="46.4995280" lon="6.6973370"/>
   <trkpt lat="46.4995400" lon="6.6973090"/>
   <trkpt lat="46.4995520" lon="6.6972820"/>
   <trkpt lat="46.4995670" lon="6.6972540"/>
   <trkpt lat="46.4995720" lon="6.6972300"/>
   <trkpt lat="46.4995890" lon="6.6971960"/>
   <trkpt lat="46.4996000" lon="6.6971720"/>
   <trkpt lat="46.4996090" lon="6.6971460"/>
   <trkpt lat="46.4996230" lon="6.6971150"/>
   <trkpt lat="46.4996280" lon="6.6970930"/>
   <trkpt lat="46.4996420" lon="6.6970560"/>
   <trkpt lat="46.4996540" lon="6.6970250"/>
   <trkpt lat="46.4996650" lon="6.6969920"/>
   <trkpt lat="46.4996810" lon="6.6969590"/>
   <trkpt lat="46.4996880" lon="6.6969400"/>
   <trkpt lat="46.4997010" lon="6.6969100"/>
   <trkpt lat="46.4997120" lon="6.6968880"/>
   <trkpt lat="46.4997220" lon="6.6968610"/>
   <trkpt lat="46.4997350" lon="6.6968310"/>
   <trkpt lat="46.4997460" lon="6.6968070"/>
   <trkpt lat="46.4997560" lon="6.6967730"/>
   <trkpt lat="46.4997670" lon="6.6967480"/>
   <trkpt lat="46.4997810" lon="6.6967160"/>
   <trkpt lat="46.4997900" lon="6.6966900"/>
   <trkpt lat="46.4997990" lon="6.6966590"/>
   <trkpt lat="46.4998140" lon="6.6966280"/>
   <trkpt lat="46.4998200" lon="6.6966070"/>
   <trkpt lat="46.4998370" lon="6.6965740"/>
   <trkpt lat="46.4998510" lon="6.6965500"/>
   <trkpt lat="46.4998580" lon="6.6965180"/>
   <trkpt lat="46.4998720" lon="6.6964850"/>
   <trkpt lat="46.4998760" lon="6.6964570"/>
   <trkpt lat="46.4998890" lon="6.6964150"/>
   <trkpt lat="46.4998950" lon="6.6963950"/>
   <trkpt lat="46.4999020" lon="6.6963580"/>
   <trkpt lat="46.4999110" lon="6.6963280"/>
   <trkpt lat="46.4999120" lon="6.6962970"/>
   <trkpt lat="46.4999260" lon="6.6962570"/>
   <trkpt lat="46.4999370" lon="6.6962360"/>
   <trkpt lat="46.4999510" lon="6.6962030"/>
   <trkpt lat="46.4999620" lon="6.6961760"/>
   <trkpt lat="46.4999680" lon="6.6961510"/>
   <trkpt lat="46.4999840" lon="6.6961180"/>
   <trkpt lat="46.4999890" lon="6.6960960"/>
   <trkpt lat="46.5000030" lon="6.6960620"/>
   <trkpt lat="46.5000170" lon="6.6960310"/>
   <trkpt lat="46.5000270" lon="6.6960010"/>
   <trkpt lat="46.5000420" lon="6.6959700"/>
   <trkpt lat="46.5000470" lon="6.6959490"/>
   <trkpt lat="46.5000600" lon="6.6959160"/>
   <trkpt lat="46.5000710" lon="6.6958930"/>
   <trkpt lat="46.5000810" lon="6.6958630"/>
   <trkpt lat="46.5000900" lon="6.6958280"/>
   <trkpt lat="46.5000960" lon="6.6958040"/>
   <trkpt lat="46.5001030" lon="6.6957710"/>
   <trkpt lat="46.5001110" lon="6.6957460"/>
   <trkpt lat="46.5001160" lon="6.6957180"/>
   <trkpt lat="46.5001260" lon="6.6956880"/>
   <trkpt lat="46.5001270" lon="6.6956690"/>
   <trkpt lat="46.5001390" lon="6.6956330"/>
   <trkpt lat="46.5001500" lon="6.6956010"/>
   <trkpt lat="46.5001560" lon="6.6955710"/>
   <trkpt lat="46.5001670" lon="6.6955370"/>
   <trkpt lat="46.5001720" lon="6.6955100"/>
   <trkpt lat="46.5001810" lon="6.6954750"/>
   <trkpt lat="46.5001900" lon="6.6954410"/>
   <trkpt lat="46.5001960" lon="6.6954090"/>
   <trkpt lat="46.5002040" lon="6.6953690"/>
   <trkpt lat="46.5002080" lon="6.6953380"/>
   <trkpt lat="46.5002140" lon="6.6953070"/>
   <trkpt lat="46.5002200" lon="6.6952750"/>
   <trkpt lat="46.5002240" lon="6.6952450"/>
   <trkpt lat="46.5002370" lon="6.6952090"/>
   <trkpt lat="46.5002460" lon="6.6951800"/>
   <trkpt lat="46.5002540" lon="6.6951500"/>
   <trkpt lat="46.5002640" lon="6.6951150"/>
   <trkpt lat="46.5002690" lon="6.6950850"/>
   <trkpt lat="46.5002750" lon="6.6950460"/>
   <trkpt lat="46.5002790" lon="6.6950140"/>
   <trkpt lat="46.5002820" lon="6.6949810"/>
   <trkpt lat="46.5002890" lon="6.6949420"/>
   <trkpt lat="46.5002930" lon="6.6949150"/>
   <trkpt lat="46.5003010" lon="6.6948740"/>
   <trkpt lat="46.5003090" lon="6.6948380"/>
   <trkpt lat="46.5003120" lon="6.6948080"/>
   <trkpt lat="46.5003200" lon="6.6947670"/>
   <trkpt lat="46.5003270" lon="6.6947460"/>
   <trkpt lat="46.5003350" lon="6.6947090"/>
   <trkpt lat="46.5003440" lon="6.6946740"/>
   <trkpt lat="46.5003490" lon="6.6946420"/>
   <trkpt lat="46.5003570" lon="6.6946050"/>
   <trkpt lat="46.5003600" lon="6.6945810"/>
   <trkpt lat="46.5003640" lon="6.6945480"/>
   <trkpt lat="46.5003730" lon="6.6945150"/>
   <trkpt lat="46.5003780" lon="6.6944860"/>
   <trkpt lat="46.5003840" lon="6.6944470"/>
   <trkpt lat="46.5003840" lon="6.6944190"/>
   <trkpt lat="46.5003880" lon="6.6943760"/>
   <trkpt lat="46.5003960" lon="6.6943440"/>
   <trkpt lat="46.5003980" lon="6.6943130"/>
   <trkpt lat="46.5004050" lon="6.6942750"/>
   <trkpt lat="46.5004060" lon="6.6942460"/>
   <trkpt lat="46.5004090" lon="6.6942110"/>
   <trkpt lat="46.5004170" lon="6.6941740"/>
   <trkpt lat="46.5004200" lon="6.6941480"/>
   <trkpt lat="46.5004290" lon="6.6941070"/>
   <trkpt lat="46.5004280" lon="6.6940830"/>
   <trkpt lat="46.5004310" lon="6.6940470"/>
   <trkpt lat="46.5004370" lon="6.6940140"/>
   <trkpt lat="46.5004360" lon="6.6939850"/>
   <trkpt lat="46.5004420" lon="6.6939470"/>
   <trkpt lat="46.5004440" lon="6.6939180"/>
   <trkpt lat="46.5004460" lon="6.6938780"/>
   <trkpt lat="46.5004520" lon="6.6938430"/>
   <trkpt lat="46.5004510" lon="6.6938050"/>
   <trkpt lat="46.5004570" lon="6.6937630"/>
   <trkpt lat="46.5004630" lon="6.6937370"/>
   <trkpt lat="46.5004700" lon="6.6936950"/>
   <trkpt lat="46.5004750" lon="6.6936660"/>
   <trkpt lat="46.5004710" lon="6.6936420"/>
   <trkpt lat="46.5004740" lon="6.6936040"/>
   <trkpt lat="46.5004730" lon="6.6935720"/>
   <trkpt lat="46.5004750" lon="6.6935290"/>
   <trkpt lat="46.5004800" lon="6.6934970"/>
   <trkpt lat="46.5004780" lon="6.6934660"/>
   <trkpt lat="46.5004830" lon="6.6934260"/>
   <trkpt lat="46.5004860" lon="6.6934060"/>
   <trkpt lat="46.5004880" lon="6.6933650"/>
   <trkpt lat="46.5004910" lon="6.6933330"/>
   <trkpt lat="46.5004880" lon="6.6933060"/>
   <trkpt lat="46.5004910" lon="6.6932700"/>
   <trkpt lat="46.5004940" lon="6.6932460"/>
   <trkpt lat="46.5004910" lon="6.6932080"/>
   <trkpt lat="46.5004970" lon="6.6931710"/>
   <trkpt lat="46.5004960" lon="6.6931440"/>
   <trkpt lat="46.5004970" lon="6.6931040"/>
   <trkpt lat="46.5004970" lon="6.6930790"/>
   <trkpt lat="46.5004920" lon="6.6930400"/>
   <trkpt lat="46.5004940" lon="6.6930030"/>
   <trkpt lat="46.5004930" lon="6.6929730"/>
   <trkpt lat="46.5004960" lon="6.6929280"/>
   <trkpt lat="46.5004990" lon="6.6929040"/>
   <trkpt lat="46.5004990" lon="6.6928680"/>
   <trkpt lat="46.5005010" lon="6.6928340"/>
   <trkpt lat="46.5005030" lon="6.6928060"/>
   <trkpt lat="46.5005030" lon="6.6927660"/>
   <trkpt lat="46.5005100" lon="6.6927400"/>
   <trkpt lat="46.5005090" lon="6.6927010"/>
   <trkpt lat="46.5005110" lon="6.6926650"/>
   <trkpt lat="46.5005090" lon="6.6926380"/>
   <trkpt lat="46.5005170" lon="6.6926000"/>
   <trkpt lat="46.5005170" lon="6.6925690"/>
   <trkpt lat="46.5005200" lon="6.6925340"/>
   <trkpt lat="46.5005220" lon="6.6925010"/>
   <trkpt lat="46.5005160" lon="6.6924730"/>
   <trkpt lat="46.5005180" lon="6.6924370"/>
   <trkpt lat="46.5005230" lon="6.6924140"/>
   <trkpt lat="46.5005240" lon="6.6923810"/>
   <trkpt lat="46.5005290" lon="6.6923430"/>
   <trkpt lat="46.5005270" lon="6.6923170"/>
   <trkpt lat="46.5005310" lon="6.6922750"/>
   <trkpt lat="46.5005320" lon="6.6922490"/>
   <trkpt lat="46.5005350" lon="6.6922110"/>
   <trkpt lat="46.5005390" lon="6.6921840"/>
   <trkpt lat="46.5005380" lon="6.6921610"/>
   <trkpt lat="46.5005450" lon="6.6921270"/>
   <trkpt lat="46.5005500" lon="6.6920960"/>
   <trkpt lat="46.5005510" lon="6.6920630"/>
   <trkpt lat="46.5005580" lon="6.6920270"/>
   <trkpt lat="46.5005620" lon="6.6919940"/>
   <trkpt lat="46.5005680" lon="6.6919530"/>
   <trkpt lat="46.5005760" lon="6.6919300"/>
   <trkpt lat="46.5005820" lon="6.6918980"/>
   <trkpt lat="46.5005870" lon="6.6918640"/>
   <trkpt lat="46.5005920" lon="6.6918340"/>
   <trkpt lat="46.5005980" lon="6.6918010"/>
   <trkpt lat="46.5006080" lon="6.6917680"/>
   <trkpt lat="46.5006160" lon="6.6917350"/>
   <trkpt lat="46.5006260" lon="6.6916980"/>
   <trkpt lat="46.5006340" lon="6.6916660"/>
   <trkpt lat="46.5006440" lon="6.6916290"/>
   <trkpt lat="46.5006520" lon="6.6915980"/>
   <trkpt lat="46.5006600" lon="6.6915650"/>
   <trkpt lat="46.5006720" lon="6.6915240"/>
   <trkpt lat="46.5006790" lon="6.6914920"/>
   <trkpt lat="46.5006900" lon="6.6914540"/>
   <trkpt lat="46.5006980" lon="6.6914240"/>
   <trkpt lat="46.5007030" lon="6.6913870"/>
   <trkpt lat="46.5007110" lon="6.6913510"/>
   <trkpt lat="46.5007160" lon="6.6913270"/>
   <trkpt lat="46.5007270" lon="6.6912920"/>
   <trkpt lat="46.5007330" lon="6.6912590"/>
   <trkpt lat="46.5007410" lon="6.6912280"/>
   <trkpt lat="46.5007490" lon="6.6911970"/>
   <trkpt lat="46.5007580" lon="6.6911670"/>
   <trkpt lat="46.5007710" lon="6.6911290"/>
   <trkpt lat="46.5007750" lon="6.6911070"/>
   <trkpt lat="46.5007830" lon="6.6910680"/>
   <trkpt lat="46.5007880" lon="6.6910400"/>
   <trkpt lat="46.5007890" lon="6.6910070"/>
   <trkpt lat="46.5008010" lon="6.6909660"/>
   <trkpt lat="46.5008010" lon="6.6909430"/>
   <trkpt lat="46.5008140" lon="6.6909070"/>
   <trkpt lat="46.5008240" lon="6.6908770"/>
   <trkpt lat="46.5008330" lon="6.6908460"/>
   <trkpt lat="46.5008440" lon="6.6908140"/>
   <trkpt lat="46.5008490" lon="6.6907960"/>
   <trkpt lat="46.5008540" lon="6.6907780"/>
   <trkpt lat="46.5008600" lon="6.6907570"/>
   <trkpt lat="46.5008670" lon="6.6907360"/>
   <trkpt lat="46.5008730" lon="6.6907210"/>
   <trkpt lat="46.5008810" lon="6.6907040"/>
   <trkpt lat="46.5008900" lon="6.6906850"/>
   <trkpt lat="46.5008990" lon="6.6906730"/>
   <trkpt lat="46.5009100" lon="6.6906550"/>
   <trkpt lat="46.5009170" lon="6.6906420"/>
   <trkpt lat="46.5009200" lon="6.6906290"/>
   <trkpt lat="46.5009210" lon="6.6906170"/>
   <trkpt lat="46.5009200" lon="6.6906050"/>
   <trkpt lat="46.5009220" lon="6.6905990"/>
   <trkpt lat="46.5009250" lon="6.6905860"/>
   <trkpt lat="46.5009320" lon="6.6905760"/>
   <trkpt lat="46.5009370" lon="6.6905580"/>
   <trkpt lat="46.5009430" lon="6.6905450"/>
   <trkpt lat="46.5009480" lon="6.6905300"/>
   <trkpt lat="46.5009560" lon="6.6905160"/>
   <trkpt lat="46.5009660" lon="6.6905020"/>
   <trkpt lat="46.5009750" lon="6.6904840"/>
   <trkpt lat="46.5009850" lon="6.6904660"/>
   <trkpt lat="46.5010000" lon="6.6904470"/>
   <trkpt lat="46.5010100" lon="6.6904290"/>
   <trkpt lat="46.5010180" lon="6.6904150"/>
   <trkpt lat="46.5010270" lon="6.6904000"/>
   <trkpt lat="46.5010350" lon="6.6903850"/>
   <trkpt lat="46.5010430" lon="6.6903690"/>
   <trkpt lat="46.5010510" lon="6.6903530"/>
   <trkpt lat="46.5010570" lon="6.6903410"/>
   <trkpt lat="46.5010640" lon="6.6903290"/>
   <trkpt lat="46.5010700" lon="6.6903160"/>
   <trkpt lat="46.5010770" lon="6.6903000"/>
   <trkpt lat="46.5010870" lon="6.6902830"/>
   <trkpt lat="46.5010980" lon="6.6902670"/>
   <trkpt lat="46.5011070" lon="6.6902530"/>
   <trkpt lat="46.5011140" lon="6.6902380"/>
   <trkpt lat="46.5011200" lon="6.6902240"/>
   <trkpt lat="46.5011260" lon="6.6902080"/>
   <trkpt lat="46.5011330" lon="6.6901930"/>
   <trkpt lat="46.5011420" lon="6.6901790"/>
   <trkpt lat="46.5011520" lon="6.6901650"/>
   <trkpt lat="46.5011620" lon="6.6901510"/>
   <trkpt lat="46.5011730" lon="6.6901350"/>
   <trkpt lat="46.5011840" lon="6.6901200"/>
   <trkpt lat="46.5011940" lon="6.6901050"/>
   <trkpt lat="46.5012020" lon="6.6900910"/>
   <trkpt lat="46.5012100" lon="6.6900770"/>
   <trkpt lat="46.5012190" lon="6.6900620"/>
   <trkpt lat="46.5012290" lon="6.6900470"/>
   <trkpt lat="46.5012390" lon="6.6900340"/>
   <trkpt lat="46.5012490" lon="6.6900220"/>
   <trkpt lat="46.5012580" lon="6.6900090"/>
   <trkpt lat="46.5012680" lon="6.6899940"/>
   <trkpt lat="46.5012770" lon="6.6899800"/>
   <trkpt lat="46.5012860" lon="6.6899650"/>
   <trkpt lat="46.5012950" lon="6.6899500"/>
   <trkpt lat="46.5013050" lon="6.6899340"/>
   <trkpt lat="46.5013140" lon="6.6899190"/>
   <trkpt lat="46.5013220" lon="6.6899050"/>
   <trkpt lat="46.5013310" lon="6.6898900"/>
   <trkpt lat="46.5013400" lon="6.6898750"/>
   <trkpt lat="46.5013480" lon="6.6898610"/>
   <trkpt lat="46.5013580" lon="6.6898470"/>
   <trkpt lat="46.5013680" lon="6.6898330"/>
   <trkpt lat="46.5013780" lon="6.6898190"/>
   <trkpt lat="46.5013890" lon="6.6898050"/>
   <trkpt lat="46.5014000" lon="6.6897920"/>
   <trkpt lat="46.5014080" lon="6.6897810"/>
   <trkpt lat="46.5014190" lon="6.6897660"/>
   <trkpt lat="46.5014280" lon="6.6897540"/>
   <trkpt lat="46.5014330" lon="6.6897390"/>
   <trkpt lat="46.5014490" lon="6.6897140"/>
   <trkpt lat="46.5014650" lon="6.6896890"/>
   <trkpt lat="46.5014760" lon="6.6896700"/>
   <trkpt lat="46.5014890" lon="6.6896440"/>
   <trkpt lat="46.5015040" lon="6.6896190"/>
   <trkpt lat="46.5015180" lon="6.6895920"/>
   <trkpt lat="46.5015330" lon="6.6895640"/>
   <trkpt lat="46.5015450" lon="6.6895400"/>
   <trkpt lat="46.5015600" lon="6.6895060"/>
   <trkpt lat="46.5015740" lon="6.6894870"/>
   <trkpt lat="46.5015880" lon="6.6894560"/>
   <trkpt lat="46.5016080" lon="6.6894320"/>
   <trkpt lat="46.5016180" lon="6.6894090"/>
   <trkpt lat="46.5016410" lon="6.6893830"/>
   <trkpt lat="46.5016530" lon="6.6893630"/>
   <trkpt lat="46.5016740" lon="6.6893310"/>
   <trkpt lat="46.5016940" lon="6.6893060"/>
   <trkpt lat="46.5017090" lon="6.6892800"/>
   <trkpt lat="46.5017330" lon="6.6892490"/>
   <trkpt lat="46.5017440" lon="6.6892300"/>
   <trkpt lat="46.5017660" lon="6.6891990"/>
   <trkpt lat="46.5017810" lon="6.6891770"/>
   <trkpt lat="46.5018010" lon="6.6891470"/>
   <trkpt lat="46.5018220" lon="6.6891200"/>
   <trkpt lat="46.5018330" lon="6.6890990"/>
   <trkpt lat="46.5018510" lon="6.6890700"/>
   <trkpt lat="46.5018620" lon="6.6890480"/>
   <trkpt lat="46.5018800" lon="6.6890100"/>
   <trkpt lat="46.5018940" lon="6.6889800"/>
   <trkpt lat="46.5019100" lon="6.6889510"/>
   <trkpt lat="46.5019320" lon="6.6889200"/>
   <trkpt lat="46.5019400" lon="6.6888930"/>
   <trkpt lat="46.5019570" lon="6.6888500"/>
   <trkpt lat="46.5019670" lon="6.6888260"/>
   <trkpt lat="46.5019800" lon="6.6887930"/>
   <trkpt lat="46.5019910" lon="6.6887570"/>
   <trkpt lat="46.5019990" lon="6.6887320"/>
   <trkpt lat="46.5020120" lon="6.6886990"/>
   <trkpt lat="46.5020210" lon="6.6886740"/>
   <trkpt lat="46.5020350" lon="6.6886430"/>
   <trkpt lat="46.5020480" lon="6.6886160"/>
   <trkpt lat="46.5020590" lon="6.6885850"/>
   <trkpt lat="46.5020770" lon="6.6885520"/>
   <trkpt lat="46.5020880" lon="6.6885280"/>
   <trkpt lat="46.5021000" lon="6.6884880"/>
   <trkpt lat="46.5021140" lon="6.6884590"/>
   <trkpt lat="46.5021230" lon="6.6884230"/>
   <trkpt lat="46.5021340" lon="6.6883880"/>
   <trkpt lat="46.5021400" lon="6.6883560"/>
   <trkpt lat="46.5021490" lon="6.6883160"/>
   <trkpt lat="46.5021520" lon="6.6882910"/>
   <trkpt lat="46.5021610" lon="6.6882550"/>
   <trkpt lat="46.5021680" lon="6.6882210"/>
   <trkpt lat="46.5021720" lon="6.6881910"/>
   <trkpt lat="46.5021810" lon="6.6881550"/>
   <trkpt lat="46.5021860" lon="6.6881340"/>
   <trkpt lat="46.5021950" lon="6.6880970"/>
   <trkpt lat="46.5021980" lon="6.6880660"/>
   <trkpt lat="46.5022060" lon="6.6880320"/>
   <trkpt lat="46.5022100" lon="6.6879930"/>
   <trkpt lat="46.5022100" lon="6.6879620"/>
   <trkpt lat="46.5022090" lon="6.6879230"/>
   <trkpt lat="46.5022070" lon="6.6878970"/>
   <trkpt lat="46.5022000" lon="6.6878530"/>
   <trkpt lat="46.5021910" lon="6.6878110"/>
   <trkpt lat="46.5021810" lon="6.6877820"/>
   <trkpt lat="46.5021710" lon="6.6877430"/>
   <trkpt lat="46.5021680" lon="6.6877230"/>
   <trkpt lat="46.5021550" lon="6.6876920"/>
   <trkpt lat="46.5021490" lon="6.6876570"/>
   <trkpt lat="46.5021410" lon="6.6876270"/>
   <trkpt lat="46.5021310" lon="6.6875880"/>
   <trkpt lat="46.5021190" lon="6.6875660"/>
   <trkpt lat="46.5021040" lon="6.6875240"/>
   <trkpt lat="46.5021000" lon="6.6874910"/>
   <trkpt lat="46.5020930" lon="6.6874590"/>
   <trkpt lat="46.5020860" lon="6.6874220"/>
   <trkpt lat="46.5020800" lon="6.6873930"/>
   <trkpt lat="46.5020800" lon="6.6873510"/>
   <trkpt lat="46.5020790" lon="6.6873200"/>
   <trkpt lat="46.5020800" lon="6.6872850"/>
   <trkpt lat="46.5020900" lon="6.6872480"/>
   <trkpt lat="46.5020910" lon="6.6872200"/>
   <trkpt lat="46.5020990" lon="6.6871810"/>
   <trkpt lat="46.5021030" lon="6.6871520"/>
   <trkpt lat="46.5021110" lon="6.6871190"/>
   <trkpt lat="46.5021200" lon="6.6870880"/>
   <trkpt lat="46.5021300" lon="6.6870550"/>
   <trkpt lat="46.5021360" lon="6.6870170"/>
   <trkpt lat="46.5021430" lon="6.6869900"/>
   <trkpt lat="46.5021550" lon="6.6869460"/>
   <trkpt lat="46.5021580" lon="6.6869170"/>
   <trkpt lat="46.5021640" lon="6.6868730"/>
   <trkpt lat="46.5021720" lon="6.6868370"/>
   <trkpt lat="46.5021820" lon="6.6868060"/>
   <trkpt lat="46.5021890" lon="6.6867700"/>
   <trkpt lat="46.5021940" lon="6.6867400"/>
   <trkpt lat="46.5021990" lon="6.6867030"/>
   <trkpt lat="46.5021980" lon="6.6866650"/>
   <trkpt lat="46.5022000" lon="6.6866300"/>
   <trkpt lat="46.5022030" lon="6.6865870"/>
   <trkpt lat="46.5022060" lon="6.6865610"/>
   <trkpt lat="46.5022100" lon="6.6865270"/>
   <trkpt lat="46.5022120" lon="6.6864980"/>
   <trkpt lat="46.5022150" lon="6.6864660"/>
   <trkpt lat="46.5022260" lon="6.6864320"/>
   <trkpt lat="46.5022280" lon="6.6864030"/>
   <trkpt lat="46.5022290" lon="6.6863560"/>
   <trkpt lat="46.5022250" lon="6.6863290"/>
   <trkpt lat="46.5022270" lon="6.6862900"/>
   <trkpt lat="46.5022300" lon="6.6862560"/>
   <trkpt lat="46.5022330" lon="6.6862210"/>
   <trkpt lat="46.5022470" lon="6.6861820"/>
   <trkpt lat="46.5022540" lon="6.6861570"/>
   <trkpt lat="46.5022640" lon="6.6861180"/>
   <trkpt lat="46.5022660" lon="6.6860920"/>
   <trkpt lat="46.5022720" lon="6.6860560"/>
   <trkpt lat="46.5022760" lon="6.6860140"/>
   <trkpt lat="46.5022650" lon="6.6859770"/>
   <trkpt lat="46.5022570" lon="6.6859380"/>
   <trkpt lat="46.5022600" lon="6.6859120"/>
   <trkpt lat="46.5022670" lon="6.6858740"/>
   <trkpt lat="46.5022730" lon="6.6858490"/>
   <trkpt lat="46.5022800" lon="6.6858210"/>
   <trkpt lat="46.5022870" lon="6.6857790"/>
   <trkpt lat="46.5022860" lon="6.6857460"/>
   <trkpt lat="46.5022870" lon="6.6857030"/>
   <trkpt lat="46.5022880" lon="6.6856760"/>
   <trkpt lat="46.5022880" lon="6.6856460"/>
   <trkpt lat="46.5022940" lon="6.6856080"/>
   <trkpt lat="46.5023000" lon="6.6855880"/>
   <trkpt lat="46.5023070" lon="6.6855560"/>
   <trkpt lat="46.5023190" lon="6.6855360"/>
   <trkpt lat="46.5023300" lon="6.6855150"/>
   <trkpt lat="46.5023450" lon="6.6854910"/>
   <trkpt lat="46.5023570" lon="6.6854700"/>
   <trkpt lat="46.5023670" lon="6.6854340"/>
   <trkpt lat="46.5023750" lon="6.6854070"/>
   <trkpt lat="46.5023810" lon="6.6853810"/>
   <trkpt lat="46.5023920" lon="6.6853460"/>
   <trkpt lat="46.5024000" lon="6.6853200"/>
   <trkpt lat="46.5024080" lon="6.6852810"/>
   <trkpt lat="46.5024170" lon="6.6852510"/>
   <trkpt lat="46.5024260" lon="6.6852180"/>
   <trkpt lat="46.5024350" lon="6.6851820"/>
   <trkpt lat="46.5024430" lon="6.6851590"/>
   <trkpt lat="46.5024480" lon="6.6851230"/>
   <trkpt lat="46.5024520" lon="6.6850930"/>
   <trkpt lat="46.5024570" lon="6.6850600"/>
   <trkpt lat="46.5024650" lon="6.6850260"/>
   <trkpt lat="46.5024700" lon="6.6849970"/>
   <trkpt lat="46.5024770" lon="6.6849580"/>
   <trkpt lat="46.5024890" lon="6.6849350"/>
   <trkpt lat="46.5025010" lon="6.6848990"/>
   <trkpt lat="46.5025140" lon="6.6848730"/>
   <trkpt lat="46.5025300" lon="6.6848490"/>
   <trkpt lat="46.5025500" lon="6.6848220"/>
   <trkpt lat="46.5025620" lon="6.6848040"/>
   <trkpt lat="46.5025820" lon="6.6847720"/>
   <trkpt lat="46.5025980" lon="6.6847420"/>
   <trkpt lat="46.5026200" lon="6.6847160"/>
   <trkpt lat="46.5026340" lon="6.6846830"/>
   <trkpt lat="46.5026520" lon="6.6846620"/>
   <trkpt lat="46.5026710" lon="6.6846270"/>
   <trkpt lat="46.5026880" lon="6.6846040"/>
   <trkpt lat="46.5027010" lon="6.6845740"/>
   <trkpt lat="46.5027120" lon="6.6845370"/>
   <trkpt lat="46.5027120" lon="6.6845140"/>
   <trkpt lat="46.5026990" lon="6.6844660"/>
   <trkpt lat="46.5027040" lon="6.6844340"/>
   <trkpt lat="46.5027100" lon="6.6843890"/>
   <trkpt lat="46.5027200" lon="6.6843500"/>
   <trkpt lat="46.5027270" lon="6.6843150"/>
   <trkpt lat="46.5027430" lon="6.6842770"/>
   <trkpt lat="46.5027550" lon="6.6842500"/>
   <trkpt lat="46.5027670" lon="6.6842190"/>
   <trkpt lat="46.5027770" lon="6.6841870"/>
   <trkpt lat="46.5027910" lon="6.6841570"/>
   <trkpt lat="46.5028030" lon="6.6841300"/>
   <trkpt lat="46.5028100" lon="6.6841040"/>
   <trkpt lat="46.5028110" lon="6.6840630"/>
   <trkpt lat="46.5028190" lon="6.6840300"/>
   <trkpt lat="46.5028240" lon="6.6840030"/>
   <trkpt lat="46.5028330" lon="6.6839700"/>
   <trkpt lat="46.5028430" lon="6.6839520"/>
   <trkpt lat="46.5028500" lon="6.6839170"/>
   <trkpt lat="46.5028580" lon="6.6838910"/>
   <trkpt lat="46.5028650" lon="6.6838640"/>
   <trkpt lat="46.5028710" lon="6.6838280"/>
   <trkpt lat="46.5028590" lon="6.6837880"/>
   <trkpt lat="46.5028620" lon="6.6837430"/>
   <trkpt lat="46.5028650" lon="6.6837170"/>
   <trkpt lat="46.5028710" lon="6.6836880"/>
   <trkpt lat="46.5028850" lon="6.6836580"/>
   <trkpt lat="46.5028930" lon="6.6836350"/>
   <trkpt lat="46.5029020" lon="6.6836060"/>
   <trkpt lat="46.5029150" lon="6.6835860"/>
   <trkpt lat="46.5029180" lon="6.6835660"/>
   <trkpt lat="46.5029330" lon="6.6835350"/>
   <trkpt lat="46.5029360" lon="6.6835120"/>
   <trkpt lat="46.5029500" lon="6.6834820"/>
   <trkpt lat="46.5029640" lon="6.6834560"/>
   <trkpt lat="46.5029740" lon="6.6834290"/>
   <trkpt lat="46.5029900" lon="6.6833940"/>
   <trkpt lat="46.5029990" lon="6.6833690"/>
   <trkpt lat="46.5030090" lon="6.6833380"/>
   <trkpt lat="46.5030240" lon="6.6833110"/>
   <trkpt lat="46.5030280" lon="6.6832910"/>
   <trkpt lat="46.5030370" lon="6.6832580"/>
   <trkpt lat="46.5030440" lon="6.6832280"/>
   <trkpt lat="46.5030560" lon="6.6831950"/>
   <trkpt lat="46.5030670" lon="6.6831670"/>
   <trkpt lat="46.5030760" lon="6.6831420"/>
   <trkpt lat="46.5030940" lon="6.6831100"/>
   <trkpt lat="46.5031070" lon="6.6830910"/>
   <trkpt lat="46.5031220" lon="6.6830640"/>
   <trkpt lat="46.5031370" lon="6.6830360"/>
   <trkpt lat="46.5031470" lon="6.6830150"/>
   <trkpt lat="46.5031620" lon="6.6829890"/>
   <trkpt lat="46.5031710" lon="6.6829670"/>
   <trkpt lat="46.5031820" lon="6.6829500"/>
   <trkpt lat="46.5031930" lon="6.6829310"/>
   <trkpt lat="46.5032000" lon="6.6829170"/>
   <trkpt lat="46.5032040" lon="6.6829090"/>
   <trkpt lat="46.5032080" lon="6.6829010"/>
   <trkpt lat="46.5032110" lon="6.6828970"/>
   <trkpt lat="46.5032140" lon="6.6828950"/>
   <trkpt lat="46.5032140" lon="6.6828950"/>
   <trkpt lat="46.5032140" lon="6.6828950"/>
   <trkpt lat="46.5032140" lon="6.6828950"/>
   <trkpt lat="46.5032160" lon="6.6828870"/>
   <trkpt lat="46.5032230" lon="6.6828770"/>
   <trkpt lat="46.5032280" lon="6.6828680"/>
   <trkpt lat="46.5032350" lon="6.6828570"/>
   <trkpt lat="46.5032430" lon="6.6828420"/>
   <trkpt lat="46.5032520" lon="6.6828270"/>
   <trkpt lat="46.5032610" lon="6.6828100"/>
   <trkpt lat="46.5032690" lon="6.6827950"/>
   <trkpt lat="46.5032770" lon="6.6827800"/>
   <trkpt lat="46.5032840" lon="6.6827630"/>
   <trkpt lat="46.5032880" lon="6.6827460"/>
   <trkpt lat="46.5032930" lon="6.6827300"/>
   <trkpt lat="46.5032980" lon="6.6827120"/>
   <trkpt lat="46.5033050" lon="6.6826960"/>
   <trkpt lat="46.5033100" lon="6.6826750"/>
   <trkpt lat="46.5033120" lon="6.6826580"/>
   <trkpt lat="46.5033160" lon="6.6826420"/>
   <trkpt lat="46.5033220" lon="6.6826240"/>
   <trkpt lat="46.5033310" lon="6.6826080"/>
   <trkpt lat="46.5033380" lon="6.6825890"/>
   <trkpt lat="46.5033450" lon="6.6825710"/>
   <trkpt lat="46.5033530" lon="6.6825540"/>
   <trkpt lat="46.5033630" lon="6.6825340"/>
   <trkpt lat="46.5033710" lon="6.6825170"/>
   <trkpt lat="46.5033770" lon="6.6824990"/>
   <trkpt lat="46.5033830" lon="6.6824810"/>
   <trkpt lat="46.5033900" lon="6.6824630"/>
   <trkpt lat="46.5033990" lon="6.6824480"/>
   <trkpt lat="46.5034050" lon="6.6824310"/>
   <trkpt lat="46.5034140" lon="6.6824100"/>
   <trkpt lat="46.5034220" lon="6.6823950"/>
   <trkpt lat="46.5034310" lon="6.6823830"/>
   <trkpt lat="46.5034390" lon="6.6823700"/>
   <trkpt lat="46.5034460" lon="6.6823550"/>
   <trkpt lat="46.5034520" lon="6.6823410"/>
   <trkpt lat="46.5034600" lon="6.6823240"/>
   <trkpt lat="46.5034680" lon="6.6823080"/>
   <trkpt lat="46.5034740" lon="6.6822930"/>
   <trkpt lat="46.5034810" lon="6.6822780"/>
   <trkpt lat="46.5034870" lon="6.6822620"/>
   <trkpt lat="46.5034930" lon="6.6822430"/>
   <trkpt lat="46.5034990" lon="6.6822250"/>
   <trkpt lat="46.5035030" lon="6.6822110"/>
   <trkpt lat="46.5035060" lon="6.6821970"/>
   <trkpt lat="46.5035090" lon="6.6821830"/>
   <trkpt lat="46.5035120" lon="6.6821700"/>
   <trkpt lat="46.5035150" lon="6.6821550"/>
   <trkpt lat="46.5035180" lon="6.6821400"/>
   <trkpt lat="46.5035230" lon="6.6821250"/>
   <trkpt lat="46.5035290" lon="6.6821090"/>
   <trkpt lat="46.5035360" lon="6.6820910"/>
   <trkpt lat="46.5035430" lon="6.6820740"/>
   <trkpt lat="46.5035510" lon="6.6820570"/>
   <trkpt lat="46.5035580" lon="6.6820390"/>
   <trkpt lat="46.5035660" lon="6.6820250"/>
   <trkpt lat="46.5035700" lon="6.6820100"/>
   <trkpt lat="46.5035760" lon="6.6819970"/>
   <trkpt lat="46.5035850" lon="6.6819820"/>
   <trkpt lat="46.5035910" lon="6.6819720"/>
   <trkpt lat="46.5035980" lon="6.6819610"/>
   <trkpt lat="46.5036050" lon="6.6819460"/>
   <trkpt lat="46.5036140" lon="6.6819280"/>
   <trkpt lat="46.5036220" lon="6.6819100"/>
   <trkpt lat="46.5036310" lon="6.6818930"/>
   <trkpt lat="46.5036390" lon="6.6818790"/>
   <trkpt lat="46.5036470" lon="6.6818590"/>
   <trkpt lat="46.5036530" lon="6.6818430"/>
   <trkpt lat="46.5036590" lon="6.6818290"/>
   <trkpt lat="46.5036640" lon="6.6818140"/>
   <trkpt lat="46.5036690" lon="6.6818000"/>
   <trkpt lat="46.5036720" lon="6.6817850"/>
   <trkpt lat="46.5036770" lon="6.6817680"/>
   <trkpt lat="46.5036830" lon="6.6817510"/>
   <trkpt lat="46.5036900" lon="6.6817340"/>
   <trkpt lat="46.5036970" lon="6.6817160"/>
   <trkpt lat="46.5037030" lon="6.6817030"/>
   <trkpt lat="46.5037090" lon="6.6816860"/>
   <trkpt lat="46.5037150" lon="6.6816670"/>
   <trkpt lat="46.5037210" lon="6.6816460"/>
   <trkpt lat="46.5037280" lon="6.6816330"/>
   <trkpt lat="46.5037330" lon="6.6816170"/>
   <trkpt lat="46.5037380" lon="6.6815960"/>
   <trkpt lat="46.5037440" lon="6.6815760"/>
   <trkpt lat="46.5037480" lon="6.6815600"/>
   <trkpt lat="46.5037540" lon="6.6815430"/>
   <trkpt lat="46.5037620" lon="6.6815240"/>
   <trkpt lat="46.5037680" lon="6.6815050"/>
   <trkpt lat="46.5037740" lon="6.6814900"/>
   <trkpt lat="46.5037820" lon="6.6814730"/>
   <trkpt lat="46.5037880" lon="6.6814570"/>
   <trkpt lat="46.5037950" lon="6.6814380"/>
   <trkpt lat="46.5038050" lon="6.6814100"/>
   <trkpt lat="46.5038120" lon="6.6813900"/>
   <trkpt lat="46.5038220" lon="6.6813630"/>
   <trkpt lat="46.5038330" lon="6.6813430"/>
   <trkpt lat="46.5038440" lon="6.6813190"/>
   <trkpt lat="46.5038590" lon="6.6812860"/>
   <trkpt lat="46.5038700" lon="6.6812590"/>
   <trkpt lat="46.5038780" lon="6.6812230"/>
   <trkpt lat="46.5038870" lon="6.6811870"/>
   <trkpt lat="46.5038900" lon="6.6811610"/>
   <trkpt lat="46.5038980" lon="6.6811160"/>
   <trkpt lat="46.5039050" lon="6.6810870"/>
   <trkpt lat="46.5039140" lon="6.6810520"/>
   <trkpt lat="46.5039220" lon="6.6810140"/>
   <trkpt lat="46.5039250" lon="6.6809940"/>
   <trkpt lat="46.5039260" lon="6.6809500"/>
   <trkpt lat="46.5039260" lon="6.6809200"/>
   <trkpt lat="46.5039240" lon="6.6808830"/>
   <trkpt lat="46.5039250" lon="6.6808440"/>
   <trkpt lat="46.5039220" lon="6.6808120"/>
   <trkpt lat="46.5039210" lon="6.6807630"/>
   <trkpt lat="46.5039220" lon="6.6807350"/>
   <trkpt lat="46.5039180" lon="6.6807050"/>
   <trkpt lat="46.5039180" lon="6.6806710"/>
   <trkpt lat="46.5039140" lon="6.6806410"/>
   <trkpt lat="46.5039150" lon="6.6806050"/>
   <trkpt lat="46.5039140" lon="6.6805730"/>
   <trkpt lat="46.5039090" lon="6.6805340"/>
   <trkpt lat="46.5039080" lon="6.6805010"/>
   <trkpt lat="46.5039070" lon="6.6804650"/>
   <trkpt lat="46.5039100" lon="6.6804290"/>
   <trkpt lat="46.5039080" lon="6.6804040"/>
   <trkpt lat="46.5039050" lon="6.6803630"/>
   <trkpt lat="46.5039000" lon="6.6803430"/>
   <trkpt lat="46.5038970" lon="6.6803080"/>
   <trkpt lat="46.5038990" lon="6.6802750"/>
   <trkpt lat="46.5038950" lon="6.6802440"/>
   <trkpt lat="46.5038950" lon="6.6802070"/>
   <trkpt lat="46.5038910" lon="6.6801840"/>
   <trkpt lat="46.5038950" lon="6.6801350"/>
   <trkpt lat="46.5038960" lon="6.6801050"/>
   <trkpt lat="46.5038980" lon="6.6800700"/>
   <trkpt lat="46.5039040" lon="6.6800360"/>
   <trkpt lat="46.5039030" lon="6.6800020"/>
   <trkpt lat="46.5039020" lon="6.6799610"/>
   <trkpt lat="46.5039010" lon="6.6799370"/>
   <trkpt lat="46.5038990" lon="6.6799000"/>
   <trkpt lat="46.5039020" lon="6.6798660"/>
   <trkpt lat="46.5038940" lon="6.6798380"/>
   <trkpt lat="46.5038940" lon="6.6797990"/>
   <trkpt lat="46.5038860" lon="6.6797780"/>
   <trkpt lat="46.5038830" lon="6.6797400"/>
   <trkpt lat="46.5038840" lon="6.6797080"/>
   <trkpt lat="46.5038850" lon="6.6796680"/>
   <trkpt lat="46.5038900" lon="6.6796280"/>
   <trkpt lat="46.5038890" lon="6.6796010"/>
   <trkpt lat="46.5038950" lon="6.6795570"/>
   <trkpt lat="46.5038950" lon="6.6795270"/>
   <trkpt lat="46.5038960" lon="6.6794850"/>
   <trkpt lat="46.5039000" lon="6.6794510"/>
   <trkpt lat="46.5039000" lon="6.6794260"/>
   <trkpt lat="46.5039060" lon="6.6793840"/>
   <trkpt lat="46.5039110" lon="6.6793550"/>
   <trkpt lat="46.5039170" lon="6.6793200"/>
   <trkpt lat="46.5039260" lon="6.6792900"/>
   <trkpt lat="46.5039320" lon="6.6792540"/>
   <trkpt lat="46.5039370" lon="6.6792200"/>
   <trkpt lat="46.5039350" lon="6.6792000"/>
   <trkpt lat="46.5039370" lon="6.6791640"/>
   <trkpt lat="46.5039400" lon="6.6791370"/>
   <trkpt lat="46.5039420" lon="6.6791170"/>
   <trkpt lat="46.5039460" lon="6.6790910"/>
   <trkpt lat="46.5039530" lon="6.6790680"/>
   <trkpt lat="46.5039570" lon="6.6790450"/>
   <trkpt lat="46.5039590" lon="6.6790280"/>
   <trkpt lat="46.5039600" lon="6.6790140"/>
   <trkpt lat="46.5039580" lon="6.6789940"/>
   <trkpt lat="46.5039580" lon="6.6789790"/>
   <trkpt lat="46.5039570" lon="6.6789600"/>
   <trkpt lat="46.5039550" lon="6.6789470"/>
   <trkpt lat="46.5039530" lon="6.6789320"/>
   <trkpt lat="46.5039550" lon="6.6789150"/>
   <trkpt lat="46.5039550" lon="6.6788990"/>
   <trkpt lat="46.5039550" lon="6.6788840"/>
   <trkpt lat="46.5039540" lon="6.6788670"/>
   <trkpt lat="46.5039550" lon="6.6788490"/>
   <trkpt lat="46.5039550" lon="6.6788300"/>
   <trkpt lat="46.5039560" lon="6.6788120"/>
   <trkpt lat="46.5039550" lon="6.6787930"/>
   <trkpt lat="46.5039540" lon="6.6787780"/>
   <trkpt lat="46.5039610" lon="6.6787610"/>
   <trkpt lat="46.5039640" lon="6.6787470"/>
   <trkpt lat="46.5039670" lon="6.6787290"/>
   <trkpt lat="46.5039700" lon="6.6787080"/>
   <trkpt lat="46.5039720" lon="6.6786850"/>
   <trkpt lat="46.5039760" lon="6.6786590"/>
   <trkpt lat="46.5039800" lon="6.6786390"/>
   <trkpt lat="46.5039830" lon="6.6786250"/>
   <trkpt lat="46.5039860" lon="6.6786110"/>
   <trkpt lat="46.5039880" lon="6.6785930"/>
   <trkpt lat="46.5039900" lon="6.6785710"/>
   <trkpt lat="46.5039920" lon="6.6785480"/>
   <trkpt lat="46.5039930" lon="6.6785260"/>
   <trkpt lat="46.5039950" lon="6.6785030"/>
   <trkpt lat="46.5039970" lon="6.6784820"/>
   <trkpt lat="46.5039990" lon="6.6784540"/>
   <trkpt lat="46.5040010" lon="6.6784360"/>
   <trkpt lat="46.5040040" lon="6.6784150"/>
   <trkpt lat="46.5040060" lon="6.6783960"/>
   <trkpt lat="46.5040110" lon="6.6783800"/>
   <trkpt lat="46.5040150" lon="6.6783620"/>
   <trkpt lat="46.5040180" lon="6.6783460"/>
   <trkpt lat="46.5040240" lon="6.6783300"/>
   <trkpt lat="46.5040300" lon="6.6783120"/>
   <trkpt lat="46.5040380" lon="6.6782900"/>
   <trkpt lat="46.5040440" lon="6.6782690"/>
   <trkpt lat="46.5040490" lon="6.6782500"/>
   <trkpt lat="46.5040560" lon="6.6782300"/>
   <trkpt lat="46.5040630" lon="6.6782070"/>
   <trkpt lat="46.5040680" lon="6.6781870"/>
   <trkpt lat="46.5040740" lon="6.6781680"/>
   <trkpt lat="46.5040800" lon="6.6781470"/>
   <trkpt lat="46.5040860" lon="6.6781280"/>
   <trkpt lat="46.5040910" lon="6.6781100"/>
   <trkpt lat="46.5040970" lon="6.6780910"/>
   <trkpt lat="46.5041030" lon="6.6780690"/>
   <trkpt lat="46.5041080" lon="6.6780490"/>
   <trkpt lat="46.5041140" lon="6.6780280"/>
   <trkpt lat="46.5041180" lon="6.6780150"/>
   <trkpt lat="46.5041210" lon="6.6780000"/>
   <trkpt lat="46.5041250" lon="6.6779850"/>
   <trkpt lat="46.5041270" lon="6.6779680"/>
   <trkpt lat="46.5041300" lon="6.6779370"/>
   <trkpt lat="46.5041330" lon="6.6779080"/>
   <trkpt lat="46.5041350" lon="6.6778780"/>
   <trkpt lat="46.5041360" lon="6.6778430"/>
   <trkpt lat="46.5041410" lon="6.6778130"/>
   <trkpt lat="46.5041440" lon="6.6777740"/>
   <trkpt lat="46.5041490" lon="6.6777380"/>
   <trkpt lat="46.5041560" lon="6.6777020"/>
   <trkpt lat="46.5041630" lon="6.6776630"/>
   <trkpt lat="46.5041640" lon="6.6776370"/>
   <trkpt lat="46.5041720" lon="6.6775950"/>
   <trkpt lat="46.5041750" lon="6.6775670"/>
   <trkpt lat="46.5041800" lon="6.6775280"/>
   <trkpt lat="46.5041850" lon="6.6774950"/>
   <trkpt lat="46.5041870" lon="6.6774700"/>
   <trkpt lat="46.5041970" lon="6.6774270"/>
   <trkpt lat="46.5041980" lon="6.6774030"/>
   <trkpt lat="46.5042070" lon="6.6773570"/>
   <trkpt lat="46.5042140" lon="6.6773270"/>
   <trkpt lat="46.5042220" lon="6.6772910"/>
   <trkpt lat="46.5042320" lon="6.6772550"/>
   <trkpt lat="46.5042340" lon="6.6772340"/>
   <trkpt lat="46.5042430" lon="6.6771940"/>
   <trkpt lat="46.5042450" lon="6.6771680"/>
   <trkpt lat="46.5042540" lon="6.6771300"/>
   <trkpt lat="46.5042620" lon="6.6770950"/>
   <trkpt lat="46.5042650" lon="6.6770620"/>
   <trkpt lat="46.5042730" lon="6.6770250"/>
   <trkpt lat="46.5042700" lon="6.6770010"/>
   <trkpt lat="46.5042770" lon="6.6769570"/>
   <trkpt lat="46.5042830" lon="6.6769280"/>
   <trkpt lat="46.5042910" lon="6.6768900"/>
   <trkpt lat="46.5043000" lon="6.6768570"/>
   <trkpt lat="46.5043010" lon="6.6768370"/>
   <trkpt lat="46.5043130" lon="6.6767950"/>
   <trkpt lat="46.5043170" lon="6.6767690"/>
   <trkpt lat="46.5043220" lon="6.6767320"/>
   <trkpt lat="46.5043270" lon="6.6767010"/>
   <trkpt lat="46.5043260" lon="6.6766800"/>
   <trkpt lat="46.5043350" lon="6.6766480"/>
   <trkpt lat="46.5043400" lon="6.6766230"/>
   <trkpt lat="46.5043460" lon="6.6765900"/>
   <trkpt lat="46.5043530" lon="6.6765550"/>
   <trkpt lat="46.5043530" lon="6.6765300"/>
   <trkpt lat="46.5043650" lon="6.6764880"/>
   <trkpt lat="46.5043740" lon="6.6764620"/>
   <trkpt lat="46.5043840" lon="6.6764280"/>
   <trkpt lat="46.5043940" lon="6.6763960"/>
   <trkpt lat="46.5043930" lon="6.6763680"/>
   <trkpt lat="46.5043990" lon="6.6763270"/>
   <trkpt lat="46.5044050" lon="6.6763060"/>
   <trkpt lat="46.5044090" lon="6.6762680"/>
   <trkpt lat="46.5044150" lon="6.6762320"/>
   <trkpt lat="46.5044230" lon="6.6762140"/>
   <trkpt lat="46.5044340" lon="6.6761770"/>
   <trkpt lat="46.5044340" lon="6.6761550"/>
   <trkpt lat="46.5044440" lon="6.6761250"/>
   <trkpt lat="46.5044550" lon="6.6760940"/>
   <trkpt lat="46.5044650" lon="6.6760640"/>
   <trkpt lat="46.5044750" lon="6.6760360"/>
   <trkpt lat="46.5044810" lon="6.6760090"/>
   <trkpt lat="46.5044880" lon="6.6759820"/>
   <trkpt lat="46.5044960" lon="6.6759500"/>
   <trkpt lat="46.5045000" lon="6.6759180"/>
   <trkpt lat="46.5045070" lon="6.6758880"/>
   <trkpt lat="46.5045090" lon="6.6758630"/>
   <trkpt lat="46.5045180" lon="6.6758260"/>
   <trkpt lat="46.5045240" lon="6.6757980"/>
   <trkpt lat="46.5045320" lon="6.6757670"/>
   <trkpt lat="46.5045390" lon="6.6757320"/>
   <trkpt lat="46.5045380" lon="6.6757080"/>
   <trkpt lat="46.5045490" lon="6.6756730"/>
   <trkpt lat="46.5045510" lon="6.6756480"/>
   <trkpt lat="46.5045590" lon="6.6756160"/>
   <trkpt lat="46.5045680" lon="6.6755840"/>
   <trkpt lat="46.5045740" lon="6.6755590"/>
   <trkpt lat="46.5045850" lon="6.6755230"/>
   <trkpt lat="46.5045940" lon="6.6754990"/>
   <trkpt lat="46.5045950" lon="6.6754650"/>
   <trkpt lat="46.5046050" lon="6.6754300"/>
   <trkpt lat="46.5046070" lon="6.6754120"/>
   <trkpt lat="46.5046180" lon="6.6753730"/>
   <trkpt lat="46.5046220" lon="6.6753440"/>
   <trkpt lat="46.5046300" lon="6.6753170"/>
   <trkpt lat="46.5046440" lon="6.6752850"/>
   <trkpt lat="46.5046490" lon="6.6752670"/>
   <trkpt lat="46.5046600" lon="6.6752320"/>
   <trkpt lat="46.5046660" lon="6.6752050"/>
   <trkpt lat="46.5046700" lon="6.6751720"/>
   <trkpt lat="46.5046810" lon="6.6751340"/>
   <trkpt lat="46.5046910" lon="6.6751110"/>
   <trkpt lat="46.5047050" lon="6.6750740"/>
   <trkpt lat="46.5047120" lon="6.6750460"/>
   <trkpt lat="46.5047190" lon="6.6750190"/>
   <trkpt lat="46.5047330" lon="6.6749890"/>
   <trkpt lat="46.5047380" lon="6.6749660"/>
   <trkpt lat="46.5047470" lon="6.6749330"/>
   <trkpt lat="46.5047520" lon="6.6749080"/>
   <trkpt lat="46.5047570" lon="6.6748790"/>
   <trkpt lat="46.5047640" lon="6.6748490"/>
   <trkpt lat="46.5047650" lon="6.6748250"/>
   <trkpt lat="46.5047710" lon="6.6747860"/>
   <trkpt lat="46.5047760" lon="6.6747550"/>
   <trkpt lat="46.5047780" lon="6.6747230"/>
   <trkpt lat="46.5047850" lon="6.6746850"/>
   <trkpt lat="46.5047860" lon="6.6746660"/>
   <trkpt lat="46.5047930" lon="6.6746270"/>
   <trkpt lat="46.5047990" lon="6.6746020"/>
   <trkpt lat="46.5048030" lon="6.6745680"/>
   <trkpt lat="46.5048080" lon="6.6745320"/>
   <trkpt lat="46.5048110" lon="6.6745070"/>
   <trkpt lat="46.5048190" lon="6.6744680"/>
   <trkpt lat="46.5048210" lon="6.6744420"/>
   <trkpt lat="46.5048240" lon="6.6744050"/>
   <trkpt lat="46.5048300" lon="6.6743680"/>
   <trkpt lat="46.5048300" lon="6.6743390"/>
   <trkpt lat="46.5048360" lon="6.6742940"/>
   <trkpt lat="46.5048360" lon="6.6742730"/>
   <trkpt lat="46.5048440" lon="6.6742380"/>
   <trkpt lat="46.5048480" lon="6.6742090"/>
   <trkpt lat="46.5048510" lon="6.6741740"/>
   <trkpt lat="46.5048580" lon="6.6741330"/>
   <trkpt lat="46.5048580" lon="6.6741150"/>
   <trkpt lat="46.5048650" lon="6.6740810"/>
   <trkpt lat="46.5048670" lon="6.6740510"/>
   <trkpt lat="46.5048720" lon="6.6740180"/>
   <trkpt lat="46.5048790" lon="6.6739790"/>
   <trkpt lat="46.5048810" lon="6.6739540"/>
   <trkpt lat="46.5048880" lon="6.6739140"/>
   <trkpt lat="46.5048920" lon="6.6738900"/>
   <trkpt lat="46.5048940" lon="6.6738530"/>
   <trkpt lat="46.5048970" lon="6.6738180"/>
   <trkpt lat="46.5048980" lon="6.6737860"/>
   <trkpt lat="46.5049020" lon="6.6737440"/>
   <trkpt lat="46.5049050" lon="6.6737200"/>
   <trkpt lat="46.5049110" lon="6.6736820"/>
   <trkpt lat="46.5049140" lon="6.6736490"/>
   <trkpt lat="46.5049100" lon="6.6736150"/>
   <trkpt lat="46.5049160" lon="6.6735710"/>
   <trkpt lat="46.5049210" lon="6.6735450"/>
   <trkpt lat="46.5049250" lon="6.6735040"/>
   <trkpt lat="46.5049310" lon="6.6734750"/>
   <trkpt lat="46.5049310" lon="6.6734450"/>
   <trkpt lat="46.5049340" lon="6.6734050"/>
   <trkpt lat="46.5049330" lon="6.6733830"/>
   <trkpt lat="46.5049380" lon="6.6733420"/>
   <trkpt lat="46.5049390" lon="6.6733140"/>
   <trkpt lat="46.5049390" lon="6.6732800"/>
   <trkpt lat="46.5049410" lon="6.6732480"/>
   <trkpt lat="46.5049500" lon="6.6732240"/>
   <trkpt lat="46.5049570" lon="6.6731820"/>
   <trkpt lat="46.5049590" lon="6.6731500"/>
   <trkpt lat="46.5049630" lon="6.6731210"/>
   <trkpt lat="46.5049690" lon="6.6730830"/>
   <trkpt lat="46.5049720" lon="6.6730440"/>
   <trkpt lat="46.5049760" lon="6.6730050"/>
   <trkpt lat="46.5049770" lon="6.6729800"/>
   <trkpt lat="46.5049830" lon="6.6729430"/>
   <trkpt lat="46.5049910" lon="6.6729120"/>
   <trkpt lat="46.5049970" lon="6.6728740"/>
   <trkpt lat="46.5050040" lon="6.6728350"/>
   <trkpt lat="46.5050050" lon="6.6727970"/>
   <trkpt lat="46.5050120" lon="6.6727580"/>
   <trkpt lat="46.5050130" lon="6.6727320"/>
   <trkpt lat="46.5050160" lon="6.6727030"/>
   <trkpt lat="46.5050250" lon="6.6726730"/>
   <trkpt lat="46.5050350" lon="6.6726450"/>
   <trkpt lat="46.5050500" lon="6.6726080"/>
   <trkpt lat="46.5050570" lon="6.6725820"/>
   <trkpt lat="46.5050670" lon="6.6725470"/>
   <trkpt lat="46.5050770" lon="6.6725160"/>
   <trkpt lat="46.5050800" lon="6.6724890"/>
   <trkpt lat="46.5050890" lon="6.6724480"/>
   <trkpt lat="46.5050920" lon="6.6724260"/>
   <trkpt lat="46.5050990" lon="6.6723840"/>
   <trkpt lat="46.5051080" lon="6.6723510"/>
   <trkpt lat="46.5051120" lon="6.6723190"/>
   <trkpt lat="46.5051250" lon="6.6722870"/>
   <trkpt lat="46.5051320" lon="6.6722640"/>
   <trkpt lat="46.5051450" lon="6.6722290"/>
   <trkpt lat="46.5051520" lon="6.6722040"/>
   <trkpt lat="46.5051610" lon="6.6721710"/>
   <trkpt lat="46.5051720" lon="6.6721420"/>
   <trkpt lat="46.5051780" lon="6.6721120"/>
   <trkpt lat="46.5051910" lon="6.6720740"/>
   <trkpt lat="46.5051920" lon="6.6720540"/>
   <trkpt lat="46.5052050" lon="6.6720150"/>
   <trkpt lat="46.5052140" lon="6.6719930"/>
   <trkpt lat="46.5052230" lon="6.6719620"/>
   <trkpt lat="46.5052320" lon="6.6719260"/>
   <trkpt lat="46.5052350" lon="6.6719030"/>
   <trkpt lat="46.5052490" lon="6.6718630"/>
   <trkpt lat="46.5052600" lon="6.6718360"/>
   <trkpt lat="46.5052660" lon="6.6718070"/>
   <trkpt lat="46.5052800" lon="6.6717700"/>
   <trkpt lat="46.5052840" lon="6.6717530"/>
   <trkpt lat="46.5053050" lon="6.6717210"/>
   <trkpt lat="46.5053160" lon="6.6717010"/>
   <trkpt lat="46.5053310" lon="6.6716660"/>
   <trkpt lat="46.5053480" lon="6.6716430"/>
   <trkpt lat="46.5053550" lon="6.6716230"/>
   <trkpt lat="46.5053720" lon="6.6715890"/>
   <trkpt lat="46.5053760" lon="6.6715680"/>
   <trkpt lat="46.5053880" lon="6.6715380"/>
   <trkpt lat="46.5054010" lon="6.6715110"/>
   <trkpt lat="46.5054070" lon="6.6714930"/>
   <trkpt lat="46.5054280" lon="6.6714580"/>
   <trkpt lat="46.5054370" lon="6.6714440"/>
   <trkpt lat="46.5054500" lon="6.6714170"/>
   <trkpt lat="46.5054610" lon="6.6713840"/>
   <trkpt lat="46.5054680" lon="6.6713650"/>
   <trkpt lat="46.5054870" lon="6.6713280"/>
   <trkpt lat="46.5055000" lon="6.6713110"/>
   <trkpt lat="46.5055140" lon="6.6712790"/>
   <trkpt lat="46.5055280" lon="6.6712530"/>
   <trkpt lat="46.5055390" lon="6.6712250"/>
   <trkpt lat="46.5055580" lon="6.6711950"/>
   <trkpt lat="46.5055610" lon="6.6711780"/>
   <trkpt lat="46.5055760" lon="6.6711520"/>
   <trkpt lat="46.5055900" lon="6.6711300"/>
   <trkpt lat="46.5056000" lon="6.6711080"/>
   <trkpt lat="46.5056210" lon="6.6710770"/>
   <trkpt lat="46.5056270" lon="6.6710580"/>
   <trkpt lat="46.5056400" lon="6.6710230"/>
   <trkpt lat="46.5056510" lon="6.6709950"/>
   <trkpt lat="46.5056580" lon="6.6709700"/>
   <trkpt lat="46.5056750" lon="6.6709350"/>
   <trkpt lat="46.5056810" lon="6.6709140"/>
   <trkpt lat="46.5056940" lon="6.6708820"/>
   <trkpt lat="46.5057070" lon="6.6708590"/>
   <trkpt lat="46.5057130" lon="6.6708360"/>
   <trkpt lat="46.5057250" lon="6.6708000"/>
   <trkpt lat="46.5057340" lon="6.6707780"/>
   <trkpt lat="46.5057460" lon="6.6707490"/>
   <trkpt lat="46.5057650" lon="6.6707240"/>
   <trkpt lat="46.5057710" lon="6.6707000"/>
   <trkpt lat="46.5057870" lon="6.6706630"/>
   <trkpt lat="46.5057920" lon="6.6706400"/>
   <trkpt lat="46.5058070" lon="6.6706070"/>
   <trkpt lat="46.5058220" lon="6.6705810"/>
   <trkpt lat="46.5058320" lon="6.6705570"/>
   <trkpt lat="46.5058480" lon="6.6705260"/>
   <trkpt lat="46.5058520" lon="6.6705050"/>
   <trkpt lat="46.5058670" lon="6.6704730"/>
   <trkpt lat="46.5058840" lon="6.6704470"/>
   <trkpt lat="46.5058950" lon="6.6704280"/>
   <trkpt lat="46.5059120" lon="6.6704010"/>
   <trkpt lat="46.5059200" lon="6.6703840"/>
   <trkpt lat="46.5059380" lon="6.6703560"/>
   <trkpt lat="46.5059520" lon="6.6703320"/>
   <trkpt lat="46.5059650" lon="6.6703120"/>
   <trkpt lat="46.5059820" lon="6.6702880"/>
   <trkpt lat="46.5059900" lon="6.6702730"/>
   <trkpt lat="46.5060040" lon="6.6702420"/>
   <trkpt lat="46.5060190" lon="6.6702200"/>
   <trkpt lat="46.5060320" lon="6.6701920"/>
   <trkpt lat="46.5060480" lon="6.6701600"/>
   <trkpt lat="46.5060530" lon="6.6701410"/>
   <trkpt lat="46.5060650" lon="6.6701020"/>
   <trkpt lat="46.5060740" lon="6.6700710"/>
   <trkpt lat="46.5060800" lon="6.6700350"/>
   <trkpt lat="46.5060940" lon="6.6700060"/>
   <trkpt lat="46.5060970" lon="6.6699900"/>
   <trkpt lat="46.5061090" lon="6.6699540"/>
   <trkpt lat="46.5061170" lon="6.6699250"/>
   <trkpt lat="46.5061260" lon="6.6698950"/>
   <trkpt lat="46.5061390" lon="6.6698570"/>
   <trkpt lat="46.5061400" lon="6.6698330"/>
   <trkpt lat="46.5061430" lon="6.6697920"/>
   <trkpt lat="46.5061490" lon="6.6697640"/>
   <trkpt lat="46.5061540" lon="6.6697320"/>
   <trkpt lat="46.5061620" lon="6.6696950"/>
   <trkpt lat="46.5061670" lon="6.6696740"/>
   <trkpt lat="46.5061740" lon="6.6696400"/>
   <trkpt lat="46.5061790" lon="6.6696100"/>
   <trkpt lat="46.5061840" lon="6.6695800"/>
   <trkpt lat="46.5061900" lon="6.6695400"/>
   <trkpt lat="46.5061900" lon="6.6695150"/>
   <trkpt lat="46.5061980" lon="6.6694750"/>
   <trkpt lat="46.5062060" lon="6.6694480"/>
   <trkpt lat="46.5062120" lon="6.6694140"/>
   <trkpt lat="46.5062180" lon="6.6693860"/>
   <trkpt lat="46.5062180" lon="6.6693650"/>
   <trkpt lat="46.5062150" lon="6.6693320"/>
   <trkpt lat="46.5062160" lon="6.6692960"/>
   <trkpt lat="46.5062170" lon="6.6692730"/>
   <trkpt lat="46.5062200" lon="6.6692360"/>
   <trkpt lat="46.5062260" lon="6.6692090"/>
   <trkpt lat="46.5062240" lon="6.6691770"/>
   <trkpt lat="46.5062350" lon="6.6691390"/>
   <trkpt lat="46.5062400" lon="6.6691150"/>
   <trkpt lat="46.5062510" lon="6.6690770"/>
   <trkpt lat="46.5062570" lon="6.6690510"/>
   <trkpt lat="46.5062630" lon="6.6690230"/>
   <trkpt lat="46.5062740" lon="6.6689820"/>
   <trkpt lat="46.5062700" lon="6.6689640"/>
   <trkpt lat="46.5062750" lon="6.6689340"/>
   <trkpt lat="46.5062820" lon="6.6689090"/>
   <trkpt lat="46.5062850" lon="6.6688810"/>
   <trkpt lat="46.5062870" lon="6.6688440"/>
   <trkpt lat="46.5062900" lon="6.6688180"/>
   <trkpt lat="46.5062890" lon="6.6687830"/>
   <trkpt lat="46.5062910" lon="6.6687490"/>
   <trkpt lat="46.5062890" lon="6.6687290"/>
   <trkpt lat="46.5062940" lon="6.6686900"/>
   <trkpt lat="46.5062990" lon="6.6686650"/>
   <trkpt lat="46.5063060" lon="6.6686360"/>
   <trkpt lat="46.5063160" lon="6.6686040"/>
   <trkpt lat="46.5063200" lon="6.6685870"/>
   <trkpt lat="46.5063260" lon="6.6685500"/>
   <trkpt lat="46.5063350" lon="6.6685230"/>
   <trkpt lat="46.5063430" lon="6.6684980"/>
   <trkpt lat="46.5063530" lon="6.6684580"/>
   <trkpt lat="46.5063620" lon="6.6684360"/>
   <trkpt lat="46.5063660" lon="6.6684060"/>
   <trkpt lat="46.5063760" lon="6.6683810"/>
   <trkpt lat="46.5063830" lon="6.6683510"/>
   <trkpt lat="46.5063890" lon="6.6683200"/>
   <trkpt lat="46.5063910" lon="6.6682970"/>
   <trkpt lat="46.5063930" lon="6.6682760"/>
   <trkpt lat="46.5064040" lon="6.6682440"/>
   <trkpt lat="46.5064090" lon="6.6682210"/>
   <trkpt lat="46.5064170" lon="6.6681830"/>
   <trkpt lat="46.5064210" lon="6.6681550"/>
   <trkpt lat="46.5064260" lon="6.6681240"/>
   <trkpt lat="46.5064360" lon="6.6680890"/>
   <trkpt lat="46.5064430" lon="6.6680620"/>
   <trkpt lat="46.5064530" lon="6.6680230"/>
   <trkpt lat="46.5064580" lon="6.6679960"/>
   <trkpt lat="46.5064630" lon="6.6679670"/>
   <trkpt lat="46.5064780" lon="6.6679360"/>
   <trkpt lat="46.5064810" lon="6.6679140"/>
   <trkpt lat="46.5064930" lon="6.6678820"/>
   <trkpt lat="46.5064990" lon="6.6678540"/>
   <trkpt lat="46.5065100" lon="6.6678220"/>
   <trkpt lat="46.5065210" lon="6.6677950"/>
   <trkpt lat="46.5065290" lon="6.6677680"/>
   <trkpt lat="46.5065410" lon="6.6677340"/>
   <trkpt lat="46.5065400" lon="6.6677140"/>
   <trkpt lat="46.5065490" lon="6.6676820"/>
   <trkpt lat="46.5065570" lon="6.6676620"/>
   <trkpt lat="46.5065660" lon="6.6676340"/>
   <trkpt lat="46.5065770" lon="6.6676000"/>
   <trkpt lat="46.5065790" lon="6.6675820"/>
   <trkpt lat="46.5065900" lon="6.6675500"/>
   <trkpt lat="46.5066000" lon="6.6675250"/>
   <trkpt lat="46.5066110" lon="6.6674940"/>
   <trkpt lat="46.5066230" lon="6.6674550"/>
   <trkpt lat="46.5066330" lon="6.6674380"/>
   <trkpt lat="46.5066400" lon="6.6674000"/>
   <trkpt lat="46.5066490" lon="6.6673670"/>
   <trkpt lat="46.5066540" lon="6.6673390"/>
   <trkpt lat="46.5066680" lon="6.6672960"/>
   <trkpt lat="46.5066750" lon="6.6672750"/>
   <trkpt lat="46.5066890" lon="6.6672370"/>
   <trkpt lat="46.5067010" lon="6.6672100"/>
   <trkpt lat="46.5067090" lon="6.6671840"/>
   <trkpt lat="46.5067230" lon="6.6671540"/>
   <trkpt lat="46.5067310" lon="6.6671330"/>
   <trkpt lat="46.5067440" lon="6.6671040"/>
   <trkpt lat="46.5067580" lon="6.6670740"/>
   <trkpt lat="46.5067660" lon="6.6670480"/>
   <trkpt lat="46.5067720" lon="6.6670260"/>
   <trkpt lat="46.5067790" lon="6.6670030"/>
   <trkpt lat="46.5067860" lon="6.6669840"/>
   <trkpt lat="46.5067860" lon="6.6669730"/>
   <trkpt lat="46.5067840" lon="6.6669620"/>
   <trkpt lat="46.5067840" lon="6.6669540"/>
   <trkpt lat="46.5067810" lon="6.6669350"/>
   <trkpt lat="46.5067800" lon="6.6669190"/>
   <trkpt lat="46.5067810" lon="6.6669040"/>
   <trkpt lat="46.5067840" lon="6.6668910"/>
   <trkpt lat="46.5067900" lon="6.6668760"/>
   <trkpt lat="46.5067940" lon="6.6668610"/>
   <trkpt lat="46.5068020" lon="6.6668410"/>
   <trkpt lat="46.5068100" lon="6.6668200"/>
   <trkpt lat="46.5068200" lon="6.6667970"/>
   <trkpt lat="46.5068280" lon="6.6667750"/>
   <trkpt lat="46.5068350" lon="6.6667560"/>
   <trkpt lat="46.5068410" lon="6.6667370"/>
   <trkpt lat="46.5068450" lon="6.6667200"/>
   <trkpt lat="46.5068510" lon="6.6667050"/>
   <trkpt lat="46.5068570" lon="6.6666850"/>
   <trkpt lat="46.5068630" lon="6.6666630"/>
   <trkpt lat="46.5068690" lon="6.6666470"/>
   <trkpt lat="46.5068730" lon="6.6666320"/>
   <trkpt lat="46.5068780" lon="6.6666130"/>
   <trkpt lat="46.5068830" lon="6.6665960"/>
   <trkpt lat="46.5068880" lon="6.6665800"/>
   <trkpt lat="46.5068910" lon="6.6665640"/>
   <trkpt lat="46.5068950" lon="6.6665470"/>
   <trkpt lat="46.5069000" lon="6.6665230"/>
   <trkpt lat="46.5069060" lon="6.6664990"/>
   <trkpt lat="46.5069110" lon="6.6664770"/>
   <trkpt lat="46.5069160" lon="6.6664610"/>
   <trkpt lat="46.5069210" lon="6.6664510"/>
   <trkpt lat="46.5069280" lon="6.6664360"/>
   <trkpt lat="46.5069350" lon="6.6664210"/>
   <trkpt lat="46.5069430" lon="6.6664020"/>
   <trkpt lat="46.5069490" lon="6.6663840"/>
   <trkpt lat="46.5069550" lon="6.6663630"/>
   <trkpt lat="46.5069600" lon="6.6663470"/>
   <trkpt lat="46.5069650" lon="6.6663290"/>
   <trkpt lat="46.5069720" lon="6.6663140"/>
   <trkpt lat="46.5069780" lon="6.6662970"/>
   <trkpt lat="46.5069850" lon="6.6662780"/>
   <trkpt lat="46.5069910" lon="6.6662620"/>
   <trkpt lat="46.5069950" lon="6.6662420"/>
   <trkpt lat="46.5069990" lon="6.6662240"/>
   <trkpt lat="46.5070040" lon="6.6662050"/>
   <trkpt lat="46.5070100" lon="6.6661870"/>
   <trkpt lat="46.5070150" lon="6.6661680"/>
   <trkpt lat="46.5070180" lon="6.6661470"/>
   <trkpt lat="46.5070250" lon="6.6661320"/>
   <trkpt lat="46.5070320" lon="6.6661170"/>
   <trkpt lat="46.5070390" lon="6.6661010"/>
   <trkpt lat="46.5070470" lon="6.6660840"/>
   <trkpt lat="46.5070540" lon="6.6660680"/>
   <trkpt lat="46.5070600" lon="6.6660550"/>
   <trkpt lat="46.5070650" lon="6.6660440"/>
   <trkpt lat="46.5070720" lon="6.6660250"/>
   <trkpt lat="46.5070800" lon="6.6660090"/>
   <trkpt lat="46.5070830" lon="6.6659900"/>
   <trkpt lat="46.5070870" lon="6.6659740"/>
   <trkpt lat="46.5070900" lon="6.6659600"/>
   <trkpt lat="46.5070930" lon="6.6659480"/>
   <trkpt lat="46.5070930" lon="6.6659370"/>
   <trkpt lat="46.5070950" lon="6.6659220"/>
   <trkpt lat="46.5070980" lon="6.6659030"/>
   <trkpt lat="46.5071010" lon="6.6658840"/>
   <trkpt lat="46.5071040" lon="6.6658660"/>
   <trkpt lat="46.5071090" lon="6.6658450"/>
   <trkpt lat="46.5071160" lon="6.6658210"/>
   <trkpt lat="46.5071190" lon="6.6658030"/>
   <trkpt lat="46.5071260" lon="6.6657800"/>
   <trkpt lat="46.5071290" lon="6.6657570"/>
   <trkpt lat="46.5071330" lon="6.6657240"/>
   <trkpt lat="46.5071390" lon="6.6656960"/>
   <trkpt lat="46.5071430" lon="6.6656630"/>
   <trkpt lat="46.5071480" lon="6.6656270"/>
   <trkpt lat="46.5071520" lon="6.6655950"/>
   <trkpt lat="46.5071570" lon="6.6655590"/>
   <trkpt lat="46.5071590" lon="6.6655350"/>
   <trkpt lat="46.5071600" lon="6.6655030"/>
   <trkpt lat="46.5071650" lon="6.6654750"/>
   <trkpt lat="46.5071650" lon="6.6654490"/>
   <trkpt lat="46.5071700" lon="6.6654080"/>
   <trkpt lat="46.5071620" lon="6.6653920"/>
   <trkpt lat="46.5071580" lon="6.6653500"/>
   <trkpt lat="46.5071600" lon="6.6653150"/>
   <trkpt lat="46.5071620" lon="6.6652830"/>
   <trkpt lat="46.5071680" lon="6.6652370"/>
   <trkpt lat="46.5071660" lon="6.6652110"/>
   <trkpt lat="46.5071700" lon="6.6651670"/>
   <trkpt lat="46.5071740" lon="6.6651370"/>
   <trkpt lat="46.5071790" lon="6.6651040"/>
   <trkpt lat="46.5071830" lon="6.6650730"/>
   <trkpt lat="46.5071840" lon="6.6650540"/>
   <trkpt lat="46.5071840" lon="6.6650130"/>
   <trkpt lat="46.5071850" lon="6.6649860"/>
   <trkpt lat="46.5071860" lon="6.6649460"/>
   <trkpt lat="46.5071890" lon="6.6649100"/>
   <trkpt lat="46.5071860" lon="6.6648800"/>
   <trkpt lat="46.5071830" lon="6.6648410"/>
   <trkpt lat="46.5071850" lon="6.6648090"/>
   <trkpt lat="46.5071830" lon="6.6647740"/>
   <trkpt lat="46.5071850" lon="6.6647400"/>
   <trkpt lat="46.5071830" lon="6.6647110"/>
   <trkpt lat="46.5071800" lon="6.6646750"/>
   <trkpt lat="46.5071780" lon="6.6646490"/>
   <trkpt lat="46.5071740" lon="6.6646090"/>
   <trkpt lat="46.5071730" lon="6.6645740"/>
   <trkpt lat="46.5071680" lon="6.6645430"/>
   <trkpt lat="46.5071610" lon="6.6645020"/>
   <trkpt lat="46.5071540" lon="6.6644840"/>
   <trkpt lat="46.5071480" lon="6.6644550"/>
   <trkpt lat="46.5071450" lon="6.6644200"/>
   <trkpt lat="46.5071400" lon="6.6643870"/>
   <trkpt lat="46.5071360" lon="6.6643500"/>
   <trkpt lat="46.5071300" lon="6.6643250"/>
   <trkpt lat="46.5071270" lon="6.6642840"/>
   <trkpt lat="46.5071250" lon="6.6642620"/>
   <trkpt lat="46.5071180" lon="6.6642290"/>
   <trkpt lat="46.5071160" lon="6.6641930"/>
   <trkpt lat="46.5071090" lon="6.6641650"/>
   <trkpt lat="46.5071030" lon="6.6641260"/>
   <trkpt lat="46.5070940" lon="6.6641030"/>
   <trkpt lat="46.5070880" lon="6.6640650"/>
   <trkpt lat="46.5070840" lon="6.6640380"/>
   <trkpt lat="46.5070790" lon="6.6640040"/>
   <trkpt lat="46.5070740" lon="6.6639690"/>
   <trkpt lat="46.5070670" lon="6.6639460"/>
   <trkpt lat="46.5070580" lon="6.6638990"/>
   <trkpt lat="46.5070530" lon="6.6638730"/>
   <trkpt lat="46.5070470" lon="6.6638340"/>
   <trkpt lat="46.5070440" lon="6.6638000"/>
   <trkpt lat="46.5070380" lon="6.6637700"/>
   <trkpt lat="46.5070340" lon="6.6637310"/>
   <trkpt lat="46.5070280" lon="6.6637120"/>
   <trkpt lat="46.5070200" lon="6.6636810"/>
   <trkpt lat="46.5070180" lon="6.6636510"/>
   <trkpt lat="46.5070120" lon="6.6636220"/>
   <trkpt lat="46.5070040" lon="6.6635860"/>
   <trkpt lat="46.5070000" lon="6.6635730"/>
   <trkpt lat="46.5069920" lon="6.6635350"/>
   <trkpt lat="46.5069880" lon="6.6635080"/>
   <trkpt lat="46.5069780" lon="6.6634740"/>
   <trkpt lat="46.5069720" lon="6.6634380"/>
   <trkpt lat="46.5069640" lon="6.6634150"/>
   <trkpt lat="46.5069590" lon="6.6633730"/>
   <trkpt lat="46.5069550" lon="6.6633500"/>
   <trkpt lat="46.5069480" lon="6.6633130"/>
   <trkpt lat="46.5069430" lon="6.6632790"/>
   <trkpt lat="46.5069360" lon="6.6632470"/>
   <trkpt lat="46.5069320" lon="6.6632040"/>
   <trkpt lat="46.5069250" lon="6.6631850"/>
   <trkpt lat="46.5069180" lon="6.6631470"/>
   <trkpt lat="46.5069140" lon="6.6631160"/>
   <trkpt lat="46.5069100" lon="6.6630840"/>
   <trkpt lat="46.5069070" lon="6.6630460"/>
   <trkpt lat="46.5068980" lon="6.6630340"/>
   <trkpt lat="46.5068910" lon="6.6629950"/>
   <trkpt lat="46.5068860" lon="6.6629640"/>
   <trkpt lat="46.5068800" lon="6.6629300"/>
   <trkpt lat="46.5068760" lon="6.6628930"/>
   <trkpt lat="46.5068710" lon="6.6628750"/>
   <trkpt lat="46.5068660" lon="6.6628350"/>
   <trkpt lat="46.5068600" lon="6.6628080"/>
   <trkpt lat="46.5068570" lon="6.6627740"/>
   <trkpt lat="46.5068520" lon="6.6627380"/>
   <trkpt lat="46.5068460" lon="6.6627190"/>
   <trkpt lat="46.5068390" lon="6.6626750"/>
   <trkpt lat="46.5068340" lon="6.6626480"/>
   <trkpt lat="46.5068290" lon="6.6626140"/>
   <trkpt lat="46.5068210" lon="6.6625770"/>
   <trkpt lat="46.5068150" lon="6.6625570"/>
   <trkpt lat="46.5068060" lon="6.6625120"/>
   <trkpt lat="46.5067990" lon="6.6624830"/>
   <trkpt lat="46.5067930" lon="6.6624550"/>
   <trkpt lat="46.5067910" lon="6.6624200"/>
   <trkpt lat="46.5067870" lon="6.6623960"/>
   <trkpt lat="46.5067800" lon="6.6623620"/>
   <trkpt lat="46.5067750" lon="6.6623370"/>
   <trkpt lat="46.5067660" lon="6.6623100"/>
   <trkpt lat="46.5067600" lon="6.6622730"/>
   <trkpt lat="46.5067540" lon="6.6622510"/>
   <trkpt lat="46.5067440" lon="6.6622190"/>
   <trkpt lat="46.5067410" lon="6.6621870"/>
   <trkpt lat="46.5067380" lon="6.6621590"/>
   <trkpt lat="46.5067340" lon="6.6621210"/>
   <trkpt lat="46.5067270" lon="6.6620910"/>
   <trkpt lat="46.5067220" lon="6.6620520"/>
   <trkpt lat="46.5067140" lon="6.6620210"/>
   <trkpt lat="46.5067040" lon="6.6619870"/>
   <trkpt lat="46.5066990" lon="6.6619490"/>
   <trkpt lat="46.5066930" lon="6.6619270"/>
   <trkpt lat="46.5066850" lon="6.6618890"/>
   <trkpt lat="46.5066790" lon="6.6618610"/>
   <trkpt lat="46.5066750" lon="6.6618340"/>
   <trkpt lat="46.5066700" lon="6.6617980"/>
   <trkpt lat="46.5066670" lon="6.6617770"/>
   <trkpt lat="46.5066580" lon="6.6617390"/>
   <trkpt lat="46.5066510" lon="6.6617120"/>
   <trkpt lat="46.5066460" lon="6.6616830"/>
   <trkpt lat="46.5066440" lon="6.6616490"/>
   <trkpt lat="46.5066420" lon="6.6616290"/>
   <trkpt lat="46.5066390" lon="6.6615910"/>
   <trkpt lat="46.5066360" lon="6.6615600"/>
   <trkpt lat="46.5066330" lon="6.6615210"/>
   <trkpt lat="46.5066310" lon="6.6614800"/>
   <trkpt lat="46.5066270" lon="6.6614510"/>
   <trkpt lat="46.5066230" lon="6.6614140"/>
   <trkpt lat="46.5066190" lon="6.6613890"/>
   <trkpt lat="46.5066170" lon="6.6613580"/>
   <trkpt lat="46.5066190" lon="6.6613210"/>
   <trkpt lat="46.5066170" lon="6.6612960"/>
   <trkpt lat="46.5066200" lon="6.6612500"/>
   <trkpt lat="46.5066190" lon="6.6612190"/>
   <trkpt lat="46.5066150" lon="6.6611820"/>
   <trkpt lat="46.5066110" lon="6.6611480"/>
   <trkpt lat="46.5066100" lon="6.6611200"/>
   <trkpt lat="46.5066090" lon="6.6610800"/>
   <trkpt lat="46.5066060" lon="6.6610570"/>
   <trkpt lat="46.5066050" lon="6.6610230"/>
   <trkpt lat="46.5066100" lon="6.6609860"/>
   <trkpt lat="46.5066120" lon="6.6609580"/>
   <trkpt lat="46.5066180" lon="6.6609240"/>
   <trkpt lat="46.5066190" lon="6.6608960"/>
   <trkpt lat="46.5066230" lon="6.6608590"/>
   <trkpt lat="46.5066280" lon="6.6608310"/>
   <trkpt lat="46.5066280" lon="6.6607990"/>
   <trkpt lat="46.5066310" lon="6.6607680"/>
   <trkpt lat="46.5066300" lon="6.6607460"/>
   <trkpt lat="46.5066340" lon="6.6607070"/>
   <trkpt lat="46.5066370" lon="6.6606740"/>
   <trkpt lat="46.5066360" lon="6.6606390"/>
   <trkpt lat="46.5066410" lon="6.6606060"/>
   <trkpt lat="46.5066410" lon="6.6605820"/>
   <trkpt lat="46.5066450" lon="6.6605490"/>
   <trkpt lat="46.5066510" lon="6.6605190"/>
   <trkpt lat="46.5066530" lon="6.6604880"/>
   <trkpt lat="46.5066570" lon="6.6604500"/>
   <trkpt lat="46.5066590" lon="6.6604200"/>
   <trkpt lat="46.5066630" lon="6.6603830"/>
   <trkpt lat="46.5066660" lon="6.6603490"/>
   <trkpt lat="46.5066670" lon="6.6603130"/>
   <trkpt lat="46.5066700" lon="6.6602750"/>
   <trkpt lat="46.5066710" lon="6.6602460"/>
   <trkpt lat="46.5066770" lon="6.6602090"/>
   <trkpt lat="46.5066760" lon="6.6601800"/>
   <trkpt lat="46.5066770" lon="6.6601450"/>
   <trkpt lat="46.5066820" lon="6.6601120"/>
   <trkpt lat="46.5066830" lon="6.6600870"/>
   <trkpt lat="46.5066880" lon="6.6600460"/>
   <trkpt lat="46.5066960" lon="6.6600180"/>
   <trkpt lat="46.5067010" lon="6.6599840"/>
   <trkpt lat="46.5067020" lon="6.6599480"/>
   <trkpt lat="46.5067070" lon="6.6599260"/>
   <trkpt lat="46.5067110" lon="6.6598840"/>
   <trkpt lat="46.5067140" lon="6.6598540"/>
   <trkpt lat="46.5067160" lon="6.6598240"/>
   <trkpt lat="46.5067190" lon="6.6597910"/>
   <trkpt lat="46.5067200" lon="6.6597670"/>
   <trkpt lat="46.5067250" lon="6.6597260"/>
   <trkpt lat="46.5067330" lon="6.6596960"/>
   <trkpt lat="46.5067360" lon="6.6596630"/>
   <trkpt lat="46.5067440" lon="6.6596230"/>
   <trkpt lat="46.5067460" lon="6.6595910"/>
   <trkpt lat="46.5067520" lon="6.6595500"/>
   <trkpt lat="46.5067540" lon="6.6595270"/>
   <trkpt lat="46.5067560" lon="6.6594980"/>
   <trkpt lat="46.5067610" lon="6.6594630"/>
   <trkpt lat="46.5067640" lon="6.6594340"/>
   <trkpt lat="46.5067690" lon="6.6594030"/>
   <trkpt lat="46.5067690" lon="6.6593790"/>
   <trkpt lat="46.5067680" lon="6.6593440"/>
   <trkpt lat="46.5067710" lon="6.6593100"/>
   <trkpt lat="46.5067700" lon="6.6592770"/>
   <trkpt lat="46.5067700" lon="6.6592440"/>
   <trkpt lat="46.5067700" lon="6.6592180"/>
   <trkpt lat="46.5067690" lon="6.6591790"/>
   <trkpt lat="46.5067710" lon="6.6591430"/>
   <trkpt lat="46.5067710" lon="6.6591110"/>
   <trkpt lat="46.5067760" lon="6.6590670"/>
   <trkpt lat="46.5067720" lon="6.6590450"/>
   <trkpt lat="46.5067690" lon="6.6590000"/>
   <trkpt lat="46.5067680" lon="6.6589740"/>
   <trkpt lat="46.5067640" lon="6.6589410"/>
   <trkpt lat="46.5067600" lon="6.6589030"/>
   <trkpt lat="46.5067550" lon="6.6588820"/>
   <trkpt lat="46.5067510" lon="6.6588400"/>
   <trkpt lat="46.5067480" lon="6.6588130"/>
   <trkpt lat="46.5067450" lon="6.6587820"/>
   <trkpt lat="46.5067440" lon="6.6587460"/>
   <trkpt lat="46.5067380" lon="6.6587290"/>
   <trkpt lat="46.5067330" lon="6.6586900"/>
   <trkpt lat="46.5067290" lon="6.6586630"/>
   <trkpt lat="46.5067270" lon="6.6586290"/>
   <trkpt lat="46.5067290" lon="6.6585940"/>
   <trkpt lat="46.5067290" lon="6.6585770"/>
   <trkpt lat="46.5067270" lon="6.6585390"/>
   <trkpt lat="46.5067280" lon="6.6585120"/>
   <trkpt lat="46.5067300" lon="6.6584830"/>
   <trkpt lat="46.5067300" lon="6.6584490"/>
   <trkpt lat="46.5067270" lon="6.6584230"/>
   <trkpt lat="46.5067200" lon="6.6583860"/>
   <trkpt lat="46.5067210" lon="6.6583610"/>
   <trkpt lat="46.5067180" lon="6.6583240"/>
   <trkpt lat="46.5067180" lon="6.6582910"/>
   <trkpt lat="46.5067160" lon="6.6582660"/>
   <trkpt lat="46.5067140" lon="6.6582210"/>
   <trkpt lat="46.5067080" lon="6.6581980"/>
   <trkpt lat="46.5067000" lon="6.6581670"/>
   <trkpt lat="46.5066940" lon="6.6581350"/>
   <trkpt lat="46.5066890" lon="6.6581140"/>
   <trkpt lat="46.5066910" lon="6.6580830"/>
   <trkpt lat="46.5066980" lon="6.6580590"/>
   <trkpt lat="46.5066990" lon="6.6580250"/>
   <trkpt lat="46.5067000" lon="6.6579860"/>
   <trkpt lat="46.5066940" lon="6.6579640"/>
   <trkpt lat="46.5066910" lon="6.6579320"/>
   <trkpt lat="46.5066920" lon="6.6578990"/>
   <trkpt lat="46.5066920" lon="6.6578690"/>
   <trkpt lat="46.5066900" lon="6.6578280"/>
   <trkpt lat="46.5066880" lon="6.6578020"/>
   <trkpt lat="46.5066860" lon="6.6577680"/>
   <trkpt lat="46.5066870" lon="6.6577380"/>
   <trkpt lat="46.5066820" lon="6.6577170"/>
   <trkpt lat="46.5066700" lon="6.6576830"/>
   <trkpt lat="46.5066700" lon="6.6576630"/>
   <trkpt lat="46.5066680" lon="6.6576360"/>
   <trkpt lat="46.5066670" lon="6.6576040"/>
   <trkpt lat="46.5066620" lon="6.6575860"/>
   <trkpt lat="46.5066560" lon="6.6575470"/>
   <trkpt lat="46.5066540" lon="6.6575210"/>
   <trkpt lat="46.5066490" lon="6.6574880"/>
   <trkpt lat="46.5066490" lon="6.6574490"/>
   <trkpt lat="46.5066410" lon="6.6574310"/>
   <trkpt lat="46.5066370" lon="6.6573940"/>
   <trkpt lat="46.5066360" lon="6.6573680"/>
   <trkpt lat="46.5066310" lon="6.6573370"/>
   <trkpt lat="46.5066300" lon="6.6572970"/>
   <trkpt lat="46.5066290" lon="6.6572790"/>
   <trkpt lat="46.5066270" lon="6.6572420"/>
   <trkpt lat="46.5066270" lon="6.6572080"/>
   <trkpt lat="46.5066260" lon="6.6571790"/>
   <trkpt lat="46.5066250" lon="6.6571400"/>
   <trkpt lat="46.5066220" lon="6.6571120"/>
   <trkpt lat="46.5066140" lon="6.6570810"/>
   <trkpt lat="46.5066120" lon="6.6570520"/>
   <trkpt lat="46.5066070" lon="6.6570290"/>
   <trkpt lat="46.5065990" lon="6.6569960"/>
   <trkpt lat="46.5065900" lon="6.6569770"/>
   <trkpt lat="46.5065850" lon="6.6569480"/>
   <trkpt lat="46.5065820" lon="6.6569130"/>
   <trkpt lat="46.5065770" lon="6.6568930"/>
   <trkpt lat="46.5065720" lon="6.6568610"/>
   <trkpt lat="46.5065760" lon="6.6568280"/>
   <trkpt lat="46.5065800" lon="6.6567970"/>
   <trkpt lat="46.5065830" lon="6.6567620"/>
   <trkpt lat="46.5065810" lon="6.6567400"/>
   <trkpt lat="46.5065770" lon="6.6567090"/>
   <trkpt lat="46.5065750" lon="6.6566820"/>
   <trkpt lat="46.5065690" lon="6.6566600"/>
   <trkpt lat="46.5065660" lon="6.6566190"/>
   <trkpt lat="46.5065590" lon="6.6566020"/>
   <trkpt lat="46.5065570" lon="6.6565740"/>
   <trkpt lat="46.5065560" lon="6.6565380"/>
   <trkpt lat="46.5065550" lon="6.6565120"/>
   <trkpt lat="46.5065500" lon="6.6564740"/>
   <trkpt lat="46.5065480" lon="6.6564480"/>
   <trkpt lat="46.5065460" lon="6.6564120"/>
   <trkpt lat="46.5065430" lon="6.6563790"/>
   <trkpt lat="46.5065370" lon="6.6563620"/>
   <trkpt lat="46.5065330" lon="6.6563300"/>
   <trkpt lat="46.5065320" lon="6.6562980"/>
   <trkpt lat="46.5065290" lon="6.6562730"/>
   <trkpt lat="46.5065340" lon="6.6562330"/>
   <trkpt lat="46.5065320" lon="6.6562090"/>
   <trkpt lat="46.5065300" lon="6.6561830"/>
   <trkpt lat="46.5065290" lon="6.6561560"/>
   <trkpt lat="46.5065260" lon="6.6561470"/>
   <trkpt lat="46.5065260" lon="6.6561100"/>
   <trkpt lat="46.5065240" lon="6.6560820"/>
   <trkpt lat="46.5065210" lon="6.6560480"/>
   <trkpt lat="46.5065200" lon="6.6560090"/>
   <trkpt lat="46.5065220" lon="6.6559850"/>
   <trkpt lat="46.5065130" lon="6.6559460"/>
   <trkpt lat="46.5065090" lon="6.6559120"/>
   <trkpt lat="46.5065090" lon="6.6558900"/>
   <trkpt lat="46.5065160" lon="6.6558610"/>
   <trkpt lat="46.5065130" lon="6.6558460"/>
   <trkpt lat="46.5065100" lon="6.6558220"/>
   <trkpt lat="46.5065110" lon="6.6557950"/>
   <trkpt lat="46.5065160" lon="6.6557740"/>
   <trkpt lat="46.5065150" lon="6.6557320"/>
   <trkpt lat="46.5065090" lon="6.6557120"/>
   <trkpt lat="46.5065030" lon="6.6556760"/>
   <trkpt lat="46.5065010" lon="6.6556420"/>
   <trkpt lat="46.5064990" lon="6.6556160"/>
   <trkpt lat="46.5064950" lon="6.6555770"/>
   <trkpt lat="46.5064920" lon="6.6555510"/>
   <trkpt lat="46.5064920" lon="6.6555160"/>
   <trkpt lat="46.5064900" lon="6.6554760"/>
   <trkpt lat="46.5064850" lon="6.6554510"/>
   <trkpt lat="46.5064770" lon="6.6554090"/>
   <trkpt lat="46.5064790" lon="6.6553830"/>
   <trkpt lat="46.5064740" lon="6.6553490"/>
   <trkpt lat="46.5064740" lon="6.6553130"/>
   <trkpt lat="46.5064710" lon="6.6552930"/>
   <trkpt lat="46.5064650" lon="6.6552550"/>
   <trkpt lat="46.5064670" lon="6.6552260"/>
   <trkpt lat="46.5064650" lon="6.6551920"/>
   <trkpt lat="46.5064650" lon="6.6551540"/>
   <trkpt lat="46.5064620" lon="6.6551320"/>
   <trkpt lat="46.5064550" lon="6.6550900"/>
   <trkpt lat="46.5064500" lon="6.6550620"/>
   <trkpt lat="46.5064480" lon="6.6550270"/>
   <trkpt lat="46.5064510" lon="6.6549910"/>
   <trkpt lat="46.5064490" lon="6.6549770"/>
   <trkpt lat="46.5064480" lon="6.6549440"/>
   <trkpt lat="46.5064470" lon="6.6549230"/>
   <trkpt lat="46.5064410" lon="6.6548900"/>
   <trkpt lat="46.5064360" lon="6.6548500"/>
   <trkpt lat="46.5064310" lon="6.6548290"/>
   <trkpt lat="46.5064290" lon="6.6547890"/>
   <trkpt lat="46.5064260" lon="6.6547630"/>
   <trkpt lat="46.5064200" lon="6.6547280"/>
   <trkpt lat="46.5064180" lon="6.6546880"/>
   <trkpt lat="46.5064120" lon="6.6546650"/>
   <trkpt lat="46.5064100" lon="6.6546240"/>
   <trkpt lat="46.5064080" lon="6.6545990"/>
   <trkpt lat="46.5064010" lon="6.6545690"/>
   <trkpt lat="46.5064000" lon="6.6545410"/>
   <trkpt lat="46.5063970" lon="6.6545210"/>
   <trkpt lat="46.5063940" lon="6.6544800"/>
   <trkpt lat="46.5063850" lon="6.6544590"/>
   <trkpt lat="46.5063840" lon="6.6544210"/>
   <trkpt lat="46.5063790" lon="6.6543840"/>
   <trkpt lat="46.5063720" lon="6.6543500"/>
   <trkpt lat="46.5063670" lon="6.6543240"/>
   <trkpt lat="46.5063630" lon="6.6543010"/>
   <trkpt lat="46.5063640" lon="6.6542830"/>
   <trkpt lat="46.5063680" lon="6.6542690"/>
   <trkpt lat="46.5063710" lon="6.6542510"/>
   <trkpt lat="46.5063700" lon="6.6542360"/>
   <trkpt lat="46.5063650" lon="6.6542170"/>
   <trkpt lat="46.5063590" lon="6.6542020"/>
   <trkpt lat="46.5063550" lon="6.6541910"/>
   <trkpt lat="46.5063540" lon="6.6541780"/>
   <trkpt lat="46.5063590" lon="6.6541630"/>
   <trkpt lat="46.5063570" lon="6.6541450"/>
   <trkpt lat="46.5063560" lon="6.6541250"/>
   <trkpt lat="46.5063570" lon="6.6541050"/>
   <trkpt lat="46.5063610" lon="6.6540860"/>
   <trkpt lat="46.5063650" lon="6.6540660"/>
   <trkpt lat="46.5063660" lon="6.6540500"/>
   <trkpt lat="46.5063670" lon="6.6540310"/>
   <trkpt lat="46.5063670" lon="6.6540140"/>
   <trkpt lat="46.5063660" lon="6.6539920"/>
   <trkpt lat="46.5063640" lon="6.6539800"/>
   <trkpt lat="46.5063640" lon="6.6539630"/>
   <trkpt lat="46.5063650" lon="6.6539470"/>
   <trkpt lat="46.5063660" lon="6.6539310"/>
   <trkpt lat="46.5063640" lon="6.6539100"/>
   <trkpt lat="46.5063670" lon="6.6538890"/>
   <trkpt lat="46.5063690" lon="6.6538690"/>
   <trkpt lat="46.5063690" lon="6.6538530"/>
   <trkpt lat="46.5063710" lon="6.6538310"/>
   <trkpt lat="46.5063720" lon="6.6538110"/>
   <trkpt lat="46.5063750" lon="6.6537920"/>
   <trkpt lat="46.5063750" lon="6.6537720"/>
   <trkpt lat="46.5063760" lon="6.6537550"/>
   <trkpt lat="46.5063750" lon="6.6537380"/>
   <trkpt lat="46.5063740" lon="6.6537200"/>
   <trkpt lat="46.5063740" lon="6.6536990"/>
   <trkpt lat="46.5063730" lon="6.6536840"/>
   <trkpt lat="46.5063700" lon="6.6536630"/>
   <trkpt lat="46.5063680" lon="6.6536510"/>
   <trkpt lat="46.5063650" lon="6.6536370"/>
   <trkpt lat="46.5063640" lon="6.6536220"/>
   <trkpt lat="46.5063640" lon="6.6535990"/>
   <trkpt lat="46.5063630" lon="6.6535770"/>
   <trkpt lat="46.5063610" lon="6.6535570"/>
   <trkpt lat="46.5063610" lon="6.6535360"/>
   <trkpt lat="46.5063590" lon="6.6535180"/>
   <trkpt lat="46.5063590" lon="6.6534970"/>
   <trkpt lat="46.5063580" lon="6.6534810"/>
   <trkpt lat="46.5063580" lon="6.6534640"/>
   <trkpt lat="46.5063590" lon="6.6534450"/>
   <trkpt lat="46.5063600" lon="6.6534260"/>
   <trkpt lat="46.5063610" lon="6.6534050"/>
   <trkpt lat="46.5063620" lon="6.6533870"/>
   <trkpt lat="46.5063630" lon="6.6533650"/>
   <trkpt lat="46.5063630" lon="6.6533460"/>
   <trkpt lat="46.5063630" lon="6.6533230"/>
   <trkpt lat="46.5063630" lon="6.6533010"/>
   <trkpt lat="46.5063620" lon="6.6532790"/>
   <trkpt lat="46.5063620" lon="6.6532610"/>
   <trkpt lat="46.5063650" lon="6.6532400"/>
   <trkpt lat="46.5063660" lon="6.6532200"/>
   <trkpt lat="46.5063660" lon="6.6532030"/>
   <trkpt lat="46.5063650" lon="6.6531850"/>
   <trkpt lat="46.5063650" lon="6.6531660"/>
   <trkpt lat="46.5063630" lon="6.6531500"/>
   <trkpt lat="46.5063620" lon="6.6531310"/>
   <trkpt lat="46.5063610" lon="6.6531160"/>
   <trkpt lat="46.5063600" lon="6.6531040"/>
   <trkpt lat="46.5063590" lon="6.6530850"/>
   <trkpt lat="46.5063590" lon="6.6530680"/>
   <trkpt lat="46.5063620" lon="6.6530470"/>
   <trkpt lat="46.5063640" lon="6.6530280"/>
   <trkpt lat="46.5063660" lon="6.6530130"/>
   <trkpt lat="46.5063660" lon="6.6529840"/>
   <trkpt lat="46.5063670" lon="6.6529510"/>
   <trkpt lat="46.5063660" lon="6.6529230"/>
   <trkpt lat="46.5063660" lon="6.6528850"/>
   <trkpt lat="46.5063660" lon="6.6528530"/>
   <trkpt lat="46.5063650" lon="6.6528190"/>
   <trkpt lat="46.5063640" lon="6.6527860"/>
   <trkpt lat="46.5063620" lon="6.6527590"/>
   <trkpt lat="46.5063590" lon="6.6527190"/>
   <trkpt lat="46.5063590" lon="6.6526910"/>
   <trkpt lat="46.5063580" lon="6.6526570"/>
   <trkpt lat="46.5063600" lon="6.6526170"/>
   <trkpt lat="46.5063580" lon="6.6525940"/>
   <trkpt lat="46.5063600" lon="6.6525480"/>
   <trkpt lat="46.5063570" lon="6.6525220"/>
   <trkpt lat="46.5063590" lon="6.6524820"/>
   <trkpt lat="46.5063610" lon="6.6524480"/>
   <trkpt lat="46.5063600" lon="6.6524180"/>
   <trkpt lat="46.5063630" lon="6.6523730"/>
   <trkpt lat="46.5063610" lon="6.6523450"/>
   <trkpt lat="46.5063650" lon="6.6523050"/>
   <trkpt lat="46.5063660" lon="6.6522760"/>
   <trkpt lat="46.5063640" lon="6.6522470"/>
   <trkpt lat="46.5063660" lon="6.6522070"/>
   <trkpt lat="46.5063670" lon="6.6521790"/>
   <trkpt lat="46.5063660" lon="6.6521400"/>
   <trkpt lat="46.5063660" lon="6.6521100"/>
   <trkpt lat="46.5063660" lon="6.6520760"/>
   <trkpt lat="46.5063700" lon="6.6520390"/>
   <trkpt lat="46.5063710" lon="6.6520150"/>
   <trkpt lat="46.5063690" lon="6.6519780"/>
   <trkpt lat="46.5063710" lon="6.6519430"/>
   <trkpt lat="46.5063750" lon="6.6519020"/>
   <trkpt lat="46.5063760" lon="6.6518680"/>
   <trkpt lat="46.5063740" lon="6.6518390"/>
   <trkpt lat="46.5063770" lon="6.6518000"/>
   <trkpt lat="46.5063780" lon="6.6517810"/>
   <trkpt lat="46.5063810" lon="6.6517450"/>
   <trkpt lat="46.5063840" lon="6.6517140"/>
   <trkpt lat="46.5063830" lon="6.6516840"/>
   <trkpt lat="46.5063880" lon="6.6516430"/>
   <trkpt lat="46.5063880" lon="6.6516110"/>
   <trkpt lat="46.5063890" lon="6.6515670"/>
   <trkpt lat="46.5063840" lon="6.6515460"/>
   <trkpt lat="46.5063850" lon="6.6515020"/>
   <trkpt lat="46.5063870" lon="6.6514670"/>
   <trkpt lat="46.5063850" lon="6.6514350"/>
   <trkpt lat="46.5063860" lon="6.6513920"/>
   <trkpt lat="46.5063830" lon="6.6513700"/>
   <trkpt lat="46.5063850" lon="6.6513280"/>
   <trkpt lat="46.5063880" lon="6.6512970"/>
   <trkpt lat="46.5063880" lon="6.6512620"/>
   <trkpt lat="46.5063880" lon="6.6512210"/>
   <trkpt lat="46.5063870" lon="6.6511980"/>
   <trkpt lat="46.5063890" lon="6.6511590"/>
   <trkpt lat="46.5063940" lon="6.6511320"/>
   <trkpt lat="46.5063950" lon="6.6510930"/>
   <trkpt lat="46.5063940" lon="6.6510590"/>
   <trkpt lat="46.5063860" lon="6.6510320"/>
   <trkpt lat="46.5063900" lon="6.6509900"/>
   <trkpt lat="46.5063880" lon="6.6509610"/>
   <trkpt lat="46.5063930" lon="6.6509160"/>
   <trkpt lat="46.5063940" lon="6.6508820"/>
   <trkpt lat="46.5063900" lon="6.6508440"/>
   <trkpt lat="46.5063920" lon="6.6508090"/>
   <trkpt lat="46.5063870" lon="6.6507900"/>
   <trkpt lat="46.5063900" lon="6.6507470"/>
   <trkpt lat="46.5063950" lon="6.6507250"/>
   <trkpt lat="46.5063970" lon="6.6506860"/>
   <trkpt lat="46.5063990" lon="6.6506550"/>
   <trkpt lat="46.5063990" lon="6.6506200"/>
   <trkpt lat="46.5064010" lon="6.6505800"/>
   <trkpt lat="46.5063950" lon="6.6505600"/>
   <trkpt lat="46.5063950" lon="6.6505230"/>
   <trkpt lat="46.5063940" lon="6.6504970"/>
   <trkpt lat="46.5063930" lon="6.6504600"/>
   <trkpt lat="46.5063950" lon="6.6504270"/>
   <trkpt lat="46.5063970" lon="6.6503930"/>
   <trkpt lat="46.5064010" lon="6.6503510"/>
   <trkpt lat="46.5064000" lon="6.6503250"/>
   <trkpt lat="46.5064010" lon="6.6502820"/>
   <trkpt lat="46.5064010" lon="6.6502480"/>
   <trkpt lat="46.5064010" lon="6.6502140"/>
   <trkpt lat="46.5064040" lon="6.6501780"/>
   <trkpt lat="46.5064070" lon="6.6501510"/>
   <trkpt lat="46.5064120" lon="6.6501120"/>
   <trkpt lat="46.5064110" lon="6.6500890"/>
   <trkpt lat="46.5064140" lon="6.6500560"/>
   <trkpt lat="46.5064140" lon="6.6500250"/>
   <trkpt lat="46.5064120" lon="6.6499910"/>
   <trkpt lat="46.5064120" lon="6.6499510"/>
   <trkpt lat="46.5064150" lon="6.6499270"/>
   <trkpt lat="46.5064130" lon="6.6498830"/>
   <trkpt lat="46.5064140" lon="6.6498470"/>
   <trkpt lat="46.5064140" lon="6.6498110"/>
   <trkpt lat="46.5064170" lon="6.6497690"/>
   <trkpt lat="46.5064100" lon="6.6497490"/>
   <trkpt lat="46.5064110" lon="6.6497080"/>
   <trkpt lat="46.5064070" lon="6.6496870"/>
   <trkpt lat="46.5064070" lon="6.6496570"/>
   <trkpt lat="46.5064070" lon="6.6496250"/>
   <trkpt lat="46.5064070" lon="6.6495920"/>
   <trkpt lat="46.5064080" lon="6.6495500"/>
   <trkpt lat="46.5064080" lon="6.6495240"/>
   <trkpt lat="46.5064100" lon="6.6494820"/>
   <trkpt lat="46.5064130" lon="6.6494520"/>
   <trkpt lat="46.5064120" lon="6.6494220"/>
   <trkpt lat="46.5064110" lon="6.6493840"/>
   <trkpt lat="46.5064110" lon="6.6493570"/>
   <trkpt lat="46.5064120" lon="6.6493250"/>
   <trkpt lat="46.5064150" lon="6.6492960"/>
   <trkpt lat="46.5064160" lon="6.6492600"/>
   <trkpt lat="46.5064170" lon="6.6492250"/>
   <trkpt lat="46.5064130" lon="6.6492010"/>
   <trkpt lat="46.5064160" lon="6.6491600"/>
   <trkpt lat="46.5064090" lon="6.6491280"/>
   <trkpt lat="46.5064020" lon="6.6490930"/>
   <trkpt lat="46.5064050" lon="6.6490600"/>
   <trkpt lat="46.5064000" lon="6.6490330"/>
   <trkpt lat="46.5064000" lon="6.6489980"/>
   <trkpt lat="46.5064070" lon="6.6489720"/>
   <trkpt lat="46.5064100" lon="6.6489290"/>
   <trkpt lat="46.5064150" lon="6.6489010"/>
   <trkpt lat="46.5064160" lon="6.6488650"/>
   <trkpt lat="46.5064150" lon="6.6488240"/>
   <trkpt lat="46.5064130" lon="6.6487970"/>
   <trkpt lat="46.5064130" lon="6.6487580"/>
   <trkpt lat="46.5064200" lon="6.6487380"/>
   <trkpt lat="46.5064210" lon="6.6487020"/>
   <trkpt lat="46.5064250" lon="6.6486760"/>
   <trkpt lat="46.5064220" lon="6.6486480"/>
   <trkpt lat="46.5064210" lon="6.6486100"/>
   <trkpt lat="46.5064300" lon="6.6485810"/>
   <trkpt lat="46.5064360" lon="6.6485430"/>
   <trkpt lat="46.5064350" lon="6.6485170"/>
   <trkpt lat="46.5064330" lon="6.6484820"/>
   <trkpt lat="46.5064360" lon="6.6484440"/>
   <trkpt lat="46.5064330" lon="6.6484220"/>
   <trkpt lat="46.5064330" lon="6.6483850"/>
   <trkpt lat="46.5064370" lon="6.6483590"/>
   <trkpt lat="46.5064380" lon="6.6483220"/>
   <trkpt lat="46.5064390" lon="6.6482900"/>
   <trkpt lat="46.5064410" lon="6.6482630"/>
   <trkpt lat="46.5064430" lon="6.6482190"/>
   <trkpt lat="46.5064420" lon="6.6481990"/>
   <trkpt lat="46.5064440" lon="6.6481600"/>
   <trkpt lat="46.5064480" lon="6.6481290"/>
   <trkpt lat="46.5064480" lon="6.6480940"/>
   <trkpt lat="46.5064490" lon="6.6480550"/>
   <trkpt lat="46.5064500" lon="6.6480320"/>
   <trkpt lat="46.5064490" lon="6.6479920"/>
   <trkpt lat="46.5064460" lon="6.6479680"/>
   <trkpt lat="46.5064450" lon="6.6479360"/>
   <trkpt lat="46.5064460" lon="6.6478970"/>
   <trkpt lat="46.5064400" lon="6.6478780"/>
   <trkpt lat="46.5064380" lon="6.6478390"/>
   <trkpt lat="46.5064350" lon="6.6478150"/>
   <trkpt lat="46.5064370" lon="6.6477780"/>
   <trkpt lat="46.5064390" lon="6.6477470"/>
   <trkpt lat="46.5064390" lon="6.6477190"/>
   <trkpt lat="46.5064420" lon="6.6476720"/>
   <trkpt lat="46.5064440" lon="6.6476450"/>
   <trkpt lat="46.5064430" lon="6.6476100"/>
   <trkpt lat="46.5064470" lon="6.6475760"/>
   <trkpt lat="46.5064440" lon="6.6475520"/>
   <trkpt lat="46.5064420" lon="6.6475130"/>
   <trkpt lat="46.5064400" lon="6.6474840"/>
   <trkpt lat="46.5064370" lon="6.6474580"/>
   <trkpt lat="46.5064380" lon="6.6474250"/>
   <trkpt lat="46.5064370" lon="6.6474000"/>
   <trkpt lat="46.5064380" lon="6.6473640"/>
   <trkpt lat="46.5064360" lon="6.6473300"/>
   <trkpt lat="46.5064340" lon="6.6473040"/>
   <trkpt lat="46.5064390" lon="6.6472670"/>
   <trkpt lat="46.5064370" lon="6.6472410"/>
   <trkpt lat="46.5064370" lon="6.6472020"/>
   <trkpt lat="46.5064380" lon="6.6471760"/>
   <trkpt lat="46.5064390" lon="6.6471390"/>
   <trkpt lat="46.5064390" lon="6.6471080"/>
   <trkpt lat="46.5064320" lon="6.6470780"/>
   <trkpt lat="46.5064330" lon="6.6470400"/>
   <trkpt lat="46.5064420" lon="6.6470100"/>
   <trkpt lat="46.5064430" lon="6.6469720"/>
   <trkpt lat="46.5064480" lon="6.6469410"/>
   <trkpt lat="46.5064470" lon="6.6469120"/>
   <trkpt lat="46.5064520" lon="6.6468760"/>
   <trkpt lat="46.5064570" lon="6.6468580"/>
   <trkpt lat="46.5064610" lon="6.6468220"/>
   <trkpt lat="46.5064640" lon="6.6467920"/>
   <trkpt lat="46.5064590" lon="6.6467680"/>
   <trkpt lat="46.5064640" lon="6.6467310"/>
   <trkpt lat="46.5064630" lon="6.6467060"/>
   <trkpt lat="46.5064620" lon="6.6466680"/>
   <trkpt lat="46.5064630" lon="6.6466360"/>
   <trkpt lat="46.5064600" lon="6.6466050"/>
   <trkpt lat="46.5064600" lon="6.6465680"/>
   <trkpt lat="46.5064520" lon="6.6465490"/>
   <trkpt lat="46.5064540" lon="6.6465160"/>
   <trkpt lat="46.5064540" lon="6.6464860"/>
   <trkpt lat="46.5064540" lon="6.6464600"/>
   <trkpt lat="46.5064490" lon="6.6464190"/>
   <trkpt lat="46.5064520" lon="6.6463970"/>
   <trkpt lat="46.5064500" lon="6.6463600"/>
   <trkpt lat="46.5064570" lon="6.6463300"/>
   <trkpt lat="46.5064560" lon="6.6463020"/>
   <trkpt lat="46.5064570" lon="6.6462650"/>
   <trkpt lat="46.5064620" lon="6.6462400"/>
   <trkpt lat="46.5064640" lon="6.6462040"/>
   <trkpt lat="46.5064700" lon="6.6461720"/>
   <trkpt lat="46.5064710" lon="6.6461380"/>
   <trkpt lat="46.5064740" lon="6.6461040"/>
   <trkpt lat="46.5064710" lon="6.6460840"/>
   <trkpt lat="46.5064750" lon="6.6460460"/>
   <trkpt lat="46.5064750" lon="6.6460160"/>
   <trkpt lat="46.5064730" lon="6.6459880"/>
   <trkpt lat="46.5064770" lon="6.6459480"/>
   <trkpt lat="46.5064700" lon="6.6459290"/>
   <trkpt lat="46.5064680" lon="6.6458860"/>
   <trkpt lat="46.5064700" lon="6.6458540"/>
   <trkpt lat="46.5064680" lon="6.6458190"/>
   <trkpt lat="46.5064700" lon="6.6457800"/>
   <trkpt lat="46.5064630" lon="6.6457590"/>
   <trkpt lat="46.5064620" lon="6.6457160"/>
   <trkpt lat="46.5064640" lon="6.6456880"/>
   <trkpt lat="46.5064650" lon="6.6456650"/>
   <trkpt lat="46.5064680" lon="6.6456260"/>
   <trkpt lat="46.5064660" lon="6.6456110"/>
   <trkpt lat="46.5064670" lon="6.6455740"/>
   <trkpt lat="46.5064710" lon="6.6455420"/>
   <trkpt lat="46.5064720" lon="6.6455120"/>
   <trkpt lat="46.5064750" lon="6.6454700"/>
   <trkpt lat="46.5064710" lon="6.6454510"/>
   <trkpt lat="46.5064690" lon="6.6454150"/>
   <trkpt lat="46.5064710" lon="6.6453820"/>
   <trkpt lat="46.5064720" lon="6.6453500"/>
   <trkpt lat="46.5064760" lon="6.6453130"/>
   <trkpt lat="46.5064780" lon="6.6452920"/>
   <trkpt lat="46.5064800" lon="6.6452560"/>
   <trkpt lat="46.5064820" lon="6.6452310"/>
   <trkpt lat="46.5064810" lon="6.6452010"/>
   <trkpt lat="46.5064830" lon="6.6451610"/>
   <trkpt lat="46.5064800" lon="6.6451420"/>
   <trkpt lat="46.5064820" lon="6.6451030"/>
   <trkpt lat="46.5064850" lon="6.6450760"/>
   <trkpt lat="46.5064880" lon="6.6450460"/>
   <trkpt lat="46.5064880" lon="6.6450080"/>
   <trkpt lat="46.5064840" lon="6.6449900"/>
   <trkpt lat="46.5064890" lon="6.6449500"/>
   <trkpt lat="46.5064870" lon="6.6449220"/>
   <trkpt lat="46.5064820" lon="6.6448860"/>
   <trkpt lat="46.5064840" lon="6.6448490"/>
   <trkpt lat="46.5064810" lon="6.6448270"/>
   <trkpt lat="46.5064810" lon="6.6447830"/>
   <trkpt lat="46.5064820" lon="6.6447530"/>
   <trkpt lat="46.5064810" lon="6.6447210"/>
   <trkpt lat="46.5064860" lon="6.6446840"/>
   <trkpt lat="46.5064840" lon="6.6446630"/>
   <trkpt lat="46.5064860" lon="6.6446280"/>
   <trkpt lat="46.5064910" lon="6.6445940"/>
   <trkpt lat="46.5064920" lon="6.6445670"/>
   <trkpt lat="46.5064930" lon="6.6445270"/>
   <trkpt lat="46.5064900" lon="6.6445090"/>
   <trkpt lat="46.5064910" lon="6.6444650"/>
   <trkpt lat="46.5064920" lon="6.6444370"/>
   <trkpt lat="46.5064890" lon="6.6444140"/>
   <trkpt lat="46.5064910" lon="6.6443720"/>
   <trkpt lat="46.5064930" lon="6.6443490"/>
   <trkpt lat="46.5064970" lon="6.6443110"/>
   <trkpt lat="46.5065010" lon="6.6442770"/>
   <trkpt lat="46.5064970" lon="6.6442560"/>
   <trkpt lat="46.5065020" lon="6.6442180"/>
   <trkpt lat="46.5065020" lon="6.6442030"/>
   <trkpt lat="46.5065010" lon="6.6441700"/>
   <trkpt lat="46.5065010" lon="6.6441380"/>
   <trkpt lat="46.5065010" lon="6.6441090"/>
   <trkpt lat="46.5065030" lon="6.6440660"/>
   <trkpt lat="46.5065020" lon="6.6440470"/>
   <trkpt lat="46.5065040" lon="6.6440120"/>
   <trkpt lat="46.5065040" lon="6.6439810"/>
   <trkpt lat="46.5064970" lon="6.6439450"/>
   <trkpt lat="46.5064930" lon="6.6439050"/>
   <trkpt lat="46.5064960" lon="6.6438800"/>
   <trkpt lat="46.5064950" lon="6.6438440"/>
   <trkpt lat="46.5064980" lon="6.6438130"/>
   <trkpt lat="46.5064970" lon="6.6437800"/>
   <trkpt lat="46.5064970" lon="6.6437420"/>
   <trkpt lat="46.5065020" lon="6.6437180"/>
   <trkpt lat="46.5065070" lon="6.6436750"/>
   <trkpt lat="46.5065060" lon="6.6436460"/>
   <trkpt lat="46.5065050" lon="6.6436120"/>
   <trkpt lat="46.5065080" lon="6.6435810"/>
   <trkpt lat="46.5065060" lon="6.6435600"/>
   <trkpt lat="46.5065010" lon="6.6435250"/>
   <trkpt lat="46.5065010" lon="6.6434980"/>
   <trkpt lat="46.5065000" lon="6.6434680"/>
   <trkpt lat="46.5064980" lon="6.6434310"/>
   <trkpt lat="46.5064950" lon="6.6433960"/>
   <trkpt lat="46.5064970" lon="6.6433620"/>
   <trkpt lat="46.5064950" lon="6.6433300"/>
   <trkpt lat="46.5064940" lon="6.6432940"/>
   <trkpt lat="46.5064940" lon="6.6432640"/>
   <trkpt lat="46.5064920" lon="6.6432400"/>
   <trkpt lat="46.5064990" lon="6.6432040"/>
   <trkpt lat="46.5064970" lon="6.6431870"/>
   <trkpt lat="46.5064980" lon="6.6431520"/>
   <trkpt lat="46.5064980" lon="6.6431180"/>
   <trkpt lat="46.5064960" lon="6.6430920"/>
   <trkpt lat="46.5065000" lon="6.6430470"/>
   <trkpt lat="46.5065080" lon="6.6430250"/>
   <trkpt lat="46.5065140" lon="6.6429910"/>
   <trkpt lat="46.5065200" lon="6.6429620"/>
   <trkpt lat="46.5065260" lon="6.6429390"/>
   <trkpt lat="46.5065390" lon="6.6428990"/>
   <trkpt lat="46.5065420" lon="6.6428760"/>
   <trkpt lat="46.5065410" lon="6.6428390"/>
   <trkpt lat="46.5065410" lon="6.6428070"/>
   <trkpt lat="46.5065330" lon="6.6427870"/>
   <trkpt lat="46.5065250" lon="6.6427470"/>
   <trkpt lat="46.5065210" lon="6.6427250"/>
   <trkpt lat="46.5065040" lon="6.6426950"/>
   <trkpt lat="46.5064950" lon="6.6426640"/>
   <trkpt lat="46.5064850" lon="6.6426470"/>
   <trkpt lat="46.5064620" lon="6.6426140"/>
   <trkpt lat="46.5064470" lon="6.6425980"/>
   <trkpt lat="46.5064350" lon="6.6425700"/>
   <trkpt lat="46.5064190" lon="6.6425470"/>
   <trkpt lat="46.5064030" lon="6.6425370"/>
   <trkpt lat="46.5063760" lon="6.6425150"/>
   <trkpt lat="46.5063590" lon="6.6425040"/>
   <trkpt lat="46.5063350" lon="6.6424870"/>
   <trkpt lat="46.5063110" lon="6.6424710"/>
   <trkpt lat="46.5062940" lon="6.6424630"/>
   <trkpt lat="46.5062670" lon="6.6424470"/>
   <trkpt lat="46.5062500" lon="6.6424350"/>
   <trkpt lat="46.5062260" lon="6.6424190"/>
   <trkpt lat="46.5062070" lon="6.6424040"/>
   <trkpt lat="46.5061890" lon="6.6423910"/>
   <trkpt lat="46.5061620" lon="6.6423710"/>
   <trkpt lat="46.5061400" lon="6.6423660"/>
   <trkpt lat="46.5061150" lon="6.6423510"/>
   <trkpt lat="46.5060930" lon="6.6423280"/>
   <trkpt lat="46.5060730" lon="6.6423130"/>
   <trkpt lat="46.5060490" lon="6.6422920"/>
   <trkpt lat="46.5060290" lon="6.6422900"/>
   <trkpt lat="46.5060030" lon="6.6422770"/>
   <trkpt lat="46.5059810" lon="6.6422590"/>
   <trkpt lat="46.5059600" lon="6.6422510"/>
   <trkpt lat="46.5059370" lon="6.6422330"/>
   <trkpt lat="46.5059220" lon="6.6422200"/>
   <trkpt lat="46.5058930" lon="6.6422040"/>
   <trkpt lat="46.5058720" lon="6.6421900"/>
   <trkpt lat="46.5058490" lon="6.6421820"/>
   <trkpt lat="46.5058220" lon="6.6421670"/>
   <trkpt lat="46.5058030" lon="6.6421570"/>
   <trkpt lat="46.5057750" lon="6.6421490"/>
   <trkpt lat="46.5057520" lon="6.6421350"/>
   <trkpt lat="46.5057300" lon="6.6421320"/>
   <trkpt lat="46.5057020" lon="6.6421130"/>
   <trkpt lat="46.5056830" lon="6.6421150"/>
   <trkpt lat="46.5056590" lon="6.6421110"/>
   <trkpt lat="46.5056450" lon="6.6420980"/>
   <trkpt lat="46.5056340" lon="6.6420840"/>
   <trkpt lat="46.5056270" lon="6.6420760"/>
   <trkpt lat="46.5056200" lon="6.6420550"/>
   <trkpt lat="46.5056150" lon="6.6420440"/>
   <trkpt lat="46.5056070" lon="6.6420260"/>
   <trkpt lat="46.5056010" lon="6.6420110"/>
   <trkpt lat="46.5055910" lon="6.6420010"/>
   <trkpt lat="46.5055810" lon="6.6419950"/>
   <trkpt lat="46.5055700" lon="6.6419830"/>
   <trkpt lat="46.5055590" lon="6.6419780"/>
   <trkpt lat="46.5055470" lon="6.6419750"/>
   <trkpt lat="46.5055360" lon="6.6419690"/>
   <trkpt lat="46.5055250" lon="6.6419630"/>
   <trkpt lat="46.5055160" lon="6.6419590"/>
   <trkpt lat="46.5055070" lon="6.6419520"/>
   <trkpt lat="46.5055000" lon="6.6419440"/>
   <trkpt lat="46.5054930" lon="6.6419380"/>
   <trkpt lat="46.5054830" lon="6.6419270"/>
   <trkpt lat="46.5054760" lon="6.6419190"/>
   <trkpt lat="46.5054660" lon="6.6419080"/>
   <trkpt lat="46.5054580" lon="6.6418970"/>
   <trkpt lat="46.5054480" lon="6.6418830"/>
   <trkpt lat="46.5054380" lon="6.6418710"/>
   <trkpt lat="46.5054280" lon="6.6418550"/>
   <trkpt lat="46.5054200" lon="6.6418420"/>
   <trkpt lat="46.5054120" lon="6.6418260"/>
   <trkpt lat="46.5054040" lon="6.6418120"/>
   <trkpt lat="46.5053970" lon="6.6417980"/>
   <trkpt lat="46.5053910" lon="6.6417840"/>
   <trkpt lat="46.5053830" lon="6.6417690"/>
   <trkpt lat="46.5053750" lon="6.6417560"/>
   <trkpt lat="46.5053700" lon="6.6417420"/>
   <trkpt lat="46.5053620" lon="6.6417300"/>
   <trkpt lat="46.5053560" lon="6.6417200"/>
   <trkpt lat="46.5053480" lon="6.6417070"/>
   <trkpt lat="46.5053400" lon="6.6416920"/>
   <trkpt lat="46.5053330" lon="6.6416830"/>
   <trkpt lat="46.5053260" lon="6.6416680"/>
   <trkpt lat="46.5053190" lon="6.6416520"/>
   <trkpt lat="46.5053120" lon="6.6416330"/>
   <trkpt lat="46.5053050" lon="6.6416190"/>
   <trkpt lat="46.5052980" lon="6.6416020"/>
   <trkpt lat="46.5052950" lon="6.6415800"/>
   <trkpt lat="46.5052920" lon="6.6415600"/>
   <trkpt lat="46.5052870" lon="6.6415430"/>
   <trkpt lat="46.5052830" lon="6.6415250"/>
   <trkpt lat="46.5052790" lon="6.6415060"/>
   <trkpt lat="46.5052760" lon="6.6414870"/>
   <trkpt lat="46.5052740" lon="6.6414690"/>
   <trkpt lat="46.5052720" lon="6.6414490"/>
   <trkpt lat="46.5052730" lon="6.6414300"/>
   <trkpt lat="46.5052730" lon="6.6414060"/>
   <trkpt lat="46.5052720" lon="6.6413820"/>
   <trkpt lat="46.5052720" lon="6.6413580"/>
   <trkpt lat="46.5052710" lon="6.6413350"/>
   <trkpt lat="46.5052690" lon="6.6413090"/>
   <trkpt lat="46.5052690" lon="6.6412870"/>
   <trkpt lat="46.5052690" lon="6.6412690"/>
   <trkpt lat="46.5052690" lon="6.6412510"/>
   <trkpt lat="46.5052730" lon="6.6412300"/>
   <trkpt lat="46.5052760" lon="6.6412150"/>
   <trkpt lat="46.5052790" lon="6.6411970"/>
   <trkpt lat="46.5052800" lon="6.6411820"/>
   <trkpt lat="46.5052810" lon="6.6411620"/>
   <trkpt lat="46.5052850" lon="6.6411450"/>
   <trkpt lat="46.5052870" lon="6.6411280"/>
   <trkpt lat="46.5052890" lon="6.6411110"/>
   <trkpt lat="46.5052910" lon="6.6410920"/>
   <trkpt lat="46.5052950" lon="6.6410730"/>
   <trkpt lat="46.5052990" lon="6.6410530"/>
   <trkpt lat="46.5053010" lon="6.6410360"/>
   <trkpt lat="46.5053030" lon="6.6410180"/>
   <trkpt lat="46.5053090" lon="6.6409880"/>
   <trkpt lat="46.5053140" lon="6.6409630"/>
   <trkpt lat="46.5053190" lon="6.6409350"/>
   <trkpt lat="46.5053260" lon="6.6409050"/>
   <trkpt lat="46.5053350" lon="6.6408750"/>
   <trkpt lat="46.5053420" lon="6.6408440"/>
   <trkpt lat="46.5053500" lon="6.6408160"/>
   <trkpt lat="46.5053560" lon="6.6407910"/>
   <trkpt lat="46.5053630" lon="6.6407500"/>
   <trkpt lat="46.5053690" lon="6.6407300"/>
   <trkpt lat="46.5053750" lon="6.6406940"/>
   <trkpt lat="46.5053820" lon="6.6406670"/>
   <trkpt lat="46.5053900" lon="6.6406410"/>
   <trkpt lat="46.5054010" lon="6.6406080"/>
   <trkpt lat="46.5054060" lon="6.6405870"/>
   <trkpt lat="46.5054100" lon="6.6405550"/>
   <trkpt lat="46.5054170" lon="6.6405240"/>
   <trkpt lat="46.5054200" lon="6.6405010"/>
   <trkpt lat="46.5054250" lon="6.6404610"/>
   <trkpt lat="46.5054280" lon="6.6404360"/>
   <trkpt lat="46.5054310" lon="6.6404060"/>
   <trkpt lat="46.5054400" lon="6.6403760"/>
   <trkpt lat="46.5054430" lon="6.6403560"/>
   <trkpt lat="46.5054520" lon="6.6403190"/>
   <trkpt lat="46.5054570" lon="6.6402990"/>
   <trkpt lat="46.5054630" lon="6.6402680"/>
   <trkpt lat="46.5054770" lon="6.6402370"/>
   <trkpt lat="46.5054780" lon="6.6402160"/>
   <trkpt lat="46.5054870" lon="6.6401750"/>
   <trkpt lat="46.5054970" lon="6.6401490"/>
   <trkpt lat="46.5055040" lon="6.6401210"/>
   <trkpt lat="46.5055190" lon="6.6400870"/>
   <trkpt lat="46.5055220" lon="6.6400710"/>
   <trkpt lat="46.5055310" lon="6.6400360"/>
   <trkpt lat="46.5055430" lon="6.6400050"/>
   <trkpt lat="46.5055480" lon="6.6399790"/>
   <trkpt lat="46.5055570" lon="6.6399400"/>
   <trkpt lat="46.5055630" lon="6.6399150"/>
   <trkpt lat="46.5055690" lon="6.6398860"/>
   <trkpt lat="46.5055830" lon="6.6398550"/>
   <trkpt lat="46.5055870" lon="6.6398300"/>
   <trkpt lat="46.5055950" lon="6.6397920"/>
   <trkpt lat="46.5056020" lon="6.6397720"/>
   <trkpt lat="46.5056080" lon="6.6397410"/>
   <trkpt lat="46.5056180" lon="6.6397120"/>
   <trkpt lat="46.5056150" lon="6.6396930"/>
   <trkpt lat="46.5056230" lon="6.6396560"/>
   <trkpt lat="46.5056310" lon="6.6396300"/>
   <trkpt lat="46.5056390" lon="6.6396000"/>
   <trkpt lat="46.5056490" lon="6.6395720"/>
   <trkpt lat="46.5056560" lon="6.6395470"/>
   <trkpt lat="46.5056690" lon="6.6395210"/>
   <trkpt lat="46.5056770" lon="6.6394980"/>
   <trkpt lat="46.5056860" lon="6.6394690"/>
   <trkpt lat="46.5056940" lon="6.6394390"/>
   <trkpt lat="46.5056980" lon="6.6394170"/>
   <trkpt lat="46.5057080" lon="6.6393790"/>
   <trkpt lat="46.5057130" lon="6.6393560"/>
   <trkpt lat="46.5057230" lon="6.6393260"/>
   <trkpt lat="46.5057360" lon="6.6392990"/>
   <trkpt lat="46.5057410" lon="6.6392770"/>
   <trkpt lat="46.5057500" lon="6.6392380"/>
   <trkpt lat="46.5057570" lon="6.6392130"/>
   <trkpt lat="46.5057650" lon="6.6391830"/>
   <trkpt lat="46.5057750" lon="6.6391490"/>
   <trkpt lat="46.5057810" lon="6.6391240"/>
   <trkpt lat="46.5057890" lon="6.6390810"/>
   <trkpt lat="46.5057950" lon="6.6390590"/>
   <trkpt lat="46.5058020" lon="6.6390250"/>
   <trkpt lat="46.5058080" lon="6.6389970"/>
   <trkpt lat="46.5058150" lon="6.6389810"/>
   <trkpt lat="46.5058230" lon="6.6389470"/>
   <trkpt lat="46.5058280" lon="6.6389270"/>
   <trkpt lat="46.5058330" lon="6.6389010"/>
   <trkpt lat="46.5058420" lon="6.6388690"/>
   <trkpt lat="46.5058430" lon="6.6388430"/>
   <trkpt lat="46.5058500" lon="6.6387990"/>
   <trkpt lat="46.5058510" lon="6.6387770"/>
   <trkpt lat="46.5058570" lon="6.6387360"/>
   <trkpt lat="46.5058690" lon="6.6387110"/>
   <trkpt lat="46.5058750" lon="6.6386820"/>
   <trkpt lat="46.5058850" lon="6.6386540"/>
   <trkpt lat="46.5058890" lon="6.6386310"/>
   <trkpt lat="46.5058990" lon="6.6385940"/>
   <trkpt lat="46.5059080" lon="6.6385650"/>
   <trkpt lat="46.5059140" lon="6.6385410"/>
   <trkpt lat="46.5059300" lon="6.6385060"/>
   <trkpt lat="46.5059350" lon="6.6384860"/>
   <trkpt lat="46.5059440" lon="6.6384510"/>
   <trkpt lat="46.5059550" lon="6.6384260"/>
   <trkpt lat="46.5059640" lon="6.6384110"/>
   <trkpt lat="46.5059770" lon="6.6383820"/>
   <trkpt lat="46.5059800" lon="6.6383680"/>
   <trkpt lat="46.5059870" lon="6.6383340"/>
   <trkpt lat="46.5059950" lon="6.6383040"/>
   <trkpt lat="46.5059990" lon="6.6382850"/>
   <trkpt lat="46.5060100" lon="6.6382480"/>
   <trkpt lat="46.5060170" lon="6.6382230"/>
   <trkpt lat="46.5060270" lon="6.6381870"/>
   <trkpt lat="46.5060410" lon="6.6381550"/>
   <trkpt lat="46.5060500" lon="6.6381240"/>
   <trkpt lat="46.5060590" lon="6.6380880"/>
   <trkpt lat="46.5060620" lon="6.6380730"/>
   <trkpt lat="46.5060680" lon="6.6380390"/>
   <trkpt lat="46.5060730" lon="6.6380130"/>
   <trkpt lat="46.5060760" lon="6.6379850"/>
   <trkpt lat="46.5060830" lon="6.6379450"/>
   <trkpt lat="46.5060860" lon="6.6379250"/>
   <trkpt lat="46.5060940" lon="6.6378860"/>
   <trkpt lat="46.5061100" lon="6.6378610"/>
   <trkpt lat="46.5061180" lon="6.6378410"/>
   <trkpt lat="46.5061300" lon="6.6378030"/>
   <trkpt lat="46.5061310" lon="6.6377800"/>
   <trkpt lat="46.5061360" lon="6.6377510"/>
   <trkpt lat="46.5061480" lon="6.6377170"/>
   <trkpt lat="46.5061490" lon="6.6376950"/>
   <trkpt lat="46.5061620" lon="6.6376600"/>
   <trkpt lat="46.5061680" lon="6.6376380"/>
   <trkpt lat="46.5061770" lon="6.6376080"/>
   <trkpt lat="46.5061860" lon="6.6375810"/>
   <trkpt lat="46.5061850" lon="6.6375630"/>
   <trkpt lat="46.5061970" lon="6.6375280"/>
   <trkpt lat="46.5062050" lon="6.6375050"/>
   <trkpt lat="46.5062120" lon="6.6374720"/>
   <trkpt lat="46.5062240" lon="6.6374440"/>
   <trkpt lat="46.5062280" lon="6.6374310"/>
   <trkpt lat="46.5062380" lon="6.6373980"/>
   <trkpt lat="46.5062430" lon="6.6373840"/>
   <trkpt lat="46.5062510" lon="6.6373530"/>
   <trkpt lat="46.5062610" lon="6.6373220"/>
   <trkpt lat="46.5062660" lon="6.6373030"/>
   <trkpt lat="46.5062720" lon="6.6372620"/>
   <trkpt lat="46.5062790" lon="6.6372330"/>
   <trkpt lat="46.5062880" lon="6.6371950"/>
   <trkpt lat="46.5063000" lon="6.6371620"/>
   <trkpt lat="46.5063090" lon="6.6371390"/>
   <trkpt lat="46.5063190" lon="6.6370990"/>
   <trkpt lat="46.5063210" lon="6.6370770"/>
   <trkpt lat="46.5063280" lon="6.6370460"/>
   <trkpt lat="46.5063380" lon="6.6370180"/>
   <trkpt lat="46.5063420" lon="6.6369990"/>
   <trkpt lat="46.5063530" lon="6.6369660"/>
   <trkpt lat="46.5063570" lon="6.6369460"/>
   <trkpt lat="46.5063640" lon="6.6369160"/>
   <trkpt lat="46.5063760" lon="6.6368870"/>
   <trkpt lat="46.5063780" lon="6.6368670"/>
   <trkpt lat="46.5063910" lon="6.6368330"/>
   <trkpt lat="46.5063950" lon="6.6368080"/>
   <trkpt lat="46.5064040" lon="6.6367710"/>
   <trkpt lat="46.5064120" lon="6.6367400"/>
   <trkpt lat="46.5064110" lon="6.6367220"/>
   <trkpt lat="46.5064220" lon="6.6366860"/>
   <trkpt lat="46.5064270" lon="6.6366660"/>
   <trkpt lat="46.5064350" lon="6.6366370"/>
   <trkpt lat="46.5064450" lon="6.6366090"/>
   <trkpt lat="46.5064470" lon="6.6365900"/>
   <trkpt lat="46.5064510" lon="6.6365500"/>
   <trkpt lat="46.5064580" lon="6.6365280"/>
   <trkpt lat="46.5064620" lon="6.6364960"/>
   <trkpt lat="46.5064700" lon="6.6364610"/>
   <trkpt lat="46.5064760" lon="6.6364340"/>
   <trkpt lat="46.5064880" lon="6.6363890"/>
   <trkpt lat="46.5064970" lon="6.6363620"/>
   <trkpt lat="46.5065050" lon="6.6363290"/>
   <trkpt lat="46.5065190" lon="6.6362940"/>
   <trkpt lat="46.5065230" lon="6.6362720"/>
   <trkpt lat="46.5065290" lon="6.6362340"/>
   <trkpt lat="46.5065330" lon="6.6362160"/>
   <trkpt lat="46.5065400" lon="6.6361890"/>
   <trkpt lat="46.5065510" lon="6.6361600"/>
   <trkpt lat="46.5065540" lon="6.6361410"/>
   <trkpt lat="46.5065660" lon="6.6361040"/>
   <trkpt lat="46.5065720" lon="6.6360810"/>
   <trkpt lat="46.5065800" lon="6.6360490"/>
   <trkpt lat="46.5065910" lon="6.6360160"/>
   <trkpt lat="46.5065950" lon="6.6359970"/>
   <trkpt lat="46.5066050" lon="6.6359600"/>
   <trkpt lat="46.5066140" lon="6.6359350"/>
   <trkpt lat="46.5066250" lon="6.6359040"/>
   <trkpt lat="46.5066380" lon="6.6358730"/>
   <trkpt lat="46.5066470" lon="6.6358500"/>
   <trkpt lat="46.5066570" lon="6.6358150"/>
   <trkpt lat="46.5066580" lon="6.6357950"/>
   <trkpt lat="46.5066620" lon="6.6357670"/>
   <trkpt lat="46.5066730" lon="6.6357360"/>
   <trkpt lat="46.5066760" lon="6.6357160"/>
   <trkpt lat="46.5066850" lon="6.6356850"/>
   <trkpt lat="46.5066890" lon="6.6356590"/>
   <trkpt lat="46.5066980" lon="6.6356250"/>
   <trkpt lat="46.5067110" lon="6.6355910"/>
   <trkpt lat="46.5067140" lon="6.6355670"/>
   <trkpt lat="46.5067250" lon="6.6355310"/>
   <trkpt lat="46.5067280" lon="6.6355070"/>
   <trkpt lat="46.5067360" lon="6.6354700"/>
   <trkpt lat="46.5067510" lon="6.6354400"/>
   <trkpt lat="46.5067560" lon="6.6354110"/>
   <trkpt lat="46.5067680" lon="6.6353780"/>
   <trkpt lat="46.5067750" lon="6.6353620"/>
   <trkpt lat="46.5067850" lon="6.6353260"/>
   <trkpt lat="46.5067960" lon="6.6352960"/>
   <trkpt lat="46.5067970" lon="6.6352750"/>
   <trkpt lat="46.5068050" lon="6.6352410"/>
   <trkpt lat="46.5068080" lon="6.6352200"/>
   <trkpt lat="46.5068120" lon="6.6351860"/>
   <trkpt lat="46.5068230" lon="6.6351560"/>
   <trkpt lat="46.5068310" lon="6.6351320"/>
   <trkpt lat="46.5068440" lon="6.6350940"/>
   <trkpt lat="46.5068430" lon="6.6350760"/>
   <trkpt lat="46.5068510" lon="6.6350420"/>
   <trkpt lat="46.5068600" lon="6.6350150"/>
   <trkpt lat="46.5068660" lon="6.6349920"/>
   <trkpt lat="46.5068750" lon="6.6349480"/>
   <trkpt lat="46.5068760" lon="6.6349260"/>
   <trkpt lat="46.5068830" lon="6.6348910"/>
   <trkpt lat="46.5068950" lon="6.6348590"/>
   <trkpt lat="46.5068980" lon="6.6348410"/>
   <trkpt lat="46.5069090" lon="6.6348040"/>
   <trkpt lat="46.5069100" lon="6.6347810"/>
   <trkpt lat="46.5069170" lon="6.6347410"/>
   <trkpt lat="46.5069270" lon="6.6347140"/>
   <trkpt lat="46.5069350" lon="6.6346890"/>
   <trkpt lat="46.5069460" lon="6.6346530"/>
   <trkpt lat="46.5069490" lon="6.6346350"/>
   <trkpt lat="46.5069540" lon="6.6345920"/>
   <trkpt lat="46.5069610" lon="6.6345640"/>
   <trkpt lat="46.5069690" lon="6.6345380"/>
   <trkpt lat="46.5069810" lon="6.6345000"/>
   <trkpt lat="46.5069810" lon="6.6344800"/>
   <trkpt lat="46.5069910" lon="6.6344400"/>
   <trkpt lat="46.5069970" lon="6.6344120"/>
   <trkpt lat="46.5069990" lon="6.6343800"/>
   <trkpt lat="46.5070120" lon="6.6343490"/>
   <trkpt lat="46.5070120" lon="6.6343340"/>
   <trkpt lat="46.5070230" lon="6.6342970"/>
   <trkpt lat="46.5070260" lon="6.6342740"/>
   <trkpt lat="46.5070280" lon="6.6342520"/>
   <trkpt lat="46.5070320" lon="6.6342320"/>
   <trkpt lat="46.5070380" lon="6.6342150"/>
   <trkpt lat="46.5070460" lon="6.6342000"/>
   <trkpt lat="46.5070570" lon="6.6341880"/>
   <trkpt lat="46.5070670" lon="6.6341730"/>
   <trkpt lat="46.5070760" lon="6.6341590"/>
   <trkpt lat="46.5070850" lon="6.6341430"/>
   <trkpt lat="46.5070950" lon="6.6341300"/>
   <trkpt lat="46.5071060" lon="6.6341130"/>
   <trkpt lat="46.5071150" lon="6.6340970"/>
   <trkpt lat="46.5071230" lon="6.6340760"/>
   <trkpt lat="46.5071280" lon="6.6340570"/>
   <trkpt lat="46.5071310" lon="6.6340290"/>
   <trkpt lat="46.5071420" lon="6.6340000"/>
   <trkpt lat="46.5071490" lon="6.6339770"/>
   <trkpt lat="46.5071590" lon="6.6339460"/>
   <trkpt lat="46.5071660" lon="6.6339160"/>
   <trkpt lat="46.5071730" lon="6.6338860"/>
   <trkpt lat="46.5071810" lon="6.6338520"/>
   <trkpt lat="46.5071800" lon="6.6338260"/>
   <trkpt lat="46.5071870" lon="6.6337770"/>
   <trkpt lat="46.5071930" lon="6.6337460"/>
   <trkpt lat="46.5071990" lon="6.6337090"/>
   <trkpt lat="46.5072080" lon="6.6336720"/>
   <trkpt lat="46.5072060" lon="6.6336530"/>
   <trkpt lat="46.5072100" lon="6.6336140"/>
   <trkpt lat="46.5072090" lon="6.6335910"/>
   <trkpt lat="46.5072070" lon="6.6335580"/>
   <trkpt lat="46.5072120" lon="6.6335260"/>
   <trkpt lat="46.5072130" lon="6.6335040"/>
   <trkpt lat="46.5072170" lon="6.6334650"/>
   <trkpt lat="46.5072250" lon="6.6334370"/>
   <trkpt lat="46.5072260" lon="6.6334040"/>
   <trkpt lat="46.5072330" lon="6.6333680"/>
   <trkpt lat="46.5072430" lon="6.6333380"/>
   <trkpt lat="46.5072530" lon="6.6332990"/>
   <trkpt lat="46.5072520" lon="6.6332810"/>
   <trkpt lat="46.5072560" lon="6.6332470"/>
   <trkpt lat="46.5072640" lon="6.6332120"/>
   <trkpt lat="46.5072680" lon="6.6331820"/>
   <trkpt lat="46.5072800" lon="6.6331440"/>
   <trkpt lat="46.5072790" lon="6.6331230"/>
   <trkpt lat="46.5072820" lon="6.6330790"/>
   <trkpt lat="46.5072840" lon="6.6330500"/>
   <trkpt lat="46.5072890" lon="6.6330130"/>
   <trkpt lat="46.5072950" lon="6.6329830"/>
   <trkpt lat="46.5072910" lon="6.6329630"/>
   <trkpt lat="46.5072980" lon="6.6329160"/>
   <trkpt lat="46.5072980" lon="6.6328850"/>
   <trkpt lat="46.5072990" lon="6.6328460"/>
   <trkpt lat="46.5073020" lon="6.6328130"/>
   <trkpt lat="46.5073030" lon="6.6327850"/>
   <trkpt lat="46.5073070" lon="6.6327460"/>
   <trkpt lat="46.5073100" lon="6.6327210"/>
   <trkpt lat="46.5073140" lon="6.6326820"/>
   <trkpt lat="46.5073190" lon="6.6326500"/>
   <trkpt lat="46.5073200" lon="6.6326270"/>
   <trkpt lat="46.5073260" lon="6.6325860"/>
   <trkpt lat="46.5073240" lon="6.6325620"/>
   <trkpt lat="46.5073260" lon="6.6325260"/>
   <trkpt lat="46.5073300" lon="6.6324950"/>
   <trkpt lat="46.5073300" lon="6.6324630"/>
   <trkpt lat="46.5073350" lon="6.6324170"/>
   <trkpt lat="46.5073290" lon="6.6324030"/>
   <trkpt lat="46.5073290" lon="6.6323630"/>
   <trkpt lat="46.5073300" lon="6.6323320"/>
   <trkpt lat="46.5073320" lon="6.6323030"/>
   <trkpt lat="46.5073340" lon="6.6322570"/>
   <trkpt lat="46.5073280" lon="6.6322320"/>
   <trkpt lat="46.5073250" lon="6.6321920"/>
   <trkpt lat="46.5073240" lon="6.6321640"/>
   <trkpt lat="46.5073190" lon="6.6321300"/>
   <trkpt lat="46.5073200" lon="6.6320990"/>
   <trkpt lat="46.5073180" lon="6.6320700"/>
   <trkpt lat="46.5073100" lon="6.6320230"/>
   <trkpt lat="46.5073060" lon="6.6319960"/>
   <trkpt lat="46.5073030" lon="6.6319580"/>
   <trkpt lat="46.5073050" lon="6.6319240"/>
   <trkpt lat="46.5073020" lon="6.6318900"/>
   <trkpt lat="46.5072980" lon="6.6318470"/>
   <trkpt lat="46.5072910" lon="6.6318300"/>
   <trkpt lat="46.5072840" lon="6.6317990"/>
   <trkpt lat="46.5072810" lon="6.6317680"/>
   <trkpt lat="46.5072780" lon="6.6317380"/>
   <trkpt lat="46.5072770" lon="6.6317020"/>
   <trkpt lat="46.5072680" lon="6.6316890"/>
   <trkpt lat="46.5072570" lon="6.6316530"/>
   <trkpt lat="46.5072540" lon="6.6316150"/>
   <trkpt lat="46.5072510" lon="6.6315790"/>
   <trkpt lat="46.5072490" lon="6.6315380"/>
   <trkpt lat="46.5072400" lon="6.6315190"/>
   <trkpt lat="46.5072290" lon="6.6314810"/>
   <trkpt lat="46.5072190" lon="6.6314610"/>
   <trkpt lat="46.5072090" lon="6.6314340"/>
   <trkpt lat="46.5072040" lon="6.6313970"/>
   <trkpt lat="46.5072010" lon="6.6313780"/>
   <trkpt lat="46.5071900" lon="6.6313350"/>
   <trkpt lat="46.5071810" lon="6.6313130"/>
   <trkpt lat="46.5071710" lon="6.6312810"/>
   <trkpt lat="46.5071660" lon="6.6312480"/>
   <trkpt lat="46.5071590" lon="6.6312260"/>
   <trkpt lat="46.5071470" lon="6.6311860"/>
   <trkpt lat="46.5071420" lon="6.6311580"/>
   <trkpt lat="46.5071340" lon="6.6311240"/>
   <trkpt lat="46.5071290" lon="6.6310900"/>
   <trkpt lat="46.5071220" lon="6.6310600"/>
   <trkpt lat="46.5071160" lon="6.6310220"/>
   <trkpt lat="46.5071070" lon="6.6310040"/>
   <trkpt lat="46.5070950" lon="6.6309740"/>
   <trkpt lat="46.5070930" lon="6.6309460"/>
   <trkpt lat="46.5070900" lon="6.6309140"/>
   <trkpt lat="46.5070860" lon="6.6308750"/>
   <trkpt lat="46.5070800" lon="6.6308580"/>
   <trkpt lat="46.5070670" lon="6.6308200"/>
   <trkpt lat="46.5070600" lon="6.6307900"/>
   <trkpt lat="46.5070510" lon="6.6307550"/>
   <trkpt lat="46.5070460" lon="6.6307190"/>
   <trkpt lat="46.5070390" lon="6.6306970"/>
   <trkpt lat="46.5070250" lon="6.6306630"/>
   <trkpt lat="46.5070200" lon="6.6306390"/>
   <trkpt lat="46.5070140" lon="6.6306030"/>
   <trkpt lat="46.5070080" lon="6.6305680"/>
   <trkpt lat="46.5069960" lon="6.6305490"/>
   <trkpt lat="46.5069820" lon="6.6305060"/>
   <trkpt lat="46.5069730" lon="6.6304840"/>
   <trkpt lat="46.5069620" lon="6.6304500"/>
   <trkpt lat="46.5069570" lon="6.6304160"/>
   <trkpt lat="46.5069500" lon="6.6303960"/>
   <trkpt lat="46.5069350" lon="6.6303580"/>
   <trkpt lat="46.5069270" lon="6.6303360"/>
   <trkpt lat="46.5069200" lon="6.6303080"/>
   <trkpt lat="46.5069160" lon="6.6302670"/>
   <trkpt lat="46.5069070" lon="6.6302420"/>
   <trkpt lat="46.5069000" lon="6.6302110"/>
   <trkpt lat="46.5068940" lon="6.6301830"/>
   <trkpt lat="46.5068880" lon="6.6301540"/>
   <trkpt lat="46.5068810" lon="6.6301180"/>
   <trkpt lat="46.5068740" lon="6.6300920"/>
   <trkpt lat="46.5068710" lon="6.6300580"/>
   <trkpt lat="46.5068690" lon="6.6300350"/>
   <trkpt lat="46.5068690" lon="6.6300150"/>
   <trkpt lat="46.5068630" lon="6.6299950"/>
   <trkpt lat="46.5068620" lon="6.6299770"/>
   <trkpt lat="46.5068600" lon="6.6299530"/>
   <trkpt lat="46.5068620" lon="6.6299290"/>
   <trkpt lat="46.5068640" lon="6.6299100"/>
   <trkpt lat="46.5068670" lon="6.6298900"/>
   <trkpt lat="46.5068670" lon="6.6298720"/>
   <trkpt lat="46.5068690" lon="6.6298520"/>
   <trkpt lat="46.5068690" lon="6.6298340"/>
   <trkpt lat="46.5068730" lon="6.6298160"/>
   <trkpt lat="46.5068750" lon="6.6298010"/>
   <trkpt lat="46.5068750" lon="6.6297890"/>
   <trkpt lat="46.5068760" lon="6.6297770"/>
   <trkpt lat="46.5068790" lon="6.6297600"/>
   <trkpt lat="46.5068800" lon="6.6297470"/>
   <trkpt lat="46.5068810" lon="6.6297360"/>
   <trkpt lat="46.5068800" lon="6.6297270"/>
   <trkpt lat="46.5068800" lon="6.6297160"/>
   <trkpt lat="46.5068800" lon="6.6297010"/>
   <trkpt lat="46.5068830" lon="6.6296800"/>
   <trkpt lat="46.5068830" lon="6.6296560"/>
   <trkpt lat="46.5068850" lon="6.6296340"/>
   <trkpt lat="46.5068860" lon="6.6296120"/>
   <trkpt lat="46.5068870" lon="6.6295940"/>
   <trkpt lat="46.5068880" lon="6.6295750"/>
   <trkpt lat="46.5068880" lon="6.6295530"/>
   <trkpt lat="46.5068870" lon="6.6295350"/>
   <trkpt lat="46.5068870" lon="6.6295110"/>
   <trkpt lat="46.5068870" lon="6.6294900"/>
   <trkpt lat="46.5068870" lon="6.6294670"/>
   <trkpt lat="46.5068850" lon="6.6294480"/>
   <trkpt lat="46.5068860" lon="6.6294320"/>
   <trkpt lat="46.5068860" lon="6.6294160"/>
   <trkpt lat="46.5068860" lon="6.6294000"/>
   <trkpt lat="46.5068870" lon="6.6293850"/>
   <trkpt lat="46.5068870" lon="6.6293640"/>
   <trkpt lat="46.5068890" lon="6.6293450"/>
   <trkpt lat="46.5068900" lon="6.6293260"/>
   <trkpt lat="46.5068930" lon="6.6293030"/>
   <trkpt lat="46.5068950" lon="6.6292890"/>
   <trkpt lat="46.5068950" lon="6.6292720"/>
   <trkpt lat="46.5068970" lon="6.6292550"/>
   <trkpt lat="46.5068990" lon="6.6292390"/>
   <trkpt lat="46.5069010" lon="6.6292230"/>
   <trkpt lat="46.5069010" lon="6.6292100"/>
   <trkpt lat="46.5069010" lon="6.6291940"/>
   <trkpt lat="46.5069020" lon="6.6291830"/>
   <trkpt lat="46.5069000" lon="6.6291670"/>
   <trkpt lat="46.5069020" lon="6.6291530"/>
   <trkpt lat="46.5069030" lon="6.6291320"/>
   <trkpt lat="46.5069050" lon="6.6291150"/>
   <trkpt lat="46.5069070" lon="6.6290970"/>
   <trkpt lat="46.5069100" lon="6.6290820"/>
   <trkpt lat="46.5069120" lon="6.6290590"/>
   <trkpt lat="46.5069140" lon="6.6290400"/>
   <trkpt lat="46.5069160" lon="6.6290210"/>
   <trkpt lat="46.5069190" lon="6.6289990"/>
   <trkpt lat="46.5069250" lon="6.6289820"/>
   <trkpt lat="46.5069300" lon="6.6289610"/>
   <trkpt lat="46.5069330" lon="6.6289430"/>
   <trkpt lat="46.5069350" lon="6.6289260"/>
   <trkpt lat="46.5069380" lon="6.6289120"/>
   <trkpt lat="46.5069420" lon="6.6288940"/>
   <trkpt lat="46.5069430" lon="6.6288730"/>
   <trkpt lat="46.5069460" lon="6.6288540"/>
   <trkpt lat="46.5069480" lon="6.6288370"/>
   <trkpt lat="46.5069490" lon="6.6288160"/>
   <trkpt lat="46.5069510" lon="6.6287930"/>
   <trkpt lat="46.5069530" lon="6.6287690"/>
   <trkpt lat="46.5069550" lon="6.6287330"/>
   <trkpt lat="46.5069570" lon="6.6287010"/>
   <trkpt lat="46.5069580" lon="6.6286660"/>
   <trkpt lat="46.5069610" lon="6.6286270"/>
   <trkpt lat="46.5069630" lon="6.6285900"/>
   <trkpt lat="46.5069650" lon="6.6285460"/>
   <trkpt lat="46.5069680" lon="6.6285150"/>
   <trkpt lat="46.5069700" lon="6.6284760"/>
   <trkpt lat="46.5069760" lon="6.6284410"/>
   <trkpt lat="46.5069740" lon="6.6284190"/>
   <trkpt lat="46.5069780" lon="6.6283770"/>
   <trkpt lat="46.5069760" lon="6.6283520"/>
   <trkpt lat="46.5069800" lon="6.6283110"/>
   <trkpt lat="46.5069840" lon="6.6282820"/>
   <trkpt lat="46.5069830" lon="6.6282570"/>
   <trkpt lat="46.5069880" lon="6.6282110"/>
   <trkpt lat="46.5069890" lon="6.6281830"/>
   <trkpt lat="46.5069790" lon="6.6281460"/>
   <trkpt lat="46.5069680" lon="6.6281200"/>
   <trkpt lat="46.5069490" lon="6.6281010"/>
   <trkpt lat="46.5069270" lon="6.6280820"/>
   <trkpt lat="46.5069070" lon="6.6280780"/>
   <trkpt lat="46.5068780" lon="6.6280670"/>
   <trkpt lat="46.5068570" lon="6.6280590"/>
   <trkpt lat="46.5068300" lon="6.6280500"/>
   <trkpt lat="46.5068080" lon="6.6280290"/>
   <trkpt lat="46.5067850" lon="6.6280200"/>
   <trkpt lat="46.5067590" lon="6.6279960"/>
   <trkpt lat="46.5067430" lon="6.6279890"/>
   <trkpt lat="46.5067160" lon="6.6279770"/>
   <trkpt lat="46.5066990" lon="6.6279640"/>
   <trkpt lat="46.5066760" lon="6.6279520"/>
   <trkpt lat="46.5066550" lon="6.6279340"/>
   <trkpt lat="46.5066360" lon="6.6279270"/>
   <trkpt lat="46.5066060" lon="6.6279080"/>
   <trkpt lat="46.5065890" lon="6.6279010"/>
   <trkpt lat="46.5065610" lon="6.6278840"/>
   <trkpt lat="46.5065380" lon="6.6278690"/>
   <trkpt lat="46.5065160" lon="6.6278620"/>
   <trkpt lat="46.5064900" lon="6.6278460"/>
   <trkpt lat="46.5064760" lon="6.6278410"/>
   <trkpt lat="46.5064480" lon="6.6278220"/>
   <trkpt lat="46.5064300" lon="6.6278120"/>
   <trkpt lat="46.5064040" lon="6.6278060"/>
   <trkpt lat="46.5063850" lon="6.6277850"/>
   <trkpt lat="46.5063650" lon="6.6277810"/>
   <trkpt lat="46.5063400" lon="6.6277690"/>
   <trkpt lat="46.5063260" lon="6.6277530"/>
   <trkpt lat="46.5063040" lon="6.6277410"/>
   <trkpt lat="46.5062860" lon="6.6277200"/>
   <trkpt lat="46.5062660" lon="6.6277070"/>
   <trkpt lat="46.5062380" lon="6.6276860"/>
   <trkpt lat="46.5062210" lon="6.6276800"/>
   <trkpt lat="46.5061950" lon="6.6276680"/>
   <trkpt lat="46.5061770" lon="6.6276540"/>
   <trkpt lat="46.5061540" lon="6.6276500"/>
   <trkpt lat="46.5061320" lon="6.6276390"/>
   <trkpt lat="46.5061150" lon="6.6276370"/>
   <trkpt lat="46.5060850" lon="6.6276380"/>
   <trkpt lat="46.5060700" lon="6.6276400"/>
   <trkpt lat="46.5060490" lon="6.6276500"/>
   <trkpt lat="46.5060270" lon="6.6276530"/>
   <trkpt lat="46.5060150" lon="6.6276640"/>
   <trkpt lat="46.5059900" lon="6.6276800"/>
   <trkpt lat="46.5059710" lon="6.6276820"/>
   <trkpt lat="46.5059450" lon="6.6276980"/>
   <trkpt lat="46.5059230" lon="6.6277070"/>
   <trkpt lat="46.5059050" lon="6.6277190"/>
   <trkpt lat="46.5058770" lon="6.6277320"/>
   <trkpt lat="46.5058620" lon="6.6277390"/>
   <trkpt lat="46.5058380" lon="6.6277530"/>
   <trkpt lat="46.5058170" lon="6.6277590"/>
   <trkpt lat="46.5058010" lon="6.6277680"/>
   <trkpt lat="46.5057780" lon="6.6277770"/>
   <trkpt lat="46.5057610" lon="6.6277880"/>
   <trkpt lat="46.5057420" lon="6.6278060"/>
   <trkpt lat="46.5057250" lon="6.6278200"/>
   <trkpt lat="46.5057120" lon="6.6278350"/>
   <trkpt lat="46.5056990" lon="6.6278580"/>
   <trkpt lat="46.5056880" lon="6.6278730"/>
   <trkpt lat="46.5056710" lon="6.6279000"/>
   <trkpt lat="46.5056530" lon="6.6279270"/>
   <trkpt lat="46.5056410" lon="6.6279480"/>
   <trkpt lat="46.5056240" lon="6.6279780"/>
   <trkpt lat="46.5056110" lon="6.6279970"/>
   <trkpt lat="46.5055990" lon="6.6280260"/>
   <trkpt lat="46.5055840" lon="6.6280500"/>
   <trkpt lat="46.5055680" lon="6.6280740"/>
   <trkpt lat="46.5055510" lon="6.6281020"/>
   <trkpt lat="46.5055350" lon="6.6281250"/>
   <trkpt lat="46.5055130" lon="6.6281510"/>
   <trkpt lat="46.5054960" lon="6.6281740"/>
   <trkpt lat="46.5054860" lon="6.6281960"/>
   <trkpt lat="46.5054630" lon="6.6282230"/>
   <trkpt lat="46.5054490" lon="6.6282430"/>
   <trkpt lat="46.5054260" lon="6.6282650"/>
   <trkpt lat="46.5054040" lon="6.6282760"/>
   <trkpt lat="46.5053820" lon="6.6282890"/>
   <trkpt lat="46.5053580" lon="6.6282950"/>
   <trkpt lat="46.5053430" lon="6.6282930"/>
   <trkpt lat="46.5053220" lon="6.6282820"/>
   <trkpt lat="46.5053020" lon="6.6282730"/>
   <trkpt lat="46.5052840" lon="6.6282640"/>
   <trkpt lat="46.5052680" lon="6.6282400"/>
   <trkpt lat="46.5052530" lon="6.6282220"/>
   <trkpt lat="46.5052380" lon="6.6281880"/>
   <trkpt lat="46.5052310" lon="6.6281660"/>
   <trkpt lat="46.5052250" lon="6.6281360"/>
   <trkpt lat="46.5052150" lon="6.6281030"/>
   <trkpt lat="46.5052050" lon="6.6280840"/>
   <trkpt lat="46.5051910" lon="6.6280450"/>
   <trkpt lat="46.5051800" lon="6.6280230"/>
   <trkpt lat="46.5051670" lon="6.6279870"/>
   <trkpt lat="46.5051580" lon="6.6279520"/>
   <trkpt lat="46.5051490" lon="6.6279240"/>
   <trkpt lat="46.5051460" lon="6.6278830"/>
   <trkpt lat="46.5051440" lon="6.6278650"/>
   <trkpt lat="46.5051520" lon="6.6278330"/>
   <trkpt lat="46.5051630" lon="6.6278000"/>
   <trkpt lat="46.5051700" lon="6.6277720"/>
   <trkpt lat="46.5051810" lon="6.6277380"/>
   <trkpt lat="46.5051910" lon="6.6277150"/>
   <trkpt lat="46.5052040" lon="6.6276790"/>
   <trkpt lat="46.5052150" lon="6.6276600"/>
   <trkpt lat="46.5052280" lon="6.6276260"/>
   <trkpt lat="46.5052450" lon="6.6276010"/>
   <trkpt lat="46.5052550" lon="6.6275800"/>
   <trkpt lat="46.5052750" lon="6.6275450"/>
   <trkpt lat="46.5052810" lon="6.6275220"/>
   <trkpt lat="46.5052950" lon="6.6274920"/>
   <trkpt lat="46.5053120" lon="6.6274640"/>
   <trkpt lat="46.5053230" lon="6.6274430"/>
   <trkpt lat="46.5053430" lon="6.6274150"/>
   <trkpt lat="46.5053590" lon="6.6273920"/>
   <trkpt lat="46.5053760" lon="6.6273610"/>
   <trkpt lat="46.5053940" lon="6.6273340"/>
   <trkpt lat="46.5054070" lon="6.6273100"/>
   <trkpt lat="46.5054300" lon="6.6272790"/>
   <trkpt lat="46.5054340" lon="6.6272610"/>
   <trkpt lat="46.5054520" lon="6.6272300"/>
   <trkpt lat="46.5054640" lon="6.6272120"/>
   <trkpt lat="46.5054800" lon="6.6271790"/>
   <trkpt lat="46.5054980" lon="6.6271580"/>
   <trkpt lat="46.5055060" lon="6.6271360"/>
   <trkpt lat="46.5055270" lon="6.6271050"/>
   <trkpt lat="46.5055380" lon="6.6270770"/>
   <trkpt lat="46.5055560" lon="6.6270460"/>
   <trkpt lat="46.5055730" lon="6.6270240"/>
   <trkpt lat="46.5055880" lon="6.6269970"/>
   <trkpt lat="46.5056100" lon="6.6269680"/>
   <trkpt lat="46.5056150" lon="6.6269480"/>
   <trkpt lat="46.5056330" lon="6.6269100"/>
   <trkpt lat="46.5056450" lon="6.6268900"/>
   <trkpt lat="46.5056620" lon="6.6268610"/>
   <trkpt lat="46.5056800" lon="6.6268360"/>
   <trkpt lat="46.5056930" lon="6.6268170"/>
   <trkpt lat="46.5057170" lon="6.6267870"/>
   <trkpt lat="46.5057300" lon="6.6267630"/>
   <trkpt lat="46.5057470" lon="6.6267320"/>
   <trkpt lat="46.5057630" lon="6.6267100"/>
   <trkpt lat="46.5057730" lon="6.6266890"/>
   <trkpt lat="46.5057940" lon="6.6266600"/>
   <trkpt lat="46.5058000" lon="6.6266450"/>
   <trkpt lat="46.5058190" lon="6.6266120"/>
   <trkpt lat="46.5058320" lon="6.6265940"/>
   <trkpt lat="46.5058490" lon="6.6265660"/>
   <trkpt lat="46.5058700" lon="6.6265400"/>
   <trkpt lat="46.5058780" lon="6.6265180"/>
   <trkpt lat="46.5058990" lon="6.6264820"/>
   <trkpt lat="46.5059080" lon="6.6264640"/>
   <trkpt lat="46.5059260" lon="6.6264270"/>
   <trkpt lat="46.5059420" lon="6.6264040"/>
   <trkpt lat="46.5059530" lon="6.6263740"/>
   <trkpt lat="46.5059740" lon="6.6263400"/>
   <trkpt lat="46.5059800" lon="6.6263260"/>
   <trkpt lat="46.5059950" lon="6.6263000"/>
   <trkpt lat="46.5060080" lon="6.6262830"/>
   <trkpt lat="46.5060250" lon="6.6262480"/>
   <trkpt lat="46.5060400" lon="6.6262280"/>
   <trkpt lat="46.5060500" lon="6.6262070"/>
   <trkpt lat="46.5060680" lon="6.6261700"/>
   <trkpt lat="46.5060760" lon="6.6261470"/>
   <trkpt lat="46.5060930" lon="6.6261140"/>
   <trkpt lat="46.5061080" lon="6.6260870"/>
   <trkpt lat="46.5061210" lon="6.6260610"/>
   <trkpt lat="46.5061410" lon="6.6260290"/>
   <trkpt lat="46.5061510" lon="6.6260080"/>
   <trkpt lat="46.5061680" lon="6.6259850"/>
   <trkpt lat="46.5061800" lon="6.6259680"/>
   <trkpt lat="46.5061980" lon="6.6259390"/>
   <trkpt lat="46.5062160" lon="6.6259150"/>
   <trkpt lat="46.5062230" lon="6.6258930"/>
   <trkpt lat="46.5062440" lon="6.6258610"/>
   <trkpt lat="46.5062540" lon="6.6258460"/>
   <trkpt lat="46.5062740" lon="6.6258120"/>
   <trkpt lat="46.5062910" lon="6.6257860"/>
   <trkpt lat="46.5063040" lon="6.6257590"/>
   <trkpt lat="46.5063260" lon="6.6257290"/>
   <trkpt lat="46.5063300" lon="6.6257120"/>
   <trkpt lat="46.5063490" lon="6.6256760"/>
   <trkpt lat="46.5063630" lon="6.6256560"/>
   <trkpt lat="46.5063790" lon="6.6256270"/>
   <trkpt lat="46.5063950" lon="6.6256020"/>
   <trkpt lat="46.5064030" lon="6.6255850"/>
   <trkpt lat="46.5064210" lon="6.6255540"/>
   <trkpt lat="46.5064330" lon="6.6255390"/>
   <trkpt lat="46.5064480" lon="6.6255120"/>
   <trkpt lat="46.5064660" lon="6.6254890"/>
   <trkpt lat="46.5064730" lon="6.6254760"/>
   <trkpt lat="46.5064940" lon="6.6254440"/>
   <trkpt lat="46.5065070" lon="6.6254270"/>
   <trkpt lat="46.5065170" lon="6.6253980"/>
   <trkpt lat="46.5065340" lon="6.6253710"/>
   <trkpt lat="46.5065480" lon="6.6253470"/>
   <trkpt lat="46.5065700" lon="6.6253090"/>
   <trkpt lat="46.5065810" lon="6.6252940"/>
   <trkpt lat="46.5065980" lon="6.6252660"/>
   <trkpt lat="46.5066160" lon="6.6252430"/>
   <trkpt lat="46.5066260" lon="6.6252260"/>
   <trkpt lat="46.5066460" lon="6.6251930"/>
   <trkpt lat="46.5066570" lon="6.6251770"/>
   <trkpt lat="46.5066730" lon="6.6251460"/>
   <trkpt lat="46.5066900" lon="6.6251180"/>
   <trkpt lat="46.5066960" lon="6.6250970"/>
   <trkpt lat="46.5067140" lon="6.6250670"/>
   <trkpt lat="46.5067260" lon="6.6250480"/>
   <trkpt lat="46.5067400" lon="6.6250180"/>
   <trkpt lat="46.5067620" lon="6.6249930"/>
   <trkpt lat="46.5067710" lon="6.6249780"/>
   <trkpt lat="46.5067940" lon="6.6249520"/>
   <trkpt lat="46.5068060" lon="6.6249370"/>
   <trkpt lat="46.5068240" lon="6.6249140"/>
   <trkpt lat="46.5068410" lon="6.6248970"/>
   <trkpt lat="46.5068540" lon="6.6248680"/>
   <trkpt lat="46.5068740" lon="6.6248330"/>
   <trkpt lat="46.5068830" lon="6.6248170"/>
   <trkpt lat="46.5069010" lon="6.6247860"/>
   <trkpt lat="46.5069180" lon="6.6247660"/>
   <trkpt lat="46.5069280" lon="6.6247470"/>
   <trkpt lat="46.5069490" lon="6.6247150"/>
   <trkpt lat="46.5069570" lon="6.6246930"/>
   <trkpt lat="46.5069750" lon="6.6246600"/>
   <trkpt lat="46.5069910" lon="6.6246410"/>
   <trkpt lat="46.5070070" lon="6.6246160"/>
   <trkpt lat="46.5070260" lon="6.6245950"/>
   <trkpt lat="46.5070370" lon="6.6245780"/>
   <trkpt lat="46.5070590" lon="6.6245460"/>
   <trkpt lat="46.5070690" lon="6.6245340"/>
   <trkpt lat="46.5070880" lon="6.6245000"/>
   <trkpt lat="46.5071050" lon="6.6244760"/>
   <trkpt lat="46.5071190" lon="6.6244520"/>
   <trkpt lat="46.5071350" lon="6.6244210"/>
   <trkpt lat="46.5071390" lon="6.6244060"/>
   <trkpt lat="46.5071550" lon="6.6243750"/>
   <trkpt lat="46.5071730" lon="6.6243520"/>
   <trkpt lat="46.5071850" lon="6.6243270"/>
   <trkpt lat="46.5072080" lon="6.6242990"/>
   <trkpt lat="46.5072160" lon="6.6242820"/>
   <trkpt lat="46.5072350" lon="6.6242490"/>
   <trkpt lat="46.5072480" lon="6.6242320"/>
   <trkpt lat="46.5072630" lon="6.6242020"/>
   <trkpt lat="46.5072760" lon="6.6241800"/>
   <trkpt lat="46.5072850" lon="6.6241560"/>
   <trkpt lat="46.5073090" lon="6.6241230"/>
   <trkpt lat="46.5073210" lon="6.6241080"/>
   <trkpt lat="46.5073390" lon="6.6240730"/>
   <trkpt lat="46.5073560" lon="6.6240530"/>
   <trkpt lat="46.5073680" lon="6.6240320"/>
   <trkpt lat="46.5073860" lon="6.6240080"/>
   <trkpt lat="46.5073950" lon="6.6239890"/>
   <trkpt lat="46.5074080" lon="6.6239670"/>
   <trkpt lat="46.5074270" lon="6.6239390"/>
   <trkpt lat="46.5074400" lon="6.6239110"/>
   <trkpt lat="46.5074590" lon="6.6238820"/>
   <trkpt lat="46.5074670" lon="6.6238600"/>
   <trkpt lat="46.5074890" lon="6.6238260"/>
   <trkpt lat="46.5074980" lon="6.6238100"/>
   <trkpt lat="46.5075130" lon="6.6237790"/>
   <trkpt lat="46.5075310" lon="6.6237560"/>
   <trkpt lat="46.5075470" lon="6.6237290"/>
   <trkpt lat="46.5075720" lon="6.6236990"/>
   <trkpt lat="46.5075770" lon="6.6236810"/>
   <trkpt lat="46.5075960" lon="6.6236480"/>
   <trkpt lat="46.5076080" lon="6.6236320"/>
   <trkpt lat="46.5076260" lon="6.6236030"/>
   <trkpt lat="46.5076470" lon="6.6235820"/>
   <trkpt lat="46.5076590" lon="6.6235630"/>
   <trkpt lat="46.5076820" lon="6.6235240"/>
   <trkpt lat="46.5076910" lon="6.6235100"/>
   <trkpt lat="46.5077070" lon="6.6234830"/>
   <trkpt lat="46.5077300" lon="6.6234570"/>
   <trkpt lat="46.5077480" lon="6.6234410"/>
   <trkpt lat="46.5077710" lon="6.6234150"/>
   <trkpt lat="46.5077800" lon="6.6233960"/>
   <trkpt lat="46.5077830" lon="6.6233620"/>
   <trkpt lat="46.5077770" lon="6.6233360"/>
   <trkpt lat="46.5077660" lon="6.6233060"/>
   <trkpt lat="46.5077560" lon="6.6232690"/>
   <trkpt lat="46.5077460" lon="6.6232500"/>
   <trkpt lat="46.5077310" lon="6.6232100"/>
   <trkpt lat="46.5077230" lon="6.6231860"/>
   <trkpt lat="46.5077140" lon="6.6231510"/>
   <trkpt lat="46.5077050" lon="6.6231150"/>
   <trkpt lat="46.5076980" lon="6.6230940"/>
   <trkpt lat="46.5076850" lon="6.6230550"/>
   <trkpt lat="46.5076770" lon="6.6230320"/>
   <trkpt lat="46.5076660" lon="6.6230010"/>
   <trkpt lat="46.5076600" lon="6.6229650"/>
   <trkpt lat="46.5076520" lon="6.6229410"/>
   <trkpt lat="46.5076470" lon="6.6228970"/>
   <trkpt lat="46.5076400" lon="6.6228750"/>
   <trkpt lat="46.5076280" lon="6.6228430"/>
   <trkpt lat="46.5076220" lon="6.6228100"/>
   <trkpt lat="46.5076160" lon="6.6227780"/>
   <trkpt lat="46.5076120" lon="6.6227350"/>
   <trkpt lat="46.5075990" lon="6.6227170"/>
   <trkpt lat="46.5075840" lon="6.6226800"/>
   <trkpt lat="46.5075770" lon="6.6226600"/>
   <trkpt lat="46.5075660" lon="6.6226280"/>
   <trkpt lat="46.5075630" lon="6.6225890"/>
   <trkpt lat="46.5075520" lon="6.6225660"/>
   <trkpt lat="46.5075350" lon="6.6225290"/>
   <trkpt lat="46.5075240" lon="6.6225100"/>
   <trkpt lat="46.5075150" lon="6.6224720"/>
   <trkpt lat="46.5075090" lon="6.6224390"/>
   <trkpt lat="46.5075010" lon="6.6224080"/>
   <trkpt lat="46.5074950" lon="6.6223680"/>
   <trkpt lat="46.5074890" lon="6.6223480"/>
   <trkpt lat="46.5074770" lon="6.6223100"/>
   <trkpt lat="46.5074700" lon="6.6222850"/>
   <trkpt lat="46.5074610" lon="6.6222440"/>
   <trkpt lat="46.5074610" lon="6.6222060"/>
   <trkpt lat="46.5074520" lon="6.6221810"/>
   <trkpt lat="46.5074420" lon="6.6221370"/>
   <trkpt lat="46.5074350" lon="6.6221110"/>
   <trkpt lat="46.5074260" lon="6.6220720"/>
   <trkpt lat="46.5074210" lon="6.6220400"/>
   <trkpt lat="46.5074130" lon="6.6220060"/>
   <trkpt lat="46.5074070" lon="6.6219640"/>
   <trkpt lat="46.5073960" lon="6.6219470"/>
   <trkpt lat="46.5073820" lon="6.6219080"/>
   <trkpt lat="46.5073740" lon="6.6218800"/>
   <trkpt lat="46.5073670" lon="6.6218470"/>
   <trkpt lat="46.5073630" lon="6.6218070"/>
   <trkpt lat="46.5073610" lon="6.6217820"/>
   <trkpt lat="46.5073680" lon="6.6217370"/>
   <trkpt lat="46.5073580" lon="6.6217200"/>
   <trkpt lat="46.5073520" lon="6.6216790"/>
   <trkpt lat="46.5073450" lon="6.6216540"/>
   <trkpt lat="46.5073340" lon="6.6216190"/>
   <trkpt lat="46.5073300" lon="6.6215840"/>
   <trkpt lat="46.5073270" lon="6.6215560"/>
   <trkpt lat="46.5073330" lon="6.6215160"/>
   <trkpt lat="46.5073420" lon="6.6214980"/>
   <trkpt lat="46.5073660" lon="6.6214850"/>
   <trkpt lat="46.5073860" lon="6.6214750"/>
   <trkpt lat="46.5074080" lon="6.6214610"/>
   <trkpt lat="46.5074350" lon="6.6214480"/>
   <trkpt lat="46.5074450" lon="6.6214400"/>
   <trkpt lat="46.5074740" lon="6.6214260"/>
   <trkpt lat="46.5074940" lon="6.6214170"/>
   <trkpt lat="46.5075130" lon="6.6213980"/>
   <trkpt lat="46.5075370" lon="6.6213840"/>
   <trkpt lat="46.5075510" lon="6.6213740"/>
   <trkpt lat="46.5075820" lon="6.6213610"/>
   <trkpt lat="46.5076020" lon="6.6213550"/>
   <trkpt lat="46.5076280" lon="6.6213480"/>
   <trkpt lat="46.5076500" lon="6.6213630"/>
   <trkpt lat="46.5076690" lon="6.6213670"/>
   <trkpt lat="46.5076890" lon="6.6213910"/>
   <trkpt lat="46.5077030" lon="6.6214050"/>
   <trkpt lat="46.5077250" lon="6.6214230"/>
   <trkpt lat="46.5077410" lon="6.6214530"/>
   <trkpt lat="46.5077560" lon="6.6214640"/>
   <trkpt lat="46.5077780" lon="6.6214960"/>
   <trkpt lat="46.5077910" lon="6.6215170"/>
   <trkpt lat="46.5078080" lon="6.6215400"/>
   <trkpt lat="46.5078240" lon="6.6215660"/>
   <trkpt lat="46.5078380" lon="6.6215820"/>
   <trkpt lat="46.5078620" lon="6.6216090"/>
   <trkpt lat="46.5078790" lon="6.6216260"/>
   <trkpt lat="46.5078970" lon="6.6216450"/>
   <trkpt lat="46.5079130" lon="6.6216730"/>
   <trkpt lat="46.5079310" lon="6.6216850"/>
   <trkpt lat="46.5079600" lon="6.6216990"/>
   <trkpt lat="46.5079800" lon="6.6217060"/>
   <trkpt lat="46.5080010" lon="6.6216990"/>
   <trkpt lat="46.5080280" lon="6.6216890"/>
   <trkpt lat="46.5080480" lon="6.6216710"/>
   <trkpt lat="46.5080730" lon="6.6216440"/>
   <trkpt lat="46.5080790" lon="6.6216280"/>
   <trkpt lat="46.5081000" lon="6.6215920"/>
   <trkpt lat="46.5081140" lon="6.6215700"/>
   <trkpt lat="46.5081300" lon="6.6215390"/>
   <trkpt lat="46.5081520" lon="6.6215110"/>
   <trkpt lat="46.5081610" lon="6.6214870"/>
   <trkpt lat="46.5081810" lon="6.6214530"/>
   <trkpt lat="46.5081910" lon="6.6214350"/>
   <trkpt lat="46.5082070" lon="6.6214030"/>
   <trkpt lat="46.5082240" lon="6.6213810"/>
   <trkpt lat="46.5082380" lon="6.6213520"/>
   <trkpt lat="46.5082590" lon="6.6213220"/>
   <trkpt lat="46.5082640" lon="6.6213030"/>
   <trkpt lat="46.5082800" lon="6.6212660"/>
   <trkpt lat="46.5082880" lon="6.6212430"/>
   <trkpt lat="46.5082990" lon="6.6212110"/>
   <trkpt lat="46.5083160" lon="6.6211860"/>
   <trkpt lat="46.5083330" lon="6.6211640"/>
   <trkpt lat="46.5083550" lon="6.6211330"/>
   <trkpt lat="46.5083600" lon="6.6211140"/>
   <trkpt lat="46.5083770" lon="6.6210820"/>
   <trkpt lat="46.5083910" lon="6.6210590"/>
   <trkpt lat="46.5084100" lon="6.6210270"/>
   <trkpt lat="46.5084320" lon="6.6209950"/>
   <trkpt lat="46.5084480" lon="6.6209720"/>
   <trkpt lat="46.5084720" lon="6.6209390"/>
   <trkpt lat="46.5084810" lon="6.6209210"/>
   <trkpt lat="46.5085040" lon="6.6208890"/>
   <trkpt lat="46.5085200" lon="6.6208650"/>
   <trkpt lat="46.5085360" lon="6.6208380"/>
   <trkpt lat="46.5085540" lon="6.6208110"/>
   <trkpt lat="46.5085680" lon="6.6207890"/>
   <trkpt lat="46.5085910" lon="6.6207570"/>
   <trkpt lat="46.5086020" lon="6.6207430"/>
   <trkpt lat="46.5086220" lon="6.6207080"/>
   <trkpt lat="46.5086390" lon="6.6206860"/>
   <trkpt lat="46.5086520" lon="6.6206590"/>
   <trkpt lat="46.5086700" lon="6.6206280"/>
   <trkpt lat="46.5086760" lon="6.6206080"/>
   <trkpt lat="46.5086950" lon="6.6205810"/>
   <trkpt lat="46.5087040" lon="6.6205650"/>
   <trkpt lat="46.5087190" lon="6.6205350"/>
   <trkpt lat="46.5087370" lon="6.6205080"/>
   <trkpt lat="46.5087520" lon="6.6204840"/>
   <trkpt lat="46.5087760" lon="6.6204510"/>
   <trkpt lat="46.5087870" lon="6.6204340"/>
   <trkpt lat="46.5088080" lon="6.6204050"/>
   <trkpt lat="46.5088240" lon="6.6203880"/>
   <trkpt lat="46.5088390" lon="6.6203570"/>
   <trkpt lat="46.5088600" lon="6.6203250"/>
   <trkpt lat="46.5088730" lon="6.6202990"/>
   <trkpt lat="46.5088970" lon="6.6202610"/>
   <trkpt lat="46.5089080" lon="6.6202440"/>
   <trkpt lat="46.5089280" lon="6.6202100"/>
   <trkpt lat="46.5089400" lon="6.6201860"/>
   <trkpt lat="46.5089530" lon="6.6201600"/>
   <trkpt lat="46.5089730" lon="6.6201340"/>
   <trkpt lat="46.5089830" lon="6.6201140"/>
   <trkpt lat="46.5090080" lon="6.6200800"/>
   <trkpt lat="46.5090130" lon="6.6200630"/>
   <trkpt lat="46.5090310" lon="6.6200300"/>
   <trkpt lat="46.5090460" lon="6.6200080"/>
   <trkpt lat="46.5090650" lon="6.6199780"/>
   <trkpt lat="46.5090880" lon="6.6199570"/>
   <trkpt lat="46.5091040" lon="6.6199350"/>
   <trkpt lat="46.5091300" lon="6.6199050"/>
   <trkpt lat="46.5091380" lon="6.6198860"/>
   <trkpt lat="46.5091570" lon="6.6198480"/>
   <trkpt lat="46.5091730" lon="6.6198260"/>
   <trkpt lat="46.5091900" lon="6.6197960"/>
   <trkpt lat="46.5092070" lon="6.6197690"/>
   <trkpt lat="46.5092210" lon="6.6197440"/>
   <trkpt lat="46.5092450" lon="6.6197120"/>
   <trkpt lat="46.5092550" lon="6.6196920"/>
   <trkpt lat="46.5092740" lon="6.6196630"/>
   <trkpt lat="46.5092880" lon="6.6196330"/>
   <trkpt lat="46.5093020" lon="6.6195980"/>
   <trkpt lat="46.5093190" lon="6.6195650"/>
   <trkpt lat="46.5093320" lon="6.6195360"/>
   <trkpt lat="46.5093530" lon="6.6194950"/>
   <trkpt lat="46.5093590" lon="6.6194700"/>
   <trkpt lat="46.5093710" lon="6.6194240"/>
   <trkpt lat="46.5093780" lon="6.6194000"/>
   <trkpt lat="46.5093890" lon="6.6193640"/>
   <trkpt lat="46.5094080" lon="6.6193310"/>
   <trkpt lat="46.5094170" lon="6.6192980"/>
   <trkpt lat="46.5094350" lon="6.6192570"/>
   <trkpt lat="46.5094380" lon="6.6192370"/>
   <trkpt lat="46.5094530" lon="6.6192000"/>
   <trkpt lat="46.5094610" lon="6.6191790"/>
   <trkpt lat="46.5094760" lon="6.6191400"/>
   <trkpt lat="46.5094960" lon="6.6191110"/>
   <trkpt lat="46.5095100" lon="6.6190810"/>
   <trkpt lat="46.5095310" lon="6.6190490"/>
   <trkpt lat="46.5095460" lon="6.6190250"/>
   <trkpt lat="46.5095710" lon="6.6189850"/>
   <trkpt lat="46.5095840" lon="6.6189530"/>
   <trkpt lat="46.5096050" lon="6.6189170"/>
   <trkpt lat="46.5096140" lon="6.6188940"/>
   <trkpt lat="46.5096310" lon="6.6188610"/>
   <trkpt lat="46.5096490" lon="6.6188360"/>
   <trkpt lat="46.5096650" lon="6.6188050"/>
   <trkpt lat="46.5096910" lon="6.6187720"/>
   <trkpt lat="46.5097040" lon="6.6187420"/>
   <trkpt lat="46.5097310" lon="6.6187010"/>
   <trkpt lat="46.5097450" lon="6.6186740"/>
   <trkpt lat="46.5097680" lon="6.6186310"/>
   <trkpt lat="46.5097800" lon="6.6186020"/>
   <trkpt lat="46.5098000" lon="6.6185630"/>
   <trkpt lat="46.5098140" lon="6.6185400"/>
   <trkpt lat="46.5098330" lon="6.6185160"/>
  </trkseg>
 </trk>
</gpx>
