<?xml version="1.0" encoding="UTF-8"?>
<gpx creator="StravaGPX" version="1.1" xmlns="http://www.topografix.com/GPX/1/1" xmlns:xsi="http://www.w3.org/2001/XMLSchema-instance" xsi:schemaLocation="http://www.topografix.com/GPX/1/1 http://www.topografix.com/GPX/1/1/gpx.xsd http://www.garmin.com/xmlschemas/GpxExtensions/v3 http://www.garmin.com/xmlschemas/GpxExtensionsv3.xsd http://www.garmin.com/xmlschemas/TrackPointExtension/v1 http://www.garmin.com/xmlschemas/TrackPointExtensionv1.xsd" xmlns:gpxtpx="http://www.garmin.com/xmlschemas/TrackPointExtension/v1" xmlns:gpxx="http://www.garmin.com/xmlschemas/GpxExtensions/v3">
 <trk>
  <name>Hagneck Halbmarathon 2024</name>
  <type>running</type>
  <trkseg>
   <trkpt lat="47.1292790" lon="7.2378550"/>
   <trkpt lat="47.1292860" lon="7.2378780"/>
   <trkpt lat="47.1293110" lon="7.2379050"/>
   <trkpt lat="47.1293350" lon="7.2379260"/>
   <trkpt lat="47.1293610" lon="7.2379570"/>
   <trkpt lat="47.1293880" lon="7.2379860"/>
   <trkpt lat="47.1294100" lon="7.2380150"/>
   <trkpt lat="47.1294350" lon="7.2380480"/>
   <trkpt lat="47.1294580" lon="7.2380700"/>
   <trkpt lat="47.1294850" lon="7.2381020"/>
   <trkpt lat="47.1295100" lon="7.2381330"/>
   <trkpt lat="47.1295360" lon="7.2381630"/>
   <trkpt lat="47.1295590" lon="7.2381920"/>
   <trkpt lat="47.1295830" lon="7.2382200"/>
   <trkpt lat="47.1296060" lon="7.2382490"/>
   <trkpt lat="47.1296270" lon="7.2382810"/>
   <trkpt lat="47.1296460" lon="7.2383160"/>
   <trkpt lat="47.1296630" lon="7.2383520"/>
   <trkpt lat="47.1296660" lon="7.2384020"/>
   <trkpt lat="47.1296650" lon="7.2384460"/>
   <trkpt lat="47.1296620" lon="7.2384840"/>
   <trkpt lat="47.1296470" lon="7.2385320"/>
   <trkpt lat="47.1296340" lon="7.2385730"/>
   <trkpt lat="47.1296210" lon="7.2386190"/>
   <trkpt lat="47.1296090" lon="7.2386580"/>
   <trkpt lat="47.1295990" lon="7.2386990"/>
   <trkpt lat="47.1295860" lon="7.2387500"/>
   <trkpt lat="47.1295760" lon="7.2387920"/>
   <trkpt lat="47.1295690" lon="7.2388380"/>
   <trkpt lat="47.1295600" lon="7.2388780"/>
   <trkpt lat="47.1295520" lon="7.2389160"/>
   <trkpt lat="47.1295430" lon="7.2389660"/>
   <trkpt lat="47.1295350" lon="7.2390090"/>
   <trkpt lat="47.1295300" lon="7.2390500"/>
   <trkpt lat="47.1295230" lon="7.2390900"/>
   <trkpt lat="47.1295150" lon="7.2391270"/>
   <trkpt lat="47.1295100" lon="7.2391690"/>
   <trkpt lat="47.1295050" lon="7.2392190"/>
   <trkpt lat="47.1295030" lon="7.2392640"/>
   <trkpt lat="47.1294980" lon="7.2393010"/>
   <trkpt lat="47.1294940" lon="7.2393320"/>
   <trkpt lat="47.1294870" lon="7.2393640"/>
   <trkpt lat="47.1294750" lon="7.2393990"/>
   <trkpt lat="47.1294650" lon="7.2394300"/>
   <trkpt lat="47.1294550" lon="7.2394600"/>
   <trkpt lat="47.1294400" lon="7.2394910"/>
   <trkpt lat="47.1294180" lon="7.2395230"/>
   <trkpt lat="47.1293930" lon="7.2395490"/>
   <trkpt lat="47.1293670" lon="7.2395670"/>
   <trkpt lat="47.1293350" lon="7.2395830"/>
   <trkpt lat="47.1293040" lon="7.2395920"/>
   <trkpt lat="47.1292750" lon="7.2395910"/>
   <trkpt lat="47.1292420" lon="7.2395760"/>
   <trkpt lat="47.1292120" lon="7.2395580"/>
   <trkpt lat="47.1291840" lon="7.2395340"/>
   <trkpt lat="47.1291560" lon="7.2395030"/>
   <trkpt lat="47.1291260" lon="7.2394690"/>
   <trkpt lat="47.1290960" lon="7.2394350"/>
   <trkpt lat="47.1290670" lon="7.2394050"/>
   <trkpt lat="47.1290390" lon="7.2393680"/>
   <trkpt lat="47.1290140" lon="7.2393330"/>
   <trkpt lat="47.1289900" lon="7.2393070"/>
   <trkpt lat="47.1289680" lon="7.2392690"/>
   <trkpt lat="47.1289470" lon="7.2392370"/>
   <trkpt lat="47.1289260" lon="7.2392080"/>
   <trkpt lat="47.1289040" lon="7.2391760"/>
   <trkpt lat="47.1288820" lon="7.2391500"/>
   <trkpt lat="47.1288550" lon="7.2391240"/>
   <trkpt lat="47.1288270" lon="7.2390940"/>
   <trkpt lat="47.1288050" lon="7.2390740"/>
   <trkpt lat="47.1287810" lon="7.2390430"/>
   <trkpt lat="47.1287590" lon="7.2390090"/>
   <trkpt lat="47.1287360" lon="7.2389790"/>
   <trkpt lat="47.1287130" lon="7.2389460"/>
   <trkpt lat="47.1286890" lon="7.2389150"/>
   <trkpt lat="47.1286650" lon="7.2388880"/>
   <trkpt lat="47.1286400" lon="7.2388530"/>
   <trkpt lat="47.1286190" lon="7.2388270"/>
   <trkpt lat="47.1285970" lon="7.2388070"/>
   <trkpt lat="47.1285730" lon="7.2387790"/>
   <trkpt lat="47.1285510" lon="7.2387550"/>
   <trkpt lat="47.1285320" lon="7.2387350"/>
   <trkpt lat="47.1285100" lon="7.2387070"/>
   <trkpt lat="47.1284880" lon="7.2386850"/>
   <trkpt lat="47.1284570" lon="7.2386580"/>
   <trkpt lat="47.1284290" lon="7.2386320"/>
   <trkpt lat="47.1284050" lon="7.2386060"/>
   <trkpt lat="47.1283800" lon="7.2385680"/>
   <trkpt lat="47.1283620" lon="7.2385290"/>
   <trkpt lat="47.1283440" lon="7.2385040"/>
   <trkpt lat="47.1283220" lon="7.2384710"/>
   <trkpt lat="47.1283010" lon="7.2384410"/>
   <trkpt lat="47.1282820" lon="7.2384150"/>
   <trkpt lat="47.1282620" lon="7.2383840"/>
   <trkpt lat="47.1282450" lon="7.2383530"/>
   <trkpt lat="47.1282250" lon="7.2383310"/>
   <trkpt lat="47.1282040" lon="7.2383060"/>
   <trkpt lat="47.1281820" lon="7.2382770"/>
   <trkpt lat="47.1281610" lon="7.2382510"/>
   <trkpt lat="47.1281390" lon="7.2382200"/>
   <trkpt lat="47.1281160" lon="7.2381900"/>
   <trkpt lat="47.1280920" lon="7.2381640"/>
   <trkpt lat="47.1280710" lon="7.2381350"/>
   <trkpt lat="47.1280480" lon="7.2381040"/>
   <trkpt lat="47.1280280" lon="7.2380760"/>
   <trkpt lat="47.1280070" lon="7.2380490"/>
   <trkpt lat="47.1279880" lon="7.2380190"/>
   <trkpt lat="47.1279690" lon="7.2379990"/>
   <trkpt lat="47.1279450" lon="7.2379710"/>
   <trkpt lat="47.1279240" lon="7.2379410"/>
   <trkpt lat="47.1279010" lon="7.2379210"/>
   <trkpt lat="47.1278770" lon="7.2378930"/>
   <trkpt lat="47.1278540" lon="7.2378650"/>
   <trkpt lat="47.1278310" lon="7.2378420"/>
   <trkpt lat="47.1278070" lon="7.2378130"/>
   <trkpt lat="47.1277860" lon="7.2377790"/>
   <trkpt lat="47.1277630" lon="7.2377570"/>
   <trkpt lat="47.1277430" lon="7.2377280"/>
   <trkpt lat="47.1277230" lon="7.2377020"/>
   <trkpt lat="47.1277050" lon="7.2376780"/>
   <trkpt lat="47.1276820" lon="7.2376500"/>
   <trkpt lat="47.1276620" lon="7.2376220"/>
   <trkpt lat="47.1276400" lon="7.2375970"/>
   <trkpt lat="47.1276180" lon="7.2375690"/>
   <trkpt lat="47.1275940" lon="7.2375370"/>
   <trkpt lat="47.1275730" lon="7.2375140"/>
   <trkpt lat="47.1275490" lon="7.2374860"/>
   <trkpt lat="47.1275280" lon="7.2374590"/>
   <trkpt lat="47.1275030" lon="7.2374390"/>
   <trkpt lat="47.1274810" lon="7.2374130"/>
   <trkpt lat="47.1274590" lon="7.2373850"/>
   <trkpt lat="47.1274370" lon="7.2373650"/>
   <trkpt lat="47.1274140" lon="7.2373370"/>
   <trkpt lat="47.1273910" lon="7.2373030"/>
   <trkpt lat="47.1273680" lon="7.2372740"/>
   <trkpt lat="47.1273460" lon="7.2372410"/>
   <trkpt lat="47.1273300" lon="7.2372050"/>
   <trkpt lat="47.1273090" lon="7.2371780"/>
   <trkpt lat="47.1272890" lon="7.2371440"/>
   <trkpt lat="47.1272710" lon="7.2371080"/>
   <trkpt lat="47.1272500" lon="7.2370830"/>
   <trkpt lat="47.1272260" lon="7.2370500"/>
   <trkpt lat="47.1272040" lon="7.2370220"/>
   <trkpt lat="47.1271830" lon="7.2369990"/>
   <trkpt lat="47.1271600" lon="7.2369660"/>
   <trkpt lat="47.1271400" lon="7.2369410"/>
   <trkpt lat="47.1271180" lon="7.2369160"/>
   <trkpt lat="47.1270950" lon="7.2368880"/>
   <trkpt lat="47.1270700" lon="7.2368610"/>
   <trkpt lat="47.1270430" lon="7.2368430"/>
   <trkpt lat="47.1270170" lon="7.2368330"/>
   <trkpt lat="47.1269900" lon="7.2368220"/>
   <trkpt lat="47.1269670" lon="7.2368040"/>
   <trkpt lat="47.1269480" lon="7.2367750"/>
   <trkpt lat="47.1269290" lon="7.2367550"/>
   <trkpt lat="47.1269030" lon="7.2367350"/>
   <trkpt lat="47.1268760" lon="7.2367140"/>
   <trkpt lat="47.1268520" lon="7.2366980"/>
   <trkpt lat="47.1268290" lon="7.2366830"/>
   <trkpt lat="47.1268060" lon="7.2366650"/>
   <trkpt lat="47.1267850" lon="7.2366460"/>
   <trkpt lat="47.1267630" lon="7.2366250"/>
   <trkpt lat="47.1267390" lon="7.2366000"/>
   <trkpt lat="47.1267110" lon="7.2365800"/>
   <trkpt lat="47.1266830" lon="7.2365680"/>
   <trkpt lat="47.1266550" lon="7.2365610"/>
   <trkpt lat="47.1266270" lon="7.2365570"/>
   <trkpt lat="47.1266000" lon="7.2365520"/>
   <trkpt lat="47.1265750" lon="7.2365500"/>
   <trkpt lat="47.1265480" lon="7.2365480"/>
   <trkpt lat="47.1265200" lon="7.2365440"/>
   <trkpt lat="47.1264900" lon="7.2365390"/>
   <trkpt lat="47.1264620" lon="7.2365360"/>
   <trkpt lat="47.1264320" lon="7.2365350"/>
   <trkpt lat="47.1264000" lon="7.2365340"/>
   <trkpt lat="47.1263720" lon="7.2365350"/>
   <trkpt lat="47.1263430" lon="7.2365400"/>
   <trkpt lat="47.1263130" lon="7.2365420"/>
   <trkpt lat="47.1262850" lon="7.2365490"/>
   <trkpt lat="47.1262580" lon="7.2365540"/>
   <trkpt lat="47.1262310" lon="7.2365580"/>
   <trkpt lat="47.1262040" lon="7.2365620"/>
   <trkpt lat="47.1261760" lon="7.2365610"/>
   <trkpt lat="47.1261490" lon="7.2365620"/>
   <trkpt lat="47.1261220" lon="7.2365650"/>
   <trkpt lat="47.1260950" lon="7.2365640"/>
   <trkpt lat="47.1260690" lon="7.2365640"/>
   <trkpt lat="47.1260460" lon="7.2365690"/>
   <trkpt lat="47.1260200" lon="7.2365720"/>
   <trkpt lat="47.1259950" lon="7.2365770"/>
   <trkpt lat="47.1259700" lon="7.2365840"/>
   <trkpt lat="47.1259430" lon="7.2365880"/>
   <trkpt lat="47.1259130" lon="7.2365920"/>
   <trkpt lat="47.1258870" lon="7.2365980"/>
   <trkpt lat="47.1258600" lon="7.2366070"/>
   <trkpt lat="47.1258320" lon="7.2366130"/>
   <trkpt lat="47.1258010" lon="7.2366190"/>
   <trkpt lat="47.1257710" lon="7.2366230"/>
   <trkpt lat="47.1257380" lon="7.2366260"/>
   <trkpt lat="47.1257090" lon="7.2366300"/>
   <trkpt lat="47.1256820" lon="7.2366340"/>
   <trkpt lat="47.1256550" lon="7.2366350"/>
   <trkpt lat="47.1256270" lon="7.2366400"/>
   <trkpt lat="47.1255980" lon="7.2366460"/>
   <trkpt lat="47.1255680" lon="7.2366540"/>
   <trkpt lat="47.1255410" lon="7.2366680"/>
   <trkpt lat="47.1255130" lon="7.2366700"/>
   <trkpt lat="47.1254860" lon="7.2366700"/>
   <trkpt lat="47.1254610" lon="7.2366730"/>
   <trkpt lat="47.1254330" lon="7.2366720"/>
   <trkpt lat="47.1254060" lon="7.2366770"/>
   <trkpt lat="47.1253820" lon="7.2366870"/>
   <trkpt lat="47.1253540" lon="7.2366930"/>
   <trkpt lat="47.1253240" lon="7.2367030"/>
   <trkpt lat="47.1252970" lon="7.2367140"/>
   <trkpt lat="47.1252700" lon="7.2367260"/>
   <trkpt lat="47.1252470" lon="7.2367370"/>
   <trkpt lat="47.1252200" lon="7.2367460"/>
   <trkpt lat="47.1251900" lon="7.2367500"/>
   <trkpt lat="47.1251610" lon="7.2367540"/>
   <trkpt lat="47.1251370" lon="7.2367590"/>
   <trkpt lat="47.1251100" lon="7.2367630"/>
   <trkpt lat="47.1250830" lon="7.2367710"/>
   <trkpt lat="47.1250540" lon="7.2367800"/>
   <trkpt lat="47.1250230" lon="7.2367870"/>
   <trkpt lat="47.1249950" lon="7.2367960"/>
   <trkpt lat="47.1249670" lon="7.2368020"/>
   <trkpt lat="47.1249380" lon="7.2368030"/>
   <trkpt lat="47.1249090" lon="7.2368020"/>
   <trkpt lat="47.1248800" lon="7.2368070"/>
   <trkpt lat="47.1248490" lon="7.2368140"/>
   <trkpt lat="47.1248180" lon="7.2368200"/>
   <trkpt lat="47.1247890" lon="7.2368260"/>
   <trkpt lat="47.1247610" lon="7.2368280"/>
   <trkpt lat="47.1247350" lon="7.2368320"/>
   <trkpt lat="47.1247080" lon="7.2368330"/>
   <trkpt lat="47.1246820" lon="7.2368350"/>
   <trkpt lat="47.1246540" lon="7.2368350"/>
   <trkpt lat="47.1246240" lon="7.2368370"/>
   <trkpt lat="47.1245940" lon="7.2368380"/>
   <trkpt lat="47.1245660" lon="7.2368420"/>
   <trkpt lat="47.1245370" lon="7.2368550"/>
   <trkpt lat="47.1245090" lon="7.2368650"/>
   <trkpt lat="47.1244830" lon="7.2368760"/>
   <trkpt lat="47.1244520" lon="7.2368810"/>
   <trkpt lat="47.1244240" lon="7.2368840"/>
   <trkpt lat="47.1243950" lon="7.2368960"/>
   <trkpt lat="47.1243680" lon="7.2369030"/>
   <trkpt lat="47.1243430" lon="7.2369050"/>
   <trkpt lat="47.1243140" lon="7.2369140"/>
   <trkpt lat="47.1242820" lon="7.2369190"/>
   <trkpt lat="47.1242540" lon="7.2369170"/>
   <trkpt lat="47.1242260" lon="7.2369200"/>
   <trkpt lat="47.1241960" lon="7.2369230"/>
   <trkpt lat="47.1241670" lon="7.2369270"/>
   <trkpt lat="47.1241380" lon="7.2369340"/>
   <trkpt lat="47.1241070" lon="7.2369390"/>
   <trkpt lat="47.1240770" lon="7.2369410"/>
   <trkpt lat="47.1240460" lon="7.2369480"/>
   <trkpt lat="47.1240160" lon="7.2369530"/>
   <trkpt lat="47.1239870" lon="7.2369590"/>
   <trkpt lat="47.1239600" lon="7.2369680"/>
   <trkpt lat="47.1239300" lon="7.2369720"/>
   <trkpt lat="47.1239030" lon="7.2369740"/>
   <trkpt lat="47.1238720" lon="7.2369800"/>
   <trkpt lat="47.1238410" lon="7.2369820"/>
   <trkpt lat="47.1238130" lon="7.2369850"/>
   <trkpt lat="47.1237830" lon="7.2369910"/>
   <trkpt lat="47.1237540" lon="7.2369960"/>
   <trkpt lat="47.1237270" lon="7.2370000"/>
   <trkpt lat="47.1237010" lon="7.2370080"/>
   <trkpt lat="47.1236740" lon="7.2370160"/>
   <trkpt lat="47.1236490" lon="7.2370180"/>
   <trkpt lat="47.1236230" lon="7.2370220"/>
   <trkpt lat="47.1236000" lon="7.2370320"/>
   <trkpt lat="47.1235770" lon="7.2370380"/>
   <trkpt lat="47.1235500" lon="7.2370490"/>
   <trkpt lat="47.1235200" lon="7.2370610"/>
   <trkpt lat="47.1234960" lon="7.2370640"/>
   <trkpt lat="47.1234650" lon="7.2370700"/>
   <trkpt lat="47.1234340" lon="7.2370770"/>
   <trkpt lat="47.1233980" lon="7.2370840"/>
   <trkpt lat="47.1233710" lon="7.2370890"/>
   <trkpt lat="47.1233410" lon="7.2370890"/>
   <trkpt lat="47.1233160" lon="7.2370880"/>
   <trkpt lat="47.1232890" lon="7.2370910"/>
   <trkpt lat="47.1232600" lon="7.2370960"/>
   <trkpt lat="47.1232370" lon="7.2371030"/>
   <trkpt lat="47.1232100" lon="7.2371070"/>
   <trkpt lat="47.1231840" lon="7.2371070"/>
   <trkpt lat="47.1231570" lon="7.2371160"/>
   <trkpt lat="47.1231280" lon="7.2371230"/>
   <trkpt lat="47.1231030" lon="7.2371300"/>
   <trkpt lat="47.1230780" lon="7.2371390"/>
   <trkpt lat="47.1230530" lon="7.2371400"/>
   <trkpt lat="47.1230280" lon="7.2371420"/>
   <trkpt lat="47.1230000" lon="7.2371480"/>
   <trkpt lat="47.1229700" lon="7.2371510"/>
   <trkpt lat="47.1229470" lon="7.2371500"/>
   <trkpt lat="47.1229220" lon="7.2371510"/>
   <trkpt lat="47.1228930" lon="7.2371490"/>
   <trkpt lat="47.1228680" lon="7.2371500"/>
   <trkpt lat="47.1228420" lon="7.2371490"/>
   <trkpt lat="47.1228140" lon="7.2371460"/>
   <trkpt lat="47.1227890" lon="7.2371470"/>
   <trkpt lat="47.1227620" lon="7.2371440"/>
   <trkpt lat="47.1227350" lon="7.2371400"/>
   <trkpt lat="47.1227080" lon="7.2371440"/>
   <trkpt lat="47.1226780" lon="7.2371440"/>
   <trkpt lat="47.1226510" lon="7.2371420"/>
   <trkpt lat="47.1226260" lon="7.2371440"/>
   <trkpt lat="47.1225940" lon="7.2371380"/>
   <trkpt lat="47.1225650" lon="7.2371340"/>
   <trkpt lat="47.1225340" lon="7.2371300"/>
   <trkpt lat="47.1225060" lon="7.2371230"/>
   <trkpt lat="47.1224800" lon="7.2371170"/>
   <trkpt lat="47.1224490" lon="7.2371160"/>
   <trkpt lat="47.1224160" lon="7.2371140"/>
   <trkpt lat="47.1223850" lon="7.2371110"/>
   <trkpt lat="47.1223510" lon="7.2371110"/>
   <trkpt lat="47.1223150" lon="7.2371060"/>
   <trkpt lat="47.1222870" lon="7.2371020"/>
   <trkpt lat="47.1222570" lon="7.2371000"/>
   <trkpt lat="47.1222290" lon="7.2370950"/>
   <trkpt lat="47.1222040" lon="7.2370890"/>
   <trkpt lat="47.1221770" lon="7.2370840"/>
   <trkpt lat="47.1221490" lon="7.2370710"/>
   <trkpt lat="47.1221230" lon="7.2370660"/>
   <trkpt lat="47.1220940" lon="7.2370610"/>
   <trkpt lat="47.1220660" lon="7.2370530"/>
   <trkpt lat="47.1220410" lon="7.2370460"/>
   <trkpt lat="47.1220120" lon="7.2370380"/>
   <trkpt lat="47.1219830" lon="7.2370290"/>
   <trkpt lat="47.1219560" lon="7.2370180"/>
   <trkpt lat="47.1219280" lon="7.2370080"/>
   <trkpt lat="47.1219000" lon="7.2369950"/>
   <trkpt lat="47.1218730" lon="7.2369890"/>
   <trkpt lat="47.1218450" lon="7.2369770"/>
   <trkpt lat="47.1218170" lon="7.2369680"/>
   <trkpt lat="47.1217910" lon="7.2369610"/>
   <trkpt lat="47.1217630" lon="7.2369580"/>
   <trkpt lat="47.1217440" lon="7.2369530"/>
   <trkpt lat="47.1217270" lon="7.2369480"/>
   <trkpt lat="47.1217160" lon="7.2369350"/>
   <trkpt lat="47.1217100" lon="7.2369170"/>
   <trkpt lat="47.1217130" lon="7.2368990"/>
   <trkpt lat="47.1217210" lon="7.2368690"/>
   <trkpt lat="47.1217280" lon="7.2368340"/>
   <trkpt lat="47.1217380" lon="7.2367920"/>
   <trkpt lat="47.1217490" lon="7.2367550"/>
   <trkpt lat="47.1217580" lon="7.2367140"/>
   <trkpt lat="47.1217650" lon="7.2366520"/>
   <trkpt lat="47.1217690" lon="7.2366000"/>
   <trkpt lat="47.1217760" lon="7.2365540"/>
   <trkpt lat="47.1217850" lon="7.2365090"/>
   <trkpt lat="47.1217920" lon="7.2364720"/>
   <trkpt lat="47.1218080" lon="7.2364360"/>
   <trkpt lat="47.1218260" lon="7.2363910"/>
   <trkpt lat="47.1218390" lon="7.2363530"/>
   <trkpt lat="47.1218530" lon="7.2363070"/>
   <trkpt lat="47.1218660" lon="7.2362700"/>
   <trkpt lat="47.1218750" lon="7.2362300"/>
   <trkpt lat="47.1218850" lon="7.2361850"/>
   <trkpt lat="47.1218930" lon="7.2361460"/>
   <trkpt lat="47.1219000" lon="7.2361100"/>
   <trkpt lat="47.1219130" lon="7.2360690"/>
   <trkpt lat="47.1219220" lon="7.2360350"/>
   <trkpt lat="47.1219330" lon="7.2359980"/>
   <trkpt lat="47.1219430" lon="7.2359610"/>
   <trkpt lat="47.1219540" lon="7.2359260"/>
   <trkpt lat="47.1219670" lon="7.2358810"/>
   <trkpt lat="47.1219730" lon="7.2358420"/>
   <trkpt lat="47.1219800" lon="7.2358060"/>
   <trkpt lat="47.1219860" lon="7.2357580"/>
   <trkpt lat="47.1219900" lon="7.2357150"/>
   <trkpt lat="47.1219960" lon="7.2356740"/>
   <trkpt lat="47.1220070" lon="7.2356260"/>
   <trkpt lat="47.1220100" lon="7.2355820"/>
   <trkpt lat="47.1220140" lon="7.2355430"/>
   <trkpt lat="47.1220210" lon="7.2355020"/>
   <trkpt lat="47.1220290" lon="7.2354610"/>
   <trkpt lat="47.1220360" lon="7.2354220"/>
   <trkpt lat="47.1220450" lon="7.2353730"/>
   <trkpt lat="47.1220510" lon="7.2353280"/>
   <trkpt lat="47.1220570" lon="7.2352840"/>
   <trkpt lat="47.1220630" lon="7.2352440"/>
   <trkpt lat="47.1220700" lon="7.2352080"/>
   <trkpt lat="47.1220780" lon="7.2351700"/>
   <trkpt lat="47.1220900" lon="7.2351310"/>
   <trkpt lat="47.1220990" lon="7.2351020"/>
   <trkpt lat="47.1221090" lon="7.2350690"/>
   <trkpt lat="47.1221210" lon="7.2350310"/>
   <trkpt lat="47.1221280" lon="7.2349870"/>
   <trkpt lat="47.1221300" lon="7.2349420"/>
   <trkpt lat="47.1221310" lon="7.2348950"/>
   <trkpt lat="47.1221380" lon="7.2348570"/>
   <trkpt lat="47.1221460" lon="7.2348130"/>
   <trkpt lat="47.1221540" lon="7.2347720"/>
   <trkpt lat="47.1221640" lon="7.2347310"/>
   <trkpt lat="47.1221720" lon="7.2346850"/>
   <trkpt lat="47.1221720" lon="7.2346400"/>
   <trkpt lat="47.1221710" lon="7.2345870"/>
   <trkpt lat="47.1221680" lon="7.2345450"/>
   <trkpt lat="47.1221690" lon="7.2345030"/>
   <trkpt lat="47.1221740" lon="7.2344620"/>
   <trkpt lat="47.1221840" lon="7.2344300"/>
   <trkpt lat="47.1222070" lon="7.2344040"/>
   <trkpt lat="47.1222380" lon="7.2344000"/>
   <trkpt lat="47.1222630" lon="7.2343970"/>
   <trkpt lat="47.1222870" lon="7.2343980"/>
   <trkpt lat="47.1223120" lon="7.2344010"/>
   <trkpt lat="47.1223390" lon="7.2344040"/>
   <trkpt lat="47.1223700" lon="7.2344100"/>
   <trkpt lat="47.1224020" lon="7.2344250"/>
   <trkpt lat="47.1224310" lon="7.2344350"/>
   <trkpt lat="47.1224620" lon="7.2344460"/>
   <trkpt lat="47.1224920" lon="7.2344600"/>
   <trkpt lat="47.1225190" lon="7.2344670"/>
   <trkpt lat="47.1225480" lon="7.2344560"/>
   <trkpt lat="47.1225730" lon="7.2344340"/>
   <trkpt lat="47.1225900" lon="7.2344050"/>
   <trkpt lat="47.1226050" lon="7.2343650"/>
   <trkpt lat="47.1226120" lon="7.2343280"/>
   <trkpt lat="47.1226170" lon="7.2342870"/>
   <trkpt lat="47.1226250" lon="7.2342430"/>
   <trkpt lat="47.1226310" lon="7.2342050"/>
   <trkpt lat="47.1226350" lon="7.2341640"/>
   <trkpt lat="47.1226420" lon="7.2341210"/>
   <trkpt lat="47.1226470" lon="7.2340900"/>
   <trkpt lat="47.1226580" lon="7.2340540"/>
   <trkpt lat="47.1226730" lon="7.2340180"/>
   <trkpt lat="47.1226790" lon="7.2339870"/>
   <trkpt lat="47.1226900" lon="7.2339460"/>
   <trkpt lat="47.1226960" lon="7.2338970"/>
   <trkpt lat="47.1227010" lon="7.2338600"/>
   <trkpt lat="47.1226990" lon="7.2338110"/>
   <trkpt lat="47.1227080" lon="7.2337690"/>
   <trkpt lat="47.1227150" lon="7.2337370"/>
   <trkpt lat="47.1227260" lon="7.2336950"/>
   <trkpt lat="47.1227330" lon="7.2336590"/>
   <trkpt lat="47.1227370" lon="7.2336200"/>
   <trkpt lat="47.1227440" lon="7.2335710"/>
   <trkpt lat="47.1227490" lon="7.2335410"/>
   <trkpt lat="47.1227520" lon="7.2335100"/>
   <trkpt lat="47.1227640" lon="7.2334690"/>
   <trkpt lat="47.1227740" lon="7.2334340"/>
   <trkpt lat="47.1227850" lon="7.2333960"/>
   <trkpt lat="47.1227960" lon="7.2333540"/>
   <trkpt lat="47.1228020" lon="7.2333150"/>
   <trkpt lat="47.1228070" lon="7.2332730"/>
   <trkpt lat="47.1228130" lon="7.2332300"/>
   <trkpt lat="47.1228170" lon="7.2331970"/>
   <trkpt lat="47.1228270" lon="7.2331610"/>
   <trkpt lat="47.1228390" lon="7.2331230"/>
   <trkpt lat="47.1228510" lon="7.2330910"/>
   <trkpt lat="47.1228620" lon="7.2330540"/>
   <trkpt lat="47.1228760" lon="7.2330090"/>
   <trkpt lat="47.1228840" lon="7.2329700"/>
   <trkpt lat="47.1228900" lon="7.2329200"/>
   <trkpt lat="47.1228960" lon="7.2328770"/>
   <trkpt lat="47.1229010" lon="7.2328370"/>
   <trkpt lat="47.1229060" lon="7.2327970"/>
   <trkpt lat="47.1229100" lon="7.2327590"/>
   <trkpt lat="47.1229110" lon="7.2327290"/>
   <trkpt lat="47.1229190" lon="7.2326890"/>
   <trkpt lat="47.1229260" lon="7.2326470"/>
   <trkpt lat="47.1229300" lon="7.2326120"/>
   <trkpt lat="47.1229410" lon="7.2325730"/>
   <trkpt lat="47.1229520" lon="7.2325340"/>
   <trkpt lat="47.1229600" lon="7.2325010"/>
   <trkpt lat="47.1229680" lon="7.2324570"/>
   <trkpt lat="47.1229770" lon="7.2324250"/>
   <trkpt lat="47.1229860" lon="7.2323890"/>
   <trkpt lat="47.1230010" lon="7.2323400"/>
   <trkpt lat="47.1230060" lon="7.2322990"/>
   <trkpt lat="47.1230140" lon="7.2322560"/>
   <trkpt lat="47.1230250" lon="7.2322170"/>
   <trkpt lat="47.1230330" lon="7.2321780"/>
   <trkpt lat="47.1230410" lon="7.2321420"/>
   <trkpt lat="47.1230530" lon="7.2320940"/>
   <trkpt lat="47.1230570" lon="7.2320560"/>
   <trkpt lat="47.1230620" lon="7.2320200"/>
   <trkpt lat="47.1230710" lon="7.2319810"/>
   <trkpt lat="47.1230810" lon="7.2319470"/>
   <trkpt lat="47.1230920" lon="7.2319090"/>
   <trkpt lat="47.1231030" lon="7.2318640"/>
   <trkpt lat="47.1231110" lon="7.2318260"/>
   <trkpt lat="47.1231190" lon="7.2317840"/>
   <trkpt lat="47.1231280" lon="7.2317410"/>
   <trkpt lat="47.1231340" lon="7.2317040"/>
   <trkpt lat="47.1231420" lon="7.2316650"/>
   <trkpt lat="47.1231570" lon="7.2316270"/>
   <trkpt lat="47.1231680" lon="7.2315930"/>
   <trkpt lat="47.1231800" lon="7.2315490"/>
   <trkpt lat="47.1231900" lon="7.2315100"/>
   <trkpt lat="47.1232020" lon="7.2314700"/>
   <trkpt lat="47.1232150" lon="7.2314280"/>
   <trkpt lat="47.1232250" lon="7.2313880"/>
   <trkpt lat="47.1232320" lon="7.2313490"/>
   <trkpt lat="47.1232320" lon="7.2313120"/>
   <trkpt lat="47.1232260" lon="7.2312770"/>
   <trkpt lat="47.1232110" lon="7.2312390"/>
   <trkpt lat="47.1231870" lon="7.2312000"/>
   <trkpt lat="47.1231610" lon="7.2311730"/>
   <trkpt lat="47.1231330" lon="7.2311520"/>
   <trkpt lat="47.1231050" lon="7.2311280"/>
   <trkpt lat="47.1230770" lon="7.2311130"/>
   <trkpt lat="47.1230500" lon="7.2310960"/>
   <trkpt lat="47.1230270" lon="7.2310750"/>
   <trkpt lat="47.1230050" lon="7.2310530"/>
   <trkpt lat="47.1229810" lon="7.2310330"/>
   <trkpt lat="47.1229570" lon="7.2310120"/>
   <trkpt lat="47.1229330" lon="7.2309900"/>
   <trkpt lat="47.1229050" lon="7.2309700"/>
   <trkpt lat="47.1228760" lon="7.2309540"/>
   <trkpt lat="47.1228480" lon="7.2309430"/>
   <trkpt lat="47.1228220" lon="7.2309240"/>
   <trkpt lat="47.1227970" lon="7.2309010"/>
   <trkpt lat="47.1227760" lon="7.2308790"/>
   <trkpt lat="47.1227500" lon="7.2308590"/>
   <trkpt lat="47.1227260" lon="7.2308390"/>
   <trkpt lat="47.1227020" lon="7.2308220"/>
   <trkpt lat="47.1226800" lon="7.2307960"/>
   <trkpt lat="47.1226560" lon="7.2307720"/>
   <trkpt lat="47.1226320" lon="7.2307530"/>
   <trkpt lat="47.1226130" lon="7.2307270"/>
   <trkpt lat="47.1225920" lon="7.2307020"/>
   <trkpt lat="47.1225700" lon="7.2306790"/>
   <trkpt lat="47.1225460" lon="7.2306550"/>
   <trkpt lat="47.1225210" lon="7.2306340"/>
   <trkpt lat="47.1224950" lon="7.2306110"/>
   <trkpt lat="47.1224690" lon="7.2305900"/>
   <trkpt lat="47.1224460" lon="7.2305680"/>
   <trkpt lat="47.1224190" lon="7.2305490"/>
   <trkpt lat="47.1223940" lon="7.2305290"/>
   <trkpt lat="47.1223670" lon="7.2305120"/>
   <trkpt lat="47.1223380" lon="7.2305000"/>
   <trkpt lat="47.1223120" lon="7.2304780"/>
   <trkpt lat="47.1222870" lon="7.2304570"/>
   <trkpt lat="47.1222640" lon="7.2304350"/>
   <trkpt lat="47.1222370" lon="7.2304110"/>
   <trkpt lat="47.1222150" lon="7.2303860"/>
   <trkpt lat="47.1221900" lon="7.2303640"/>
   <trkpt lat="47.1221640" lon="7.2303340"/>
   <trkpt lat="47.1221400" lon="7.2303110"/>
   <trkpt lat="47.1221180" lon="7.2302900"/>
   <trkpt lat="47.1220950" lon="7.2302640"/>
   <trkpt lat="47.1220770" lon="7.2302380"/>
   <trkpt lat="47.1220570" lon="7.2302130"/>
   <trkpt lat="47.1220360" lon="7.2301840"/>
   <trkpt lat="47.1220180" lon="7.2301600"/>
   <trkpt lat="47.1219980" lon="7.2301320"/>
   <trkpt lat="47.1219780" lon="7.2301030"/>
   <trkpt lat="47.1219570" lon="7.2300760"/>
   <trkpt lat="47.1219350" lon="7.2300430"/>
   <trkpt lat="47.1219110" lon="7.2300070"/>
   <trkpt lat="47.1218880" lon="7.2299750"/>
   <trkpt lat="47.1218680" lon="7.2299360"/>
   <trkpt lat="47.1218490" lon="7.2298990"/>
   <trkpt lat="47.1218300" lon="7.2298670"/>
   <trkpt lat="47.1218090" lon="7.2298270"/>
   <trkpt lat="47.1217910" lon="7.2297950"/>
   <trkpt lat="47.1217730" lon="7.2297660"/>
   <trkpt lat="47.1217580" lon="7.2297310"/>
   <trkpt lat="47.1217420" lon="7.2297020"/>
   <trkpt lat="47.1217250" lon="7.2296730"/>
   <trkpt lat="47.1217100" lon="7.2296400"/>
   <trkpt lat="47.1217000" lon="7.2296050"/>
   <trkpt lat="47.1216830" lon="7.2295760"/>
   <trkpt lat="47.1216650" lon="7.2295360"/>
   <trkpt lat="47.1216490" lon="7.2295000"/>
   <trkpt lat="47.1216280" lon="7.2294690"/>
   <trkpt lat="47.1216070" lon="7.2294320"/>
   <trkpt lat="47.1215880" lon="7.2294020"/>
   <trkpt lat="47.1215670" lon="7.2293740"/>
   <trkpt lat="47.1215470" lon="7.2293410"/>
   <trkpt lat="47.1215310" lon="7.2293090"/>
   <trkpt lat="47.1215120" lon="7.2292820"/>
   <trkpt lat="47.1214940" lon="7.2292490"/>
   <trkpt lat="47.1214800" lon="7.2292220"/>
   <trkpt lat="47.1214590" lon="7.2291930"/>
   <trkpt lat="47.1214390" lon="7.2291630"/>
   <trkpt lat="47.1214210" lon="7.2291400"/>
   <trkpt lat="47.1214000" lon="7.2291090"/>
   <trkpt lat="47.1213770" lon="7.2290790"/>
   <trkpt lat="47.1213570" lon="7.2290540"/>
   <trkpt lat="47.1213350" lon="7.2290240"/>
   <trkpt lat="47.1213150" lon="7.2289980"/>
   <trkpt lat="47.1212970" lon="7.2289750"/>
   <trkpt lat="47.1212770" lon="7.2289460"/>
   <trkpt lat="47.1212570" lon="7.2289170"/>
   <trkpt lat="47.1212350" lon="7.2288920"/>
   <trkpt lat="47.1212110" lon="7.2288580"/>
   <trkpt lat="47.1211930" lon="7.2288260"/>
   <trkpt lat="47.1211740" lon="7.2288000"/>
   <trkpt lat="47.1211520" lon="7.2287720"/>
   <trkpt lat="47.1211330" lon="7.2287490"/>
   <trkpt lat="47.1211120" lon="7.2287270"/>
   <trkpt lat="47.1210840" lon="7.2287100"/>
   <trkpt lat="47.1210600" lon="7.2286910"/>
   <trkpt lat="47.1210360" lon="7.2286760"/>
   <trkpt lat="47.1210090" lon="7.2286590"/>
   <trkpt lat="47.1209840" lon="7.2286500"/>
   <trkpt lat="47.1209570" lon="7.2286370"/>
   <trkpt lat="47.1209310" lon="7.2286270"/>
   <trkpt lat="47.1209060" lon="7.2286240"/>
   <trkpt lat="47.1208800" lon="7.2286190"/>
   <trkpt lat="47.1208550" lon="7.2286150"/>
   <trkpt lat="47.1208300" lon="7.2286120"/>
   <trkpt lat="47.1208030" lon="7.2286100"/>
   <trkpt lat="47.1207750" lon="7.2286080"/>
   <trkpt lat="47.1207450" lon="7.2286090"/>
   <trkpt lat="47.1207130" lon="7.2286110"/>
   <trkpt lat="47.1206790" lon="7.2286130"/>
   <trkpt lat="47.1206470" lon="7.2286180"/>
   <trkpt lat="47.1206120" lon="7.2286220"/>
   <trkpt lat="47.1205810" lon="7.2286240"/>
   <trkpt lat="47.1205520" lon="7.2286300"/>
   <trkpt lat="47.1205230" lon="7.2286340"/>
   <trkpt lat="47.1204930" lon="7.2286380"/>
   <trkpt lat="47.1204630" lon="7.2286440"/>
   <trkpt lat="47.1204330" lon="7.2286480"/>
   <trkpt lat="47.1204050" lon="7.2286510"/>
   <trkpt lat="47.1203780" lon="7.2286580"/>
   <trkpt lat="47.1203500" lon="7.2286630"/>
   <trkpt lat="47.1203250" lon="7.2286700"/>
   <trkpt lat="47.1202980" lon="7.2286770"/>
   <trkpt lat="47.1202690" lon="7.2286860"/>
   <trkpt lat="47.1202430" lon="7.2286900"/>
   <trkpt lat="47.1202130" lon="7.2286920"/>
   <trkpt lat="47.1201820" lon="7.2286880"/>
   <trkpt lat="47.1201560" lon="7.2286840"/>
   <trkpt lat="47.1201280" lon="7.2286710"/>
   <trkpt lat="47.1201010" lon="7.2286550"/>
   <trkpt lat="47.1200730" lon="7.2286410"/>
   <trkpt lat="47.1200460" lon="7.2286160"/>
   <trkpt lat="47.1200230" lon="7.2285930"/>
   <trkpt lat="47.1199990" lon="7.2285720"/>
   <trkpt lat="47.1199750" lon="7.2285430"/>
   <trkpt lat="47.1199530" lon="7.2285140"/>
   <trkpt lat="47.1199290" lon="7.2284900"/>
   <trkpt lat="47.1199030" lon="7.2284590"/>
   <trkpt lat="47.1198800" lon="7.2284330"/>
   <trkpt lat="47.1198570" lon="7.2284090"/>
   <trkpt lat="47.1198330" lon="7.2283800"/>
   <trkpt lat="47.1198130" lon="7.2283510"/>
   <trkpt lat="47.1197940" lon="7.2283250"/>
   <trkpt lat="47.1197750" lon="7.2282930"/>
   <trkpt lat="47.1197580" lon="7.2282650"/>
   <trkpt lat="47.1197390" lon="7.2282350"/>
   <trkpt lat="47.1197190" lon="7.2282030"/>
   <trkpt lat="47.1196980" lon="7.2281760"/>
   <trkpt lat="47.1196760" lon="7.2281470"/>
   <trkpt lat="47.1196560" lon="7.2281190"/>
   <trkpt lat="47.1196370" lon="7.2280950"/>
   <trkpt lat="47.1196170" lon="7.2280660"/>
   <trkpt lat="47.1195990" lon="7.2280380"/>
   <trkpt lat="47.1195820" lon="7.2280130"/>
   <trkpt lat="47.1195650" lon="7.2279860"/>
   <trkpt lat="47.1195490" lon="7.2279550"/>
   <trkpt lat="47.1195310" lon="7.2279230"/>
   <trkpt lat="47.1195150" lon="7.2278880"/>
   <trkpt lat="47.1195050" lon="7.2278540"/>
   <trkpt lat="47.1194900" lon="7.2278240"/>
   <trkpt lat="47.1194730" lon="7.2277890"/>
   <trkpt lat="47.1194590" lon="7.2277550"/>
   <trkpt lat="47.1194450" lon="7.2277230"/>
   <trkpt lat="47.1194260" lon="7.2276840"/>
   <trkpt lat="47.1194110" lon="7.2276440"/>
   <trkpt lat="47.1193930" lon="7.2276090"/>
   <trkpt lat="47.1193770" lon="7.2275710"/>
   <trkpt lat="47.1193630" lon="7.2275320"/>
   <trkpt lat="47.1193480" lon="7.2275010"/>
   <trkpt lat="47.1193320" lon="7.2274600"/>
   <trkpt lat="47.1193160" lon="7.2274200"/>
   <trkpt lat="47.1192970" lon="7.2273890"/>
   <trkpt lat="47.1192770" lon="7.2273480"/>
   <trkpt lat="47.1192650" lon="7.2273060"/>
   <trkpt lat="47.1192500" lon="7.2272730"/>
   <trkpt lat="47.1192340" lon="7.2272340"/>
   <trkpt lat="47.1192190" lon="7.2272020"/>
   <trkpt lat="47.1192050" lon="7.2271690"/>
   <trkpt lat="47.1191940" lon="7.2271350"/>
   <trkpt lat="47.1191800" lon="7.2271090"/>
   <trkpt lat="47.1191680" lon="7.2270750"/>
   <trkpt lat="47.1191550" lon="7.2270410"/>
   <trkpt lat="47.1191410" lon="7.2270090"/>
   <trkpt lat="47.1191260" lon="7.2269770"/>
   <trkpt lat="47.1191130" lon="7.2269410"/>
   <trkpt lat="47.1190970" lon="7.2269120"/>
   <trkpt lat="47.1190780" lon="7.2268790"/>
   <trkpt lat="47.1190560" lon="7.2268490"/>
   <trkpt lat="47.1190340" lon="7.2268240"/>
   <trkpt lat="47.1190080" lon="7.2268010"/>
   <trkpt lat="47.1189830" lon="7.2267800"/>
   <trkpt lat="47.1189600" lon="7.2267650"/>
   <trkpt lat="47.1189290" lon="7.2267400"/>
   <trkpt lat="47.1189050" lon="7.2267200"/>
   <trkpt lat="47.1188790" lon="7.2267000"/>
   <trkpt lat="47.1188530" lon="7.2266750"/>
   <trkpt lat="47.1188330" lon="7.2266560"/>
   <trkpt lat="47.1188120" lon="7.2266340"/>
   <trkpt lat="47.1187850" lon="7.2266100"/>
   <trkpt lat="47.1187600" lon="7.2265940"/>
   <trkpt lat="47.1187330" lon="7.2265700"/>
   <trkpt lat="47.1187070" lon="7.2265500"/>
   <trkpt lat="47.1186840" lon="7.2265340"/>
   <trkpt lat="47.1186570" lon="7.2265090"/>
   <trkpt lat="47.1186300" lon="7.2264840"/>
   <trkpt lat="47.1186070" lon="7.2264670"/>
   <trkpt lat="47.1185820" lon="7.2264420"/>
   <trkpt lat="47.1185570" lon="7.2264180"/>
   <trkpt lat="47.1185350" lon="7.2264020"/>
   <trkpt lat="47.1185090" lon="7.2263770"/>
   <trkpt lat="47.1184860" lon="7.2263620"/>
   <trkpt lat="47.1184620" lon="7.2263500"/>
   <trkpt lat="47.1184340" lon="7.2263240"/>
   <trkpt lat="47.1184130" lon="7.2263010"/>
   <trkpt lat="47.1183880" lon="7.2262820"/>
   <trkpt lat="47.1183590" lon="7.2262580"/>
   <trkpt lat="47.1183360" lon="7.2262330"/>
   <trkpt lat="47.1183110" lon="7.2262090"/>
   <trkpt lat="47.1182860" lon="7.2261860"/>
   <trkpt lat="47.1182640" lon="7.2261660"/>
   <trkpt lat="47.1182410" lon="7.2261490"/>
   <trkpt lat="47.1182190" lon="7.2261320"/>
   <trkpt lat="47.1181980" lon="7.2261180"/>
   <trkpt lat="47.1181770" lon="7.2260980"/>
   <trkpt lat="47.1181570" lon="7.2260780"/>
   <trkpt lat="47.1181360" lon="7.2260590"/>
   <trkpt lat="47.1181120" lon="7.2260340"/>
   <trkpt lat="47.1180900" lon="7.2260130"/>
   <trkpt lat="47.1180640" lon="7.2259880"/>
   <trkpt lat="47.1180380" lon="7.2259640"/>
   <trkpt lat="47.1180150" lon="7.2259450"/>
   <trkpt lat="47.1179900" lon="7.2259220"/>
   <trkpt lat="47.1179650" lon="7.2258990"/>
   <trkpt lat="47.1179420" lon="7.2258810"/>
   <trkpt lat="47.1179160" lon="7.2258570"/>
   <trkpt lat="47.1178930" lon="7.2258340"/>
   <trkpt lat="47.1178700" lon="7.2258150"/>
   <trkpt lat="47.1178470" lon="7.2257870"/>
   <trkpt lat="47.1178250" lon="7.2257630"/>
   <trkpt lat="47.1178030" lon="7.2257420"/>
   <trkpt lat="47.1177790" lon="7.2257170"/>
   <trkpt lat="47.1177580" lon="7.2256960"/>
   <trkpt lat="47.1177350" lon="7.2256800"/>
   <trkpt lat="47.1177100" lon="7.2256580"/>
   <trkpt lat="47.1176880" lon="7.2256390"/>
   <trkpt lat="47.1176620" lon="7.2256180"/>
   <trkpt lat="47.1176350" lon="7.2255940"/>
   <trkpt lat="47.1176120" lon="7.2255750"/>
   <trkpt lat="47.1175870" lon="7.2255520"/>
   <trkpt lat="47.1175620" lon="7.2255250"/>
   <trkpt lat="47.1175380" lon="7.2255040"/>
   <trkpt lat="47.1175110" lon="7.2254790"/>
   <trkpt lat="47.1174850" lon="7.2254590"/>
   <trkpt lat="47.1174620" lon="7.2254420"/>
   <trkpt lat="47.1174350" lon="7.2254200"/>
   <trkpt lat="47.1174110" lon="7.2254000"/>
   <trkpt lat="47.1173880" lon="7.2253810"/>
   <trkpt lat="47.1173620" lon="7.2253550"/>
   <trkpt lat="47.1173390" lon="7.2253340"/>
   <trkpt lat="47.1173150" lon="7.2253150"/>
   <trkpt lat="47.1172890" lon="7.2252910"/>
   <trkpt lat="47.1172650" lon="7.2252720"/>
   <trkpt lat="47.1172400" lon="7.2252510"/>
   <trkpt lat="47.1172140" lon="7.2252250"/>
   <trkpt lat="47.1171910" lon="7.2252070"/>
   <trkpt lat="47.1171650" lon="7.2251820"/>
   <trkpt lat="47.1171400" lon="7.2251600"/>
   <trkpt lat="47.1171150" lon="7.2251430"/>
   <trkpt lat="47.1170870" lon="7.2251210"/>
   <trkpt lat="47.1170600" lon="7.2251030"/>
   <trkpt lat="47.1170350" lon="7.2250950"/>
   <trkpt lat="47.1170040" lon="7.2250840"/>
   <trkpt lat="47.1169750" lon="7.2250790"/>
   <trkpt lat="47.1169460" lon="7.2250810"/>
   <trkpt lat="47.1169150" lon="7.2250870"/>
   <trkpt lat="47.1168870" lon="7.2251000"/>
   <trkpt lat="47.1168610" lon="7.2251150"/>
   <trkpt lat="47.1168340" lon="7.2251340"/>
   <trkpt lat="47.1168100" lon="7.2251540"/>
   <trkpt lat="47.1167840" lon="7.2251810"/>
   <trkpt lat="47.1167610" lon="7.2252070"/>
   <trkpt lat="47.1167420" lon="7.2252370"/>
   <trkpt lat="47.1167160" lon="7.2252670"/>
   <trkpt lat="47.1166870" lon="7.2252950"/>
   <trkpt lat="47.1166590" lon="7.2253120"/>
   <trkpt lat="47.1166300" lon="7.2253180"/>
   <trkpt lat="47.1166020" lon="7.2253180"/>
   <trkpt lat="47.1165790" lon="7.2253170"/>
   <trkpt lat="47.1165540" lon="7.2253090"/>
   <trkpt lat="47.1165300" lon="7.2252990"/>
   <trkpt lat="47.1165070" lon="7.2252920"/>
   <trkpt lat="47.1164820" lon="7.2252770"/>
   <trkpt lat="47.1164590" lon="7.2252630"/>
   <trkpt lat="47.1164310" lon="7.2252500"/>
   <trkpt lat="47.1164010" lon="7.2252350"/>
   <trkpt lat="47.1163730" lon="7.2252210"/>
   <trkpt lat="47.1163440" lon="7.2252080"/>
   <trkpt lat="47.1163140" lon="7.2251910"/>
   <trkpt lat="47.1162880" lon="7.2251780"/>
   <trkpt lat="47.1162610" lon="7.2251670"/>
   <trkpt lat="47.1162330" lon="7.2251530"/>
   <trkpt lat="47.1162070" lon="7.2251430"/>
   <trkpt lat="47.1161800" lon="7.2251320"/>
   <trkpt lat="47.1161540" lon="7.2251160"/>
   <trkpt lat="47.1161280" lon="7.2251020"/>
   <trkpt lat="47.1160990" lon="7.2250810"/>
   <trkpt lat="47.1160730" lon="7.2250590"/>
   <trkpt lat="47.1160480" lon="7.2250400"/>
   <trkpt lat="47.1160220" lon="7.2250170"/>
   <trkpt lat="47.1159990" lon="7.2249930"/>
   <trkpt lat="47.1159760" lon="7.2249730"/>
   <trkpt lat="47.1159540" lon="7.2249470"/>
   <trkpt lat="47.1159360" lon="7.2249170"/>
   <trkpt lat="47.1159140" lon="7.2248850"/>
   <trkpt lat="47.1158940" lon="7.2248500"/>
   <trkpt lat="47.1158760" lon="7.2248170"/>
   <trkpt lat="47.1158570" lon="7.2247820"/>
   <trkpt lat="47.1158400" lon="7.2247450"/>
   <trkpt lat="47.1158260" lon="7.2247140"/>
   <trkpt lat="47.1158100" lon="7.2246760"/>
   <trkpt lat="47.1157940" lon="7.2246400"/>
   <trkpt lat="47.1157770" lon="7.2246120"/>
   <trkpt lat="47.1157500" lon="7.2245600"/>
   <trkpt lat="47.1157420" lon="7.2245460"/>
   <trkpt lat="47.1157250" lon="7.2245170"/>
   <trkpt lat="47.1157070" lon="7.2244820"/>
   <trkpt lat="47.1156930" lon="7.2244540"/>
   <trkpt lat="47.1156760" lon="7.2244240"/>
   <trkpt lat="47.1156580" lon="7.2243890"/>
   <trkpt lat="47.1156410" lon="7.2243610"/>
   <trkpt lat="47.1156230" lon="7.2243300"/>
   <trkpt lat="47.1156040" lon="7.2242980"/>
   <trkpt lat="47.1155860" lon="7.2242680"/>
   <trkpt lat="47.1155680" lon="7.2242340"/>
   <trkpt lat="47.1155410" lon="7.2241830"/>
   <trkpt lat="47.1155320" lon="7.2241680"/>
   <trkpt lat="47.1155130" lon="7.2241330"/>
   <trkpt lat="47.1154900" lon="7.2240810"/>
   <trkpt lat="47.1154830" lon="7.2240660"/>
   <trkpt lat="47.1154680" lon="7.2240250"/>
   <trkpt lat="47.1154510" lon="7.2239690"/>
   <trkpt lat="47.1154450" lon="7.2239500"/>
   <trkpt lat="47.1154340" lon="7.2239070"/>
   <trkpt lat="47.1154230" lon="7.2238680"/>
   <trkpt lat="47.1154120" lon="7.2238350"/>
   <trkpt lat="47.1154020" lon="7.2237940"/>
   <trkpt lat="47.1153890" lon="7.2237560"/>
   <trkpt lat="47.1153760" lon="7.2237190"/>
   <trkpt lat="47.1153660" lon="7.2236790"/>
   <trkpt lat="47.1153540" lon="7.2236460"/>
   <trkpt lat="47.1153420" lon="7.2236090"/>
   <trkpt lat="47.1153300" lon="7.2235720"/>
   <trkpt lat="47.1153160" lon="7.2235370"/>
   <trkpt lat="47.1153010" lon="7.2234960"/>
   <trkpt lat="47.1152900" lon="7.2234570"/>
   <trkpt lat="47.1152760" lon="7.2234230"/>
   <trkpt lat="47.1152620" lon="7.2233830"/>
   <trkpt lat="47.1152490" lon="7.2233470"/>
   <trkpt lat="47.1152350" lon="7.2233140"/>
   <trkpt lat="47.1152230" lon="7.2232740"/>
   <trkpt lat="47.1152120" lon="7.2232360"/>
   <trkpt lat="47.1152000" lon="7.2231990"/>
   <trkpt lat="47.1151940" lon="7.2231540"/>
   <trkpt lat="47.1151830" lon="7.2231150"/>
   <trkpt lat="47.1151700" lon="7.2230720"/>
   <trkpt lat="47.1151560" lon="7.2230290"/>
   <trkpt lat="47.1151410" lon="7.2229920"/>
   <trkpt lat="47.1151260" lon="7.2229530"/>
   <trkpt lat="47.1151110" lon="7.2229170"/>
   <trkpt lat="47.1150950" lon="7.2228870"/>
   <trkpt lat="47.1150780" lon="7.2228490"/>
   <trkpt lat="47.1150640" lon="7.2228160"/>
   <trkpt lat="47.1150510" lon="7.2227880"/>
   <trkpt lat="47.1150380" lon="7.2227580"/>
   <trkpt lat="47.1150270" lon="7.2227280"/>
   <trkpt lat="47.1150130" lon="7.2226970"/>
   <trkpt lat="47.1149970" lon="7.2226610"/>
   <trkpt lat="47.1149830" lon="7.2226320"/>
   <trkpt lat="47.1149640" lon="7.2226020"/>
   <trkpt lat="47.1149390" lon="7.2225740"/>
   <trkpt lat="47.1149180" lon="7.2225550"/>
   <trkpt lat="47.1148940" lon="7.2225330"/>
   <trkpt lat="47.1148730" lon="7.2225140"/>
   <trkpt lat="47.1148490" lon="7.2224980"/>
   <trkpt lat="47.1148210" lon="7.2224830"/>
   <trkpt lat="47.1147940" lon="7.2224710"/>
   <trkpt lat="47.1147690" lon="7.2224610"/>
   <trkpt lat="47.1147420" lon="7.2224520"/>
   <trkpt lat="47.1147150" lon="7.2224450"/>
   <trkpt lat="47.1146890" lon="7.2224370"/>
   <trkpt lat="47.1146590" lon="7.2224310"/>
   <trkpt lat="47.1146330" lon="7.2224220"/>
   <trkpt lat="47.1146040" lon="7.2224170"/>
   <trkpt lat="47.1145720" lon="7.2224130"/>
   <trkpt lat="47.1145470" lon="7.2224120"/>
   <trkpt lat="47.1145140" lon="7.2224100"/>
   <trkpt lat="47.1144820" lon="7.2224020"/>
   <trkpt lat="47.1144530" lon="7.2223980"/>
   <trkpt lat="47.1144200" lon="7.2223870"/>
   <trkpt lat="47.1143930" lon="7.2223770"/>
   <trkpt lat="47.1143640" lon="7.2223700"/>
   <trkpt lat="47.1143340" lon="7.2223550"/>
   <trkpt lat="47.1143100" lon="7.2223400"/>
   <trkpt lat="47.1142870" lon="7.2223240"/>
   <trkpt lat="47.1142620" lon="7.2222940"/>
   <trkpt lat="47.1142390" lon="7.2222680"/>
   <trkpt lat="47.1142140" lon="7.2222420"/>
   <trkpt lat="47.1141910" lon="7.2222110"/>
   <trkpt lat="47.1141700" lon="7.2221860"/>
   <trkpt lat="47.1141460" lon="7.2221600"/>
   <trkpt lat="47.1141300" lon="7.2221220"/>
   <trkpt lat="47.1141100" lon="7.2220950"/>
   <trkpt lat="47.1140890" lon="7.2220640"/>
   <trkpt lat="47.1140670" lon="7.2220320"/>
   <trkpt lat="47.1140460" lon="7.2220110"/>
   <trkpt lat="47.1140240" lon="7.2219790"/>
   <trkpt lat="47.1140040" lon="7.2219480"/>
   <trkpt lat="47.1139840" lon="7.2219230"/>
   <trkpt lat="47.1139620" lon="7.2218900"/>
   <trkpt lat="47.1139400" lon="7.2218610"/>
   <trkpt lat="47.1139170" lon="7.2218390"/>
   <trkpt lat="47.1138920" lon="7.2218090"/>
   <trkpt lat="47.1138730" lon="7.2217830"/>
   <trkpt lat="47.1138510" lon="7.2217580"/>
   <trkpt lat="47.1138270" lon="7.2217300"/>
   <trkpt lat="47.1138060" lon="7.2217040"/>
   <trkpt lat="47.1137850" lon="7.2216860"/>
   <trkpt lat="47.1137620" lon="7.2216610"/>
   <trkpt lat="47.1137420" lon="7.2216360"/>
   <trkpt lat="47.1137170" lon="7.2216130"/>
   <trkpt lat="47.1136900" lon="7.2215890"/>
   <trkpt lat="47.1136680" lon="7.2215720"/>
   <trkpt lat="47.1136420" lon="7.2215570"/>
   <trkpt lat="47.1136130" lon="7.2215390"/>
   <trkpt lat="47.1135890" lon="7.2215290"/>
   <trkpt lat="47.1135620" lon="7.2215200"/>
   <trkpt lat="47.1135320" lon="7.2215050"/>
   <trkpt lat="47.1135100" lon="7.2214980"/>
   <trkpt lat="47.1134820" lon="7.2214810"/>
   <trkpt lat="47.1134550" lon="7.2214660"/>
   <trkpt lat="47.1134300" lon="7.2214570"/>
   <trkpt lat="47.1134000" lon="7.2214420"/>
   <trkpt lat="47.1133760" lon="7.2214290"/>
   <trkpt lat="47.1133500" lon="7.2214200"/>
   <trkpt lat="47.1133220" lon="7.2214090"/>
   <trkpt lat="47.1132850" lon="7.2213970"/>
   <trkpt lat="47.1132590" lon="7.2213880"/>
   <trkpt lat="47.1132320" lon="7.2213680"/>
   <trkpt lat="47.1132050" lon="7.2213530"/>
   <trkpt lat="47.1131780" lon="7.2213390"/>
   <trkpt lat="47.1131510" lon="7.2213250"/>
   <trkpt lat="47.1131250" lon="7.2213140"/>
   <trkpt lat="47.1130970" lon="7.2212990"/>
   <trkpt lat="47.1130720" lon="7.2212850"/>
   <trkpt lat="47.1130490" lon="7.2212740"/>
   <trkpt lat="47.1130250" lon="7.2212590"/>
   <trkpt lat="47.1130000" lon="7.2212460"/>
   <trkpt lat="47.1129750" lon="7.2212360"/>
   <trkpt lat="47.1129470" lon="7.2212180"/>
   <trkpt lat="47.1129200" lon="7.2212000"/>
   <trkpt lat="47.1128950" lon="7.2211900"/>
   <trkpt lat="47.1128680" lon="7.2211740"/>
   <trkpt lat="47.1128430" lon="7.2211610"/>
   <trkpt lat="47.1128160" lon="7.2211570"/>
   <trkpt lat="47.1127880" lon="7.2211520"/>
   <trkpt lat="47.1127640" lon="7.2211550"/>
   <trkpt lat="47.1127350" lon="7.2211600"/>
   <trkpt lat="47.1127080" lon="7.2211720"/>
   <trkpt lat="47.1126790" lon="7.2211850"/>
   <trkpt lat="47.1126530" lon="7.2212030"/>
   <trkpt lat="47.1126270" lon="7.2212310"/>
   <trkpt lat="47.1126020" lon="7.2212560"/>
   <trkpt lat="47.1125780" lon="7.2212850"/>
   <trkpt lat="47.1125540" lon="7.2213160"/>
   <trkpt lat="47.1125330" lon="7.2213450"/>
   <trkpt lat="47.1125130" lon="7.2213800"/>
   <trkpt lat="47.1124920" lon="7.2214080"/>
   <trkpt lat="47.1124690" lon="7.2214420"/>
   <trkpt lat="47.1124470" lon="7.2214750"/>
   <trkpt lat="47.1124270" lon="7.2215030"/>
   <trkpt lat="47.1124060" lon="7.2215350"/>
   <trkpt lat="47.1123850" lon="7.2215660"/>
   <trkpt lat="47.1123650" lon="7.2215980"/>
   <trkpt lat="47.1123460" lon="7.2216290"/>
   <trkpt lat="47.1123280" lon="7.2216540"/>
   <trkpt lat="47.1123080" lon="7.2216800"/>
   <trkpt lat="47.1122850" lon="7.2217030"/>
   <trkpt lat="47.1122620" lon="7.2217210"/>
   <trkpt lat="47.1122350" lon="7.2217300"/>
   <trkpt lat="47.1122060" lon="7.2217440"/>
   <trkpt lat="47.1121800" lon="7.2217570"/>
   <trkpt lat="47.1121540" lon="7.2217660"/>
   <trkpt lat="47.1121250" lon="7.2217670"/>
   <trkpt lat="47.1120970" lon="7.2217630"/>
   <trkpt lat="47.1120690" lon="7.2217570"/>
   <trkpt lat="47.1120390" lon="7.2217370"/>
   <trkpt lat="47.1120160" lon="7.2217240"/>
   <trkpt lat="47.1119880" lon="7.2217060"/>
   <trkpt lat="47.1119650" lon="7.2216820"/>
   <trkpt lat="47.1119440" lon="7.2216580"/>
   <trkpt lat="47.1119210" lon="7.2216310"/>
   <trkpt lat="47.1118980" lon="7.2216040"/>
   <trkpt lat="47.1118770" lon="7.2215800"/>
   <trkpt lat="47.1118520" lon="7.2215520"/>
   <trkpt lat="47.1118290" lon="7.2215260"/>
   <trkpt lat="47.1118060" lon="7.2215040"/>
   <trkpt lat="47.1117800" lon="7.2214810"/>
   <trkpt lat="47.1117570" lon="7.2214600"/>
   <trkpt lat="47.1117360" lon="7.2214430"/>
   <trkpt lat="47.1117120" lon="7.2214220"/>
   <trkpt lat="47.1116890" lon="7.2214040"/>
   <trkpt lat="47.1116630" lon="7.2213900"/>
   <trkpt lat="47.1116380" lon="7.2213680"/>
   <trkpt lat="47.1116150" lon="7.2213500"/>
   <trkpt lat="47.1115910" lon="7.2213310"/>
   <trkpt lat="47.1115630" lon="7.2213100"/>
   <trkpt lat="47.1115400" lon="7.2212930"/>
   <trkpt lat="47.1115120" lon="7.2212710"/>
   <trkpt lat="47.1114860" lon="7.2212500"/>
   <trkpt lat="47.1114610" lon="7.2212390"/>
   <trkpt lat="47.1114320" lon="7.2212230"/>
   <trkpt lat="47.1114050" lon="7.2212110"/>
   <trkpt lat="47.1113810" lon="7.2211970"/>
   <trkpt lat="47.1113520" lon="7.2211800"/>
   <trkpt lat="47.1113280" lon="7.2211650"/>
   <trkpt lat="47.1113030" lon="7.2211520"/>
   <trkpt lat="47.1112780" lon="7.2211340"/>
   <trkpt lat="47.1112550" lon="7.2211210"/>
   <trkpt lat="47.1112280" lon="7.2211060"/>
   <trkpt lat="47.1112010" lon="7.2210870"/>
   <trkpt lat="47.1111750" lon="7.2210680"/>
   <trkpt lat="47.1111490" lon="7.2210430"/>
   <trkpt lat="47.1111270" lon="7.2210210"/>
   <trkpt lat="47.1111050" lon="7.2210020"/>
   <trkpt lat="47.1110800" lon="7.2209780"/>
   <trkpt lat="47.1110570" lon="7.2209550"/>
   <trkpt lat="47.1110340" lon="7.2209320"/>
   <trkpt lat="47.1110110" lon="7.2209020"/>
   <trkpt lat="47.1109920" lon="7.2208750"/>
   <trkpt lat="47.1109700" lon="7.2208570"/>
   <trkpt lat="47.1109470" lon="7.2208320"/>
   <trkpt lat="47.1109280" lon="7.2208090"/>
   <trkpt lat="47.1109080" lon="7.2207870"/>
   <trkpt lat="47.1108840" lon="7.2207580"/>
   <trkpt lat="47.1108640" lon="7.2207330"/>
   <trkpt lat="47.1108420" lon="7.2207060"/>
   <trkpt lat="47.1108190" lon="7.2206790"/>
   <trkpt lat="47.1107990" lon="7.2206550"/>
   <trkpt lat="47.1107760" lon="7.2206300"/>
   <trkpt lat="47.1107510" lon="7.2206040"/>
   <trkpt lat="47.1107290" lon="7.2205800"/>
   <trkpt lat="47.1107060" lon="7.2205540"/>
   <trkpt lat="47.1106860" lon="7.2205280"/>
   <trkpt lat="47.1106660" lon="7.2205040"/>
   <trkpt lat="47.1106420" lon="7.2204750"/>
   <trkpt lat="47.1106170" lon="7.2204500"/>
   <trkpt lat="47.1105920" lon="7.2204290"/>
   <trkpt lat="47.1105660" lon="7.2204020"/>
   <trkpt lat="47.1105370" lon="7.2203820"/>
   <trkpt lat="47.1105100" lon="7.2203540"/>
   <trkpt lat="47.1104860" lon="7.2203280"/>
   <trkpt lat="47.1104640" lon="7.2203050"/>
   <trkpt lat="47.1104400" lon="7.2202780"/>
   <trkpt lat="47.1104160" lon="7.2202500"/>
   <trkpt lat="47.1103900" lon="7.2202270"/>
   <trkpt lat="47.1103640" lon="7.2202050"/>
   <trkpt lat="47.1103380" lon="7.2201850"/>
   <trkpt lat="47.1103130" lon="7.2201650"/>
   <trkpt lat="47.1102840" lon="7.2201380"/>
   <trkpt lat="47.1102590" lon="7.2201180"/>
   <trkpt lat="47.1102310" lon="7.2200960"/>
   <trkpt lat="47.1102050" lon="7.2200730"/>
   <trkpt lat="47.1101810" lon="7.2200520"/>
   <trkpt lat="47.1101570" lon="7.2200260"/>
   <trkpt lat="47.1101340" lon="7.2200020"/>
   <trkpt lat="47.1101080" lon="7.2199820"/>
   <trkpt lat="47.1100800" lon="7.2199590"/>
   <trkpt lat="47.1100540" lon="7.2199390"/>
   <trkpt lat="47.1100250" lon="7.2199150"/>
   <trkpt lat="47.1100010" lon="7.2198850"/>
   <trkpt lat="47.1099800" lon="7.2198630"/>
   <trkpt lat="47.1099580" lon="7.2198340"/>
   <trkpt lat="47.1099370" lon="7.2198050"/>
   <trkpt lat="47.1099160" lon="7.2197810"/>
   <trkpt lat="47.1098930" lon="7.2197540"/>
   <trkpt lat="47.1098740" lon="7.2197330"/>
   <trkpt lat="47.1098550" lon="7.2197120"/>
   <trkpt lat="47.1098320" lon="7.2196890"/>
   <trkpt lat="47.1098120" lon="7.2196710"/>
   <trkpt lat="47.1097900" lon="7.2196540"/>
   <trkpt lat="47.1097680" lon="7.2196370"/>
   <trkpt lat="47.1097430" lon="7.2196220"/>
   <trkpt lat="47.1097160" lon="7.2196140"/>
   <trkpt lat="47.1096860" lon="7.2195960"/>
   <trkpt lat="47.1096620" lon="7.2195810"/>
   <trkpt lat="47.1096350" lon="7.2195680"/>
   <trkpt lat="47.1096070" lon="7.2195570"/>
   <trkpt lat="47.1095810" lon="7.2195500"/>
   <trkpt lat="47.1095500" lon="7.2195400"/>
   <trkpt lat="47.1095170" lon="7.2195310"/>
   <trkpt lat="47.1094880" lon="7.2195280"/>
   <trkpt lat="47.1094540" lon="7.2195180"/>
   <trkpt lat="47.1094250" lon="7.2195030"/>
   <trkpt lat="47.1093980" lon="7.2194940"/>
   <trkpt lat="47.1093670" lon="7.2194780"/>
   <trkpt lat="47.1093400" lon="7.2194640"/>
   <trkpt lat="47.1093130" lon="7.2194520"/>
   <trkpt lat="47.1092840" lon="7.2194380"/>
   <trkpt lat="47.1092600" lon="7.2194280"/>
   <trkpt lat="47.1092330" lon="7.2194170"/>
   <trkpt lat="47.1092070" lon="7.2194030"/>
   <trkpt lat="47.1091850" lon="7.2193950"/>
   <trkpt lat="47.1091590" lon="7.2193880"/>
   <trkpt lat="47.1091310" lon="7.2193740"/>
   <trkpt lat="47.1091040" lon="7.2193640"/>
   <trkpt lat="47.1090720" lon="7.2193480"/>
   <trkpt lat="47.1090460" lon="7.2193320"/>
   <trkpt lat="47.1090190" lon="7.2193190"/>
   <trkpt lat="47.1089890" lon="7.2193020"/>
   <trkpt lat="47.1089640" lon="7.2192900"/>
   <trkpt lat="47.1089370" lon="7.2192770"/>
   <trkpt lat="47.1089050" lon="7.2192600"/>
   <trkpt lat="47.1088810" lon="7.2192470"/>
   <trkpt lat="47.1088540" lon="7.2192360"/>
   <trkpt lat="47.1088260" lon="7.2192180"/>
   <trkpt lat="47.1088040" lon="7.2192080"/>
   <trkpt lat="47.1087770" lon="7.2191950"/>
   <trkpt lat="47.1087510" lon="7.2191800"/>
   <trkpt lat="47.1087290" lon="7.2191720"/>
   <trkpt lat="47.1087000" lon="7.2191610"/>
   <trkpt lat="47.1086780" lon="7.2191440"/>
   <trkpt lat="47.1086540" lon="7.2191320"/>
   <trkpt lat="47.1086250" lon="7.2191160"/>
   <trkpt lat="47.1085990" lon="7.2191000"/>
   <trkpt lat="47.1085720" lon="7.2190880"/>
   <trkpt lat="47.1085430" lon="7.2190720"/>
   <trkpt lat="47.1085170" lon="7.2190620"/>
   <trkpt lat="47.1084900" lon="7.2190500"/>
   <trkpt lat="47.1084620" lon="7.2190320"/>
   <trkpt lat="47.1084380" lon="7.2190210"/>
   <trkpt lat="47.1084120" lon="7.2190080"/>
   <trkpt lat="47.1083850" lon="7.2189910"/>
   <trkpt lat="47.1083610" lon="7.2189810"/>
   <trkpt lat="47.1083330" lon="7.2189650"/>
   <trkpt lat="47.1083080" lon="7.2189450"/>
   <trkpt lat="47.1082860" lon="7.2189360"/>
   <trkpt lat="47.1082570" lon="7.2189250"/>
   <trkpt lat="47.1082300" lon="7.2189140"/>
   <trkpt lat="47.1082060" lon="7.2189100"/>
   <trkpt lat="47.1081760" lon="7.2189030"/>
   <trkpt lat="47.1081470" lon="7.2188960"/>
   <trkpt lat="47.1081250" lon="7.2188890"/>
   <trkpt lat="47.1080970" lon="7.2188820"/>
   <trkpt lat="47.1080700" lon="7.2188770"/>
   <trkpt lat="47.1080430" lon="7.2188760"/>
   <trkpt lat="47.1080120" lon="7.2188750"/>
   <trkpt lat="47.1079860" lon="7.2188730"/>
   <trkpt lat="47.1079590" lon="7.2188720"/>
   <trkpt lat="47.1079290" lon="7.2188740"/>
   <trkpt lat="47.1079040" lon="7.2188760"/>
   <trkpt lat="47.1078770" lon="7.2188740"/>
   <trkpt lat="47.1078460" lon="7.2188690"/>
   <trkpt lat="47.1078190" lon="7.2188670"/>
   <trkpt lat="47.1077920" lon="7.2188660"/>
   <trkpt lat="47.1077640" lon="7.2188640"/>
   <trkpt lat="47.1077390" lon="7.2188630"/>
   <trkpt lat="47.1077120" lon="7.2188610"/>
   <trkpt lat="47.1076840" lon="7.2188580"/>
   <trkpt lat="47.1076590" lon="7.2188520"/>
   <trkpt lat="47.1076330" lon="7.2188500"/>
   <trkpt lat="47.1076070" lon="7.2188450"/>
   <trkpt lat="47.1075820" lon="7.2188410"/>
   <trkpt lat="47.1075540" lon="7.2188370"/>
   <trkpt lat="47.1075290" lon="7.2188310"/>
   <trkpt lat="47.1075060" lon="7.2188240"/>
   <trkpt lat="47.1074810" lon="7.2188080"/>
   <trkpt lat="47.1074580" lon="7.2187880"/>
   <trkpt lat="47.1074350" lon="7.2187710"/>
   <trkpt lat="47.1074130" lon="7.2187450"/>
   <trkpt lat="47.1073900" lon="7.2187220"/>
   <trkpt lat="47.1073650" lon="7.2187010"/>
   <trkpt lat="47.1073360" lon="7.2186730"/>
   <trkpt lat="47.1073120" lon="7.2186470"/>
   <trkpt lat="47.1072870" lon="7.2186270"/>
   <trkpt lat="47.1072670" lon="7.2186020"/>
   <trkpt lat="47.1072480" lon="7.2185800"/>
   <trkpt lat="47.1072260" lon="7.2185520"/>
   <trkpt lat="47.1072070" lon="7.2185240"/>
   <trkpt lat="47.1071890" lon="7.2185020"/>
   <trkpt lat="47.1071680" lon="7.2184720"/>
   <trkpt lat="47.1071550" lon="7.2184420"/>
   <trkpt lat="47.1071360" lon="7.2184090"/>
   <trkpt lat="47.1071180" lon="7.2183710"/>
   <trkpt lat="47.1071020" lon="7.2183380"/>
   <trkpt lat="47.1070850" lon="7.2183030"/>
   <trkpt lat="47.1070700" lon="7.2182620"/>
   <trkpt lat="47.1070530" lon="7.2182270"/>
   <trkpt lat="47.1070360" lon="7.2181930"/>
   <trkpt lat="47.1070180" lon="7.2181610"/>
   <trkpt lat="47.1070020" lon="7.2181310"/>
   <trkpt lat="47.1069820" lon="7.2180950"/>
   <trkpt lat="47.1069630" lon="7.2180630"/>
   <trkpt lat="47.1069420" lon="7.2180360"/>
   <trkpt lat="47.1069180" lon="7.2180040"/>
   <trkpt lat="47.1068990" lon="7.2179760"/>
   <trkpt lat="47.1068790" lon="7.2179480"/>
   <trkpt lat="47.1068580" lon="7.2179180"/>
   <trkpt lat="47.1068380" lon="7.2178940"/>
   <trkpt lat="47.1068150" lon="7.2178690"/>
   <trkpt lat="47.1067910" lon="7.2178430"/>
   <trkpt lat="47.1067670" lon="7.2178210"/>
   <trkpt lat="47.1067430" lon="7.2178000"/>
   <trkpt lat="47.1067170" lon="7.2177790"/>
   <trkpt lat="47.1066920" lon="7.2177600"/>
   <trkpt lat="47.1066630" lon="7.2177390"/>
   <trkpt lat="47.1066350" lon="7.2177170"/>
   <trkpt lat="47.1066100" lon="7.2177090"/>
   <trkpt lat="47.1065870" lon="7.2176880"/>
   <trkpt lat="47.1065670" lon="7.2176650"/>
   <trkpt lat="47.1065450" lon="7.2176480"/>
   <trkpt lat="47.1065200" lon="7.2176220"/>
   <trkpt lat="47.1064970" lon="7.2175940"/>
   <trkpt lat="47.1064760" lon="7.2175730"/>
   <trkpt lat="47.1064490" lon="7.2175490"/>
   <trkpt lat="47.1064310" lon="7.2175360"/>
   <trkpt lat="47.1064090" lon="7.2175240"/>
   <trkpt lat="47.1063840" lon="7.2175060"/>
   <trkpt lat="47.1063630" lon="7.2174960"/>
   <trkpt lat="47.1063350" lon="7.2174850"/>
   <trkpt lat="47.1063050" lon="7.2174710"/>
   <trkpt lat="47.1062790" lon="7.2174630"/>
   <trkpt lat="47.1062460" lon="7.2174490"/>
   <trkpt lat="47.1062190" lon="7.2174390"/>
   <trkpt lat="47.1061930" lon="7.2174290"/>
   <trkpt lat="47.1061620" lon="7.2174180"/>
   <trkpt lat="47.1061340" lon="7.2174060"/>
   <trkpt lat="47.1061050" lon="7.2173930"/>
   <trkpt lat="47.1060810" lon="7.2173740"/>
   <trkpt lat="47.1060600" lon="7.2173640"/>
   <trkpt lat="47.1060330" lon="7.2173510"/>
   <trkpt lat="47.1060080" lon="7.2173320"/>
   <trkpt lat="47.1059850" lon="7.2173230"/>
   <trkpt lat="47.1059590" lon="7.2173070"/>
   <trkpt lat="47.1059320" lon="7.2172920"/>
   <trkpt lat="47.1059060" lon="7.2172800"/>
   <trkpt lat="47.1058770" lon="7.2172610"/>
   <trkpt lat="47.1058500" lon="7.2172440"/>
   <trkpt lat="47.1058260" lon="7.2172310"/>
   <trkpt lat="47.1057990" lon="7.2172160"/>
   <trkpt lat="47.1057730" lon="7.2172030"/>
   <trkpt lat="47.1057450" lon="7.2171950"/>
   <trkpt lat="47.1057170" lon="7.2171840"/>
   <trkpt lat="47.1056920" lon="7.2171740"/>
   <trkpt lat="47.1056660" lon="7.2171640"/>
   <trkpt lat="47.1056380" lon="7.2171510"/>
   <trkpt lat="47.1056130" lon="7.2171410"/>
   <trkpt lat="47.1055860" lon="7.2171260"/>
   <trkpt lat="47.1055600" lon="7.2171090"/>
   <trkpt lat="47.1055360" lon="7.2171080"/>
   <trkpt lat="47.1055090" lon="7.2171030"/>
   <trkpt lat="47.1054830" lon="7.2171000"/>
   <trkpt lat="47.1054600" lon="7.2171010"/>
   <trkpt lat="47.1054320" lon="7.2170990"/>
   <trkpt lat="47.1054030" lon="7.2170960"/>
   <trkpt lat="47.1053760" lon="7.2170960"/>
   <trkpt lat="47.1053500" lon="7.2170900"/>
   <trkpt lat="47.1053260" lon="7.2170840"/>
   <trkpt lat="47.1053040" lon="7.2170820"/>
   <trkpt lat="47.1052720" lon="7.2170730"/>
   <trkpt lat="47.1052460" lon="7.2170690"/>
   <trkpt lat="47.1052170" lon="7.2170720"/>
   <trkpt lat="47.1051850" lon="7.2170710"/>
   <trkpt lat="47.1051610" lon="7.2170710"/>
   <trkpt lat="47.1051300" lon="7.2170650"/>
   <trkpt lat="47.1051000" lon="7.2170620"/>
   <trkpt lat="47.1050770" lon="7.2170590"/>
   <trkpt lat="47.1050480" lon="7.2170570"/>
   <trkpt lat="47.1050180" lon="7.2170560"/>
   <trkpt lat="47.1049910" lon="7.2170570"/>
   <trkpt lat="47.1049630" lon="7.2170550"/>
   <trkpt lat="47.1049370" lon="7.2170530"/>
   <trkpt lat="47.1049120" lon="7.2170540"/>
   <trkpt lat="47.1048840" lon="7.2170540"/>
   <trkpt lat="47.1048590" lon="7.2170540"/>
   <trkpt lat="47.1048330" lon="7.2170550"/>
   <trkpt lat="47.1048050" lon="7.2170530"/>
   <trkpt lat="47.1047770" lon="7.2170510"/>
   <trkpt lat="47.1047500" lon="7.2170490"/>
   <trkpt lat="47.1047250" lon="7.2170520"/>
   <trkpt lat="47.1047030" lon="7.2170580"/>
   <trkpt lat="47.1046790" lon="7.2170570"/>
   <trkpt lat="47.1046550" lon="7.2170550"/>
   <trkpt lat="47.1046330" lon="7.2170530"/>
   <trkpt lat="47.1046090" lon="7.2170420"/>
   <trkpt lat="47.1045850" lon="7.2170330"/>
   <trkpt lat="47.1045650" lon="7.2170240"/>
   <trkpt lat="47.1045420" lon="7.2170120"/>
   <trkpt lat="47.1045190" lon="7.2169950"/>
   <trkpt lat="47.1044970" lon="7.2169800"/>
   <trkpt lat="47.1044750" lon="7.2169650"/>
   <trkpt lat="47.1044540" lon="7.2169450"/>
   <trkpt lat="47.1044320" lon="7.2169310"/>
   <trkpt lat="47.1044080" lon="7.2169150"/>
   <trkpt lat="47.1043840" lon="7.2168980"/>
   <trkpt lat="47.1043610" lon="7.2168830"/>
   <trkpt lat="47.1043380" lon="7.2168670"/>
   <trkpt lat="47.1043150" lon="7.2168480"/>
   <trkpt lat="47.1042930" lon="7.2168300"/>
   <trkpt lat="47.1042690" lon="7.2168120"/>
   <trkpt lat="47.1042470" lon="7.2167900"/>
   <trkpt lat="47.1042250" lon="7.2167730"/>
   <trkpt lat="47.1042030" lon="7.2167560"/>
   <trkpt lat="47.1041800" lon="7.2167380"/>
   <trkpt lat="47.1041590" lon="7.2167230"/>
   <trkpt lat="47.1041340" lon="7.2167090"/>
   <trkpt lat="47.1041090" lon="7.2166940"/>
   <trkpt lat="47.1040880" lon="7.2166830"/>
   <trkpt lat="47.1040640" lon="7.2166680"/>
   <trkpt lat="47.1040420" lon="7.2166530"/>
   <trkpt lat="47.1040200" lon="7.2166390"/>
   <trkpt lat="47.1039950" lon="7.2166230"/>
   <trkpt lat="47.1039700" lon="7.2166080"/>
   <trkpt lat="47.1039450" lon="7.2165970"/>
   <trkpt lat="47.1039160" lon="7.2165810"/>
   <trkpt lat="47.1038880" lon="7.2165670"/>
   <trkpt lat="47.1038590" lon="7.2165540"/>
   <trkpt lat="47.1038330" lon="7.2165350"/>
   <trkpt lat="47.1038110" lon="7.2165160"/>
   <trkpt lat="47.1037910" lon="7.2164990"/>
   <trkpt lat="47.1037720" lon="7.2164740"/>
   <trkpt lat="47.1037530" lon="7.2164490"/>
   <trkpt lat="47.1037340" lon="7.2164270"/>
   <trkpt lat="47.1037140" lon="7.2163990"/>
   <trkpt lat="47.1036960" lon="7.2163670"/>
   <trkpt lat="47.1036790" lon="7.2163400"/>
   <trkpt lat="47.1036610" lon="7.2163030"/>
   <trkpt lat="47.1036460" lon="7.2162660"/>
   <trkpt lat="47.1036270" lon="7.2162320"/>
   <trkpt lat="47.1036060" lon="7.2161930"/>
   <trkpt lat="47.1035870" lon="7.2161600"/>
   <trkpt lat="47.1035680" lon="7.2161300"/>
   <trkpt lat="47.1035470" lon="7.2160950"/>
   <trkpt lat="47.1035310" lon="7.2160600"/>
   <trkpt lat="47.1035120" lon="7.2160250"/>
   <trkpt lat="47.1034970" lon="7.2159870"/>
   <trkpt lat="47.1034800" lon="7.2159540"/>
   <trkpt lat="47.1034620" lon="7.2159230"/>
   <trkpt lat="47.1034450" lon="7.2158850"/>
   <trkpt lat="47.1034320" lon="7.2158480"/>
   <trkpt lat="47.1034160" lon="7.2158180"/>
   <trkpt lat="47.1034010" lon="7.2157860"/>
   <trkpt lat="47.1033870" lon="7.2157560"/>
   <trkpt lat="47.1033700" lon="7.2157220"/>
   <trkpt lat="47.1033540" lon="7.2156920"/>
   <trkpt lat="47.1033370" lon="7.2156570"/>
   <trkpt lat="47.1033180" lon="7.2156230"/>
   <trkpt lat="47.1033040" lon="7.2155850"/>
   <trkpt lat="47.1032900" lon="7.2155530"/>
   <trkpt lat="47.1032730" lon="7.2155150"/>
   <trkpt lat="47.1032600" lon="7.2154790"/>
   <trkpt lat="47.1032430" lon="7.2154470"/>
   <trkpt lat="47.1032230" lon="7.2154150"/>
   <trkpt lat="47.1032040" lon="7.2153840"/>
   <trkpt lat="47.1031860" lon="7.2153570"/>
   <trkpt lat="47.1031640" lon="7.2153230"/>
   <trkpt lat="47.1031470" lon="7.2152840"/>
   <trkpt lat="47.1031280" lon="7.2152600"/>
   <trkpt lat="47.1031080" lon="7.2152310"/>
   <trkpt lat="47.1030890" lon="7.2152050"/>
   <trkpt lat="47.1030700" lon="7.2151800"/>
   <trkpt lat="47.1030480" lon="7.2151480"/>
   <trkpt lat="47.1030290" lon="7.2151200"/>
   <trkpt lat="47.1030070" lon="7.2150940"/>
   <trkpt lat="47.1029850" lon="7.2150640"/>
   <trkpt lat="47.1029660" lon="7.2150390"/>
   <trkpt lat="47.1029440" lon="7.2150160"/>
   <trkpt lat="47.1029230" lon="7.2149910"/>
   <trkpt lat="47.1029040" lon="7.2149680"/>
   <trkpt lat="47.1028830" lon="7.2149470"/>
   <trkpt lat="47.1028630" lon="7.2149220"/>
   <trkpt lat="47.1028430" lon="7.2148990"/>
   <trkpt lat="47.1028190" lon="7.2148740"/>
   <trkpt lat="47.1027960" lon="7.2148480"/>
   <trkpt lat="47.1027730" lon="7.2148270"/>
   <trkpt lat="47.1027500" lon="7.2148020"/>
   <trkpt lat="47.1027270" lon="7.2147810"/>
   <trkpt lat="47.1027050" lon="7.2147640"/>
   <trkpt lat="47.1026810" lon="7.2147420"/>
   <trkpt lat="47.1026590" lon="7.2147190"/>
   <trkpt lat="47.1026370" lon="7.2146970"/>
   <trkpt lat="47.1026100" lon="7.2146700"/>
   <trkpt lat="47.1025850" lon="7.2146480"/>
   <trkpt lat="47.1025610" lon="7.2146270"/>
   <trkpt lat="47.1025350" lon="7.2146020"/>
   <trkpt lat="47.1025120" lon="7.2145820"/>
   <trkpt lat="47.1024890" lon="7.2145590"/>
   <trkpt lat="47.1024640" lon="7.2145330"/>
   <trkpt lat="47.1024410" lon="7.2145130"/>
   <trkpt lat="47.1024130" lon="7.2144890"/>
   <trkpt lat="47.1023880" lon="7.2144660"/>
   <trkpt lat="47.1023670" lon="7.2144480"/>
   <trkpt lat="47.1023420" lon="7.2144280"/>
   <trkpt lat="47.1023190" lon="7.2144050"/>
   <trkpt lat="47.1022950" lon="7.2143850"/>
   <trkpt lat="47.1022700" lon="7.2143620"/>
   <trkpt lat="47.1022470" lon="7.2143400"/>
   <trkpt lat="47.1022210" lon="7.2143220"/>
   <trkpt lat="47.1021970" lon="7.2143020"/>
   <trkpt lat="47.1021740" lon="7.2142850"/>
   <trkpt lat="47.1021500" lon="7.2142660"/>
   <trkpt lat="47.1021250" lon="7.2142470"/>
   <trkpt lat="47.1021000" lon="7.2142300"/>
   <trkpt lat="47.1020720" lon="7.2142090"/>
   <trkpt lat="47.1020470" lon="7.2141870"/>
   <trkpt lat="47.1020210" lon="7.2141670"/>
   <trkpt lat="47.1019950" lon="7.2141440"/>
   <trkpt lat="47.1019710" lon="7.2141230"/>
   <trkpt lat="47.1019480" lon="7.2141050"/>
   <trkpt lat="47.1019220" lon="7.2140800"/>
   <trkpt lat="47.1019000" lon="7.2140600"/>
   <trkpt lat="47.1018730" lon="7.2140370"/>
   <trkpt lat="47.1018480" lon="7.2140110"/>
   <trkpt lat="47.1018240" lon="7.2139910"/>
   <trkpt lat="47.1017990" lon="7.2139670"/>
   <trkpt lat="47.1017770" lon="7.2139440"/>
   <trkpt lat="47.1017550" lon="7.2139250"/>
   <trkpt lat="47.1017310" lon="7.2139010"/>
   <trkpt lat="47.1017090" lon="7.2138790"/>
   <trkpt lat="47.1016870" lon="7.2138620"/>
   <trkpt lat="47.1016620" lon="7.2138410"/>
   <trkpt lat="47.1016410" lon="7.2138240"/>
   <trkpt lat="47.1016180" lon="7.2138040"/>
   <trkpt lat="47.1015950" lon="7.2137830"/>
   <trkpt lat="47.1015730" lon="7.2137620"/>
   <trkpt lat="47.1015480" lon="7.2137420"/>
   <trkpt lat="47.1015250" lon="7.2137200"/>
   <trkpt lat="47.1015030" lon="7.2137010"/>
   <trkpt lat="47.1014780" lon="7.2136800"/>
   <trkpt lat="47.1014550" lon="7.2136570"/>
   <trkpt lat="47.1014320" lon="7.2136380"/>
   <trkpt lat="47.1014090" lon="7.2136150"/>
   <trkpt lat="47.1013890" lon="7.2135940"/>
   <trkpt lat="47.1013680" lon="7.2135730"/>
   <trkpt lat="47.1013470" lon="7.2135490"/>
   <trkpt lat="47.1013270" lon="7.2135280"/>
   <trkpt lat="47.1013030" lon="7.2135060"/>
   <trkpt lat="47.1012800" lon="7.2134830"/>
   <trkpt lat="47.1012560" lon="7.2134650"/>
   <trkpt lat="47.1012260" lon="7.2134400"/>
   <trkpt lat="47.1012010" lon="7.2134170"/>
   <trkpt lat="47.1011770" lon="7.2133970"/>
   <trkpt lat="47.1011520" lon="7.2133740"/>
   <trkpt lat="47.1011300" lon="7.2133510"/>
   <trkpt lat="47.1011080" lon="7.2133330"/>
   <trkpt lat="47.1010840" lon="7.2133140"/>
   <trkpt lat="47.1010630" lon="7.2132950"/>
   <trkpt lat="47.1010390" lon="7.2132760"/>
   <trkpt lat="47.1010150" lon="7.2132570"/>
   <trkpt lat="47.1009930" lon="7.2132400"/>
   <trkpt lat="47.1009690" lon="7.2132250"/>
   <trkpt lat="47.1009430" lon="7.2132070"/>
   <trkpt lat="47.1009190" lon="7.2131920"/>
   <trkpt lat="47.1008950" lon="7.2131770"/>
   <trkpt lat="47.1008700" lon="7.2131570"/>
   <trkpt lat="47.1008470" lon="7.2131410"/>
   <trkpt lat="47.1008210" lon="7.2131220"/>
   <trkpt lat="47.1007950" lon="7.2131030"/>
   <trkpt lat="47.1007720" lon="7.2130890"/>
   <trkpt lat="47.1007490" lon="7.2130720"/>
   <trkpt lat="47.1007250" lon="7.2130530"/>
   <trkpt lat="47.1007030" lon="7.2130410"/>
   <trkpt lat="47.1006790" lon="7.2130230"/>
   <trkpt lat="47.1006570" lon="7.2130080"/>
   <trkpt lat="47.1006360" lon="7.2129930"/>
   <trkpt lat="47.1006130" lon="7.2129770"/>
   <trkpt lat="47.1005910" lon="7.2129610"/>
   <trkpt lat="47.1005700" lon="7.2129470"/>
   <trkpt lat="47.1005480" lon="7.2129300"/>
   <trkpt lat="47.1005280" lon="7.2129130"/>
   <trkpt lat="47.1005050" lon="7.2128970"/>
   <trkpt lat="47.1004810" lon="7.2128780"/>
   <trkpt lat="47.1004580" lon="7.2128650"/>
   <trkpt lat="47.1004310" lon="7.2128480"/>
   <trkpt lat="47.1004030" lon="7.2128270"/>
   <trkpt lat="47.1003770" lon="7.2128080"/>
   <trkpt lat="47.1003510" lon="7.2127840"/>
   <trkpt lat="47.1003290" lon="7.2127600"/>
   <trkpt lat="47.1003070" lon="7.2127470"/>
   <trkpt lat="47.1002820" lon="7.2127250"/>
   <trkpt lat="47.1002650" lon="7.2127070"/>
   <trkpt lat="47.1002500" lon="7.2126920"/>
   <trkpt lat="47.1002300" lon="7.2126730"/>
   <trkpt lat="47.1002120" lon="7.2126600"/>
   <trkpt lat="47.1001900" lon="7.2126440"/>
   <trkpt lat="47.1001680" lon="7.2126210"/>
   <trkpt lat="47.1001430" lon="7.2125980"/>
   <trkpt lat="47.1001160" lon="7.2125790"/>
   <trkpt lat="47.1000900" lon="7.2125570"/>
   <trkpt lat="47.1000710" lon="7.2125400"/>
   <trkpt lat="47.1000480" lon="7.2125200"/>
   <trkpt lat="47.1000260" lon="7.2124990"/>
   <trkpt lat="47.1000050" lon="7.2124790"/>
   <trkpt lat="47.0999800" lon="7.2124570"/>
   <trkpt lat="47.0999600" lon="7.2124310"/>
   <trkpt lat="47.0999420" lon="7.2124110"/>
   <trkpt lat="47.0999220" lon="7.2123900"/>
   <trkpt lat="47.0999000" lon="7.2123720"/>
   <trkpt lat="47.0998810" lon="7.2123590"/>
   <trkpt lat="47.0998570" lon="7.2123440"/>
   <trkpt lat="47.0998380" lon="7.2123250"/>
   <trkpt lat="47.0998190" lon="7.2123040"/>
   <trkpt lat="47.0998020" lon="7.2122790"/>
   <trkpt lat="47.0997800" lon="7.2122600"/>
   <trkpt lat="47.0997540" lon="7.2122400"/>
   <trkpt lat="47.0997290" lon="7.2122160"/>
   <trkpt lat="47.0997050" lon="7.2121970"/>
   <trkpt lat="47.0996800" lon="7.2121770"/>
   <trkpt lat="47.0996550" lon="7.2121550"/>
   <trkpt lat="47.0996240" lon="7.2121360"/>
   <trkpt lat="47.0995980" lon="7.2121130"/>
   <trkpt lat="47.0995740" lon="7.2120880"/>
   <trkpt lat="47.0995510" lon="7.2120690"/>
   <trkpt lat="47.0995230" lon="7.2120440"/>
   <trkpt lat="47.0995000" lon="7.2120260"/>
   <trkpt lat="47.0994750" lon="7.2120070"/>
   <trkpt lat="47.0994490" lon="7.2119870"/>
   <trkpt lat="47.0994240" lon="7.2119760"/>
   <trkpt lat="47.0993960" lon="7.2119610"/>
   <trkpt lat="47.0993700" lon="7.2119430"/>
   <trkpt lat="47.0993450" lon="7.2119270"/>
   <trkpt lat="47.0993170" lon="7.2119100"/>
   <trkpt lat="47.0992910" lon="7.2118950"/>
   <trkpt lat="47.0992670" lon="7.2118830"/>
   <trkpt lat="47.0992400" lon="7.2118640"/>
   <trkpt lat="47.0992160" lon="7.2118520"/>
   <trkpt lat="47.0991930" lon="7.2118390"/>
   <trkpt lat="47.0991670" lon="7.2118200"/>
   <trkpt lat="47.0991430" lon="7.2118050"/>
   <trkpt lat="47.0991180" lon="7.2117860"/>
   <trkpt lat="47.0990930" lon="7.2117650"/>
   <trkpt lat="47.0990700" lon="7.2117460"/>
   <trkpt lat="47.0990470" lon="7.2117260"/>
   <trkpt lat="47.0990220" lon="7.2117080"/>
   <trkpt lat="47.0990010" lon="7.2116930"/>
   <trkpt lat="47.0989780" lon="7.2116760"/>
   <trkpt lat="47.0989550" lon="7.2116620"/>
   <trkpt lat="47.0989320" lon="7.2116530"/>
   <trkpt lat="47.0989110" lon="7.2116300"/>
   <trkpt lat="47.0988880" lon="7.2116100"/>
   <trkpt lat="47.0988680" lon="7.2115970"/>
   <trkpt lat="47.0988440" lon="7.2115770"/>
   <trkpt lat="47.0988200" lon="7.2115630"/>
   <trkpt lat="47.0987980" lon="7.2115490"/>
   <trkpt lat="47.0987750" lon="7.2115330"/>
   <trkpt lat="47.0987520" lon="7.2115150"/>
   <trkpt lat="47.0987280" lon="7.2115010"/>
   <trkpt lat="47.0987020" lon="7.2114820"/>
   <trkpt lat="47.0986770" lon="7.2114630"/>
   <trkpt lat="47.0986530" lon="7.2114480"/>
   <trkpt lat="47.0986300" lon="7.2114230"/>
   <trkpt lat="47.0986070" lon="7.2114010"/>
   <trkpt lat="47.0985840" lon="7.2113850"/>
   <trkpt lat="47.0985570" lon="7.2113650"/>
   <trkpt lat="47.0985370" lon="7.2113470"/>
   <trkpt lat="47.0985130" lon="7.2113250"/>
   <trkpt lat="47.0984920" lon="7.2113030"/>
   <trkpt lat="47.0984730" lon="7.2112830"/>
   <trkpt lat="47.0984470" lon="7.2112670"/>
   <trkpt lat="47.0984270" lon="7.2112460"/>
   <trkpt lat="47.0984060" lon="7.2112310"/>
   <trkpt lat="47.0983810" lon="7.2112110"/>
   <trkpt lat="47.0983580" lon="7.2111930"/>
   <trkpt lat="47.0983310" lon="7.2111780"/>
   <trkpt lat="47.0983030" lon="7.2111550"/>
   <trkpt lat="47.0982800" lon="7.2111400"/>
   <trkpt lat="47.0982550" lon="7.2111230"/>
   <trkpt lat="47.0982310" lon="7.2111030"/>
   <trkpt lat="47.0982080" lon="7.2110850"/>
   <trkpt lat="47.0981850" lon="7.2110650"/>
   <trkpt lat="47.0981580" lon="7.2110410"/>
   <trkpt lat="47.0981370" lon="7.2110260"/>
   <trkpt lat="47.0981150" lon="7.2110130"/>
   <trkpt lat="47.0980910" lon="7.2109900"/>
   <trkpt lat="47.0980710" lon="7.2109720"/>
   <trkpt lat="47.0980540" lon="7.2109500"/>
   <trkpt lat="47.0980320" lon="7.2109250"/>
   <trkpt lat="47.0980140" lon="7.2109090"/>
   <trkpt lat="47.0979930" lon="7.2108870"/>
   <trkpt lat="47.0979700" lon="7.2108600"/>
   <trkpt lat="47.0979490" lon="7.2108380"/>
   <trkpt lat="47.0979290" lon="7.2108170"/>
   <trkpt lat="47.0979090" lon="7.2107910"/>
   <trkpt lat="47.0978910" lon="7.2107690"/>
   <trkpt lat="47.0978730" lon="7.2107490"/>
   <trkpt lat="47.0978540" lon="7.2107240"/>
   <trkpt lat="47.0978320" lon="7.2107020"/>
   <trkpt lat="47.0978140" lon="7.2106830"/>
   <trkpt lat="47.0977920" lon="7.2106620"/>
   <trkpt lat="47.0977690" lon="7.2106440"/>
   <trkpt lat="47.0977440" lon="7.2106210"/>
   <trkpt lat="47.0977240" lon="7.2105980"/>
   <trkpt lat="47.0977030" lon="7.2105800"/>
   <trkpt lat="47.0976770" lon="7.2105470"/>
   <trkpt lat="47.0976570" lon="7.2105250"/>
   <trkpt lat="47.0976340" lon="7.2105030"/>
   <trkpt lat="47.0976070" lon="7.2104730"/>
   <trkpt lat="47.0975850" lon="7.2104530"/>
   <trkpt lat="47.0975620" lon="7.2104320"/>
   <trkpt lat="47.0975410" lon="7.2104140"/>
   <trkpt lat="47.0975220" lon="7.2103970"/>
   <trkpt lat="47.0975000" lon="7.2103790"/>
   <trkpt lat="47.0974740" lon="7.2103590"/>
   <trkpt lat="47.0974520" lon="7.2103430"/>
   <trkpt lat="47.0974340" lon="7.2103270"/>
   <trkpt lat="47.0974180" lon="7.2103000"/>
   <trkpt lat="47.0974010" lon="7.2102750"/>
   <trkpt lat="47.0973880" lon="7.2102460"/>
   <trkpt lat="47.0973690" lon="7.2102180"/>
   <trkpt lat="47.0973490" lon="7.2101960"/>
   <trkpt lat="47.0973260" lon="7.2101650"/>
   <trkpt lat="47.0973000" lon="7.2101390"/>
   <trkpt lat="47.0972820" lon="7.2101120"/>
   <trkpt lat="47.0972600" lon="7.2100870"/>
   <trkpt lat="47.0972370" lon="7.2100600"/>
   <trkpt lat="47.0972170" lon="7.2100340"/>
   <trkpt lat="47.0971990" lon="7.2100080"/>
   <trkpt lat="47.0971770" lon="7.2099790"/>
   <trkpt lat="47.0971520" lon="7.2099480"/>
   <trkpt lat="47.0971270" lon="7.2099220"/>
   <trkpt lat="47.0971040" lon="7.2098940"/>
   <trkpt lat="47.0970780" lon="7.2098630"/>
   <trkpt lat="47.0970550" lon="7.2098360"/>
   <trkpt lat="47.0970290" lon="7.2098060"/>
   <trkpt lat="47.0970040" lon="7.2097820"/>
   <trkpt lat="47.0969790" lon="7.2097580"/>
   <trkpt lat="47.0969530" lon="7.2097260"/>
   <trkpt lat="47.0969280" lon="7.2096960"/>
   <trkpt lat="47.0969090" lon="7.2096680"/>
   <trkpt lat="47.0968900" lon="7.2096390"/>
   <trkpt lat="47.0968660" lon="7.2096190"/>
   <trkpt lat="47.0968440" lon="7.2095980"/>
   <trkpt lat="47.0968250" lon="7.2095780"/>
   <trkpt lat="47.0968030" lon="7.2095580"/>
   <trkpt lat="47.0967800" lon="7.2095280"/>
   <trkpt lat="47.0967490" lon="7.2094960"/>
   <trkpt lat="47.0967170" lon="7.2094670"/>
   <trkpt lat="47.0966880" lon="7.2094350"/>
   <trkpt lat="47.0966630" lon="7.2094060"/>
   <trkpt lat="47.0966360" lon="7.2093820"/>
   <trkpt lat="47.0966080" lon="7.2093550"/>
   <trkpt lat="47.0965840" lon="7.2093370"/>
   <trkpt lat="47.0965550" lon="7.2093180"/>
   <trkpt lat="47.0965280" lon="7.2092950"/>
   <trkpt lat="47.0965020" lon="7.2092770"/>
   <trkpt lat="47.0964730" lon="7.2092580"/>
   <trkpt lat="47.0964460" lon="7.2092390"/>
   <trkpt lat="47.0964180" lon="7.2092220"/>
   <trkpt lat="47.0963890" lon="7.2092010"/>
   <trkpt lat="47.0963620" lon="7.2091880"/>
   <trkpt lat="47.0963370" lon="7.2091710"/>
   <trkpt lat="47.0963110" lon="7.2091510"/>
   <trkpt lat="47.0962830" lon="7.2091350"/>
   <trkpt lat="47.0962530" lon="7.2091200"/>
   <trkpt lat="47.0962250" lon="7.2091010"/>
   <trkpt lat="47.0961950" lon="7.2090880"/>
   <trkpt lat="47.0961610" lon="7.2090710"/>
   <trkpt lat="47.0961300" lon="7.2090610"/>
   <trkpt lat="47.0961030" lon="7.2090420"/>
   <trkpt lat="47.0960840" lon="7.2090090"/>
   <trkpt lat="47.0960760" lon="7.2089780"/>
   <trkpt lat="47.0960780" lon="7.2089320"/>
   <trkpt lat="47.0960890" lon="7.2088870"/>
   <trkpt lat="47.0961040" lon="7.2088510"/>
   <trkpt lat="47.0961190" lon="7.2088030"/>
   <trkpt lat="47.0961340" lon="7.2087560"/>
   <trkpt lat="47.0961490" lon="7.2087170"/>
   <trkpt lat="47.0961620" lon="7.2086710"/>
   <trkpt lat="47.0961740" lon="7.2086250"/>
   <trkpt lat="47.0961810" lon="7.2085830"/>
   <trkpt lat="47.0961860" lon="7.2085450"/>
   <trkpt lat="47.0961860" lon="7.2085040"/>
   <trkpt lat="47.0961810" lon="7.2084570"/>
   <trkpt lat="47.0961780" lon="7.2083990"/>
   <trkpt lat="47.0961720" lon="7.2083600"/>
   <trkpt lat="47.0961690" lon="7.2083190"/>
   <trkpt lat="47.0961680" lon="7.2082710"/>
   <trkpt lat="47.0961650" lon="7.2082410"/>
   <trkpt lat="47.0961610" lon="7.2082040"/>
   <trkpt lat="47.0961590" lon="7.2081550"/>
   <trkpt lat="47.0961550" lon="7.2081190"/>
   <trkpt lat="47.0961510" lon="7.2080800"/>
   <trkpt lat="47.0961500" lon="7.2080330"/>
   <trkpt lat="47.0961470" lon="7.2079960"/>
   <trkpt lat="47.0961470" lon="7.2079530"/>
   <trkpt lat="47.0961480" lon="7.2079030"/>
   <trkpt lat="47.0961470" lon="7.2078620"/>
   <trkpt lat="47.0961470" lon="7.2078170"/>
   <trkpt lat="47.0961460" lon="7.2077700"/>
   <trkpt lat="47.0961410" lon="7.2077290"/>
   <trkpt lat="47.0961330" lon="7.2076770"/>
   <trkpt lat="47.0961250" lon="7.2076330"/>
   <trkpt lat="47.0961170" lon="7.2075940"/>
   <trkpt lat="47.0961110" lon="7.2075460"/>
   <trkpt lat="47.0961040" lon="7.2075030"/>
   <trkpt lat="47.0960950" lon="7.2074620"/>
   <trkpt lat="47.0960880" lon="7.2074160"/>
   <trkpt lat="47.0960800" lon="7.2073780"/>
   <trkpt lat="47.0960710" lon="7.2073360"/>
   <trkpt lat="47.0960640" lon="7.2072970"/>
   <trkpt lat="47.0960500" lon="7.2072640"/>
   <trkpt lat="47.0960360" lon="7.2072210"/>
   <trkpt lat="47.0960220" lon="7.2071900"/>
   <trkpt lat="47.0960030" lon="7.2071490"/>
   <trkpt lat="47.0959830" lon="7.2071080"/>
   <trkpt lat="47.0959670" lon="7.2070680"/>
   <trkpt lat="47.0959440" lon="7.2070260"/>
   <trkpt lat="47.0959250" lon="7.2069900"/>
   <trkpt lat="47.0959030" lon="7.2069600"/>
   <trkpt lat="47.0958790" lon="7.2069230"/>
   <trkpt lat="47.0958610" lon="7.2068870"/>
   <trkpt lat="47.0958410" lon="7.2068610"/>
   <trkpt lat="47.0958180" lon="7.2068280"/>
   <trkpt lat="47.0957990" lon="7.2068000"/>
   <trkpt lat="47.0957800" lon="7.2067760"/>
   <trkpt lat="47.0957590" lon="7.2067440"/>
   <trkpt lat="47.0957400" lon="7.2067160"/>
   <trkpt lat="47.0957160" lon="7.2066840"/>
   <trkpt lat="47.0956970" lon="7.2066510"/>
   <trkpt lat="47.0956790" lon="7.2066260"/>
   <trkpt lat="47.0956570" lon="7.2065930"/>
   <trkpt lat="47.0956350" lon="7.2065600"/>
   <trkpt lat="47.0956140" lon="7.2065330"/>
   <trkpt lat="47.0955930" lon="7.2064990"/>
   <trkpt lat="47.0955740" lon="7.2064710"/>
   <trkpt lat="47.0955540" lon="7.2064400"/>
   <trkpt lat="47.0955320" lon="7.2064010"/>
   <trkpt lat="47.0955140" lon="7.2063700"/>
   <trkpt lat="47.0954930" lon="7.2063390"/>
   <trkpt lat="47.0954710" lon="7.2063090"/>
   <trkpt lat="47.0954510" lon="7.2062860"/>
   <trkpt lat="47.0954280" lon="7.2062520"/>
   <trkpt lat="47.0954100" lon="7.2062210"/>
   <trkpt lat="47.0953910" lon="7.2061920"/>
   <trkpt lat="47.0953710" lon="7.2061560"/>
   <trkpt lat="47.0953530" lon="7.2061240"/>
   <trkpt lat="47.0953350" lon="7.2060940"/>
   <trkpt lat="47.0953140" lon="7.2060600"/>
   <trkpt lat="47.0952940" lon="7.2060270"/>
   <trkpt lat="47.0952750" lon="7.2060000"/>
   <trkpt lat="47.0952550" lon="7.2059670"/>
   <trkpt lat="47.0952320" lon="7.2059410"/>
   <trkpt lat="47.0952090" lon="7.2059150"/>
   <trkpt lat="47.0951870" lon="7.2058860"/>
   <trkpt lat="47.0951670" lon="7.2058630"/>
   <trkpt lat="47.0951440" lon="7.2058410"/>
   <trkpt lat="47.0951220" lon="7.2058160"/>
   <trkpt lat="47.0951010" lon="7.2057970"/>
   <trkpt lat="47.0950760" lon="7.2057710"/>
   <trkpt lat="47.0950520" lon="7.2057450"/>
   <trkpt lat="47.0950310" lon="7.2057240"/>
   <trkpt lat="47.0950060" lon="7.2056980"/>
   <trkpt lat="47.0949820" lon="7.2056740"/>
   <trkpt lat="47.0949580" lon="7.2056500"/>
   <trkpt lat="47.0949330" lon="7.2056200"/>
   <trkpt lat="47.0949120" lon="7.2055950"/>
   <trkpt lat="47.0948880" lon="7.2055730"/>
   <trkpt lat="47.0948620" lon="7.2055480"/>
   <trkpt lat="47.0948390" lon="7.2055290"/>
   <trkpt lat="47.0948130" lon="7.2055060"/>
   <trkpt lat="47.0947890" lon="7.2054820"/>
   <trkpt lat="47.0947660" lon="7.2054630"/>
   <trkpt lat="47.0947410" lon="7.2054400"/>
   <trkpt lat="47.0947190" lon="7.2054150"/>
   <trkpt lat="47.0946980" lon="7.2053940"/>
   <trkpt lat="47.0946720" lon="7.2053660"/>
   <trkpt lat="47.0946470" lon="7.2053440"/>
   <trkpt lat="47.0946190" lon="7.2053250"/>
   <trkpt lat="47.0945890" lon="7.2053090"/>
   <trkpt lat="47.0945580" lon="7.2053040"/>
   <trkpt lat="47.0945300" lon="7.2052990"/>
   <trkpt lat="47.0945000" lon="7.2052880"/>
   <trkpt lat="47.0944750" lon="7.2052840"/>
   <trkpt lat="47.0944460" lon="7.2052810"/>
   <trkpt lat="47.0944150" lon="7.2052760"/>
   <trkpt lat="47.0943860" lon="7.2052700"/>
   <trkpt lat="47.0943600" lon="7.2052630"/>
   <trkpt lat="47.0943330" lon="7.2052530"/>
   <trkpt lat="47.0943070" lon="7.2052430"/>
   <trkpt lat="47.0942780" lon="7.2052320"/>
   <trkpt lat="47.0942510" lon="7.2052240"/>
   <trkpt lat="47.0942250" lon="7.2052180"/>
   <trkpt lat="47.0941980" lon="7.2052110"/>
   <trkpt lat="47.0941730" lon="7.2052020"/>
   <trkpt lat="47.0941450" lon="7.2051950"/>
   <trkpt lat="47.0941180" lon="7.2051870"/>
   <trkpt lat="47.0940910" lon="7.2051800"/>
   <trkpt lat="47.0940630" lon="7.2051720"/>
   <trkpt lat="47.0940330" lon="7.2051620"/>
   <trkpt lat="47.0940040" lon="7.2051540"/>
   <trkpt lat="47.0939750" lon="7.2051440"/>
   <trkpt lat="47.0939480" lon="7.2051320"/>
   <trkpt lat="47.0939240" lon="7.2051220"/>
   <trkpt lat="47.0938980" lon="7.2051100"/>
   <trkpt lat="47.0938710" lon="7.2050980"/>
   <trkpt lat="47.0938440" lon="7.2050850"/>
   <trkpt lat="47.0938160" lon="7.2050710"/>
   <trkpt lat="47.0937870" lon="7.2050580"/>
   <trkpt lat="47.0937600" lon="7.2050460"/>
   <trkpt lat="47.0937350" lon="7.2050360"/>
   <trkpt lat="47.0937140" lon="7.2050280"/>
   <trkpt lat="47.0936900" lon="7.2050200"/>
   <trkpt lat="47.0936660" lon="7.2050110"/>
   <trkpt lat="47.0936410" lon="7.2050020"/>
   <trkpt lat="47.0936150" lon="7.2049930"/>
   <trkpt lat="47.0935860" lon="7.2049840"/>
   <trkpt lat="47.0935590" lon="7.2049770"/>
   <trkpt lat="47.0935330" lon="7.2049690"/>
   <trkpt lat="47.0935040" lon="7.2049590"/>
   <trkpt lat="47.0934780" lon="7.2049540"/>
   <trkpt lat="47.0934500" lon="7.2049450"/>
   <trkpt lat="47.0934210" lon="7.2049350"/>
   <trkpt lat="47.0933950" lon="7.2049270"/>
   <trkpt lat="47.0933640" lon="7.2049170"/>
   <trkpt lat="47.0933340" lon="7.2049070"/>
   <trkpt lat="47.0933050" lon="7.2048970"/>
   <trkpt lat="47.0932750" lon="7.2048850"/>
   <trkpt lat="47.0932470" lon="7.2048740"/>
   <trkpt lat="47.0932190" lon="7.2048640"/>
   <trkpt lat="47.0931920" lon="7.2048520"/>
   <trkpt lat="47.0931660" lon="7.2048410"/>
   <trkpt lat="47.0931380" lon="7.2048260"/>
   <trkpt lat="47.0931120" lon="7.2048160"/>
   <trkpt lat="47.0930850" lon="7.2048070"/>
   <trkpt lat="47.0930580" lon="7.2047920"/>
   <trkpt lat="47.0930310" lon="7.2047780"/>
   <trkpt lat="47.0930010" lon="7.2047650"/>
   <trkpt lat="47.0929710" lon="7.2047470"/>
   <trkpt lat="47.0929460" lon="7.2047320"/>
   <trkpt lat="47.0929200" lon="7.2047150"/>
   <trkpt lat="47.0928960" lon="7.2046980"/>
   <trkpt lat="47.0928740" lon="7.2046830"/>
   <trkpt lat="47.0928480" lon="7.2046690"/>
   <trkpt lat="47.0928230" lon="7.2046560"/>
   <trkpt lat="47.0927960" lon="7.2046420"/>
   <trkpt lat="47.0927670" lon="7.2046290"/>
   <trkpt lat="47.0927400" lon="7.2046150"/>
   <trkpt lat="47.0927090" lon="7.2046020"/>
   <trkpt lat="47.0926750" lon="7.2045880"/>
   <trkpt lat="47.0926470" lon="7.2045870"/>
   <trkpt lat="47.0926120" lon="7.2045780"/>
   <trkpt lat="47.0925830" lon="7.2045650"/>
   <trkpt lat="47.0925560" lon="7.2045570"/>
   <trkpt lat="47.0925260" lon="7.2045380"/>
   <trkpt lat="47.0924990" lon="7.2045200"/>
   <trkpt lat="47.0924780" lon="7.2045060"/>
   <trkpt lat="47.0924520" lon="7.2044920"/>
   <trkpt lat="47.0924280" lon="7.2044800"/>
   <trkpt lat="47.0924040" lon="7.2044690"/>
   <trkpt lat="47.0923740" lon="7.2044590"/>
   <trkpt lat="47.0923430" lon="7.2044600"/>
   <trkpt lat="47.0923160" lon="7.2044590"/>
   <trkpt lat="47.0922880" lon="7.2044600"/>
   <trkpt lat="47.0922560" lon="7.2044610"/>
   <trkpt lat="47.0922240" lon="7.2044580"/>
   <trkpt lat="47.0921990" lon="7.2044570"/>
   <trkpt lat="47.0921690" lon="7.2044530"/>
   <trkpt lat="47.0921400" lon="7.2044440"/>
   <trkpt lat="47.0921130" lon="7.2044370"/>
   <trkpt lat="47.0920820" lon="7.2044330"/>
   <trkpt lat="47.0920490" lon="7.2044230"/>
   <trkpt lat="47.0920210" lon="7.2044180"/>
   <trkpt lat="47.0919880" lon="7.2044170"/>
   <trkpt lat="47.0919570" lon="7.2044180"/>
   <trkpt lat="47.0919310" lon="7.2044210"/>
   <trkpt lat="47.0919010" lon="7.2044250"/>
   <trkpt lat="47.0918750" lon="7.2044240"/>
   <trkpt lat="47.0918460" lon="7.2044280"/>
   <trkpt lat="47.0918160" lon="7.2044240"/>
   <trkpt lat="47.0917870" lon="7.2044260"/>
   <trkpt lat="47.0917570" lon="7.2044280"/>
   <trkpt lat="47.0917250" lon="7.2044300"/>
   <trkpt lat="47.0916980" lon="7.2044320"/>
   <trkpt lat="47.0916650" lon="7.2044330"/>
   <trkpt lat="47.0916390" lon="7.2044270"/>
   <trkpt lat="47.0916090" lon="7.2044260"/>
   <trkpt lat="47.0915750" lon="7.2044250"/>
   <trkpt lat="47.0915480" lon="7.2044230"/>
   <trkpt lat="47.0915210" lon="7.2044210"/>
   <trkpt lat="47.0914930" lon="7.2044150"/>
   <trkpt lat="47.0914690" lon="7.2044120"/>
   <trkpt lat="47.0914380" lon="7.2044050"/>
   <trkpt lat="47.0914110" lon="7.2043990"/>
   <trkpt lat="47.0913850" lon="7.2043990"/>
   <trkpt lat="47.0913540" lon="7.2044000"/>
   <trkpt lat="47.0913280" lon="7.2044010"/>
   <trkpt lat="47.0913000" lon="7.2044050"/>
   <trkpt lat="47.0912690" lon="7.2044090"/>
   <trkpt lat="47.0912430" lon="7.2044150"/>
   <trkpt lat="47.0912160" lon="7.2044250"/>
   <trkpt lat="47.0911880" lon="7.2044400"/>
   <trkpt lat="47.0911660" lon="7.2044550"/>
   <trkpt lat="47.0911380" lon="7.2044800"/>
   <trkpt lat="47.0911130" lon="7.2044960"/>
   <trkpt lat="47.0910880" lon="7.2045150"/>
   <trkpt lat="47.0910570" lon="7.2045380"/>
   <trkpt lat="47.0910320" lon="7.2045590"/>
   <trkpt lat="47.0910040" lon="7.2045820"/>
   <trkpt lat="47.0909780" lon="7.2045990"/>
   <trkpt lat="47.0909570" lon="7.2046110"/>
   <trkpt lat="47.0909320" lon="7.2046290"/>
   <trkpt lat="47.0909080" lon="7.2046450"/>
   <trkpt lat="47.0908880" lon="7.2046630"/>
   <trkpt lat="47.0908620" lon="7.2046800"/>
   <trkpt lat="47.0908370" lon="7.2047000"/>
   <trkpt lat="47.0908160" lon="7.2047220"/>
   <trkpt lat="47.0907910" lon="7.2047520"/>
   <trkpt lat="47.0907660" lon="7.2047790"/>
   <trkpt lat="47.0907410" lon="7.2048130"/>
   <trkpt lat="47.0907160" lon="7.2048490"/>
   <trkpt lat="47.0906980" lon="7.2048800"/>
   <trkpt lat="47.0906780" lon="7.2049100"/>
   <trkpt lat="47.0906570" lon="7.2049370"/>
   <trkpt lat="47.0906380" lon="7.2049610"/>
   <trkpt lat="47.0906200" lon="7.2049840"/>
   <trkpt lat="47.0906000" lon="7.2050060"/>
   <trkpt lat="47.0905830" lon="7.2050280"/>
   <trkpt lat="47.0905650" lon="7.2050540"/>
   <trkpt lat="47.0905460" lon="7.2050820"/>
   <trkpt lat="47.0905260" lon="7.2051070"/>
   <trkpt lat="47.0905020" lon="7.2051380"/>
   <trkpt lat="47.0904790" lon="7.2051660"/>
   <trkpt lat="47.0904560" lon="7.2051950"/>
   <trkpt lat="47.0904310" lon="7.2052250"/>
   <trkpt lat="47.0904110" lon="7.2052510"/>
   <trkpt lat="47.0903870" lon="7.2052730"/>
   <trkpt lat="47.0903620" lon="7.2052950"/>
   <trkpt lat="47.0903380" lon="7.2053170"/>
   <trkpt lat="47.0903130" lon="7.2053350"/>
   <trkpt lat="47.0902870" lon="7.2053520"/>
   <trkpt lat="47.0902570" lon="7.2053690"/>
   <trkpt lat="47.0902280" lon="7.2053850"/>
   <trkpt lat="47.0902050" lon="7.2054070"/>
   <trkpt lat="47.0901730" lon="7.2054280"/>
   <trkpt lat="47.0901460" lon="7.2054440"/>
   <trkpt lat="47.0901250" lon="7.2054630"/>
   <trkpt lat="47.0900960" lon="7.2054790"/>
   <trkpt lat="47.0900710" lon="7.2054900"/>
   <trkpt lat="47.0900470" lon="7.2054970"/>
   <trkpt lat="47.0900180" lon="7.2055010"/>
   <trkpt lat="47.0899920" lon="7.2055050"/>
   <trkpt lat="47.0899670" lon="7.2055090"/>
   <trkpt lat="47.0899400" lon="7.2055110"/>
   <trkpt lat="47.0899150" lon="7.2055090"/>
   <trkpt lat="47.0898840" lon="7.2055080"/>
   <trkpt lat="47.0898520" lon="7.2055010"/>
   <trkpt lat="47.0898250" lon="7.2054980"/>
   <trkpt lat="47.0897960" lon="7.2054960"/>
   <trkpt lat="47.0897700" lon="7.2054960"/>
   <trkpt lat="47.0897430" lon="7.2055010"/>
   <trkpt lat="47.0897130" lon="7.2055020"/>
   <trkpt lat="47.0896860" lon="7.2055020"/>
   <trkpt lat="47.0896580" lon="7.2055050"/>
   <trkpt lat="47.0896250" lon="7.2055080"/>
   <trkpt lat="47.0896020" lon="7.2055160"/>
   <trkpt lat="47.0895750" lon="7.2055210"/>
   <trkpt lat="47.0895480" lon="7.2055190"/>
   <trkpt lat="47.0895230" lon="7.2055220"/>
   <trkpt lat="47.0894890" lon="7.2055240"/>
   <trkpt lat="47.0894580" lon="7.2055280"/>
   <trkpt lat="47.0894350" lon="7.2055320"/>
   <trkpt lat="47.0894050" lon="7.2055330"/>
   <trkpt lat="47.0893820" lon="7.2055340"/>
   <trkpt lat="47.0893550" lon="7.2055350"/>
   <trkpt lat="47.0893270" lon="7.2055370"/>
   <trkpt lat="47.0893020" lon="7.2055430"/>
   <trkpt lat="47.0892720" lon="7.2055490"/>
   <trkpt lat="47.0892480" lon="7.2055570"/>
   <trkpt lat="47.0892230" lon="7.2055700"/>
   <trkpt lat="47.0891940" lon="7.2055830"/>
   <trkpt lat="47.0891730" lon="7.2055990"/>
   <trkpt lat="47.0891470" lon="7.2056150"/>
   <trkpt lat="47.0891170" lon="7.2056270"/>
   <trkpt lat="47.0890930" lon="7.2056430"/>
   <trkpt lat="47.0890650" lon="7.2056550"/>
   <trkpt lat="47.0890400" lon="7.2056660"/>
   <trkpt lat="47.0890180" lon="7.2056780"/>
   <trkpt lat="47.0889940" lon="7.2056880"/>
   <trkpt lat="47.0889670" lon="7.2056950"/>
   <trkpt lat="47.0889400" lon="7.2057060"/>
   <trkpt lat="47.0889100" lon="7.2057160"/>
   <trkpt lat="47.0888870" lon="7.2057260"/>
   <trkpt lat="47.0888630" lon="7.2057400"/>
   <trkpt lat="47.0888360" lon="7.2057530"/>
   <trkpt lat="47.0888130" lon="7.2057620"/>
   <trkpt lat="47.0887860" lon="7.2057730"/>
   <trkpt lat="47.0887560" lon="7.2057790"/>
   <trkpt lat="47.0887300" lon="7.2057920"/>
   <trkpt lat="47.0887000" lon="7.2058040"/>
   <trkpt lat="47.0886700" lon="7.2058140"/>
   <trkpt lat="47.0886430" lon="7.2058230"/>
   <trkpt lat="47.0886100" lon="7.2058300"/>
   <trkpt lat="47.0885820" lon="7.2058390"/>
   <trkpt lat="47.0885540" lon="7.2058500"/>
   <trkpt lat="47.0885230" lon="7.2058640"/>
   <trkpt lat="47.0884960" lon="7.2058780"/>
   <trkpt lat="47.0884690" lon="7.2058910"/>
   <trkpt lat="47.0884400" lon="7.2059060"/>
   <trkpt lat="47.0884140" lon="7.2059210"/>
   <trkpt lat="47.0883850" lon="7.2059400"/>
   <trkpt lat="47.0883570" lon="7.2059540"/>
   <trkpt lat="47.0883320" lon="7.2059670"/>
   <trkpt lat="47.0883040" lon="7.2059800"/>
   <trkpt lat="47.0882730" lon="7.2059900"/>
   <trkpt lat="47.0882450" lon="7.2059960"/>
   <trkpt lat="47.0882160" lon="7.2059750"/>
   <trkpt lat="47.0881910" lon="7.2059510"/>
   <trkpt lat="47.0881690" lon="7.2059250"/>
   <trkpt lat="47.0881490" lon="7.2058790"/>
   <trkpt lat="47.0881400" lon="7.2058340"/>
   <trkpt lat="47.0881340" lon="7.2057820"/>
   <trkpt lat="47.0881350" lon="7.2057360"/>
   <trkpt lat="47.0881340" lon="7.2057010"/>
   <trkpt lat="47.0881360" lon="7.2056560"/>
   <trkpt lat="47.0881370" lon="7.2056090"/>
   <trkpt lat="47.0881350" lon="7.2055720"/>
   <trkpt lat="47.0881360" lon="7.2055270"/>
   <trkpt lat="47.0881360" lon="7.2054840"/>
   <trkpt lat="47.0881350" lon="7.2054440"/>
   <trkpt lat="47.0881380" lon="7.2053990"/>
   <trkpt lat="47.0881400" lon="7.2053600"/>
   <trkpt lat="47.0881410" lon="7.2053220"/>
   <trkpt lat="47.0881450" lon="7.2052740"/>
   <trkpt lat="47.0881460" lon="7.2052320"/>
   <trkpt lat="47.0881470" lon="7.2051910"/>
   <trkpt lat="47.0881490" lon="7.2051450"/>
   <trkpt lat="47.0881500" lon="7.2051090"/>
   <trkpt lat="47.0881500" lon="7.2050710"/>
   <trkpt lat="47.0881520" lon="7.2050250"/>
   <trkpt lat="47.0881520" lon="7.2049910"/>
   <trkpt lat="47.0881530" lon="7.2049430"/>
   <trkpt lat="47.0881590" lon="7.2049000"/>
   <trkpt lat="47.0881640" lon="7.2048660"/>
   <trkpt lat="47.0881580" lon="7.2048230"/>
   <trkpt lat="47.0881550" lon="7.2047820"/>
   <trkpt lat="47.0881500" lon="7.2047430"/>
   <trkpt lat="47.0881430" lon="7.2046960"/>
   <trkpt lat="47.0881370" lon="7.2046560"/>
   <trkpt lat="47.0881330" lon="7.2046170"/>
   <trkpt lat="47.0881270" lon="7.2045700"/>
   <trkpt lat="47.0881210" lon="7.2045350"/>
   <trkpt lat="47.0881160" lon="7.2044940"/>
   <trkpt lat="47.0881130" lon="7.2044470"/>
   <trkpt lat="47.0881060" lon="7.2044140"/>
   <trkpt lat="47.0881020" lon="7.2043710"/>
   <trkpt lat="47.0881060" lon="7.2043280"/>
   <trkpt lat="47.0881060" lon="7.2042900"/>
   <trkpt lat="47.0881070" lon="7.2042540"/>
   <trkpt lat="47.0881090" lon="7.2042140"/>
   <trkpt lat="47.0881040" lon="7.2041770"/>
   <trkpt lat="47.0880950" lon="7.2041420"/>
   <trkpt lat="47.0880790" lon="7.2041130"/>
   <trkpt lat="47.0880570" lon="7.2040910"/>
   <trkpt lat="47.0880570" lon="7.2040960"/>
   <trkpt lat="47.0880300" lon="7.2040790"/>
   <trkpt lat="47.0880260" lon="7.2040760"/>
   <trkpt lat="47.0879830" lon="7.2040700"/>
   <trkpt lat="47.0879680" lon="7.2040700"/>
   <trkpt lat="47.0879250" lon="7.2040820"/>
   <trkpt lat="47.0879300" lon="7.2040850"/>
   <trkpt lat="47.0879280" lon="7.2040910"/>
   <trkpt lat="47.0879130" lon="7.2040930"/>
   <trkpt lat="47.0878880" lon="7.2040950"/>
   <trkpt lat="47.0878610" lon="7.2041010"/>
   <trkpt lat="47.0878310" lon="7.2041090"/>
   <trkpt lat="47.0878080" lon="7.2041150"/>
   <trkpt lat="47.0877790" lon="7.2041270"/>
   <trkpt lat="47.0877550" lon="7.2041410"/>
   <trkpt lat="47.0877310" lon="7.2041550"/>
   <trkpt lat="47.0877070" lon="7.2041720"/>
   <trkpt lat="47.0876850" lon="7.2041900"/>
   <trkpt lat="47.0876620" lon="7.2042080"/>
   <trkpt lat="47.0876380" lon="7.2042260"/>
   <trkpt lat="47.0876150" lon="7.2042460"/>
   <trkpt lat="47.0875890" lon="7.2042740"/>
   <trkpt lat="47.0875620" lon="7.2042990"/>
   <trkpt lat="47.0875390" lon="7.2043310"/>
   <trkpt lat="47.0875120" lon="7.2043590"/>
   <trkpt lat="47.0874890" lon="7.2043830"/>
   <trkpt lat="47.0874620" lon="7.2044080"/>
   <trkpt lat="47.0874380" lon="7.2044210"/>
   <trkpt lat="47.0874100" lon="7.2044310"/>
   <trkpt lat="47.0873800" lon="7.2044360"/>
   <trkpt lat="47.0873460" lon="7.2044340"/>
   <trkpt lat="47.0873350" lon="7.2044330"/>
   <trkpt lat="47.0873100" lon="7.2044250"/>
   <trkpt lat="47.0872860" lon="7.2044270"/>
   <trkpt lat="47.0872590" lon="7.2044290"/>
   <trkpt lat="47.0872330" lon="7.2044300"/>
   <trkpt lat="47.0872060" lon="7.2044320"/>
   <trkpt lat="47.0871740" lon="7.2044350"/>
   <trkpt lat="47.0871450" lon="7.2044380"/>
   <trkpt lat="47.0871190" lon="7.2044410"/>
   <trkpt lat="47.0870880" lon="7.2044430"/>
   <trkpt lat="47.0870580" lon="7.2044470"/>
   <trkpt lat="47.0870260" lon="7.2044550"/>
   <trkpt lat="47.0869970" lon="7.2044600"/>
   <trkpt lat="47.0869680" lon="7.2044640"/>
   <trkpt lat="47.0869380" lon="7.2044590"/>
   <trkpt lat="47.0869100" lon="7.2044510"/>
   <trkpt lat="47.0868840" lon="7.2044480"/>
   <trkpt lat="47.0868560" lon="7.2044400"/>
   <trkpt lat="47.0868300" lon="7.2044290"/>
   <trkpt lat="47.0868040" lon="7.2044210"/>
   <trkpt lat="47.0867810" lon="7.2044150"/>
   <trkpt lat="47.0867550" lon="7.2044120"/>
   <trkpt lat="47.0867280" lon="7.2044020"/>
   <trkpt lat="47.0867020" lon="7.2043950"/>
   <trkpt lat="47.0866690" lon="7.2043870"/>
   <trkpt lat="47.0866410" lon="7.2043740"/>
   <trkpt lat="47.0866120" lon="7.2043640"/>
   <trkpt lat="47.0865820" lon="7.2043540"/>
   <trkpt lat="47.0865570" lon="7.2043510"/>
   <trkpt lat="47.0865320" lon="7.2043480"/>
   <trkpt lat="47.0865080" lon="7.2043370"/>
   <trkpt lat="47.0864810" lon="7.2043230"/>
   <trkpt lat="47.0864570" lon="7.2043130"/>
   <trkpt lat="47.0864290" lon="7.2042980"/>
   <trkpt lat="47.0864050" lon="7.2042850"/>
   <trkpt lat="47.0863780" lon="7.2042720"/>
   <trkpt lat="47.0863550" lon="7.2042550"/>
   <trkpt lat="47.0863290" lon="7.2042330"/>
   <trkpt lat="47.0863020" lon="7.2042110"/>
   <trkpt lat="47.0862780" lon="7.2041870"/>
   <trkpt lat="47.0862560" lon="7.2041660"/>
   <trkpt lat="47.0862330" lon="7.2041370"/>
   <trkpt lat="47.0862120" lon="7.2041120"/>
   <trkpt lat="47.0861880" lon="7.2040910"/>
   <trkpt lat="47.0861620" lon="7.2040700"/>
   <trkpt lat="47.0861400" lon="7.2040480"/>
   <trkpt lat="47.0861190" lon="7.2040240"/>
   <trkpt lat="47.0860960" lon="7.2039960"/>
   <trkpt lat="47.0860750" lon="7.2039710"/>
   <trkpt lat="47.0860500" lon="7.2039460"/>
   <trkpt lat="47.0860270" lon="7.2039220"/>
   <trkpt lat="47.0860040" lon="7.2038990"/>
   <trkpt lat="47.0859800" lon="7.2038660"/>
   <trkpt lat="47.0859570" lon="7.2038460"/>
   <trkpt lat="47.0859350" lon="7.2038300"/>
   <trkpt lat="47.0859120" lon="7.2038050"/>
   <trkpt lat="47.0858900" lon="7.2037790"/>
   <trkpt lat="47.0858690" lon="7.2037540"/>
   <trkpt lat="47.0858480" lon="7.2037210"/>
   <trkpt lat="47.0858310" lon="7.2036960"/>
   <trkpt lat="47.0858120" lon="7.2036670"/>
   <trkpt lat="47.0857900" lon="7.2036280"/>
   <trkpt lat="47.0857690" lon="7.2035960"/>
   <trkpt lat="47.0857440" lon="7.2035650"/>
   <trkpt lat="47.0857220" lon="7.2035410"/>
   <trkpt lat="47.0856990" lon="7.2035240"/>
   <trkpt lat="47.0856710" lon="7.2035040"/>
   <trkpt lat="47.0856470" lon="7.2034910"/>
   <trkpt lat="47.0856200" lon="7.2034810"/>
   <trkpt lat="47.0855910" lon="7.2034670"/>
   <trkpt lat="47.0855660" lon="7.2034640"/>
   <trkpt lat="47.0855380" lon="7.2034630"/>
   <trkpt lat="47.0855070" lon="7.2034580"/>
   <trkpt lat="47.0854810" lon="7.2034570"/>
   <trkpt lat="47.0854510" lon="7.2034530"/>
   <trkpt lat="47.0854240" lon="7.2034400"/>
   <trkpt lat="47.0853980" lon="7.2034370"/>
   <trkpt lat="47.0853690" lon="7.2034290"/>
   <trkpt lat="47.0853460" lon="7.2034230"/>
   <trkpt lat="47.0853210" lon="7.2034090"/>
   <trkpt lat="47.0852960" lon="7.2033860"/>
   <trkpt lat="47.0852730" lon="7.2033710"/>
   <trkpt lat="47.0852510" lon="7.2033510"/>
   <trkpt lat="47.0852290" lon="7.2033280"/>
   <trkpt lat="47.0852050" lon="7.2033110"/>
   <trkpt lat="47.0851800" lon="7.2032970"/>
   <trkpt lat="47.0851520" lon="7.2032850"/>
   <trkpt lat="47.0851270" lon="7.2032810"/>
   <trkpt lat="47.0850990" lon="7.2032830"/>
   <trkpt lat="47.0850740" lon="7.2032810"/>
   <trkpt lat="47.0850500" lon="7.2032770"/>
   <trkpt lat="47.0850220" lon="7.2032710"/>
   <trkpt lat="47.0849980" lon="7.2032610"/>
   <trkpt lat="47.0849740" lon="7.2032480"/>
   <trkpt lat="47.0849440" lon="7.2032290"/>
   <trkpt lat="47.0849220" lon="7.2032090"/>
   <trkpt lat="47.0848950" lon="7.2031890"/>
   <trkpt lat="47.0848710" lon="7.2031620"/>
   <trkpt lat="47.0848490" lon="7.2031370"/>
   <trkpt lat="47.0848260" lon="7.2031110"/>
   <trkpt lat="47.0848060" lon="7.2030830"/>
   <trkpt lat="47.0847800" lon="7.2030580"/>
   <trkpt lat="47.0847560" lon="7.2030360"/>
   <trkpt lat="47.0847340" lon="7.2030150"/>
   <trkpt lat="47.0847150" lon="7.2029980"/>
   <trkpt lat="47.0846900" lon="7.2029690"/>
   <trkpt lat="47.0846700" lon="7.2029450"/>
   <trkpt lat="47.0846480" lon="7.2029230"/>
   <trkpt lat="47.0846210" lon="7.2028960"/>
   <trkpt lat="47.0845990" lon="7.2028730"/>
   <trkpt lat="47.0845810" lon="7.2028450"/>
   <trkpt lat="47.0845620" lon="7.2028150"/>
   <trkpt lat="47.0845440" lon="7.2027830"/>
   <trkpt lat="47.0845240" lon="7.2027510"/>
   <trkpt lat="47.0845050" lon="7.2027160"/>
   <trkpt lat="47.0844870" lon="7.2026840"/>
   <trkpt lat="47.0844700" lon="7.2026520"/>
   <trkpt lat="47.0844540" lon="7.2026170"/>
   <trkpt lat="47.0844380" lon="7.2025880"/>
   <trkpt lat="47.0844200" lon="7.2025560"/>
   <trkpt lat="47.0844030" lon="7.2025260"/>
   <trkpt lat="47.0843840" lon="7.2025000"/>
   <trkpt lat="47.0843640" lon="7.2024650"/>
   <trkpt lat="47.0843490" lon="7.2024340"/>
   <trkpt lat="47.0843330" lon="7.2023990"/>
   <trkpt lat="47.0843190" lon="7.2023580"/>
   <trkpt lat="47.0843080" lon="7.2023150"/>
   <trkpt lat="47.0842990" lon="7.2022700"/>
   <trkpt lat="47.0842960" lon="7.2022290"/>
   <trkpt lat="47.0843000" lon="7.2021900"/>
   <trkpt lat="47.0842980" lon="7.2021510"/>
   <trkpt lat="47.0842960" lon="7.2021080"/>
   <trkpt lat="47.0842940" lon="7.2020680"/>
   <trkpt lat="47.0842920" lon="7.2020220"/>
   <trkpt lat="47.0842910" lon="7.2019810"/>
   <trkpt lat="47.0842880" lon="7.2019430"/>
   <trkpt lat="47.0842850" lon="7.2018980"/>
   <trkpt lat="47.0842770" lon="7.2018620"/>
   <trkpt lat="47.0842660" lon="7.2018240"/>
   <trkpt lat="47.0842530" lon="7.2017880"/>
   <trkpt lat="47.0842350" lon="7.2017580"/>
   <trkpt lat="47.0842120" lon="7.2017330"/>
   <trkpt lat="47.0841890" lon="7.2017100"/>
   <trkpt lat="47.0841650" lon="7.2016860"/>
   <trkpt lat="47.0841380" lon="7.2016650"/>
   <trkpt lat="47.0841130" lon="7.2016480"/>
   <trkpt lat="47.0840840" lon="7.2016310"/>
   <trkpt lat="47.0840550" lon="7.2016140"/>
   <trkpt lat="47.0840270" lon="7.2015980"/>
   <trkpt lat="47.0839980" lon="7.2015810"/>
   <trkpt lat="47.0839710" lon="7.2015650"/>
   <trkpt lat="47.0839480" lon="7.2015480"/>
   <trkpt lat="47.0839240" lon="7.2015280"/>
   <trkpt lat="47.0839010" lon="7.2015070"/>
   <trkpt lat="47.0838800" lon="7.2014810"/>
   <trkpt lat="47.0838590" lon="7.2014480"/>
   <trkpt lat="47.0838430" lon="7.2014140"/>
   <trkpt lat="47.0838220" lon="7.2013820"/>
   <trkpt lat="47.0838010" lon="7.2013470"/>
   <trkpt lat="47.0837800" lon="7.2013210"/>
   <trkpt lat="47.0837540" lon="7.2012940"/>
   <trkpt lat="47.0837320" lon="7.2012690"/>
   <trkpt lat="47.0837110" lon="7.2012460"/>
   <trkpt lat="47.0836880" lon="7.2012200"/>
   <trkpt lat="47.0836660" lon="7.2011940"/>
   <trkpt lat="47.0836440" lon="7.2011680"/>
   <trkpt lat="47.0836210" lon="7.2011400"/>
   <trkpt lat="47.0836010" lon="7.2011140"/>
   <trkpt lat="47.0835790" lon="7.2010880"/>
   <trkpt lat="47.0835560" lon="7.2010610"/>
   <trkpt lat="47.0835350" lon="7.2010390"/>
   <trkpt lat="47.0835060" lon="7.2010200"/>
   <trkpt lat="47.0834800" lon="7.2010020"/>
   <trkpt lat="47.0834550" lon="7.2009890"/>
   <trkpt lat="47.0834290" lon="7.2009780"/>
   <trkpt lat="47.0834060" lon="7.2009680"/>
   <trkpt lat="47.0833820" lon="7.2009610"/>
   <trkpt lat="47.0833570" lon="7.2009550"/>
   <trkpt lat="47.0833300" lon="7.2009480"/>
   <trkpt lat="47.0833030" lon="7.2009400"/>
   <trkpt lat="47.0832720" lon="7.2009350"/>
   <trkpt lat="47.0832440" lon="7.2009270"/>
   <trkpt lat="47.0832190" lon="7.2009140"/>
   <trkpt lat="47.0831960" lon="7.2008950"/>
   <trkpt lat="47.0831710" lon="7.2008730"/>
   <trkpt lat="47.0831470" lon="7.2008490"/>
   <trkpt lat="47.0831270" lon="7.2008280"/>
   <trkpt lat="47.0831030" lon="7.2008050"/>
   <trkpt lat="47.0830780" lon="7.2007840"/>
   <trkpt lat="47.0830560" lon="7.2007680"/>
   <trkpt lat="47.0830300" lon="7.2007540"/>
   <trkpt lat="47.0830030" lon="7.2007420"/>
   <trkpt lat="47.0829780" lon="7.2007280"/>
   <trkpt lat="47.0829510" lon="7.2007150"/>
   <trkpt lat="47.0829230" lon="7.2006990"/>
   <trkpt lat="47.0828960" lon="7.2006790"/>
   <trkpt lat="47.0828700" lon="7.2006490"/>
   <trkpt lat="47.0828510" lon="7.2006180"/>
   <trkpt lat="47.0828270" lon="7.2005880"/>
   <trkpt lat="47.0828020" lon="7.2005590"/>
   <trkpt lat="47.0827820" lon="7.2005300"/>
   <trkpt lat="47.0827620" lon="7.2005040"/>
   <trkpt lat="47.0827430" lon="7.2004750"/>
   <trkpt lat="47.0827260" lon="7.2004510"/>
   <trkpt lat="47.0827040" lon="7.2004220"/>
   <trkpt lat="47.0826840" lon="7.2003940"/>
   <trkpt lat="47.0826660" lon="7.2003700"/>
   <trkpt lat="47.0826450" lon="7.2003370"/>
   <trkpt lat="47.0826250" lon="7.2003090"/>
   <trkpt lat="47.0826010" lon="7.2002840"/>
   <trkpt lat="47.0825780" lon="7.2002500"/>
   <trkpt lat="47.0825570" lon="7.2002260"/>
   <trkpt lat="47.0825330" lon="7.2002000"/>
   <trkpt lat="47.0825150" lon="7.2001700"/>
   <trkpt lat="47.0824960" lon="7.2001460"/>
   <trkpt lat="47.0824700" lon="7.2001150"/>
   <trkpt lat="47.0824470" lon="7.2000860"/>
   <trkpt lat="47.0824270" lon="7.2000630"/>
   <trkpt lat="47.0824060" lon="7.2000360"/>
   <trkpt lat="47.0823850" lon="7.2000030"/>
   <trkpt lat="47.0823640" lon="7.1999810"/>
   <trkpt lat="47.0823440" lon="7.1999550"/>
   <trkpt lat="47.0823230" lon="7.1999250"/>
   <trkpt lat="47.0823040" lon="7.1999030"/>
   <trkpt lat="47.0822840" lon="7.1998770"/>
   <trkpt lat="47.0822660" lon="7.1998530"/>
   <trkpt lat="47.0822460" lon="7.1998320"/>
   <trkpt lat="47.0822210" lon="7.1998030"/>
   <trkpt lat="47.0822030" lon="7.1997740"/>
   <trkpt lat="47.0821820" lon="7.1997510"/>
   <trkpt lat="47.0821610" lon="7.1997230"/>
   <trkpt lat="47.0821410" lon="7.1996950"/>
   <trkpt lat="47.0821230" lon="7.1996740"/>
   <trkpt lat="47.0821020" lon="7.1996470"/>
   <trkpt lat="47.0820830" lon="7.1996260"/>
   <trkpt lat="47.0820610" lon="7.1996040"/>
   <trkpt lat="47.0820370" lon="7.1995720"/>
   <trkpt lat="47.0820170" lon="7.1995430"/>
   <trkpt lat="47.0819930" lon="7.1995150"/>
   <trkpt lat="47.0819700" lon="7.1994790"/>
   <trkpt lat="47.0819520" lon="7.1994560"/>
   <trkpt lat="47.0819310" lon="7.1994340"/>
   <trkpt lat="47.0819100" lon="7.1994090"/>
   <trkpt lat="47.0818910" lon="7.1993910"/>
   <trkpt lat="47.0818710" lon="7.1993680"/>
   <trkpt lat="47.0818490" lon="7.1993380"/>
   <trkpt lat="47.0818280" lon="7.1993150"/>
   <trkpt lat="47.0818030" lon="7.1992890"/>
   <trkpt lat="47.0817800" lon="7.1992580"/>
   <trkpt lat="47.0817570" lon="7.1992310"/>
   <trkpt lat="47.0817350" lon="7.1991950"/>
   <trkpt lat="47.0817160" lon="7.1991660"/>
   <trkpt lat="47.0816950" lon="7.1991370"/>
   <trkpt lat="47.0816740" lon="7.1991090"/>
   <trkpt lat="47.0816550" lon="7.1990830"/>
   <trkpt lat="47.0816360" lon="7.1990570"/>
   <trkpt lat="47.0816160" lon="7.1990280"/>
   <trkpt lat="47.0815940" lon="7.1990060"/>
   <trkpt lat="47.0815690" lon="7.1989810"/>
   <trkpt lat="47.0815480" lon="7.1989540"/>
   <trkpt lat="47.0815260" lon="7.1989300"/>
   <trkpt lat="47.0815060" lon="7.1989040"/>
   <trkpt lat="47.0814880" lon="7.1988820"/>
   <trkpt lat="47.0814670" lon="7.1988560"/>
   <trkpt lat="47.0814460" lon="7.1988270"/>
   <trkpt lat="47.0814250" lon="7.1988040"/>
   <trkpt lat="47.0813990" lon="7.1987800"/>
   <trkpt lat="47.0813760" lon="7.1987560"/>
   <trkpt lat="47.0813520" lon="7.1987320"/>
   <trkpt lat="47.0813290" lon="7.1987060"/>
   <trkpt lat="47.0813070" lon="7.1986760"/>
   <trkpt lat="47.0812830" lon="7.1986490"/>
   <trkpt lat="47.0812560" lon="7.1986170"/>
   <trkpt lat="47.0812340" lon="7.1985890"/>
   <trkpt lat="47.0812110" lon="7.1985650"/>
   <trkpt lat="47.0811870" lon="7.1985380"/>
   <trkpt lat="47.0811670" lon="7.1985090"/>
   <trkpt lat="47.0811450" lon="7.1984830"/>
   <trkpt lat="47.0811240" lon="7.1984550"/>
   <trkpt lat="47.0811020" lon="7.1984290"/>
   <trkpt lat="47.0810790" lon="7.1984010"/>
   <trkpt lat="47.0810570" lon="7.1983740"/>
   <trkpt lat="47.0810340" lon="7.1983500"/>
   <trkpt lat="47.0810070" lon="7.1983200"/>
   <trkpt lat="47.0809840" lon="7.1982940"/>
   <trkpt lat="47.0809600" lon="7.1982680"/>
   <trkpt lat="47.0809360" lon="7.1982400"/>
   <trkpt lat="47.0809150" lon="7.1982180"/>
   <trkpt lat="47.0808920" lon="7.1981930"/>
   <trkpt lat="47.0808690" lon="7.1981630"/>
   <trkpt lat="47.0808490" lon="7.1981340"/>
   <trkpt lat="47.0808250" lon="7.1981030"/>
   <trkpt lat="47.0808050" lon="7.1980800"/>
   <trkpt lat="47.0807830" lon="7.1980540"/>
   <trkpt lat="47.0807630" lon="7.1980280"/>
   <trkpt lat="47.0807410" lon="7.1980000"/>
   <trkpt lat="47.0807190" lon="7.1979730"/>
   <trkpt lat="47.0806950" lon="7.1979420"/>
   <trkpt lat="47.0806730" lon="7.1979150"/>
   <trkpt lat="47.0806480" lon="7.1978880"/>
   <trkpt lat="47.0806260" lon="7.1978600"/>
   <trkpt lat="47.0806040" lon="7.1978350"/>
   <trkpt lat="47.0805800" lon="7.1978050"/>
   <trkpt lat="47.0805610" lon="7.1977790"/>
   <trkpt lat="47.0805390" lon="7.1977530"/>
   <trkpt lat="47.0805140" lon="7.1977240"/>
   <trkpt lat="47.0804930" lon="7.1976970"/>
   <trkpt lat="47.0804690" lon="7.1976700"/>
   <trkpt lat="47.0804470" lon="7.1976440"/>
   <trkpt lat="47.0804260" lon="7.1976210"/>
   <trkpt lat="47.0804040" lon="7.1975940"/>
   <trkpt lat="47.0803830" lon="7.1975690"/>
   <trkpt lat="47.0803640" lon="7.1975470"/>
   <trkpt lat="47.0803400" lon="7.1975190"/>
   <trkpt lat="47.0803210" lon="7.1974900"/>
   <trkpt lat="47.0803020" lon="7.1974640"/>
   <trkpt lat="47.0802790" lon="7.1974340"/>
   <trkpt lat="47.0802600" lon="7.1974100"/>
   <trkpt lat="47.0802390" lon="7.1973850"/>
   <trkpt lat="47.0802170" lon="7.1973580"/>
   <trkpt lat="47.0801980" lon="7.1973350"/>
   <trkpt lat="47.0801780" lon="7.1973090"/>
   <trkpt lat="47.0801560" lon="7.1972820"/>
   <trkpt lat="47.0801360" lon="7.1972560"/>
   <trkpt lat="47.0801120" lon="7.1972280"/>
   <trkpt lat="47.0800900" lon="7.1971980"/>
   <trkpt lat="47.0800670" lon="7.1971720"/>
   <trkpt lat="47.0800400" lon="7.1971450"/>
   <trkpt lat="47.0800170" lon="7.1971260"/>
   <trkpt lat="47.0799920" lon="7.1971110"/>
   <trkpt lat="47.0799680" lon="7.1970930"/>
   <trkpt lat="47.0799490" lon="7.1970680"/>
   <trkpt lat="47.0799270" lon="7.1970420"/>
   <trkpt lat="47.0799050" lon="7.1970230"/>
   <trkpt lat="47.0798800" lon="7.1970020"/>
   <trkpt lat="47.0798510" lon="7.1969750"/>
   <trkpt lat="47.0798280" lon="7.1969510"/>
   <trkpt lat="47.0798040" lon="7.1969300"/>
   <trkpt lat="47.0797810" lon="7.1969070"/>
   <trkpt lat="47.0797590" lon="7.1968840"/>
   <trkpt lat="47.0797340" lon="7.1968600"/>
   <trkpt lat="47.0797090" lon="7.1968330"/>
   <trkpt lat="47.0796870" lon="7.1968160"/>
   <trkpt lat="47.0796630" lon="7.1967960"/>
   <trkpt lat="47.0796410" lon="7.1967740"/>
   <trkpt lat="47.0796190" lon="7.1967530"/>
   <trkpt lat="47.0795930" lon="7.1967300"/>
   <trkpt lat="47.0795730" lon="7.1967090"/>
   <trkpt lat="47.0795490" lon="7.1966850"/>
   <trkpt lat="47.0795250" lon="7.1966620"/>
   <trkpt lat="47.0795030" lon="7.1966400"/>
   <trkpt lat="47.0794790" lon="7.1966150"/>
   <trkpt lat="47.0794550" lon="7.1965920"/>
   <trkpt lat="47.0794320" lon="7.1965730"/>
   <trkpt lat="47.0794070" lon="7.1965510"/>
   <trkpt lat="47.0793860" lon="7.1965320"/>
   <trkpt lat="47.0793610" lon="7.1965140"/>
   <trkpt lat="47.0793330" lon="7.1964910"/>
   <trkpt lat="47.0793150" lon="7.1964690"/>
   <trkpt lat="47.0792880" lon="7.1964440"/>
   <trkpt lat="47.0792630" lon="7.1964220"/>
   <trkpt lat="47.0792410" lon="7.1964020"/>
   <trkpt lat="47.0792180" lon="7.1963810"/>
   <trkpt lat="47.0791950" lon="7.1963610"/>
   <trkpt lat="47.0791700" lon="7.1963400"/>
   <trkpt lat="47.0791440" lon="7.1963130"/>
   <trkpt lat="47.0791250" lon="7.1962900"/>
   <trkpt lat="47.0791010" lon="7.1962680"/>
   <trkpt lat="47.0790750" lon="7.1962460"/>
   <trkpt lat="47.0790510" lon="7.1962300"/>
   <trkpt lat="47.0790260" lon="7.1962100"/>
   <trkpt lat="47.0790040" lon="7.1961900"/>
   <trkpt lat="47.0789800" lon="7.1961670"/>
   <trkpt lat="47.0789570" lon="7.1961440"/>
   <trkpt lat="47.0789380" lon="7.1961190"/>
   <trkpt lat="47.0789180" lon="7.1960970"/>
   <trkpt lat="47.0788950" lon="7.1960730"/>
   <trkpt lat="47.0788710" lon="7.1960540"/>
   <trkpt lat="47.0788460" lon="7.1960380"/>
   <trkpt lat="47.0788270" lon="7.1960280"/>
   <trkpt lat="47.0788060" lon="7.1960370"/>
   <trkpt lat="47.0787860" lon="7.1960650"/>
   <trkpt lat="47.0787720" lon="7.1960910"/>
   <trkpt lat="47.0787560" lon="7.1961260"/>
   <trkpt lat="47.0787410" lon="7.1961630"/>
   <trkpt lat="47.0787290" lon="7.1961970"/>
   <trkpt lat="47.0787150" lon="7.1962390"/>
   <trkpt lat="47.0786990" lon="7.1962780"/>
   <trkpt lat="47.0786830" lon="7.1963180"/>
   <trkpt lat="47.0786670" lon="7.1963540"/>
   <trkpt lat="47.0786550" lon="7.1963840"/>
   <trkpt lat="47.0786420" lon="7.1964150"/>
   <trkpt lat="47.0786270" lon="7.1964480"/>
   <trkpt lat="47.0786140" lon="7.1964770"/>
   <trkpt lat="47.0785980" lon="7.1965070"/>
   <trkpt lat="47.0785820" lon="7.1965350"/>
   <trkpt lat="47.0785690" lon="7.1965610"/>
   <trkpt lat="47.0785550" lon="7.1965910"/>
   <trkpt lat="47.0785380" lon="7.1966250"/>
   <trkpt lat="47.0785240" lon="7.1966580"/>
   <trkpt lat="47.0785080" lon="7.1966910"/>
   <trkpt lat="47.0784950" lon="7.1967310"/>
   <trkpt lat="47.0784810" lon="7.1967650"/>
   <trkpt lat="47.0784690" lon="7.1968010"/>
   <trkpt lat="47.0784590" lon="7.1968280"/>
   <trkpt lat="47.0784480" lon="7.1968620"/>
   <trkpt lat="47.0784330" lon="7.1969040"/>
   <trkpt lat="47.0784210" lon="7.1969370"/>
   <trkpt lat="47.0784040" lon="7.1969710"/>
   <trkpt lat="47.0783900" lon="7.1970050"/>
   <trkpt lat="47.0783790" lon="7.1970310"/>
   <trkpt lat="47.0783640" lon="7.1970650"/>
   <trkpt lat="47.0783450" lon="7.1971030"/>
   <trkpt lat="47.0783310" lon="7.1971350"/>
   <trkpt lat="47.0783170" lon="7.1971750"/>
   <trkpt lat="47.0783050" lon="7.1972120"/>
   <trkpt lat="47.0782930" lon="7.1972420"/>
   <trkpt lat="47.0782860" lon="7.1972730"/>
   <trkpt lat="47.0782820" lon="7.1972950"/>
   <trkpt lat="47.0782620" lon="7.1973050"/>
   <trkpt lat="47.0782370" lon="7.1972850"/>
   <trkpt lat="47.0782170" lon="7.1972640"/>
   <trkpt lat="47.0781920" lon="7.1972340"/>
   <trkpt lat="47.0781670" lon="7.1972010"/>
   <trkpt lat="47.0781480" lon="7.1971720"/>
   <trkpt lat="47.0781260" lon="7.1971440"/>
   <trkpt lat="47.0781030" lon="7.1971080"/>
   <trkpt lat="47.0780800" lon="7.1970820"/>
   <trkpt lat="47.0780580" lon="7.1970560"/>
   <trkpt lat="47.0780350" lon="7.1970280"/>
   <trkpt lat="47.0780140" lon="7.1970030"/>
   <trkpt lat="47.0779890" lon="7.1969750"/>
   <trkpt lat="47.0779680" lon="7.1969530"/>
   <trkpt lat="47.0779430" lon="7.1969320"/>
   <trkpt lat="47.0779170" lon="7.1969080"/>
   <trkpt lat="47.0778920" lon="7.1968880"/>
   <trkpt lat="47.0778630" lon="7.1968630"/>
   <trkpt lat="47.0778390" lon="7.1968390"/>
   <trkpt lat="47.0778180" lon="7.1968200"/>
   <trkpt lat="47.0777910" lon="7.1967960"/>
   <trkpt lat="47.0777710" lon="7.1967690"/>
   <trkpt lat="47.0777500" lon="7.1967450"/>
   <trkpt lat="47.0777250" lon="7.1967130"/>
   <trkpt lat="47.0777060" lon="7.1966870"/>
   <trkpt lat="47.0776820" lon="7.1966600"/>
   <trkpt lat="47.0776570" lon="7.1966280"/>
   <trkpt lat="47.0776380" lon="7.1966040"/>
   <trkpt lat="47.0776170" lon="7.1965810"/>
   <trkpt lat="47.0775950" lon="7.1965530"/>
   <trkpt lat="47.0775720" lon="7.1965300"/>
   <trkpt lat="47.0775450" lon="7.1965070"/>
   <trkpt lat="47.0775230" lon="7.1964850"/>
   <trkpt lat="47.0775040" lon="7.1964660"/>
   <trkpt lat="47.0774810" lon="7.1964360"/>
   <trkpt lat="47.0774590" lon="7.1964120"/>
   <trkpt lat="47.0774390" lon="7.1963900"/>
   <trkpt lat="47.0774160" lon="7.1963580"/>
   <trkpt lat="47.0773980" lon="7.1963320"/>
   <trkpt lat="47.0773770" lon="7.1963000"/>
   <trkpt lat="47.0773590" lon="7.1962670"/>
   <trkpt lat="47.0773410" lon="7.1962400"/>
   <trkpt lat="47.0773180" lon="7.1962080"/>
   <trkpt lat="47.0772950" lon="7.1961810"/>
   <trkpt lat="47.0772730" lon="7.1961570"/>
   <trkpt lat="47.0772470" lon="7.1961270"/>
   <trkpt lat="47.0772250" lon="7.1961030"/>
   <trkpt lat="47.0772030" lon="7.1960830"/>
   <trkpt lat="47.0771790" lon="7.1960600"/>
   <trkpt lat="47.0771550" lon="7.1960370"/>
   <trkpt lat="47.0771330" lon="7.1960180"/>
   <trkpt lat="47.0771060" lon="7.1959990"/>
   <trkpt lat="47.0770840" lon="7.1959830"/>
   <trkpt lat="47.0770590" lon="7.1959640"/>
   <trkpt lat="47.0770350" lon="7.1959440"/>
   <trkpt lat="47.0770120" lon="7.1959240"/>
   <trkpt lat="47.0769870" lon="7.1959040"/>
   <trkpt lat="47.0769620" lon="7.1958890"/>
   <trkpt lat="47.0769400" lon="7.1958750"/>
   <trkpt lat="47.0769140" lon="7.1958570"/>
   <trkpt lat="47.0768890" lon="7.1958400"/>
   <trkpt lat="47.0768660" lon="7.1958230"/>
   <trkpt lat="47.0768450" lon="7.1957940"/>
   <trkpt lat="47.0768360" lon="7.1957580"/>
   <trkpt lat="47.0768340" lon="7.1957220"/>
   <trkpt lat="47.0768380" lon="7.1956820"/>
   <trkpt lat="47.0768440" lon="7.1956420"/>
   <trkpt lat="47.0768540" lon="7.1956040"/>
   <trkpt lat="47.0768710" lon="7.1955630"/>
   <trkpt lat="47.0768850" lon="7.1955350"/>
   <trkpt lat="47.0769000" lon="7.1955050"/>
   <trkpt lat="47.0769200" lon="7.1954640"/>
   <trkpt lat="47.0769300" lon="7.1954290"/>
   <trkpt lat="47.0769350" lon="7.1953860"/>
   <trkpt lat="47.0769300" lon="7.1953510"/>
   <trkpt lat="47.0769200" lon="7.1953190"/>
   <trkpt lat="47.0769040" lon="7.1952820"/>
   <trkpt lat="47.0768780" lon="7.1952520"/>
   <trkpt lat="47.0768510" lon="7.1952250"/>
   <trkpt lat="47.0768270" lon="7.1952000"/>
   <trkpt lat="47.0768030" lon="7.1951720"/>
   <trkpt lat="47.0767800" lon="7.1951500"/>
   <trkpt lat="47.0767570" lon="7.1951220"/>
   <trkpt lat="47.0767370" lon="7.1950990"/>
   <trkpt lat="47.0767120" lon="7.1950710"/>
   <trkpt lat="47.0766900" lon="7.1950430"/>
   <trkpt lat="47.0766680" lon="7.1950180"/>
   <trkpt lat="47.0766470" lon="7.1949930"/>
   <trkpt lat="47.0766260" lon="7.1949650"/>
   <trkpt lat="47.0766060" lon="7.1949390"/>
   <trkpt lat="47.0765850" lon="7.1949090"/>
   <trkpt lat="47.0765660" lon="7.1948820"/>
   <trkpt lat="47.0765450" lon="7.1948580"/>
   <trkpt lat="47.0765210" lon="7.1948300"/>
   <trkpt lat="47.0765010" lon="7.1948020"/>
   <trkpt lat="47.0764790" lon="7.1947760"/>
   <trkpt lat="47.0764570" lon="7.1947470"/>
   <trkpt lat="47.0764390" lon="7.1947230"/>
   <trkpt lat="47.0764170" lon="7.1946960"/>
   <trkpt lat="47.0763950" lon="7.1946690"/>
   <trkpt lat="47.0763730" lon="7.1946430"/>
   <trkpt lat="47.0763480" lon="7.1946180"/>
   <trkpt lat="47.0763270" lon="7.1945950"/>
   <trkpt lat="47.0763060" lon="7.1945760"/>
   <trkpt lat="47.0762830" lon="7.1945510"/>
   <trkpt lat="47.0762650" lon="7.1945270"/>
   <trkpt lat="47.0762430" lon="7.1945050"/>
   <trkpt lat="47.0762190" lon="7.1944770"/>
   <trkpt lat="47.0761970" lon="7.1944530"/>
   <trkpt lat="47.0761730" lon="7.1944290"/>
   <trkpt lat="47.0761480" lon="7.1943990"/>
   <trkpt lat="47.0761290" lon="7.1943760"/>
   <trkpt lat="47.0761060" lon="7.1943500"/>
   <trkpt lat="47.0760830" lon="7.1943220"/>
   <trkpt lat="47.0760620" lon="7.1942980"/>
   <trkpt lat="47.0760390" lon="7.1942760"/>
   <trkpt lat="47.0760180" lon="7.1942540"/>
   <trkpt lat="47.0759970" lon="7.1942320"/>
   <trkpt lat="47.0759720" lon="7.1942030"/>
   <trkpt lat="47.0759520" lon="7.1941800"/>
   <trkpt lat="47.0759310" lon="7.1941550"/>
   <trkpt lat="47.0759070" lon="7.1941260"/>
   <trkpt lat="47.0758850" lon="7.1941010"/>
   <trkpt lat="47.0758630" lon="7.1940760"/>
   <trkpt lat="47.0758410" lon="7.1940510"/>
   <trkpt lat="47.0758210" lon="7.1940350"/>
   <trkpt lat="47.0757970" lon="7.1940070"/>
   <trkpt lat="47.0757750" lon="7.1939820"/>
   <trkpt lat="47.0757540" lon="7.1939580"/>
   <trkpt lat="47.0757290" lon="7.1939290"/>
   <trkpt lat="47.0757050" lon="7.1938990"/>
   <trkpt lat="47.0756810" lon="7.1938750"/>
   <trkpt lat="47.0756550" lon="7.1938460"/>
   <trkpt lat="47.0756300" lon="7.1938220"/>
   <trkpt lat="47.0756070" lon="7.1937970"/>
   <trkpt lat="47.0755850" lon="7.1937720"/>
   <trkpt lat="47.0755620" lon="7.1937480"/>
   <trkpt lat="47.0755400" lon="7.1937190"/>
   <trkpt lat="47.0755200" lon="7.1936910"/>
   <trkpt lat="47.0754980" lon="7.1936630"/>
   <trkpt lat="47.0754750" lon="7.1936360"/>
   <trkpt lat="47.0754530" lon="7.1936110"/>
   <trkpt lat="47.0754280" lon="7.1935870"/>
   <trkpt lat="47.0754040" lon="7.1935720"/>
   <trkpt lat="47.0753790" lon="7.1935650"/>
   <trkpt lat="47.0753490" lon="7.1935630"/>
   <trkpt lat="47.0753220" lon="7.1935680"/>
   <trkpt lat="47.0752940" lon="7.1935760"/>
   <trkpt lat="47.0752680" lon="7.1936030"/>
   <trkpt lat="47.0752390" lon="7.1936240"/>
   <trkpt lat="47.0752100" lon="7.1936490"/>
   <trkpt lat="47.0751830" lon="7.1936800"/>
   <trkpt lat="47.0751600" lon="7.1937120"/>
   <trkpt lat="47.0751380" lon="7.1937490"/>
   <trkpt lat="47.0751240" lon="7.1937870"/>
   <trkpt lat="47.0751110" lon="7.1938290"/>
   <trkpt lat="47.0750980" lon="7.1938680"/>
   <trkpt lat="47.0750890" lon="7.1939030"/>
   <trkpt lat="47.0750840" lon="7.1939350"/>
   <trkpt lat="47.0750770" lon="7.1939730"/>
   <trkpt lat="47.0750670" lon="7.1940140"/>
   <trkpt lat="47.0750600" lon="7.1940490"/>
   <trkpt lat="47.0750500" lon="7.1940860"/>
   <trkpt lat="47.0750370" lon="7.1941240"/>
   <trkpt lat="47.0750250" lon="7.1941560"/>
   <trkpt lat="47.0750060" lon="7.1941880"/>
   <trkpt lat="47.0749850" lon="7.1942140"/>
   <trkpt lat="47.0749620" lon="7.1942320"/>
   <trkpt lat="47.0749350" lon="7.1942400"/>
   <trkpt lat="47.0749100" lon="7.1942410"/>
   <trkpt lat="47.0748840" lon="7.1942380"/>
   <trkpt lat="47.0748570" lon="7.1942260"/>
   <trkpt lat="47.0748330" lon="7.1942160"/>
   <trkpt lat="47.0748070" lon="7.1942060"/>
   <trkpt lat="47.0747800" lon="7.1941870"/>
   <trkpt lat="47.0747540" lon="7.1941690"/>
   <trkpt lat="47.0747250" lon="7.1941490"/>
   <trkpt lat="47.0746950" lon="7.1941250"/>
   <trkpt lat="47.0746670" lon="7.1941070"/>
   <trkpt lat="47.0746440" lon="7.1940860"/>
   <trkpt lat="47.0746220" lon="7.1940640"/>
   <trkpt lat="47.0745990" lon="7.1940460"/>
   <trkpt lat="47.0745760" lon="7.1940340"/>
   <trkpt lat="47.0745500" lon="7.1940150"/>
   <trkpt lat="47.0745280" lon="7.1940000"/>
   <trkpt lat="47.0745000" lon="7.1939840"/>
   <trkpt lat="47.0744700" lon="7.1939680"/>
   <trkpt lat="47.0744450" lon="7.1939540"/>
   <trkpt lat="47.0744150" lon="7.1939310"/>
   <trkpt lat="47.0743880" lon="7.1939110"/>
   <trkpt lat="47.0743620" lon="7.1938930"/>
   <trkpt lat="47.0743340" lon="7.1938730"/>
   <trkpt lat="47.0743090" lon="7.1938570"/>
   <trkpt lat="47.0742810" lon="7.1938430"/>
   <trkpt lat="47.0742570" lon="7.1938220"/>
   <trkpt lat="47.0742350" lon="7.1938060"/>
   <trkpt lat="47.0742120" lon="7.1937900"/>
   <trkpt lat="47.0741880" lon="7.1937690"/>
   <trkpt lat="47.0741630" lon="7.1937550"/>
   <trkpt lat="47.0741380" lon="7.1937450"/>
   <trkpt lat="47.0741130" lon="7.1937250"/>
   <trkpt lat="47.0740890" lon="7.1937100"/>
   <trkpt lat="47.0740640" lon="7.1936900"/>
   <trkpt lat="47.0740390" lon="7.1936700"/>
   <trkpt lat="47.0740150" lon="7.1936520"/>
   <trkpt lat="47.0739870" lon="7.1936310"/>
   <trkpt lat="47.0739600" lon="7.1936150"/>
   <trkpt lat="47.0739320" lon="7.1936010"/>
   <trkpt lat="47.0739050" lon="7.1935790"/>
   <trkpt lat="47.0738800" lon="7.1935630"/>
   <trkpt lat="47.0738570" lon="7.1935490"/>
   <trkpt lat="47.0738320" lon="7.1935240"/>
   <trkpt lat="47.0738100" lon="7.1935010"/>
   <trkpt lat="47.0737860" lon="7.1934840"/>
   <trkpt lat="47.0737610" lon="7.1934650"/>
   <trkpt lat="47.0737360" lon="7.1934470"/>
   <trkpt lat="47.0737110" lon="7.1934260"/>
   <trkpt lat="47.0736880" lon="7.1934080"/>
   <trkpt lat="47.0736640" lon="7.1933900"/>
   <trkpt lat="47.0736400" lon="7.1933730"/>
   <trkpt lat="47.0736180" lon="7.1933490"/>
   <trkpt lat="47.0735940" lon="7.1933330"/>
   <trkpt lat="47.0735690" lon="7.1933150"/>
   <trkpt lat="47.0735410" lon="7.1932990"/>
   <trkpt lat="47.0735150" lon="7.1932850"/>
   <trkpt lat="47.0734850" lon="7.1932700"/>
   <trkpt lat="47.0734570" lon="7.1932520"/>
   <trkpt lat="47.0734300" lon="7.1932320"/>
   <trkpt lat="47.0734040" lon="7.1932140"/>
   <trkpt lat="47.0733770" lon="7.1932020"/>
   <trkpt lat="47.0733480" lon="7.1931920"/>
   <trkpt lat="47.0733190" lon="7.1931820"/>
   <trkpt lat="47.0732910" lon="7.1931730"/>
   <trkpt lat="47.0732600" lon="7.1931630"/>
   <trkpt lat="47.0732340" lon="7.1931520"/>
   <trkpt lat="47.0732050" lon="7.1931410"/>
   <trkpt lat="47.0731740" lon="7.1931290"/>
   <trkpt lat="47.0731480" lon="7.1931190"/>
   <trkpt lat="47.0731210" lon="7.1931070"/>
   <trkpt lat="47.0730930" lon="7.1930970"/>
   <trkpt lat="47.0730660" lon="7.1930870"/>
   <trkpt lat="47.0730350" lon="7.1930800"/>
   <trkpt lat="47.0730060" lon="7.1930720"/>
   <trkpt lat="47.0729780" lon="7.1930670"/>
   <trkpt lat="47.0729490" lon="7.1930620"/>
   <trkpt lat="47.0729200" lon="7.1930600"/>
   <trkpt lat="47.0728880" lon="7.1930550"/>
   <trkpt lat="47.0728570" lon="7.1930470"/>
   <trkpt lat="47.0728270" lon="7.1930420"/>
   <trkpt lat="47.0727950" lon="7.1930360"/>
   <trkpt lat="47.0727640" lon="7.1930290"/>
   <trkpt lat="47.0727350" lon="7.1930220"/>
   <trkpt lat="47.0727060" lon="7.1930130"/>
   <trkpt lat="47.0726780" lon="7.1930020"/>
   <trkpt lat="47.0726530" lon="7.1929900"/>
   <trkpt lat="47.0726250" lon="7.1929780"/>
   <trkpt lat="47.0725980" lon="7.1929700"/>
   <trkpt lat="47.0725700" lon="7.1929590"/>
   <trkpt lat="47.0725420" lon="7.1929470"/>
   <trkpt lat="47.0725140" lon="7.1929340"/>
   <trkpt lat="47.0724870" lon="7.1929250"/>
   <trkpt lat="47.0724570" lon="7.1929150"/>
   <trkpt lat="47.0724300" lon="7.1929060"/>
   <trkpt lat="47.0724030" lon="7.1928980"/>
   <trkpt lat="47.0723740" lon="7.1928860"/>
   <trkpt lat="47.0723470" lon="7.1928740"/>
   <trkpt lat="47.0723210" lon="7.1928630"/>
   <trkpt lat="47.0722940" lon="7.1928530"/>
   <trkpt lat="47.0722670" lon="7.1928440"/>
   <trkpt lat="47.0722410" lon="7.1928340"/>
   <trkpt lat="47.0722120" lon="7.1928240"/>
   <trkpt lat="47.0721840" lon="7.1928110"/>
   <trkpt lat="47.0721540" lon="7.1928010"/>
   <trkpt lat="47.0721240" lon="7.1927900"/>
   <trkpt lat="47.0720940" lon="7.1927780"/>
   <trkpt lat="47.0720650" lon="7.1927650"/>
   <trkpt lat="47.0720390" lon="7.1927520"/>
   <trkpt lat="47.0720120" lon="7.1927390"/>
   <trkpt lat="47.0719850" lon="7.1927250"/>
   <trkpt lat="47.0719600" lon="7.1927130"/>
   <trkpt lat="47.0719320" lon="7.1927010"/>
   <trkpt lat="47.0719040" lon="7.1926900"/>
   <trkpt lat="47.0718770" lon="7.1926830"/>
   <trkpt lat="47.0718480" lon="7.1926750"/>
   <trkpt lat="47.0718190" lon="7.1926660"/>
   <trkpt lat="47.0717900" lon="7.1926580"/>
   <trkpt lat="47.0717610" lon="7.1926510"/>
   <trkpt lat="47.0717330" lon="7.1926420"/>
   <trkpt lat="47.0717030" lon="7.1926330"/>
   <trkpt lat="47.0716720" lon="7.1926230"/>
   <trkpt lat="47.0716430" lon="7.1926140"/>
   <trkpt lat="47.0716130" lon="7.1926040"/>
   <trkpt lat="47.0715840" lon="7.1925910"/>
   <trkpt lat="47.0715570" lon="7.1925790"/>
   <trkpt lat="47.0715270" lon="7.1925640"/>
   <trkpt lat="47.0714980" lon="7.1925480"/>
   <trkpt lat="47.0714710" lon="7.1925330"/>
   <trkpt lat="47.0714420" lon="7.1925190"/>
   <trkpt lat="47.0714160" lon="7.1925060"/>
   <trkpt lat="47.0713880" lon="7.1924910"/>
   <trkpt lat="47.0713610" lon="7.1924740"/>
   <trkpt lat="47.0713350" lon="7.1924610"/>
   <trkpt lat="47.0713090" lon="7.1924440"/>
   <trkpt lat="47.0712830" lon="7.1924270"/>
   <trkpt lat="47.0712570" lon="7.1924080"/>
   <trkpt lat="47.0712290" lon="7.1923890"/>
   <trkpt lat="47.0712000" lon="7.1923730"/>
   <trkpt lat="47.0711730" lon="7.1923580"/>
   <trkpt lat="47.0711430" lon="7.1923420"/>
   <trkpt lat="47.0711190" lon="7.1923330"/>
   <trkpt lat="47.0710880" lon="7.1923190"/>
   <trkpt lat="47.0710630" lon="7.1923010"/>
   <trkpt lat="47.0710390" lon="7.1922910"/>
   <trkpt lat="47.0710110" lon="7.1922760"/>
   <trkpt lat="47.0709870" lon="7.1922640"/>
   <trkpt lat="47.0709610" lon="7.1922500"/>
   <trkpt lat="47.0709380" lon="7.1922300"/>
   <trkpt lat="47.0709150" lon="7.1922090"/>
   <trkpt lat="47.0708870" lon="7.1921860"/>
   <trkpt lat="47.0708590" lon="7.1921610"/>
   <trkpt lat="47.0708380" lon="7.1921420"/>
   <trkpt lat="47.0708120" lon="7.1921190"/>
   <trkpt lat="47.0707860" lon="7.1920940"/>
   <trkpt lat="47.0707600" lon="7.1920760"/>
   <trkpt lat="47.0707330" lon="7.1920520"/>
   <trkpt lat="47.0707090" lon="7.1920270"/>
   <trkpt lat="47.0706820" lon="7.1920020"/>
   <trkpt lat="47.0706530" lon="7.1919740"/>
   <trkpt lat="47.0706310" lon="7.1919540"/>
   <trkpt lat="47.0706050" lon="7.1919290"/>
   <trkpt lat="47.0705810" lon="7.1919050"/>
   <trkpt lat="47.0705550" lon="7.1918840"/>
   <trkpt lat="47.0705280" lon="7.1918550"/>
   <trkpt lat="47.0705040" lon="7.1918310"/>
   <trkpt lat="47.0704790" lon="7.1918100"/>
   <trkpt lat="47.0704520" lon="7.1917860"/>
   <trkpt lat="47.0704290" lon="7.1917720"/>
   <trkpt lat="47.0704050" lon="7.1917560"/>
   <trkpt lat="47.0703770" lon="7.1917370"/>
   <trkpt lat="47.0703540" lon="7.1917240"/>
   <trkpt lat="47.0703270" lon="7.1917040"/>
   <trkpt lat="47.0702970" lon="7.1916860"/>
   <trkpt lat="47.0702690" lon="7.1916710"/>
   <trkpt lat="47.0702370" lon="7.1916560"/>
   <trkpt lat="47.0702090" lon="7.1916430"/>
   <trkpt lat="47.0701800" lon="7.1916310"/>
   <trkpt lat="47.0701480" lon="7.1916170"/>
   <trkpt lat="47.0701210" lon="7.1916040"/>
   <trkpt lat="47.0700910" lon="7.1915930"/>
   <trkpt lat="47.0700580" lon="7.1915810"/>
   <trkpt lat="47.0700270" lon="7.1915730"/>
   <trkpt lat="47.0699960" lon="7.1915650"/>
   <trkpt lat="47.0699610" lon="7.1915540"/>
   <trkpt lat="47.0699300" lon="7.1915430"/>
   <trkpt lat="47.0699010" lon="7.1915280"/>
   <trkpt lat="47.0698760" lon="7.1915170"/>
   <trkpt lat="47.0698490" lon="7.1915100"/>
   <trkpt lat="47.0698190" lon="7.1914960"/>
   <trkpt lat="47.0697910" lon="7.1914840"/>
   <trkpt lat="47.0697590" lon="7.1914730"/>
   <trkpt lat="47.0697310" lon="7.1914580"/>
   <trkpt lat="47.0697050" lon="7.1914440"/>
   <trkpt lat="47.0696750" lon="7.1914250"/>
   <trkpt lat="47.0696480" lon="7.1914050"/>
   <trkpt lat="47.0696200" lon="7.1913880"/>
   <trkpt lat="47.0695890" lon="7.1913670"/>
   <trkpt lat="47.0695620" lon="7.1913540"/>
   <trkpt lat="47.0695320" lon="7.1913360"/>
   <trkpt lat="47.0695060" lon="7.1913120"/>
   <trkpt lat="47.0694780" lon="7.1912930"/>
   <trkpt lat="47.0694520" lon="7.1912740"/>
   <trkpt lat="47.0694270" lon="7.1912490"/>
   <trkpt lat="47.0694030" lon="7.1912280"/>
   <trkpt lat="47.0693750" lon="7.1912110"/>
   <trkpt lat="47.0693500" lon="7.1911950"/>
   <trkpt lat="47.0693220" lon="7.1911780"/>
   <trkpt lat="47.0692970" lon="7.1911570"/>
   <trkpt lat="47.0692720" lon="7.1911420"/>
   <trkpt lat="47.0692460" lon="7.1911250"/>
   <trkpt lat="47.0692220" lon="7.1911000"/>
   <trkpt lat="47.0691990" lon="7.1910830"/>
   <trkpt lat="47.0691720" lon="7.1910590"/>
   <trkpt lat="47.0691480" lon="7.1910350"/>
   <trkpt lat="47.0691250" lon="7.1910120"/>
   <trkpt lat="47.0691000" lon="7.1909870"/>
   <trkpt lat="47.0690780" lon="7.1909680"/>
   <trkpt lat="47.0690540" lon="7.1909470"/>
   <trkpt lat="47.0690280" lon="7.1909230"/>
   <trkpt lat="47.0690040" lon="7.1909040"/>
   <trkpt lat="47.0689780" lon="7.1908840"/>
   <trkpt lat="47.0689530" lon="7.1908660"/>
   <trkpt lat="47.0689290" lon="7.1908470"/>
   <trkpt lat="47.0689000" lon="7.1908240"/>
   <trkpt lat="47.0688810" lon="7.1907970"/>
   <trkpt lat="47.0688590" lon="7.1907780"/>
   <trkpt lat="47.0688360" lon="7.1907550"/>
   <trkpt lat="47.0688110" lon="7.1907310"/>
   <trkpt lat="47.0687820" lon="7.1907160"/>
   <trkpt lat="47.0687530" lon="7.1906850"/>
   <trkpt lat="47.0687280" lon="7.1906600"/>
   <trkpt lat="47.0687040" lon="7.1906360"/>
   <trkpt lat="47.0686800" lon="7.1906110"/>
   <trkpt lat="47.0686570" lon="7.1905910"/>
   <trkpt lat="47.0686350" lon="7.1905640"/>
   <trkpt lat="47.0686170" lon="7.1905380"/>
   <trkpt lat="47.0685960" lon="7.1905130"/>
   <trkpt lat="47.0685700" lon="7.1904780"/>
   <trkpt lat="47.0685470" lon="7.1904500"/>
   <trkpt lat="47.0685220" lon="7.1904220"/>
   <trkpt lat="47.0684990" lon="7.1903970"/>
   <trkpt lat="47.0684780" lon="7.1903760"/>
   <trkpt lat="47.0684510" lon="7.1903460"/>
   <trkpt lat="47.0684310" lon="7.1903200"/>
   <trkpt lat="47.0684080" lon="7.1902990"/>
   <trkpt lat="47.0683850" lon="7.1902680"/>
   <trkpt lat="47.0683670" lon="7.1902440"/>
   <trkpt lat="47.0683450" lon="7.1902170"/>
   <trkpt lat="47.0683240" lon="7.1901900"/>
   <trkpt lat="47.0683050" lon="7.1901690"/>
   <trkpt lat="47.0682820" lon="7.1901420"/>
   <trkpt lat="47.0682580" lon="7.1901080"/>
   <trkpt lat="47.0682390" lon="7.1900880"/>
   <trkpt lat="47.0682160" lon="7.1900600"/>
   <trkpt lat="47.0681940" lon="7.1900330"/>
   <trkpt lat="47.0681700" lon="7.1900130"/>
   <trkpt lat="47.0681430" lon="7.1899860"/>
   <trkpt lat="47.0681190" lon="7.1899660"/>
   <trkpt lat="47.0680950" lon="7.1899460"/>
   <trkpt lat="47.0680730" lon="7.1899250"/>
   <trkpt lat="47.0680540" lon="7.1899070"/>
   <trkpt lat="47.0680270" lon="7.1898900"/>
   <trkpt lat="47.0680010" lon="7.1898720"/>
   <trkpt lat="47.0679770" lon="7.1898640"/>
   <trkpt lat="47.0679500" lon="7.1898490"/>
   <trkpt lat="47.0679210" lon="7.1898380"/>
   <trkpt lat="47.0678950" lon="7.1898310"/>
   <trkpt lat="47.0678690" lon="7.1898220"/>
   <trkpt lat="47.0678410" lon="7.1898120"/>
   <trkpt lat="47.0678150" lon="7.1898010"/>
   <trkpt lat="47.0677860" lon="7.1897890"/>
   <trkpt lat="47.0677600" lon="7.1897820"/>
   <trkpt lat="47.0677310" lon="7.1897700"/>
   <trkpt lat="47.0676980" lon="7.1897580"/>
   <trkpt lat="47.0676700" lon="7.1897510"/>
   <trkpt lat="47.0676400" lon="7.1897430"/>
   <trkpt lat="47.0676150" lon="7.1897360"/>
   <trkpt lat="47.0675890" lon="7.1897340"/>
   <trkpt lat="47.0675640" lon="7.1897270"/>
   <trkpt lat="47.0675390" lon="7.1897200"/>
   <trkpt lat="47.0675130" lon="7.1897100"/>
   <trkpt lat="47.0674850" lon="7.1896980"/>
   <trkpt lat="47.0674630" lon="7.1896900"/>
   <trkpt lat="47.0674330" lon="7.1896780"/>
   <trkpt lat="47.0673980" lon="7.1896600"/>
   <trkpt lat="47.0673700" lon="7.1896500"/>
   <trkpt lat="47.0673420" lon="7.1896360"/>
   <trkpt lat="47.0673190" lon="7.1896190"/>
   <trkpt lat="47.0672970" lon="7.1896080"/>
   <trkpt lat="47.0672710" lon="7.1895920"/>
   <trkpt lat="47.0672460" lon="7.1895750"/>
   <trkpt lat="47.0672200" lon="7.1895640"/>
   <trkpt lat="47.0671940" lon="7.1895480"/>
   <trkpt lat="47.0671680" lon="7.1895320"/>
   <trkpt lat="47.0671410" lon="7.1895150"/>
   <trkpt lat="47.0671120" lon="7.1894950"/>
   <trkpt lat="47.0670910" lon="7.1894790"/>
   <trkpt lat="47.0670630" lon="7.1894590"/>
   <trkpt lat="47.0670370" lon="7.1894380"/>
   <trkpt lat="47.0670100" lon="7.1894270"/>
   <trkpt lat="47.0669830" lon="7.1894110"/>
   <trkpt lat="47.0669570" lon="7.1893940"/>
   <trkpt lat="47.0669320" lon="7.1893820"/>
   <trkpt lat="47.0669040" lon="7.1893650"/>
   <trkpt lat="47.0668770" lon="7.1893550"/>
   <trkpt lat="47.0668490" lon="7.1893440"/>
   <trkpt lat="47.0668220" lon="7.1893340"/>
   <trkpt lat="47.0667950" lon="7.1893270"/>
   <trkpt lat="47.0667700" lon="7.1893120"/>
   <trkpt lat="47.0667430" lon="7.1892930"/>
   <trkpt lat="47.0667220" lon="7.1892790"/>
   <trkpt lat="47.0666940" lon="7.1892630"/>
   <trkpt lat="47.0666640" lon="7.1892420"/>
   <trkpt lat="47.0666340" lon="7.1892240"/>
   <trkpt lat="47.0666040" lon="7.1892020"/>
   <trkpt lat="47.0665780" lon="7.1891870"/>
   <trkpt lat="47.0665490" lon="7.1891740"/>
   <trkpt lat="47.0665230" lon="7.1891530"/>
   <trkpt lat="47.0665000" lon="7.1891330"/>
   <trkpt lat="47.0664750" lon="7.1891100"/>
   <trkpt lat="47.0664490" lon="7.1890840"/>
   <trkpt lat="47.0664250" lon="7.1890660"/>
   <trkpt lat="47.0663990" lon="7.1890460"/>
   <trkpt lat="47.0663740" lon="7.1890260"/>
   <trkpt lat="47.0663490" lon="7.1890100"/>
   <trkpt lat="47.0663220" lon="7.1889910"/>
   <trkpt lat="47.0662980" lon="7.1889720"/>
   <trkpt lat="47.0662740" lon="7.1889590"/>
   <trkpt lat="47.0662470" lon="7.1889330"/>
   <trkpt lat="47.0662200" lon="7.1889130"/>
   <trkpt lat="47.0661950" lon="7.1888970"/>
   <trkpt lat="47.0661710" lon="7.1888720"/>
   <trkpt lat="47.0661500" lon="7.1888560"/>
   <trkpt lat="47.0661250" lon="7.1888360"/>
   <trkpt lat="47.0661000" lon="7.1888120"/>
   <trkpt lat="47.0660750" lon="7.1887950"/>
   <trkpt lat="47.0660510" lon="7.1887700"/>
   <trkpt lat="47.0660270" lon="7.1887450"/>
   <trkpt lat="47.0660030" lon="7.1887290"/>
   <trkpt lat="47.0659790" lon="7.1887060"/>
   <trkpt lat="47.0659570" lon="7.1886850"/>
   <trkpt lat="47.0659360" lon="7.1886680"/>
   <trkpt lat="47.0659120" lon="7.1886440"/>
   <trkpt lat="47.0658870" lon="7.1886200"/>
   <trkpt lat="47.0658620" lon="7.1885920"/>
   <trkpt lat="47.0658390" lon="7.1885570"/>
   <trkpt lat="47.0658240" lon="7.1885300"/>
   <trkpt lat="47.0658030" lon="7.1885020"/>
   <trkpt lat="47.0657820" lon="7.1884730"/>
   <trkpt lat="47.0657610" lon="7.1884490"/>
   <trkpt lat="47.0657400" lon="7.1884210"/>
   <trkpt lat="47.0657240" lon="7.1883830"/>
   <trkpt lat="47.0657040" lon="7.1883570"/>
   <trkpt lat="47.0656860" lon="7.1883220"/>
   <trkpt lat="47.0656690" lon="7.1882890"/>
   <trkpt lat="47.0656500" lon="7.1882570"/>
   <trkpt lat="47.0656300" lon="7.1882220"/>
   <trkpt lat="47.0656160" lon="7.1881880"/>
   <trkpt lat="47.0655920" lon="7.1881530"/>
   <trkpt lat="47.0655700" lon="7.1881180"/>
   <trkpt lat="47.0655550" lon="7.1880970"/>
   <trkpt lat="47.0655360" lon="7.1880680"/>
   <trkpt lat="47.0655180" lon="7.1880380"/>
   <trkpt lat="47.0655000" lon="7.1880100"/>
   <trkpt lat="47.0654800" lon="7.1879810"/>
   <trkpt lat="47.0654640" lon="7.1879510"/>
   <trkpt lat="47.0654440" lon="7.1879250"/>
   <trkpt lat="47.0654260" lon="7.1878940"/>
   <trkpt lat="47.0654070" lon="7.1878640"/>
   <trkpt lat="47.0653880" lon="7.1878360"/>
   <trkpt lat="47.0653660" lon="7.1878050"/>
   <trkpt lat="47.0653450" lon="7.1877770"/>
   <trkpt lat="47.0653250" lon="7.1877520"/>
   <trkpt lat="47.0653030" lon="7.1877240"/>
   <trkpt lat="47.0652820" lon="7.1877040"/>
   <trkpt lat="47.0652570" lon="7.1876830"/>
   <trkpt lat="47.0652310" lon="7.1876580"/>
   <trkpt lat="47.0652090" lon="7.1876420"/>
   <trkpt lat="47.0651860" lon="7.1876210"/>
   <trkpt lat="47.0651650" lon="7.1876010"/>
   <trkpt lat="47.0651400" lon="7.1875830"/>
   <trkpt lat="47.0651110" lon="7.1875610"/>
   <trkpt lat="47.0650850" lon="7.1875450"/>
   <trkpt lat="47.0650580" lon="7.1875260"/>
   <trkpt lat="47.0650310" lon="7.1875020"/>
   <trkpt lat="47.0650120" lon="7.1874850"/>
   <trkpt lat="47.0649890" lon="7.1874620"/>
   <trkpt lat="47.0649660" lon="7.1874360"/>
   <trkpt lat="47.0649430" lon="7.1874150"/>
   <trkpt lat="47.0649200" lon="7.1873890"/>
   <trkpt lat="47.0648970" lon="7.1873660"/>
   <trkpt lat="47.0648760" lon="7.1873450"/>
   <trkpt lat="47.0648530" lon="7.1873170"/>
   <trkpt lat="47.0648330" lon="7.1872940"/>
   <trkpt lat="47.0648130" lon="7.1872710"/>
   <trkpt lat="47.0647890" lon="7.1872390"/>
   <trkpt lat="47.0647700" lon="7.1872120"/>
   <trkpt lat="47.0647490" lon="7.1871890"/>
   <trkpt lat="47.0647270" lon="7.1871620"/>
   <trkpt lat="47.0647070" lon="7.1871420"/>
   <trkpt lat="47.0646850" lon="7.1871170"/>
   <trkpt lat="47.0646630" lon="7.1870880"/>
   <trkpt lat="47.0646440" lon="7.1870630"/>
   <trkpt lat="47.0646200" lon="7.1870340"/>
   <trkpt lat="47.0646000" lon="7.1870030"/>
   <trkpt lat="47.0645850" lon="7.1869810"/>
   <trkpt lat="47.0645670" lon="7.1869560"/>
   <trkpt lat="47.0645500" lon="7.1869270"/>
   <trkpt lat="47.0645310" lon="7.1869040"/>
   <trkpt lat="47.0645080" lon="7.1868770"/>
   <trkpt lat="47.0644890" lon="7.1868520"/>
   <trkpt lat="47.0644680" lon="7.1868280"/>
   <trkpt lat="47.0644440" lon="7.1868010"/>
   <trkpt lat="47.0644240" lon="7.1867760"/>
   <trkpt lat="47.0644040" lon="7.1867520"/>
   <trkpt lat="47.0643830" lon="7.1867190"/>
   <trkpt lat="47.0643600" lon="7.1866940"/>
   <trkpt lat="47.0643370" lon="7.1866680"/>
   <trkpt lat="47.0643120" lon="7.1866390"/>
   <trkpt lat="47.0642910" lon="7.1866170"/>
   <trkpt lat="47.0642690" lon="7.1865920"/>
   <trkpt lat="47.0642460" lon="7.1865700"/>
   <trkpt lat="47.0642230" lon="7.1865490"/>
   <trkpt lat="47.0642000" lon="7.1865250"/>
   <trkpt lat="47.0641790" lon="7.1865020"/>
   <trkpt lat="47.0641590" lon="7.1864810"/>
   <trkpt lat="47.0641390" lon="7.1864530"/>
   <trkpt lat="47.0641200" lon="7.1864280"/>
   <trkpt lat="47.0640980" lon="7.1864020"/>
   <trkpt lat="47.0640750" lon="7.1863710"/>
   <trkpt lat="47.0640550" lon="7.1863400"/>
   <trkpt lat="47.0640340" lon="7.1863120"/>
   <trkpt lat="47.0640160" lon="7.1862810"/>
   <trkpt lat="47.0639970" lon="7.1862520"/>
   <trkpt lat="47.0639770" lon="7.1862210"/>
   <trkpt lat="47.0639590" lon="7.1861840"/>
   <trkpt lat="47.0639420" lon="7.1861530"/>
   <trkpt lat="47.0639240" lon="7.1861170"/>
   <trkpt lat="47.0639070" lon="7.1860800"/>
   <trkpt lat="47.0638920" lon="7.1860550"/>
   <trkpt lat="47.0638770" lon="7.1860260"/>
   <trkpt lat="47.0638610" lon="7.1859970"/>
   <trkpt lat="47.0638460" lon="7.1859690"/>
   <trkpt lat="47.0638300" lon="7.1859320"/>
   <trkpt lat="47.0638140" lon="7.1858990"/>
   <trkpt lat="47.0637960" lon="7.1858660"/>
   <trkpt lat="47.0637820" lon="7.1858290"/>
   <trkpt lat="47.0637670" lon="7.1857970"/>
   <trkpt lat="47.0637510" lon="7.1857640"/>
   <trkpt lat="47.0637360" lon="7.1857330"/>
   <trkpt lat="47.0637210" lon="7.1857050"/>
   <trkpt lat="47.0637030" lon="7.1856710"/>
   <trkpt lat="47.0636860" lon="7.1856400"/>
   <trkpt lat="47.0636670" lon="7.1856080"/>
   <trkpt lat="47.0636460" lon="7.1855740"/>
   <trkpt lat="47.0636300" lon="7.1855450"/>
   <trkpt lat="47.0636120" lon="7.1855160"/>
   <trkpt lat="47.0635950" lon="7.1854860"/>
   <trkpt lat="47.0635800" lon="7.1854580"/>
   <trkpt lat="47.0635610" lon="7.1854270"/>
   <trkpt lat="47.0635420" lon="7.1853920"/>
   <trkpt lat="47.0635250" lon="7.1853620"/>
   <trkpt lat="47.0635040" lon="7.1853340"/>
   <trkpt lat="47.0634820" lon="7.1853040"/>
   <trkpt lat="47.0634630" lon="7.1852820"/>
   <trkpt lat="47.0634400" lon="7.1852590"/>
   <trkpt lat="47.0634170" lon="7.1852340"/>
   <trkpt lat="47.0633970" lon="7.1852110"/>
   <trkpt lat="47.0633750" lon="7.1851880"/>
   <trkpt lat="47.0633510" lon="7.1851630"/>
   <trkpt lat="47.0633290" lon="7.1851410"/>
   <trkpt lat="47.0633060" lon="7.1851180"/>
   <trkpt lat="47.0632820" lon="7.1850930"/>
   <trkpt lat="47.0632590" lon="7.1850670"/>
   <trkpt lat="47.0632340" lon="7.1850410"/>
   <trkpt lat="47.0632070" lon="7.1850140"/>
   <trkpt lat="47.0631820" lon="7.1849900"/>
   <trkpt lat="47.0631580" lon="7.1849650"/>
   <trkpt lat="47.0631330" lon="7.1849390"/>
   <trkpt lat="47.0631100" lon="7.1849170"/>
   <trkpt lat="47.0630870" lon="7.1848920"/>
   <trkpt lat="47.0630630" lon="7.1848660"/>
   <trkpt lat="47.0630410" lon="7.1848410"/>
   <trkpt lat="47.0630170" lon="7.1848100"/>
   <trkpt lat="47.0629960" lon="7.1847850"/>
   <trkpt lat="47.0629750" lon="7.1847600"/>
   <trkpt lat="47.0629560" lon="7.1847310"/>
   <trkpt lat="47.0629390" lon="7.1847000"/>
   <trkpt lat="47.0629190" lon="7.1846750"/>
   <trkpt lat="47.0628980" lon="7.1846440"/>
   <trkpt lat="47.0628790" lon="7.1846180"/>
   <trkpt lat="47.0628570" lon="7.1845900"/>
   <trkpt lat="47.0628340" lon="7.1845600"/>
   <trkpt lat="47.0628130" lon="7.1845380"/>
   <trkpt lat="47.0627910" lon="7.1845120"/>
   <trkpt lat="47.0627680" lon="7.1844850"/>
   <trkpt lat="47.0627440" lon="7.1844610"/>
   <trkpt lat="47.0627180" lon="7.1844320"/>
   <trkpt lat="47.0626960" lon="7.1844030"/>
   <trkpt lat="47.0626720" lon="7.1843780"/>
   <trkpt lat="47.0626470" lon="7.1843480"/>
   <trkpt lat="47.0626240" lon="7.1843210"/>
   <trkpt lat="47.0626010" lon="7.1842950"/>
   <trkpt lat="47.0625770" lon="7.1842670"/>
   <trkpt lat="47.0625540" lon="7.1842490"/>
   <trkpt lat="47.0625280" lon="7.1842250"/>
   <trkpt lat="47.0625060" lon="7.1842010"/>
   <trkpt lat="47.0624830" lon="7.1841760"/>
   <trkpt lat="47.0624590" lon="7.1841430"/>
   <trkpt lat="47.0624420" lon="7.1841140"/>
   <trkpt lat="47.0624230" lon="7.1840790"/>
   <trkpt lat="47.0624070" lon="7.1840400"/>
   <trkpt lat="47.0623940" lon="7.1839980"/>
   <trkpt lat="47.0623820" lon="7.1839540"/>
   <trkpt lat="47.0623760" lon="7.1839060"/>
   <trkpt lat="47.0623680" lon="7.1838560"/>
   <trkpt lat="47.0623670" lon="7.1838060"/>
   <trkpt lat="47.0623690" lon="7.1837700"/>
   <trkpt lat="47.0623740" lon="7.1837310"/>
   <trkpt lat="47.0623850" lon="7.1836940"/>
   <trkpt lat="47.0623970" lon="7.1836650"/>
   <trkpt lat="47.0624130" lon="7.1836290"/>
   <trkpt lat="47.0624340" lon="7.1835980"/>
   <trkpt lat="47.0624560" lon="7.1835700"/>
   <trkpt lat="47.0624780" lon="7.1835380"/>
   <trkpt lat="47.0625120" lon="7.1835110"/>
   <trkpt lat="47.0625380" lon="7.1834840"/>
   <trkpt lat="47.0625670" lon="7.1834560"/>
   <trkpt lat="47.0625930" lon="7.1834310"/>
   <trkpt lat="47.0626170" lon="7.1834010"/>
   <trkpt lat="47.0626430" lon="7.1833720"/>
   <trkpt lat="47.0626650" lon="7.1833470"/>
   <trkpt lat="47.0626860" lon="7.1833220"/>
   <trkpt lat="47.0627100" lon="7.1832950"/>
   <trkpt lat="47.0627310" lon="7.1832710"/>
   <trkpt lat="47.0627530" lon="7.1832450"/>
   <trkpt lat="47.0627760" lon="7.1832190"/>
   <trkpt lat="47.0627970" lon="7.1831880"/>
   <trkpt lat="47.0628170" lon="7.1831560"/>
   <trkpt lat="47.0628300" lon="7.1831230"/>
   <trkpt lat="47.0628410" lon="7.1830820"/>
   <trkpt lat="47.0628420" lon="7.1830380"/>
   <trkpt lat="47.0628380" lon="7.1829990"/>
   <trkpt lat="47.0628250" lon="7.1829630"/>
   <trkpt lat="47.0628090" lon="7.1829300"/>
   <trkpt lat="47.0627910" lon="7.1828910"/>
   <trkpt lat="47.0627490" lon="7.1828820"/>
   <trkpt lat="47.0627180" lon="7.1828570"/>
   <trkpt lat="47.0626910" lon="7.1828360"/>
   <trkpt lat="47.0626610" lon="7.1828130"/>
   <trkpt lat="47.0626320" lon="7.1827930"/>
   <trkpt lat="47.0626050" lon="7.1827690"/>
   <trkpt lat="47.0625790" lon="7.1827470"/>
   <trkpt lat="47.0625580" lon="7.1827250"/>
   <trkpt lat="47.0625300" lon="7.1827020"/>
   <trkpt lat="47.0625030" lon="7.1826810"/>
   <trkpt lat="47.0624770" lon="7.1826630"/>
   <trkpt lat="47.0624490" lon="7.1826420"/>
   <trkpt lat="47.0624260" lon="7.1826250"/>
   <trkpt lat="47.0623970" lon="7.1826070"/>
   <trkpt lat="47.0623710" lon="7.1825890"/>
   <trkpt lat="47.0623440" lon="7.1825730"/>
   <trkpt lat="47.0623170" lon="7.1825550"/>
   <trkpt lat="47.0622910" lon="7.1825370"/>
   <trkpt lat="47.0622660" lon="7.1825210"/>
   <trkpt lat="47.0622420" lon="7.1824980"/>
   <trkpt lat="47.0622170" lon="7.1824750"/>
   <trkpt lat="47.0621940" lon="7.1824570"/>
   <trkpt lat="47.0621680" lon="7.1824380"/>
   <trkpt lat="47.0621450" lon="7.1824230"/>
   <trkpt lat="47.0621210" lon="7.1824090"/>
   <trkpt lat="47.0620940" lon="7.1823900"/>
   <trkpt lat="47.0620710" lon="7.1823780"/>
   <trkpt lat="47.0620460" lon="7.1823600"/>
   <trkpt lat="47.0620190" lon="7.1823410"/>
   <trkpt lat="47.0619980" lon="7.1823250"/>
   <trkpt lat="47.0619740" lon="7.1823040"/>
   <trkpt lat="47.0619500" lon="7.1822830"/>
   <trkpt lat="47.0619290" lon="7.1822650"/>
   <trkpt lat="47.0619030" lon="7.1822440"/>
   <trkpt lat="47.0618740" lon="7.1822200"/>
   <trkpt lat="47.0618470" lon="7.1822010"/>
   <trkpt lat="47.0618180" lon="7.1821740"/>
   <trkpt lat="47.0617960" lon="7.1821550"/>
   <trkpt lat="47.0617700" lon="7.1821340"/>
   <trkpt lat="47.0617420" lon="7.1821170"/>
   <trkpt lat="47.0617140" lon="7.1821040"/>
   <trkpt lat="47.0616910" lon="7.1820870"/>
   <trkpt lat="47.0616680" lon="7.1820690"/>
   <trkpt lat="47.0616460" lon="7.1820580"/>
   <trkpt lat="47.0616190" lon="7.1820430"/>
   <trkpt lat="47.0615950" lon="7.1820280"/>
   <trkpt lat="47.0615710" lon="7.1820140"/>
   <trkpt lat="47.0615460" lon="7.1819980"/>
   <trkpt lat="47.0615160" lon="7.1819830"/>
   <trkpt lat="47.0614910" lon="7.1819650"/>
   <trkpt lat="47.0614660" lon="7.1819470"/>
   <trkpt lat="47.0614440" lon="7.1819300"/>
   <trkpt lat="47.0614210" lon="7.1819150"/>
   <trkpt lat="47.0613930" lon="7.1818970"/>
   <trkpt lat="47.0613720" lon="7.1818820"/>
   <trkpt lat="47.0613490" lon="7.1818640"/>
   <trkpt lat="47.0613240" lon="7.1818440"/>
   <trkpt lat="47.0613000" lon="7.1818280"/>
   <trkpt lat="47.0612760" lon="7.1818140"/>
   <trkpt lat="47.0612520" lon="7.1818010"/>
   <trkpt lat="47.0612280" lon="7.1817930"/>
   <trkpt lat="47.0612020" lon="7.1817810"/>
   <trkpt lat="47.0611790" lon="7.1817580"/>
   <trkpt lat="47.0611570" lon="7.1817390"/>
   <trkpt lat="47.0611340" lon="7.1817180"/>
   <trkpt lat="47.0611110" lon="7.1817020"/>
   <trkpt lat="47.0611090" lon="7.1817010"/>
   <trkpt lat="47.0610820" lon="7.1816830"/>
   <trkpt lat="47.0610890" lon="7.1816820"/>
   <trkpt lat="47.0610670" lon="7.1816650"/>
   <trkpt lat="47.0610140" lon="7.1816210"/>
   <trkpt lat="47.0609900" lon="7.1816010"/>
   <trkpt lat="47.0609700" lon="7.1815750"/>
   <trkpt lat="47.0609520" lon="7.1815420"/>
   <trkpt lat="47.0609350" lon="7.1815110"/>
   <trkpt lat="47.0609160" lon="7.1814790"/>
   <trkpt lat="47.0608990" lon="7.1814440"/>
   <trkpt lat="47.0608810" lon="7.1814070"/>
   <trkpt lat="47.0608680" lon="7.1813740"/>
   <trkpt lat="47.0608560" lon="7.1813430"/>
   <trkpt lat="47.0608390" lon="7.1813170"/>
   <trkpt lat="47.0608250" lon="7.1812830"/>
   <trkpt lat="47.0608110" lon="7.1812560"/>
   <trkpt lat="47.0607920" lon="7.1812300"/>
   <trkpt lat="47.0607730" lon="7.1812040"/>
   <trkpt lat="47.0607590" lon="7.1811800"/>
   <trkpt lat="47.0607400" lon="7.1811540"/>
   <trkpt lat="47.0607190" lon="7.1811260"/>
   <trkpt lat="47.0607030" lon="7.1811040"/>
   <trkpt lat="47.0606880" lon="7.1810790"/>
   <trkpt lat="47.0606720" lon="7.1810490"/>
   <trkpt lat="47.0606590" lon="7.1810260"/>
   <trkpt lat="47.0606440" lon="7.1809950"/>
   <trkpt lat="47.0606330" lon="7.1809610"/>
   <trkpt lat="47.0606220" lon="7.1809310"/>
   <trkpt lat="47.0606100" lon="7.1808980"/>
   <trkpt lat="47.0605970" lon="7.1808600"/>
   <trkpt lat="47.0605910" lon="7.1808250"/>
   <trkpt lat="47.0605840" lon="7.1807870"/>
   <trkpt lat="47.0605760" lon="7.1807510"/>
   <trkpt lat="47.0605670" lon="7.1807110"/>
   <trkpt lat="47.0605590" lon="7.1806730"/>
   <trkpt lat="47.0605510" lon="7.1806320"/>
   <trkpt lat="47.0605420" lon="7.1805910"/>
   <trkpt lat="47.0605330" lon="7.1805480"/>
   <trkpt lat="47.0605280" lon="7.1805080"/>
   <trkpt lat="47.0605240" lon="7.1804720"/>
   <trkpt lat="47.0605200" lon="7.1804320"/>
   <trkpt lat="47.0605150" lon="7.1803920"/>
   <trkpt lat="47.0605090" lon="7.1803560"/>
   <trkpt lat="47.0605040" lon="7.1803160"/>
   <trkpt lat="47.0605000" lon="7.1802770"/>
   <trkpt lat="47.0604960" lon="7.1802430"/>
   <trkpt lat="47.0604960" lon="7.1801980"/>
   <trkpt lat="47.0604970" lon="7.1801610"/>
   <trkpt lat="47.0604950" lon="7.1801190"/>
   <trkpt lat="47.0604970" lon="7.1800770"/>
   <trkpt lat="47.0604990" lon="7.1800470"/>
   <trkpt lat="47.0605090" lon="7.1800060"/>
   <trkpt lat="47.0605250" lon="7.1799660"/>
   <trkpt lat="47.0605350" lon="7.1799280"/>
   <trkpt lat="47.0605480" lon="7.1798890"/>
   <trkpt lat="47.0605600" lon="7.1798450"/>
   <trkpt lat="47.0605730" lon="7.1798090"/>
   <trkpt lat="47.0605840" lon="7.1797720"/>
   <trkpt lat="47.0605990" lon="7.1797450"/>
   <trkpt lat="47.0606120" lon="7.1797200"/>
   <trkpt lat="47.0606250" lon="7.1797000"/>
   <trkpt lat="47.0606330" lon="7.1796860"/>
   <trkpt lat="47.0606350" lon="7.1796810"/>
   <trkpt lat="47.0606380" lon="7.1796670"/>
   <trkpt lat="47.0606350" lon="7.1796660"/>
   <trkpt lat="47.0606330" lon="7.1796650"/>
   <trkpt lat="47.0606320" lon="7.1796660"/>
   <trkpt lat="47.0606300" lon="7.1796710"/>
   <trkpt lat="47.0606300" lon="7.1796740"/>
   <trkpt lat="47.0606310" lon="7.1796720"/>
   <trkpt lat="47.0606370" lon="7.1796810"/>
   <trkpt lat="47.0606320" lon="7.1796790"/>
   <trkpt lat="47.0606090" lon="7.1796640"/>
   <trkpt lat="47.0605920" lon="7.1796410"/>
   <trkpt lat="47.0605720" lon="7.1796230"/>
   <trkpt lat="47.0605490" lon="7.1795980"/>
   <trkpt lat="47.0605270" lon="7.1795860"/>
   <trkpt lat="47.0605050" lon="7.1795740"/>
   <trkpt lat="47.0604780" lon="7.1795640"/>
   <trkpt lat="47.0604540" lon="7.1795630"/>
   <trkpt lat="47.0604400" lon="7.1795640"/>
   <trkpt lat="47.0604120" lon="7.1795570"/>
   <trkpt lat="47.0603850" lon="7.1795550"/>
   <trkpt lat="47.0603570" lon="7.1795500"/>
   <trkpt lat="47.0603340" lon="7.1795470"/>
   <trkpt lat="47.0603070" lon="7.1795480"/>
   <trkpt lat="47.0602780" lon="7.1795400"/>
   <trkpt lat="47.0602590" lon="7.1795400"/>
   <trkpt lat="47.0602320" lon="7.1795350"/>
   <trkpt lat="47.0602050" lon="7.1795340"/>
   <trkpt lat="47.0601810" lon="7.1795410"/>
   <trkpt lat="47.0601560" lon="7.1795420"/>
   <trkpt lat="47.0601330" lon="7.1795360"/>
   <trkpt lat="47.0601030" lon="7.1795250"/>
   <trkpt lat="47.0600760" lon="7.1795100"/>
   <trkpt lat="47.0600500" lon="7.1795000"/>
   <trkpt lat="47.0600240" lon="7.1794990"/>
   <trkpt lat="47.0599990" lon="7.1794980"/>
   <trkpt lat="47.0599720" lon="7.1794970"/>
   <trkpt lat="47.0599560" lon="7.1795090"/>
   <trkpt lat="47.0599900" lon="7.1795230"/>
   <trkpt lat="47.0600110" lon="7.1795260"/>
   <trkpt lat="47.0600320" lon="7.1795290"/>
   <trkpt lat="47.0600630" lon="7.1795340"/>
   <trkpt lat="47.0600920" lon="7.1795400"/>
   <trkpt lat="47.0601160" lon="7.1795430"/>
   <trkpt lat="47.0601440" lon="7.1795480"/>
   <trkpt lat="47.0601870" lon="7.1795580"/>
   <trkpt lat="47.0602030" lon="7.1795610"/>
   <trkpt lat="47.0602350" lon="7.1795650"/>
   <trkpt lat="47.0602630" lon="7.1795690"/>
   <trkpt lat="47.0602910" lon="7.1795710"/>
   <trkpt lat="47.0603260" lon="7.1795780"/>
   <trkpt lat="47.0603500" lon="7.1795810"/>
   <trkpt lat="47.0603830" lon="7.1795860"/>
   <trkpt lat="47.0604220" lon="7.1795850"/>
   <trkpt lat="47.0604530" lon="7.1795800"/>
   <trkpt lat="47.0604810" lon="7.1795770"/>
   <trkpt lat="47.0605090" lon="7.1795800"/>
   <trkpt lat="47.0605320" lon="7.1795920"/>
   <trkpt lat="47.0605520" lon="7.1796040"/>
   <trkpt lat="47.0605660" lon="7.1796350"/>
   <trkpt lat="47.0605810" lon="7.1796870"/>
   <trkpt lat="47.0605840" lon="7.1797070"/>
   <trkpt lat="47.0605810" lon="7.1797480"/>
   <trkpt lat="47.0605780" lon="7.1797910"/>
   <trkpt lat="47.0605680" lon="7.1798340"/>
   <trkpt lat="47.0605500" lon="7.1798990"/>
   <trkpt lat="47.0605440" lon="7.1799210"/>
   <trkpt lat="47.0605320" lon="7.1799730"/>
   <trkpt lat="47.0605190" lon="7.1800370"/>
   <trkpt lat="47.0605150" lon="7.1800610"/>
   <trkpt lat="47.0605120" lon="7.1801000"/>
   <trkpt lat="47.0605110" lon="7.1801380"/>
   <trkpt lat="47.0605100" lon="7.1801770"/>
   <trkpt lat="47.0605070" lon="7.1802180"/>
   <trkpt lat="47.0605030" lon="7.1802610"/>
   <trkpt lat="47.0604980" lon="7.1803040"/>
   <trkpt lat="47.0604960" lon="7.1803450"/>
   <trkpt lat="47.0604920" lon="7.1803820"/>
   <trkpt lat="47.0604880" lon="7.1804180"/>
   <trkpt lat="47.0604840" lon="7.1804550"/>
   <trkpt lat="47.0604840" lon="7.1804920"/>
   <trkpt lat="47.0604860" lon="7.1805380"/>
   <trkpt lat="47.0604900" lon="7.1805790"/>
   <trkpt lat="47.0604960" lon="7.1806160"/>
   <trkpt lat="47.0605010" lon="7.1806530"/>
   <trkpt lat="47.0605080" lon="7.1806860"/>
   <trkpt lat="47.0605180" lon="7.1807260"/>
   <trkpt lat="47.0605300" lon="7.1807630"/>
   <trkpt lat="47.0605490" lon="7.1808170"/>
   <trkpt lat="47.0605540" lon="7.1808370"/>
   <trkpt lat="47.0605730" lon="7.1808940"/>
   <trkpt lat="47.0605790" lon="7.1809130"/>
   <trkpt lat="47.0605980" lon="7.1809550"/>
   <trkpt lat="47.0606280" lon="7.1810130"/>
   <trkpt lat="47.0606370" lon="7.1810310"/>
   <trkpt lat="47.0606570" lon="7.1810650"/>
   <trkpt lat="47.0606780" lon="7.1810940"/>
   <trkpt lat="47.0606960" lon="7.1811260"/>
   <trkpt lat="47.0607160" lon="7.1811550"/>
   <trkpt lat="47.0607370" lon="7.1811870"/>
   <trkpt lat="47.0607590" lon="7.1812240"/>
   <trkpt lat="47.0607840" lon="7.1812630"/>
   <trkpt lat="47.0608180" lon="7.1813270"/>
   <trkpt lat="47.0608290" lon="7.1813460"/>
   <trkpt lat="47.0608520" lon="7.1813780"/>
   <trkpt lat="47.0608730" lon="7.1814090"/>
   <trkpt lat="47.0608970" lon="7.1814380"/>
   <trkpt lat="47.0609200" lon="7.1814660"/>
   <trkpt lat="47.0609390" lon="7.1814890"/>
   <trkpt lat="47.0609620" lon="7.1815100"/>
   <trkpt lat="47.0609860" lon="7.1815300"/>
   <trkpt lat="47.0610110" lon="7.1815510"/>
   <trkpt lat="47.0610320" lon="7.1815690"/>
   <trkpt lat="47.0610550" lon="7.1815900"/>
   <trkpt lat="47.0610800" lon="7.1816090"/>
   <trkpt lat="47.0611030" lon="7.1816300"/>
   <trkpt lat="47.0611250" lon="7.1816550"/>
   <trkpt lat="47.0611460" lon="7.1816760"/>
   <trkpt lat="47.0611740" lon="7.1816960"/>
   <trkpt lat="47.0612020" lon="7.1817180"/>
   <trkpt lat="47.0612300" lon="7.1817370"/>
   <trkpt lat="47.0612630" lon="7.1817650"/>
   <trkpt lat="47.0612890" lon="7.1817930"/>
   <trkpt lat="47.0613150" lon="7.1818180"/>
   <trkpt lat="47.0613460" lon="7.1818490"/>
   <trkpt lat="47.0613740" lon="7.1818740"/>
   <trkpt lat="47.0614020" lon="7.1818920"/>
   <trkpt lat="47.0614310" lon="7.1819160"/>
   <trkpt lat="47.0614560" lon="7.1819370"/>
   <trkpt lat="47.0614800" lon="7.1819580"/>
   <trkpt lat="47.0615060" lon="7.1819840"/>
   <trkpt lat="47.0615310" lon="7.1820030"/>
   <trkpt lat="47.0615610" lon="7.1820230"/>
   <trkpt lat="47.0615900" lon="7.1820400"/>
   <trkpt lat="47.0616130" lon="7.1820560"/>
   <trkpt lat="47.0616410" lon="7.1820730"/>
   <trkpt lat="47.0616680" lon="7.1820930"/>
   <trkpt lat="47.0616970" lon="7.1821090"/>
   <trkpt lat="47.0617290" lon="7.1821280"/>
   <trkpt lat="47.0617590" lon="7.1821450"/>
   <trkpt lat="47.0617840" lon="7.1821610"/>
   <trkpt lat="47.0618110" lon="7.1821830"/>
   <trkpt lat="47.0618330" lon="7.1822020"/>
   <trkpt lat="47.0618590" lon="7.1822260"/>
   <trkpt lat="47.0618840" lon="7.1822520"/>
   <trkpt lat="47.0619120" lon="7.1822730"/>
   <trkpt lat="47.0619420" lon="7.1822930"/>
   <trkpt lat="47.0619690" lon="7.1823130"/>
   <trkpt lat="47.0619950" lon="7.1823280"/>
   <trkpt lat="47.0620240" lon="7.1823480"/>
   <trkpt lat="47.0620500" lon="7.1823590"/>
   <trkpt lat="47.0620780" lon="7.1823770"/>
   <trkpt lat="47.0621040" lon="7.1823990"/>
   <trkpt lat="47.0621270" lon="7.1824140"/>
   <trkpt lat="47.0621530" lon="7.1824370"/>
   <trkpt lat="47.0621760" lon="7.1824570"/>
   <trkpt lat="47.0621990" lon="7.1824780"/>
   <trkpt lat="47.0622220" lon="7.1825000"/>
   <trkpt lat="47.0622460" lon="7.1825200"/>
   <trkpt lat="47.0622700" lon="7.1825380"/>
   <trkpt lat="47.0622960" lon="7.1825570"/>
   <trkpt lat="47.0623220" lon="7.1825730"/>
   <trkpt lat="47.0623490" lon="7.1825950"/>
   <trkpt lat="47.0623730" lon="7.1826160"/>
   <trkpt lat="47.0623970" lon="7.1826310"/>
   <trkpt lat="47.0624220" lon="7.1826510"/>
   <trkpt lat="47.0624450" lon="7.1826680"/>
   <trkpt lat="47.0624690" lon="7.1826850"/>
   <trkpt lat="47.0624920" lon="7.1827050"/>
   <trkpt lat="47.0625140" lon="7.1827180"/>
   <trkpt lat="47.0625420" lon="7.1827390"/>
   <trkpt lat="47.0625680" lon="7.1827610"/>
   <trkpt lat="47.0625920" lon="7.1827780"/>
   <trkpt lat="47.0626150" lon="7.1827980"/>
   <trkpt lat="47.0626350" lon="7.1828160"/>
   <trkpt lat="47.0626590" lon="7.1828320"/>
   <trkpt lat="47.0626820" lon="7.1828500"/>
   <trkpt lat="47.0627040" lon="7.1828660"/>
   <trkpt lat="47.0627280" lon="7.1828850"/>
   <trkpt lat="47.0627540" lon="7.1829110"/>
   <trkpt lat="47.0627750" lon="7.1829350"/>
   <trkpt lat="47.0627990" lon="7.1829630"/>
   <trkpt lat="47.0628190" lon="7.1829980"/>
   <trkpt lat="47.0628330" lon="7.1830280"/>
   <trkpt lat="47.0628430" lon="7.1830680"/>
   <trkpt lat="47.0628450" lon="7.1831100"/>
   <trkpt lat="47.0628430" lon="7.1831510"/>
   <trkpt lat="47.0628340" lon="7.1831920"/>
   <trkpt lat="47.0628140" lon="7.1832240"/>
   <trkpt lat="47.0627930" lon="7.1832540"/>
   <trkpt lat="47.0627670" lon="7.1832850"/>
   <trkpt lat="47.0627450" lon="7.1833110"/>
   <trkpt lat="47.0627250" lon="7.1833390"/>
   <trkpt lat="47.0626950" lon="7.1833620"/>
   <trkpt lat="47.0626690" lon="7.1833920"/>
   <trkpt lat="47.0626470" lon="7.1834210"/>
   <trkpt lat="47.0626240" lon="7.1834480"/>
   <trkpt lat="47.0626040" lon="7.1834730"/>
   <trkpt lat="47.0625830" lon="7.1835000"/>
   <trkpt lat="47.0625600" lon="7.1835270"/>
   <trkpt lat="47.0625380" lon="7.1835510"/>
   <trkpt lat="47.0625150" lon="7.1835790"/>
   <trkpt lat="47.0624930" lon="7.1836060"/>
   <trkpt lat="47.0624740" lon="7.1836290"/>
   <trkpt lat="47.0624540" lon="7.1836530"/>
   <trkpt lat="47.0624340" lon="7.1836750"/>
   <trkpt lat="47.0624170" lon="7.1836970"/>
   <trkpt lat="47.0623980" lon="7.1837250"/>
   <trkpt lat="47.0623800" lon="7.1837550"/>
   <trkpt lat="47.0623720" lon="7.1837960"/>
   <trkpt lat="47.0623570" lon="7.1838380"/>
   <trkpt lat="47.0623460" lon="7.1838760"/>
   <trkpt lat="47.0623390" lon="7.1839190"/>
   <trkpt lat="47.0623370" lon="7.1839580"/>
   <trkpt lat="47.0623580" lon="7.1839950"/>
   <trkpt lat="47.0623740" lon="7.1840300"/>
   <trkpt lat="47.0623940" lon="7.1840610"/>
   <trkpt lat="47.0624080" lon="7.1840900"/>
   <trkpt lat="47.0624310" lon="7.1841300"/>
   <trkpt lat="47.0624450" lon="7.1841590"/>
   <trkpt lat="47.0624600" lon="7.1841840"/>
   <trkpt lat="47.0624820" lon="7.1842170"/>
   <trkpt lat="47.0625010" lon="7.1842460"/>
   <trkpt lat="47.0625210" lon="7.1842670"/>
   <trkpt lat="47.0625430" lon="7.1842960"/>
   <trkpt lat="47.0625680" lon="7.1843220"/>
   <trkpt lat="47.0625890" lon="7.1843430"/>
   <trkpt lat="47.0626130" lon="7.1843720"/>
   <trkpt lat="47.0626310" lon="7.1843910"/>
   <trkpt lat="47.0626510" lon="7.1844190"/>
   <trkpt lat="47.0626780" lon="7.1844470"/>
   <trkpt lat="47.0627000" lon="7.1844690"/>
   <trkpt lat="47.0627250" lon="7.1844950"/>
   <trkpt lat="47.0627480" lon="7.1845200"/>
   <trkpt lat="47.0627700" lon="7.1845450"/>
   <trkpt lat="47.0627980" lon="7.1845780"/>
   <trkpt lat="47.0628180" lon="7.1845990"/>
   <trkpt lat="47.0628410" lon="7.1846240"/>
   <trkpt lat="47.0628680" lon="7.1846500"/>
   <trkpt lat="47.0628900" lon="7.1846770"/>
   <trkpt lat="47.0629120" lon="7.1846970"/>
   <trkpt lat="47.0629360" lon="7.1847240"/>
   <trkpt lat="47.0629570" lon="7.1847480"/>
   <trkpt lat="47.0629770" lon="7.1847700"/>
   <trkpt lat="47.0629990" lon="7.1847980"/>
   <trkpt lat="47.0630190" lon="7.1848210"/>
   <trkpt lat="47.0630390" lon="7.1848410"/>
   <trkpt lat="47.0630610" lon="7.1848680"/>
   <trkpt lat="47.0630830" lon="7.1848920"/>
   <trkpt lat="47.0631050" lon="7.1849150"/>
   <trkpt lat="47.0631290" lon="7.1849410"/>
   <trkpt lat="47.0631520" lon="7.1849630"/>
   <trkpt lat="47.0631770" lon="7.1849860"/>
   <trkpt lat="47.0632020" lon="7.1850110"/>
   <trkpt lat="47.0632220" lon="7.1850350"/>
   <trkpt lat="47.0632430" lon="7.1850590"/>
   <trkpt lat="47.0632650" lon="7.1850830"/>
   <trkpt lat="47.0632870" lon="7.1851040"/>
   <trkpt lat="47.0633110" lon="7.1851280"/>
   <trkpt lat="47.0633320" lon="7.1851500"/>
   <trkpt lat="47.0633530" lon="7.1851710"/>
   <trkpt lat="47.0633750" lon="7.1851940"/>
   <trkpt lat="47.0633950" lon="7.1852180"/>
   <trkpt lat="47.0634160" lon="7.1852370"/>
   <trkpt lat="47.0634380" lon="7.1852620"/>
   <trkpt lat="47.0634580" lon="7.1852900"/>
   <trkpt lat="47.0634760" lon="7.1853140"/>
   <trkpt lat="47.0634960" lon="7.1853400"/>
   <trkpt lat="47.0635180" lon="7.1853620"/>
   <trkpt lat="47.0635350" lon="7.1853850"/>
   <trkpt lat="47.0635560" lon="7.1854170"/>
   <trkpt lat="47.0635730" lon="7.1854470"/>
   <trkpt lat="47.0635900" lon="7.1854750"/>
   <trkpt lat="47.0636080" lon="7.1855090"/>
   <trkpt lat="47.0636240" lon="7.1855430"/>
   <trkpt lat="47.0636410" lon="7.1855740"/>
   <trkpt lat="47.0636590" lon="7.1856070"/>
   <trkpt lat="47.0636750" lon="7.1856400"/>
   <trkpt lat="47.0636920" lon="7.1856710"/>
   <trkpt lat="47.0637090" lon="7.1857070"/>
   <trkpt lat="47.0637240" lon="7.1857410"/>
   <trkpt lat="47.0637400" lon="7.1857700"/>
   <trkpt lat="47.0637570" lon="7.1858030"/>
   <trkpt lat="47.0637740" lon="7.1858370"/>
   <trkpt lat="47.0637910" lon="7.1858690"/>
   <trkpt lat="47.0638090" lon="7.1859060"/>
   <trkpt lat="47.0638260" lon="7.1859380"/>
   <trkpt lat="47.0638430" lon="7.1859670"/>
   <trkpt lat="47.0638600" lon="7.1859980"/>
   <trkpt lat="47.0638750" lon="7.1860250"/>
   <trkpt lat="47.0638910" lon="7.1860540"/>
   <trkpt lat="47.0639060" lon="7.1860890"/>
   <trkpt lat="47.0639240" lon="7.1861160"/>
   <trkpt lat="47.0639410" lon="7.1861470"/>
   <trkpt lat="47.0639570" lon="7.1861790"/>
   <trkpt lat="47.0639740" lon="7.1862040"/>
   <trkpt lat="47.0639930" lon="7.1862370"/>
   <trkpt lat="47.0640120" lon="7.1862660"/>
   <trkpt lat="47.0640310" lon="7.1862900"/>
   <trkpt lat="47.0640550" lon="7.1863200"/>
   <trkpt lat="47.0640730" lon="7.1863460"/>
   <trkpt lat="47.0640940" lon="7.1863660"/>
   <trkpt lat="47.0641140" lon="7.1863910"/>
   <trkpt lat="47.0641360" lon="7.1864190"/>
   <trkpt lat="47.0641570" lon="7.1864420"/>
   <trkpt lat="47.0641810" lon="7.1864710"/>
   <trkpt lat="47.0642010" lon="7.1864930"/>
   <trkpt lat="47.0642220" lon="7.1865170"/>
   <trkpt lat="47.0642430" lon="7.1865450"/>
   <trkpt lat="47.0642630" lon="7.1865680"/>
   <trkpt lat="47.0642820" lon="7.1865950"/>
   <trkpt lat="47.0643020" lon="7.1866260"/>
   <trkpt lat="47.0643220" lon="7.1866510"/>
   <trkpt lat="47.0643460" lon="7.1866830"/>
   <trkpt lat="47.0643670" lon="7.1867120"/>
   <trkpt lat="47.0643880" lon="7.1867370"/>
   <trkpt lat="47.0644120" lon="7.1867640"/>
   <trkpt lat="47.0644350" lon="7.1867900"/>
   <trkpt lat="47.0644560" lon="7.1868110"/>
   <trkpt lat="47.0644800" lon="7.1868400"/>
   <trkpt lat="47.0645030" lon="7.1868700"/>
   <trkpt lat="47.0645270" lon="7.1868980"/>
   <trkpt lat="47.0645500" lon="7.1869240"/>
   <trkpt lat="47.0645700" lon="7.1869520"/>
   <trkpt lat="47.0645920" lon="7.1869750"/>
   <trkpt lat="47.0646120" lon="7.1870000"/>
   <trkpt lat="47.0646300" lon="7.1870220"/>
   <trkpt lat="47.0646470" lon="7.1870440"/>
   <trkpt lat="47.0646660" lon="7.1870710"/>
   <trkpt lat="47.0646850" lon="7.1870940"/>
   <trkpt lat="47.0647070" lon="7.1871200"/>
   <trkpt lat="47.0647270" lon="7.1871470"/>
   <trkpt lat="47.0647480" lon="7.1871730"/>
   <trkpt lat="47.0647680" lon="7.1872020"/>
   <trkpt lat="47.0647900" lon="7.1872310"/>
   <trkpt lat="47.0648150" lon="7.1872580"/>
   <trkpt lat="47.0648370" lon="7.1872860"/>
   <trkpt lat="47.0648590" lon="7.1873130"/>
   <trkpt lat="47.0648830" lon="7.1873340"/>
   <trkpt lat="47.0649070" lon="7.1873580"/>
   <trkpt lat="47.0649290" lon="7.1873790"/>
   <trkpt lat="47.0649500" lon="7.1874000"/>
   <trkpt lat="47.0649700" lon="7.1874240"/>
   <trkpt lat="47.0649930" lon="7.1874460"/>
   <trkpt lat="47.0650170" lon="7.1874700"/>
   <trkpt lat="47.0650420" lon="7.1874880"/>
   <trkpt lat="47.0650690" lon="7.1875130"/>
   <trkpt lat="47.0650940" lon="7.1875380"/>
   <trkpt lat="47.0651180" lon="7.1875580"/>
   <trkpt lat="47.0651430" lon="7.1875810"/>
   <trkpt lat="47.0651660" lon="7.1876060"/>
   <trkpt lat="47.0651860" lon="7.1876230"/>
   <trkpt lat="47.0652090" lon="7.1876460"/>
   <trkpt lat="47.0652330" lon="7.1876660"/>
   <trkpt lat="47.0652570" lon="7.1876850"/>
   <trkpt lat="47.0652810" lon="7.1877060"/>
   <trkpt lat="47.0653030" lon="7.1877280"/>
   <trkpt lat="47.0653260" lon="7.1877480"/>
   <trkpt lat="47.0653520" lon="7.1877770"/>
   <trkpt lat="47.0653700" lon="7.1878000"/>
   <trkpt lat="47.0653920" lon="7.1878220"/>
   <trkpt lat="47.0654140" lon="7.1878540"/>
   <trkpt lat="47.0654320" lon="7.1878800"/>
   <trkpt lat="47.0654520" lon="7.1879050"/>
   <trkpt lat="47.0654730" lon="7.1879360"/>
   <trkpt lat="47.0654910" lon="7.1879690"/>
   <trkpt lat="47.0655110" lon="7.1879970"/>
   <trkpt lat="47.0655300" lon="7.1880270"/>
   <trkpt lat="47.0655470" lon="7.1880500"/>
   <trkpt lat="47.0655670" lon="7.1880780"/>
   <trkpt lat="47.0655840" lon="7.1881110"/>
   <trkpt lat="47.0656010" lon="7.1881420"/>
   <trkpt lat="47.0656210" lon="7.1881750"/>
   <trkpt lat="47.0656380" lon="7.1882070"/>
   <trkpt lat="47.0656570" lon="7.1882360"/>
   <trkpt lat="47.0656750" lon="7.1882710"/>
   <trkpt lat="47.0656910" lon="7.1883040"/>
   <trkpt lat="47.0657090" lon="7.1883360"/>
   <trkpt lat="47.0657280" lon="7.1883660"/>
   <trkpt lat="47.0657440" lon="7.1883930"/>
   <trkpt lat="47.0657610" lon="7.1884210"/>
   <trkpt lat="47.0657790" lon="7.1884520"/>
   <trkpt lat="47.0657980" lon="7.1884810"/>
   <trkpt lat="47.0658160" lon="7.1885100"/>
   <trkpt lat="47.0658360" lon="7.1885390"/>
   <trkpt lat="47.0658560" lon="7.1885620"/>
   <trkpt lat="47.0658780" lon="7.1885890"/>
   <trkpt lat="47.0658990" lon="7.1886160"/>
   <trkpt lat="47.0659220" lon="7.1886360"/>
   <trkpt lat="47.0659450" lon="7.1886600"/>
   <trkpt lat="47.0659670" lon="7.1886830"/>
   <trkpt lat="47.0659900" lon="7.1887030"/>
   <trkpt lat="47.0660130" lon="7.1887250"/>
   <trkpt lat="47.0660340" lon="7.1887450"/>
   <trkpt lat="47.0660540" lon="7.1887580"/>
   <trkpt lat="47.0660760" lon="7.1887790"/>
   <trkpt lat="47.0660980" lon="7.1888000"/>
   <trkpt lat="47.0661210" lon="7.1888170"/>
   <trkpt lat="47.0661450" lon="7.1888370"/>
   <trkpt lat="47.0661690" lon="7.1888580"/>
   <trkpt lat="47.0661950" lon="7.1888800"/>
   <trkpt lat="47.0662200" lon="7.1889030"/>
   <trkpt lat="47.0662450" lon="7.1889210"/>
   <trkpt lat="47.0662690" lon="7.1889400"/>
   <trkpt lat="47.0662910" lon="7.1889600"/>
   <trkpt lat="47.0663120" lon="7.1889720"/>
   <trkpt lat="47.0663370" lon="7.1889900"/>
   <trkpt lat="47.0663610" lon="7.1890080"/>
   <trkpt lat="47.0663860" lon="7.1890240"/>
   <trkpt lat="47.0664150" lon="7.1890460"/>
   <trkpt lat="47.0664390" lon="7.1890660"/>
   <trkpt lat="47.0664640" lon="7.1890830"/>
   <trkpt lat="47.0664870" lon="7.1891020"/>
   <trkpt lat="47.0665090" lon="7.1891170"/>
   <trkpt lat="47.0665310" lon="7.1891300"/>
   <trkpt lat="47.0665560" lon="7.1891460"/>
   <trkpt lat="47.0665790" lon="7.1891610"/>
   <trkpt lat="47.0666040" lon="7.1891760"/>
   <trkpt lat="47.0666280" lon="7.1891900"/>
   <trkpt lat="47.0666520" lon="7.1892040"/>
   <trkpt lat="47.0666770" lon="7.1892190"/>
   <trkpt lat="47.0667010" lon="7.1892370"/>
   <trkpt lat="47.0667260" lon="7.1892510"/>
   <trkpt lat="47.0667540" lon="7.1892720"/>
   <trkpt lat="47.0667800" lon="7.1892840"/>
   <trkpt lat="47.0668040" lon="7.1893000"/>
   <trkpt lat="47.0668310" lon="7.1893170"/>
   <trkpt lat="47.0668550" lon="7.1893350"/>
   <trkpt lat="47.0668810" lon="7.1893430"/>
   <trkpt lat="47.0669080" lon="7.1893580"/>
   <trkpt lat="47.0669340" lon="7.1893740"/>
   <trkpt lat="47.0669610" lon="7.1893880"/>
   <trkpt lat="47.0669890" lon="7.1894030"/>
   <trkpt lat="47.0670120" lon="7.1894160"/>
   <trkpt lat="47.0670380" lon="7.1894310"/>
   <trkpt lat="47.0670620" lon="7.1894480"/>
   <trkpt lat="47.0670850" lon="7.1894640"/>
   <trkpt lat="47.0671080" lon="7.1894750"/>
   <trkpt lat="47.0671310" lon="7.1894860"/>
   <trkpt lat="47.0671550" lon="7.1895010"/>
   <trkpt lat="47.0671780" lon="7.1895140"/>
   <trkpt lat="47.0672010" lon="7.1895300"/>
   <trkpt lat="47.0672240" lon="7.1895480"/>
   <trkpt lat="47.0672480" lon="7.1895630"/>
   <trkpt lat="47.0672740" lon="7.1895810"/>
   <trkpt lat="47.0673000" lon="7.1895970"/>
   <trkpt lat="47.0673230" lon="7.1896120"/>
   <trkpt lat="47.0673460" lon="7.1896270"/>
   <trkpt lat="47.0673680" lon="7.1896360"/>
   <trkpt lat="47.0673920" lon="7.1896490"/>
   <trkpt lat="47.0674180" lon="7.1896640"/>
   <trkpt lat="47.0674430" lon="7.1896740"/>
   <trkpt lat="47.0674710" lon="7.1896870"/>
   <trkpt lat="47.0674990" lon="7.1897010"/>
   <trkpt lat="47.0675260" lon="7.1897110"/>
   <trkpt lat="47.0675540" lon="7.1897220"/>
   <trkpt lat="47.0675800" lon="7.1897300"/>
   <trkpt lat="47.0676050" lon="7.1897310"/>
   <trkpt lat="47.0676340" lon="7.1897330"/>
   <trkpt lat="47.0676590" lon="7.1897380"/>
   <trkpt lat="47.0676840" lon="7.1897420"/>
   <trkpt lat="47.0677120" lon="7.1897500"/>
   <trkpt lat="47.0677370" lon="7.1897610"/>
   <trkpt lat="47.0677630" lon="7.1897660"/>
   <trkpt lat="47.0677890" lon="7.1897770"/>
   <trkpt lat="47.0678120" lon="7.1897890"/>
   <trkpt lat="47.0678370" lon="7.1897990"/>
   <trkpt lat="47.0678640" lon="7.1898120"/>
   <trkpt lat="47.0678890" lon="7.1898260"/>
   <trkpt lat="47.0679170" lon="7.1898360"/>
   <trkpt lat="47.0679480" lon="7.1898510"/>
   <trkpt lat="47.0679760" lon="7.1898660"/>
   <trkpt lat="47.0680050" lon="7.1898810"/>
   <trkpt lat="47.0680320" lon="7.1898930"/>
   <trkpt lat="47.0680590" lon="7.1899080"/>
   <trkpt lat="47.0680840" lon="7.1899290"/>
   <trkpt lat="47.0681090" lon="7.1899560"/>
   <trkpt lat="47.0681310" lon="7.1899740"/>
   <trkpt lat="47.0681570" lon="7.1900010"/>
   <trkpt lat="47.0681790" lon="7.1900260"/>
   <trkpt lat="47.0682020" lon="7.1900460"/>
   <trkpt lat="47.0682240" lon="7.1900740"/>
   <trkpt lat="47.0682410" lon="7.1900960"/>
   <trkpt lat="47.0682640" lon="7.1901190"/>
   <trkpt lat="47.0682900" lon="7.1901530"/>
   <trkpt lat="47.0683080" lon="7.1901780"/>
   <trkpt lat="47.0683310" lon="7.1902040"/>
   <trkpt lat="47.0683520" lon="7.1902310"/>
   <trkpt lat="47.0683710" lon="7.1902500"/>
   <trkpt lat="47.0683910" lon="7.1902800"/>
   <trkpt lat="47.0684100" lon="7.1903070"/>
   <trkpt lat="47.0684340" lon="7.1903290"/>
   <trkpt lat="47.0684620" lon="7.1903610"/>
   <trkpt lat="47.0684830" lon="7.1903860"/>
   <trkpt lat="47.0685040" lon="7.1904050"/>
   <trkpt lat="47.0685280" lon="7.1904380"/>
   <trkpt lat="47.0685480" lon="7.1904650"/>
   <trkpt lat="47.0685720" lon="7.1904910"/>
   <trkpt lat="47.0685940" lon="7.1905210"/>
   <trkpt lat="47.0686140" lon="7.1905450"/>
   <trkpt lat="47.0686380" lon="7.1905700"/>
   <trkpt lat="47.0686620" lon="7.1905950"/>
   <trkpt lat="47.0686830" lon="7.1906160"/>
   <trkpt lat="47.0687070" lon="7.1906430"/>
   <trkpt lat="47.0687280" lon="7.1906680"/>
   <trkpt lat="47.0687520" lon="7.1906870"/>
   <trkpt lat="47.0687770" lon="7.1907070"/>
   <trkpt lat="47.0687990" lon="7.1907280"/>
   <trkpt lat="47.0688190" lon="7.1907400"/>
   <trkpt lat="47.0688400" lon="7.1907600"/>
   <trkpt lat="47.0688590" lon="7.1907760"/>
   <trkpt lat="47.0688810" lon="7.1907900"/>
   <trkpt lat="47.0689050" lon="7.1908160"/>
   <trkpt lat="47.0689250" lon="7.1908390"/>
   <trkpt lat="47.0689500" lon="7.1908570"/>
   <trkpt lat="47.0689730" lon="7.1908740"/>
   <trkpt lat="47.0689950" lon="7.1908900"/>
   <trkpt lat="47.0690180" lon="7.1909070"/>
   <trkpt lat="47.0690420" lon="7.1909330"/>
   <trkpt lat="47.0690640" lon="7.1909540"/>
   <trkpt lat="47.0690940" lon="7.1909840"/>
   <trkpt lat="47.0691170" lon="7.1910100"/>
   <trkpt lat="47.0691410" lon="7.1910260"/>
   <trkpt lat="47.0691660" lon="7.1910490"/>
   <trkpt lat="47.0691840" lon="7.1910670"/>
   <trkpt lat="47.0692100" lon="7.1910880"/>
   <trkpt lat="47.0692360" lon="7.1911140"/>
   <trkpt lat="47.0692600" lon="7.1911370"/>
   <trkpt lat="47.0692870" lon="7.1911560"/>
   <trkpt lat="47.0693100" lon="7.1911760"/>
   <trkpt lat="47.0693330" lon="7.1911940"/>
   <trkpt lat="47.0693580" lon="7.1912090"/>
   <trkpt lat="47.0693820" lon="7.1912260"/>
   <trkpt lat="47.0694080" lon="7.1912380"/>
   <trkpt lat="47.0694330" lon="7.1912510"/>
   <trkpt lat="47.0694570" lon="7.1912660"/>
   <trkpt lat="47.0694800" lon="7.1912760"/>
   <trkpt lat="47.0695060" lon="7.1912900"/>
   <trkpt lat="47.0695320" lon="7.1913080"/>
   <trkpt lat="47.0695570" lon="7.1913190"/>
   <trkpt lat="47.0695820" lon="7.1913380"/>
   <trkpt lat="47.0696090" lon="7.1913530"/>
   <trkpt lat="47.0696340" lon="7.1913680"/>
   <trkpt lat="47.0696630" lon="7.1913840"/>
   <trkpt lat="47.0696890" lon="7.1913980"/>
   <trkpt lat="47.0697180" lon="7.1914170"/>
   <trkpt lat="47.0697450" lon="7.1914340"/>
   <trkpt lat="47.0697700" lon="7.1914460"/>
   <trkpt lat="47.0697990" lon="7.1914620"/>
   <trkpt lat="47.0698240" lon="7.1914730"/>
   <trkpt lat="47.0698510" lon="7.1914840"/>
   <trkpt lat="47.0698750" lon="7.1915000"/>
   <trkpt lat="47.0698980" lon="7.1915100"/>
   <trkpt lat="47.0699240" lon="7.1915230"/>
   <trkpt lat="47.0699510" lon="7.1915370"/>
   <trkpt lat="47.0699770" lon="7.1915490"/>
   <trkpt lat="47.0700060" lon="7.1915590"/>
   <trkpt lat="47.0700330" lon="7.1915730"/>
   <trkpt lat="47.0700590" lon="7.1915820"/>
   <trkpt lat="47.0700900" lon="7.1915980"/>
   <trkpt lat="47.0701150" lon="7.1916060"/>
   <trkpt lat="47.0701440" lon="7.1916150"/>
   <trkpt lat="47.0701760" lon="7.1916290"/>
   <trkpt lat="47.0702020" lon="7.1916400"/>
   <trkpt lat="47.0702320" lon="7.1916540"/>
   <trkpt lat="47.0702580" lon="7.1916710"/>
   <trkpt lat="47.0702840" lon="7.1916820"/>
   <trkpt lat="47.0703090" lon="7.1917000"/>
   <trkpt lat="47.0703290" lon="7.1917200"/>
   <trkpt lat="47.0703520" lon="7.1917330"/>
   <trkpt lat="47.0703740" lon="7.1917550"/>
   <trkpt lat="47.0703930" lon="7.1917690"/>
   <trkpt lat="47.0704140" lon="7.1917820"/>
   <trkpt lat="47.0704370" lon="7.1918000"/>
   <trkpt lat="47.0704580" lon="7.1918190"/>
   <trkpt lat="47.0704810" lon="7.1918370"/>
   <trkpt lat="47.0705040" lon="7.1918610"/>
   <trkpt lat="47.0705270" lon="7.1918840"/>
   <trkpt lat="47.0705530" lon="7.1919060"/>
   <trkpt lat="47.0705800" lon="7.1919320"/>
   <trkpt lat="47.0706060" lon="7.1919520"/>
   <trkpt lat="47.0706340" lon="7.1919780"/>
   <trkpt lat="47.0706620" lon="7.1920060"/>
   <trkpt lat="47.0706910" lon="7.1920260"/>
   <trkpt lat="47.0707190" lon="7.1920510"/>
   <trkpt lat="47.0707440" lon="7.1920770"/>
   <trkpt lat="47.0707690" lon="7.1920970"/>
   <trkpt lat="47.0707950" lon="7.1921210"/>
   <trkpt lat="47.0708150" lon="7.1921440"/>
   <trkpt lat="47.0708350" lon="7.1921640"/>
   <trkpt lat="47.0708580" lon="7.1921840"/>
   <trkpt lat="47.0708810" lon="7.1922050"/>
   <trkpt lat="47.0709040" lon="7.1922210"/>
   <trkpt lat="47.0709280" lon="7.1922370"/>
   <trkpt lat="47.0709530" lon="7.1922510"/>
   <trkpt lat="47.0709810" lon="7.1922650"/>
   <trkpt lat="47.0710080" lon="7.1922790"/>
   <trkpt lat="47.0710340" lon="7.1922880"/>
   <trkpt lat="47.0710610" lon="7.1923060"/>
   <trkpt lat="47.0710860" lon="7.1923220"/>
   <trkpt lat="47.0711130" lon="7.1923370"/>
   <trkpt lat="47.0711360" lon="7.1923560"/>
   <trkpt lat="47.0711580" lon="7.1923740"/>
   <trkpt lat="47.0711850" lon="7.1923850"/>
   <trkpt lat="47.0712100" lon="7.1924020"/>
   <trkpt lat="47.0712330" lon="7.1924160"/>
   <trkpt lat="47.0712550" lon="7.1924260"/>
   <trkpt lat="47.0712790" lon="7.1924410"/>
   <trkpt lat="47.0713070" lon="7.1924550"/>
   <trkpt lat="47.0713340" lon="7.1924650"/>
   <trkpt lat="47.0713610" lon="7.1924810"/>
   <trkpt lat="47.0713860" lon="7.1924950"/>
   <trkpt lat="47.0714090" lon="7.1925110"/>
   <trkpt lat="47.0714350" lon="7.1925280"/>
   <trkpt lat="47.0714610" lon="7.1925400"/>
   <trkpt lat="47.0714920" lon="7.1925560"/>
   <trkpt lat="47.0715190" lon="7.1925730"/>
   <trkpt lat="47.0715460" lon="7.1925820"/>
   <trkpt lat="47.0715770" lon="7.1925960"/>
   <trkpt lat="47.0716040" lon="7.1926070"/>
   <trkpt lat="47.0716310" lon="7.1926090"/>
   <trkpt lat="47.0716580" lon="7.1926180"/>
   <trkpt lat="47.0716810" lon="7.1926270"/>
   <trkpt lat="47.0717090" lon="7.1926310"/>
   <trkpt lat="47.0717390" lon="7.1926430"/>
   <trkpt lat="47.0717660" lon="7.1926540"/>
   <trkpt lat="47.0717940" lon="7.1926630"/>
   <trkpt lat="47.0718190" lon="7.1926730"/>
   <trkpt lat="47.0718430" lon="7.1926810"/>
   <trkpt lat="47.0718720" lon="7.1926900"/>
   <trkpt lat="47.0719000" lon="7.1927000"/>
   <trkpt lat="47.0719270" lon="7.1927050"/>
   <trkpt lat="47.0719560" lon="7.1927150"/>
   <trkpt lat="47.0719830" lon="7.1927250"/>
   <trkpt lat="47.0720090" lon="7.1927330"/>
   <trkpt lat="47.0720390" lon="7.1927470"/>
   <trkpt lat="47.0720650" lon="7.1927570"/>
   <trkpt lat="47.0720930" lon="7.1927650"/>
   <trkpt lat="47.0721200" lon="7.1927770"/>
   <trkpt lat="47.0721450" lon="7.1927860"/>
   <trkpt lat="47.0721700" lon="7.1927960"/>
   <trkpt lat="47.0721990" lon="7.1928100"/>
   <trkpt lat="47.0722260" lon="7.1928210"/>
   <trkpt lat="47.0722540" lon="7.1928320"/>
   <trkpt lat="47.0722810" lon="7.1928440"/>
   <trkpt lat="47.0723060" lon="7.1928540"/>
   <trkpt lat="47.0723320" lon="7.1928660"/>
   <trkpt lat="47.0723590" lon="7.1928830"/>
   <trkpt lat="47.0723840" lon="7.1928940"/>
   <trkpt lat="47.0724090" lon="7.1929090"/>
   <trkpt lat="47.0724340" lon="7.1929190"/>
   <trkpt lat="47.0724600" lon="7.1929290"/>
   <trkpt lat="47.0724880" lon="7.1929400"/>
   <trkpt lat="47.0725170" lon="7.1929510"/>
   <trkpt lat="47.0725470" lon="7.1929600"/>
   <trkpt lat="47.0725760" lon="7.1929730"/>
   <trkpt lat="47.0726040" lon="7.1929820"/>
   <trkpt lat="47.0726340" lon="7.1929950"/>
   <trkpt lat="47.0726600" lon="7.1930060"/>
   <trkpt lat="47.0726860" lon="7.1930140"/>
   <trkpt lat="47.0727140" lon="7.1930260"/>
   <trkpt lat="47.0727420" lon="7.1930360"/>
   <trkpt lat="47.0727700" lon="7.1930460"/>
   <trkpt lat="47.0728000" lon="7.1930470"/>
   <trkpt lat="47.0728280" lon="7.1930520"/>
   <trkpt lat="47.0728560" lon="7.1930600"/>
   <trkpt lat="47.0728810" lon="7.1930700"/>
   <trkpt lat="47.0729070" lon="7.1930760"/>
   <trkpt lat="47.0729370" lon="7.1930850"/>
   <trkpt lat="47.0729640" lon="7.1930950"/>
   <trkpt lat="47.0729920" lon="7.1931010"/>
   <trkpt lat="47.0730210" lon="7.1931100"/>
   <trkpt lat="47.0730480" lon="7.1931180"/>
   <trkpt lat="47.0730760" lon="7.1931270"/>
   <trkpt lat="47.0731040" lon="7.1931370"/>
   <trkpt lat="47.0731310" lon="7.1931470"/>
   <trkpt lat="47.0731600" lon="7.1931550"/>
   <trkpt lat="47.0731880" lon="7.1931670"/>
   <trkpt lat="47.0732160" lon="7.1931770"/>
   <trkpt lat="47.0732470" lon="7.1931890"/>
   <trkpt lat="47.0732760" lon="7.1932000"/>
   <trkpt lat="47.0733030" lon="7.1932100"/>
   <trkpt lat="47.0733320" lon="7.1932210"/>
   <trkpt lat="47.0733560" lon="7.1932330"/>
   <trkpt lat="47.0733810" lon="7.1932380"/>
   <trkpt lat="47.0734070" lon="7.1932490"/>
   <trkpt lat="47.0734310" lon="7.1932620"/>
   <trkpt lat="47.0734570" lon="7.1932730"/>
   <trkpt lat="47.0734830" lon="7.1932870"/>
   <trkpt lat="47.0735080" lon="7.1933000"/>
   <trkpt lat="47.0735360" lon="7.1933160"/>
   <trkpt lat="47.0735600" lon="7.1933310"/>
   <trkpt lat="47.0735850" lon="7.1933440"/>
   <trkpt lat="47.0736110" lon="7.1933610"/>
   <trkpt lat="47.0736360" lon="7.1933820"/>
   <trkpt lat="47.0736610" lon="7.1934030"/>
   <trkpt lat="47.0736910" lon="7.1934260"/>
   <trkpt lat="47.0737160" lon="7.1934450"/>
   <trkpt lat="47.0737470" lon="7.1934650"/>
   <trkpt lat="47.0737770" lon="7.1934900"/>
   <trkpt lat="47.0738050" lon="7.1935110"/>
   <trkpt lat="47.0738370" lon="7.1935330"/>
   <trkpt lat="47.0738650" lon="7.1935560"/>
   <trkpt lat="47.0738910" lon="7.1935760"/>
   <trkpt lat="47.0739210" lon="7.1936000"/>
   <trkpt lat="47.0739460" lon="7.1936180"/>
   <trkpt lat="47.0739700" lon="7.1936340"/>
   <trkpt lat="47.0739970" lon="7.1936500"/>
   <trkpt lat="47.0740220" lon="7.1936640"/>
   <trkpt lat="47.0740530" lon="7.1936800"/>
   <trkpt lat="47.0740820" lon="7.1936970"/>
   <trkpt lat="47.0741090" lon="7.1937100"/>
   <trkpt lat="47.0741390" lon="7.1937300"/>
   <trkpt lat="47.0741620" lon="7.1937480"/>
   <trkpt lat="47.0741890" lon="7.1937620"/>
   <trkpt lat="47.0742160" lon="7.1937830"/>
   <trkpt lat="47.0742420" lon="7.1938030"/>
   <trkpt lat="47.0742660" lon="7.1938210"/>
   <trkpt lat="47.0742920" lon="7.1938420"/>
   <trkpt lat="47.0743190" lon="7.1938590"/>
   <trkpt lat="47.0743470" lon="7.1938780"/>
   <trkpt lat="47.0743720" lon="7.1938990"/>
   <trkpt lat="47.0743960" lon="7.1939160"/>
   <trkpt lat="47.0744220" lon="7.1939380"/>
   <trkpt lat="47.0744480" lon="7.1939570"/>
   <trkpt lat="47.0744730" lon="7.1939730"/>
   <trkpt lat="47.0744980" lon="7.1939920"/>
   <trkpt lat="47.0745210" lon="7.1940100"/>
   <trkpt lat="47.0745450" lon="7.1940270"/>
   <trkpt lat="47.0745700" lon="7.1940450"/>
   <trkpt lat="47.0745950" lon="7.1940610"/>
   <trkpt lat="47.0746240" lon="7.1940790"/>
   <trkpt lat="47.0746490" lon="7.1940950"/>
   <trkpt lat="47.0746750" lon="7.1941110"/>
   <trkpt lat="47.0747020" lon="7.1941300"/>
   <trkpt lat="47.0747260" lon="7.1941490"/>
   <trkpt lat="47.0747510" lon="7.1941630"/>
   <trkpt lat="47.0747770" lon="7.1941810"/>
   <trkpt lat="47.0748010" lon="7.1941990"/>
   <trkpt lat="47.0748250" lon="7.1942120"/>
   <trkpt lat="47.0748550" lon="7.1942100"/>
   <trkpt lat="47.0748790" lon="7.1942160"/>
   <trkpt lat="47.0749070" lon="7.1942200"/>
   <trkpt lat="47.0749330" lon="7.1942180"/>
   <trkpt lat="47.0749580" lon="7.1942070"/>
   <trkpt lat="47.0749880" lon="7.1941920"/>
   <trkpt lat="47.0750120" lon="7.1941690"/>
   <trkpt lat="47.0750320" lon="7.1941470"/>
   <trkpt lat="47.0750500" lon="7.1941130"/>
   <trkpt lat="47.0750650" lon="7.1940800"/>
   <trkpt lat="47.0750760" lon="7.1940420"/>
   <trkpt lat="47.0750880" lon="7.1940040"/>
   <trkpt lat="47.0750980" lon="7.1939630"/>
   <trkpt lat="47.0751070" lon="7.1939210"/>
   <trkpt lat="47.0751180" lon="7.1938880"/>
   <trkpt lat="47.0751300" lon="7.1938490"/>
   <trkpt lat="47.0751460" lon="7.1938110"/>
   <trkpt lat="47.0751620" lon="7.1937790"/>
   <trkpt lat="47.0751810" lon="7.1937460"/>
   <trkpt lat="47.0752020" lon="7.1937170"/>
   <trkpt lat="47.0752230" lon="7.1936890"/>
   <trkpt lat="47.0752460" lon="7.1936640"/>
   <trkpt lat="47.0752710" lon="7.1936440"/>
   <trkpt lat="47.0752950" lon="7.1936260"/>
   <trkpt lat="47.0753210" lon="7.1936090"/>
   <trkpt lat="47.0753480" lon="7.1935960"/>
   <trkpt lat="47.0753740" lon="7.1935870"/>
   <trkpt lat="47.0754010" lon="7.1935880"/>
   <trkpt lat="47.0754260" lon="7.1935900"/>
   <trkpt lat="47.0754550" lon="7.1936020"/>
   <trkpt lat="47.0754830" lon="7.1936170"/>
   <trkpt lat="47.0755000" lon="7.1936560"/>
   <trkpt lat="47.0755260" lon="7.1936870"/>
   <trkpt lat="47.0755490" lon="7.1937160"/>
   <trkpt lat="47.0755740" lon="7.1937410"/>
   <trkpt lat="47.0755990" lon="7.1937700"/>
   <trkpt lat="47.0756180" lon="7.1937950"/>
   <trkpt lat="47.0756400" lon="7.1938190"/>
   <trkpt lat="47.0756590" lon="7.1938470"/>
   <trkpt lat="47.0756770" lon="7.1938750"/>
   <trkpt lat="47.0756980" lon="7.1939030"/>
   <trkpt lat="47.0757180" lon="7.1939310"/>
   <trkpt lat="47.0757360" lon="7.1939510"/>
   <trkpt lat="47.0757580" lon="7.1939770"/>
   <trkpt lat="47.0757790" lon="7.1940030"/>
   <trkpt lat="47.0758010" lon="7.1940240"/>
   <trkpt lat="47.0758270" lon="7.1940530"/>
   <trkpt lat="47.0758490" lon="7.1940770"/>
   <trkpt lat="47.0758740" lon="7.1941030"/>
   <trkpt lat="47.0758980" lon="7.1941300"/>
   <trkpt lat="47.0759200" lon="7.1941520"/>
   <trkpt lat="47.0759410" lon="7.1941760"/>
   <trkpt lat="47.0759650" lon="7.1942040"/>
   <trkpt lat="47.0759880" lon="7.1942270"/>
   <trkpt lat="47.0760130" lon="7.1942500"/>
   <trkpt lat="47.0760370" lon="7.1942760"/>
   <trkpt lat="47.0760600" lon="7.1942970"/>
   <trkpt lat="47.0760880" lon="7.1943230"/>
   <trkpt lat="47.0761090" lon="7.1943470"/>
   <trkpt lat="47.0761320" lon="7.1943670"/>
   <trkpt lat="47.0761550" lon="7.1943900"/>
   <trkpt lat="47.0761760" lon="7.1944150"/>
   <trkpt lat="47.0761990" lon="7.1944410"/>
   <trkpt lat="47.0762240" lon="7.1944680"/>
   <trkpt lat="47.0762470" lon="7.1944890"/>
   <trkpt lat="47.0762730" lon="7.1945110"/>
   <trkpt lat="47.0762990" lon="7.1945380"/>
   <trkpt lat="47.0763220" lon="7.1945600"/>
   <trkpt lat="47.0763490" lon="7.1945860"/>
   <trkpt lat="47.0763690" lon="7.1946070"/>
   <trkpt lat="47.0763890" lon="7.1946330"/>
   <trkpt lat="47.0764090" lon="7.1946630"/>
   <trkpt lat="47.0764280" lon="7.1946880"/>
   <trkpt lat="47.0764540" lon="7.1947180"/>
   <trkpt lat="47.0764740" lon="7.1947500"/>
   <trkpt lat="47.0764960" lon="7.1947770"/>
   <trkpt lat="47.0765210" lon="7.1948100"/>
   <trkpt lat="47.0765420" lon="7.1948400"/>
   <trkpt lat="47.0765650" lon="7.1948710"/>
   <trkpt lat="47.0765880" lon="7.1949020"/>
   <trkpt lat="47.0766060" lon="7.1949310"/>
   <trkpt lat="47.0766270" lon="7.1949550"/>
   <trkpt lat="47.0766510" lon="7.1949840"/>
   <trkpt lat="47.0766740" lon="7.1950090"/>
   <trkpt lat="47.0766960" lon="7.1950380"/>
   <trkpt lat="47.0767180" lon="7.1950690"/>
   <trkpt lat="47.0767410" lon="7.1951000"/>
   <trkpt lat="47.0767640" lon="7.1951340"/>
   <trkpt lat="47.0767840" lon="7.1951600"/>
   <trkpt lat="47.0768070" lon="7.1951860"/>
   <trkpt lat="47.0768300" lon="7.1952150"/>
   <trkpt lat="47.0768510" lon="7.1952380"/>
   <trkpt lat="47.0768750" lon="7.1952650"/>
   <trkpt lat="47.0768960" lon="7.1952910"/>
   <trkpt lat="47.0769160" lon="7.1953170"/>
   <trkpt lat="47.0769330" lon="7.1953560"/>
   <trkpt lat="47.0769440" lon="7.1953980"/>
   <trkpt lat="47.0769480" lon="7.1954400"/>
   <trkpt lat="47.0769450" lon="7.1954880"/>
   <trkpt lat="47.0769370" lon="7.1955330"/>
   <trkpt lat="47.0769260" lon="7.1955690"/>
   <trkpt lat="47.0769120" lon="7.1956060"/>
   <trkpt lat="47.0768960" lon="7.1956450"/>
   <trkpt lat="47.0768810" lon="7.1956860"/>
   <trkpt lat="47.0768660" lon="7.1957230"/>
   <trkpt lat="47.0768590" lon="7.1957600"/>
   <trkpt lat="47.0768600" lon="7.1958020"/>
   <trkpt lat="47.0768670" lon="7.1958360"/>
   <trkpt lat="47.0768810" lon="7.1958710"/>
   <trkpt lat="47.0768980" lon="7.1958970"/>
   <trkpt lat="47.0769220" lon="7.1959180"/>
   <trkpt lat="47.0769490" lon="7.1959380"/>
   <trkpt lat="47.0769750" lon="7.1959510"/>
   <trkpt lat="47.0770070" lon="7.1959710"/>
   <trkpt lat="47.0770390" lon="7.1959900"/>
   <trkpt lat="47.0770640" lon="7.1960010"/>
   <trkpt lat="47.0770930" lon="7.1960190"/>
   <trkpt lat="47.0771160" lon="7.1960340"/>
   <trkpt lat="47.0771390" lon="7.1960500"/>
   <trkpt lat="47.0771660" lon="7.1960730"/>
   <trkpt lat="47.0771890" lon="7.1960910"/>
   <trkpt lat="47.0772150" lon="7.1961110"/>
   <trkpt lat="47.0772390" lon="7.1961350"/>
   <trkpt lat="47.0772610" lon="7.1961580"/>
   <trkpt lat="47.0772840" lon="7.1961840"/>
   <trkpt lat="47.0773080" lon="7.1962120"/>
   <trkpt lat="47.0773320" lon="7.1962350"/>
   <trkpt lat="47.0773560" lon="7.1962630"/>
   <trkpt lat="47.0773770" lon="7.1962920"/>
   <trkpt lat="47.0773990" lon="7.1963160"/>
   <trkpt lat="47.0774200" lon="7.1963450"/>
   <trkpt lat="47.0774430" lon="7.1963710"/>
   <trkpt lat="47.0774700" lon="7.1963990"/>
   <trkpt lat="47.0774960" lon="7.1964270"/>
   <trkpt lat="47.0775170" lon="7.1964460"/>
   <trkpt lat="47.0775440" lon="7.1964740"/>
   <trkpt lat="47.0775660" lon="7.1964980"/>
   <trkpt lat="47.0775880" lon="7.1965240"/>
   <trkpt lat="47.0776140" lon="7.1965560"/>
   <trkpt lat="47.0776340" lon="7.1965790"/>
   <trkpt lat="47.0776600" lon="7.1966010"/>
   <trkpt lat="47.0776870" lon="7.1966260"/>
   <trkpt lat="47.0777090" lon="7.1966440"/>
   <trkpt lat="47.0777360" lon="7.1966710"/>
   <trkpt lat="47.0777600" lon="7.1966980"/>
   <trkpt lat="47.0777820" lon="7.1967220"/>
   <trkpt lat="47.0778060" lon="7.1967510"/>
   <trkpt lat="47.0778280" lon="7.1967780"/>
   <trkpt lat="47.0778490" lon="7.1968030"/>
   <trkpt lat="47.0778710" lon="7.1968360"/>
   <trkpt lat="47.0778910" lon="7.1968650"/>
   <trkpt lat="47.0779130" lon="7.1968890"/>
   <trkpt lat="47.0779370" lon="7.1969190"/>
   <trkpt lat="47.0779570" lon="7.1969410"/>
   <trkpt lat="47.0779790" lon="7.1969700"/>
   <trkpt lat="47.0780040" lon="7.1970010"/>
   <trkpt lat="47.0780280" lon="7.1970240"/>
   <trkpt lat="47.0780540" lon="7.1970530"/>
   <trkpt lat="47.0780780" lon="7.1970810"/>
   <trkpt lat="47.0780980" lon="7.1971050"/>
   <trkpt lat="47.0781210" lon="7.1971310"/>
   <trkpt lat="47.0781400" lon="7.1971540"/>
   <trkpt lat="47.0781630" lon="7.1971790"/>
   <trkpt lat="47.0781820" lon="7.1972090"/>
   <trkpt lat="47.0782010" lon="7.1972310"/>
   <trkpt lat="47.0782240" lon="7.1972570"/>
   <trkpt lat="47.0782480" lon="7.1972800"/>
   <trkpt lat="47.0782670" lon="7.1972880"/>
   <trkpt lat="47.0782790" lon="7.1972710"/>
   <trkpt lat="47.0782900" lon="7.1972490"/>
   <trkpt lat="47.0783000" lon="7.1972210"/>
   <trkpt lat="47.0783120" lon="7.1971840"/>
   <trkpt lat="47.0783210" lon="7.1971500"/>
   <trkpt lat="47.0783370" lon="7.1971120"/>
   <trkpt lat="47.0783490" lon="7.1970800"/>
   <trkpt lat="47.0783650" lon="7.1970420"/>
   <trkpt lat="47.0783820" lon="7.1970020"/>
   <trkpt lat="47.0784000" lon="7.1969650"/>
   <trkpt lat="47.0784170" lon="7.1969200"/>
   <trkpt lat="47.0784310" lon="7.1968840"/>
   <trkpt lat="47.0784470" lon="7.1968440"/>
   <trkpt lat="47.0784610" lon="7.1968050"/>
   <trkpt lat="47.0784740" lon="7.1967750"/>
   <trkpt lat="47.0784940" lon="7.1967360"/>
   <trkpt lat="47.0785090" lon="7.1967060"/>
   <trkpt lat="47.0785240" lon="7.1966780"/>
   <trkpt lat="47.0785390" lon="7.1966420"/>
   <trkpt lat="47.0785520" lon="7.1966020"/>
   <trkpt lat="47.0785710" lon="7.1965690"/>
   <trkpt lat="47.0785910" lon="7.1965390"/>
   <trkpt lat="47.0786080" lon="7.1964910"/>
   <trkpt lat="47.0786220" lon="7.1964530"/>
   <trkpt lat="47.0786370" lon="7.1964220"/>
   <trkpt lat="47.0786450" lon="7.1963830"/>
   <trkpt lat="47.0786620" lon="7.1963470"/>
   <trkpt lat="47.0786780" lon="7.1963210"/>
   <trkpt lat="47.0786980" lon="7.1962830"/>
   <trkpt lat="47.0787140" lon="7.1962510"/>
   <trkpt lat="47.0787260" lon="7.1962140"/>
   <trkpt lat="47.0787440" lon="7.1961710"/>
   <trkpt lat="47.0787580" lon="7.1961380"/>
   <trkpt lat="47.0787730" lon="7.1960990"/>
   <trkpt lat="47.0787880" lon="7.1960630"/>
   <trkpt lat="47.0788030" lon="7.1960350"/>
   <trkpt lat="47.0788200" lon="7.1960210"/>
   <trkpt lat="47.0788410" lon="7.1960340"/>
   <trkpt lat="47.0788650" lon="7.1960490"/>
   <trkpt lat="47.0788930" lon="7.1960740"/>
   <trkpt lat="47.0789140" lon="7.1960920"/>
   <trkpt lat="47.0789350" lon="7.1961200"/>
   <trkpt lat="47.0789560" lon="7.1961480"/>
   <trkpt lat="47.0789760" lon="7.1961690"/>
   <trkpt lat="47.0789990" lon="7.1961930"/>
   <trkpt lat="47.0790190" lon="7.1962160"/>
   <trkpt lat="47.0790400" lon="7.1962350"/>
   <trkpt lat="47.0790660" lon="7.1962640"/>
   <trkpt lat="47.0790870" lon="7.1962850"/>
   <trkpt lat="47.0791120" lon="7.1963070"/>
   <trkpt lat="47.0791380" lon="7.1963350"/>
   <trkpt lat="47.0791630" lon="7.1963540"/>
   <trkpt lat="47.0791910" lon="7.1963780"/>
   <trkpt lat="47.0792120" lon="7.1963920"/>
   <trkpt lat="47.0792390" lon="7.1964130"/>
   <trkpt lat="47.0792650" lon="7.1964350"/>
   <trkpt lat="47.0792830" lon="7.1964440"/>
   <trkpt lat="47.0793060" lon="7.1964640"/>
   <trkpt lat="47.0793300" lon="7.1964870"/>
   <trkpt lat="47.0793550" lon="7.1965110"/>
   <trkpt lat="47.0793780" lon="7.1965400"/>
   <trkpt lat="47.0793980" lon="7.1965610"/>
   <trkpt lat="47.0794220" lon="7.1965880"/>
   <trkpt lat="47.0794440" lon="7.1966130"/>
   <trkpt lat="47.0794680" lon="7.1966310"/>
   <trkpt lat="47.0794950" lon="7.1966550"/>
   <trkpt lat="47.0795180" lon="7.1966750"/>
   <trkpt lat="47.0795460" lon="7.1966980"/>
   <trkpt lat="47.0795710" lon="7.1967250"/>
   <trkpt lat="47.0795890" lon="7.1967390"/>
   <trkpt lat="47.0796150" lon="7.1967610"/>
   <trkpt lat="47.0796390" lon="7.1967840"/>
   <trkpt lat="47.0796640" lon="7.1968050"/>
   <trkpt lat="47.0796920" lon="7.1968310"/>
   <trkpt lat="47.0797170" lon="7.1968560"/>
   <trkpt lat="47.0797480" lon="7.1968800"/>
   <trkpt lat="47.0797720" lon="7.1969030"/>
   <trkpt lat="47.0797940" lon="7.1969190"/>
   <trkpt lat="47.0798210" lon="7.1969380"/>
   <trkpt lat="47.0798440" lon="7.1969630"/>
   <trkpt lat="47.0798670" lon="7.1969800"/>
   <trkpt lat="47.0798950" lon="7.1970050"/>
   <trkpt lat="47.0799190" lon="7.1970170"/>
   <trkpt lat="47.0799430" lon="7.1970380"/>
   <trkpt lat="47.0799680" lon="7.1970650"/>
   <trkpt lat="47.0799960" lon="7.1970870"/>
   <trkpt lat="47.0800230" lon="7.1971140"/>
   <trkpt lat="47.0800460" lon="7.1971380"/>
   <trkpt lat="47.0800700" lon="7.1971610"/>
   <trkpt lat="47.0800940" lon="7.1971860"/>
   <trkpt lat="47.0801150" lon="7.1972100"/>
   <trkpt lat="47.0801390" lon="7.1972370"/>
   <trkpt lat="47.0801610" lon="7.1972650"/>
   <trkpt lat="47.0801800" lon="7.1972870"/>
   <trkpt lat="47.0802030" lon="7.1973190"/>
   <trkpt lat="47.0802240" lon="7.1973540"/>
   <trkpt lat="47.0802460" lon="7.1973820"/>
   <trkpt lat="47.0802680" lon="7.1974120"/>
   <trkpt lat="47.0802880" lon="7.1974340"/>
   <trkpt lat="47.0803090" lon="7.1974580"/>
   <trkpt lat="47.0803310" lon="7.1974860"/>
   <trkpt lat="47.0803510" lon="7.1975100"/>
   <trkpt lat="47.0803760" lon="7.1975410"/>
   <trkpt lat="47.0803970" lon="7.1975700"/>
   <trkpt lat="47.0804190" lon="7.1975960"/>
   <trkpt lat="47.0804410" lon="7.1976270"/>
   <trkpt lat="47.0804630" lon="7.1976540"/>
   <trkpt lat="47.0804850" lon="7.1976790"/>
   <trkpt lat="47.0805060" lon="7.1977070"/>
   <trkpt lat="47.0805270" lon="7.1977310"/>
   <trkpt lat="47.0805510" lon="7.1977620"/>
   <trkpt lat="47.0805720" lon="7.1977940"/>
   <trkpt lat="47.0805910" lon="7.1978180"/>
   <trkpt lat="47.0806140" lon="7.1978460"/>
   <trkpt lat="47.0806350" lon="7.1978740"/>
   <trkpt lat="47.0806560" lon="7.1978960"/>
   <trkpt lat="47.0806800" lon="7.1979250"/>
   <trkpt lat="47.0807040" lon="7.1979520"/>
   <trkpt lat="47.0807250" lon="7.1979760"/>
   <trkpt lat="47.0807480" lon="7.1980060"/>
   <trkpt lat="47.0807700" lon="7.1980290"/>
   <trkpt lat="47.0807940" lon="7.1980540"/>
   <trkpt lat="47.0808170" lon="7.1980830"/>
   <trkpt lat="47.0808380" lon="7.1981060"/>
   <trkpt lat="47.0808610" lon="7.1981350"/>
   <trkpt lat="47.0808820" lon="7.1981620"/>
   <trkpt lat="47.0809030" lon="7.1981860"/>
   <trkpt lat="47.0809280" lon="7.1982160"/>
   <trkpt lat="47.0809490" lon="7.1982420"/>
   <trkpt lat="47.0809730" lon="7.1982660"/>
   <trkpt lat="47.0809960" lon="7.1982940"/>
   <trkpt lat="47.0810170" lon="7.1983160"/>
   <trkpt lat="47.0810410" lon="7.1983430"/>
   <trkpt lat="47.0810650" lon="7.1983710"/>
   <trkpt lat="47.0810880" lon="7.1983950"/>
   <trkpt lat="47.0811130" lon="7.1984250"/>
   <trkpt lat="47.0811360" lon="7.1984540"/>
   <trkpt lat="47.0811610" lon="7.1984810"/>
   <trkpt lat="47.0811840" lon="7.1985130"/>
   <trkpt lat="47.0812070" lon="7.1985390"/>
   <trkpt lat="47.0812340" lon="7.1985690"/>
   <trkpt lat="47.0812570" lon="7.1985950"/>
   <trkpt lat="47.0812810" lon="7.1986190"/>
   <trkpt lat="47.0813080" lon="7.1986510"/>
   <trkpt lat="47.0813290" lon="7.1986780"/>
   <trkpt lat="47.0813500" lon="7.1987030"/>
   <trkpt lat="47.0813720" lon="7.1987270"/>
   <trkpt lat="47.0813910" lon="7.1987510"/>
   <trkpt lat="47.0814100" lon="7.1987800"/>
   <trkpt lat="47.0814290" lon="7.1988060"/>
   <trkpt lat="47.0814500" lon="7.1988300"/>
   <trkpt lat="47.0814720" lon="7.1988580"/>
   <trkpt lat="47.0814950" lon="7.1988880"/>
   <trkpt lat="47.0815170" lon="7.1989160"/>
   <trkpt lat="47.0815400" lon="7.1989500"/>
   <trkpt lat="47.0815610" lon="7.1989800"/>
   <trkpt lat="47.0815830" lon="7.1990030"/>
   <trkpt lat="47.0816080" lon="7.1990320"/>
   <trkpt lat="47.0816290" lon="7.1990630"/>
   <trkpt lat="47.0816530" lon="7.1990910"/>
   <trkpt lat="47.0816760" lon="7.1991200"/>
   <trkpt lat="47.0816980" lon="7.1991430"/>
   <trkpt lat="47.0817230" lon="7.1991690"/>
   <trkpt lat="47.0817470" lon="7.1991960"/>
   <trkpt lat="47.0817700" lon="7.1992210"/>
   <trkpt lat="47.0817930" lon="7.1992490"/>
   <trkpt lat="47.0818160" lon="7.1992790"/>
   <trkpt lat="47.0818370" lon="7.1993010"/>
   <trkpt lat="47.0818580" lon="7.1993250"/>
   <trkpt lat="47.0818770" lon="7.1993480"/>
   <trkpt lat="47.0818970" lon="7.1993700"/>
   <trkpt lat="47.0819170" lon="7.1993970"/>
   <trkpt lat="47.0819380" lon="7.1994230"/>
   <trkpt lat="47.0819610" lon="7.1994540"/>
   <trkpt lat="47.0819800" lon="7.1994850"/>
   <trkpt lat="47.0820010" lon="7.1995110"/>
   <trkpt lat="47.0820230" lon="7.1995460"/>
   <trkpt lat="47.0820430" lon="7.1995750"/>
   <trkpt lat="47.0820650" lon="7.1996010"/>
   <trkpt lat="47.0820880" lon="7.1996300"/>
   <trkpt lat="47.0821080" lon="7.1996580"/>
   <trkpt lat="47.0821290" lon="7.1996850"/>
   <trkpt lat="47.0821500" lon="7.1997140"/>
   <trkpt lat="47.0821690" lon="7.1997370"/>
   <trkpt lat="47.0821920" lon="7.1997630"/>
   <trkpt lat="47.0822160" lon="7.1997920"/>
   <trkpt lat="47.0822380" lon="7.1998140"/>
   <trkpt lat="47.0822600" lon="7.1998410"/>
   <trkpt lat="47.0822830" lon="7.1998710"/>
   <trkpt lat="47.0823040" lon="7.1998970"/>
   <trkpt lat="47.0823260" lon="7.1999260"/>
   <trkpt lat="47.0823460" lon="7.1999510"/>
   <trkpt lat="47.0823680" lon="7.1999750"/>
   <trkpt lat="47.0823880" lon="7.2000090"/>
   <trkpt lat="47.0824080" lon="7.2000350"/>
   <trkpt lat="47.0824320" lon="7.2000650"/>
   <trkpt lat="47.0824550" lon="7.2000930"/>
   <trkpt lat="47.0824790" lon="7.2001190"/>
   <trkpt lat="47.0825040" lon="7.2001490"/>
   <trkpt lat="47.0825250" lon="7.2001730"/>
   <trkpt lat="47.0825480" lon="7.2002030"/>
   <trkpt lat="47.0825700" lon="7.2002310"/>
   <trkpt lat="47.0825910" lon="7.2002580"/>
   <trkpt lat="47.0826120" lon="7.2002890"/>
   <trkpt lat="47.0826330" lon="7.2003190"/>
   <trkpt lat="47.0826550" lon="7.2003460"/>
   <trkpt lat="47.0826790" lon="7.2003780"/>
   <trkpt lat="47.0826990" lon="7.2004040"/>
   <trkpt lat="47.0827200" lon="7.2004290"/>
   <trkpt lat="47.0827400" lon="7.2004550"/>
   <trkpt lat="47.0827590" lon="7.2004790"/>
   <trkpt lat="47.0827820" lon="7.2005100"/>
   <trkpt lat="47.0828030" lon="7.2005430"/>
   <trkpt lat="47.0828220" lon="7.2005710"/>
   <trkpt lat="47.0828440" lon="7.2006020"/>
   <trkpt lat="47.0828620" lon="7.2006280"/>
   <trkpt lat="47.0828850" lon="7.2006520"/>
   <trkpt lat="47.0829090" lon="7.2006700"/>
   <trkpt lat="47.0829340" lon="7.2006820"/>
   <trkpt lat="47.0829600" lon="7.2006950"/>
   <trkpt lat="47.0829840" lon="7.2007090"/>
   <trkpt lat="47.0830070" lon="7.2007220"/>
   <trkpt lat="47.0830260" lon="7.2007330"/>
   <trkpt lat="47.0830500" lon="7.2007560"/>
   <trkpt lat="47.0830780" lon="7.2007890"/>
   <trkpt lat="47.0831010" lon="7.2008180"/>
   <trkpt lat="47.0831200" lon="7.2008420"/>
   <trkpt lat="47.0831500" lon="7.2008750"/>
   <trkpt lat="47.0831790" lon="7.2008990"/>
   <trkpt lat="47.0832040" lon="7.2009130"/>
   <trkpt lat="47.0832320" lon="7.2009270"/>
   <trkpt lat="47.0832570" lon="7.2009360"/>
   <trkpt lat="47.0832880" lon="7.2009450"/>
   <trkpt lat="47.0833170" lon="7.2009530"/>
   <trkpt lat="47.0833460" lon="7.2009610"/>
   <trkpt lat="47.0833760" lon="7.2009690"/>
   <trkpt lat="47.0834000" lon="7.2009750"/>
   <trkpt lat="47.0834270" lon="7.2009780"/>
   <trkpt lat="47.0834570" lon="7.2009860"/>
   <trkpt lat="47.0834790" lon="7.2009930"/>
   <trkpt lat="47.0835130" lon="7.2010150"/>
   <trkpt lat="47.0835440" lon="7.2010400"/>
   <trkpt lat="47.0835800" lon="7.2010680"/>
   <trkpt lat="47.0836120" lon="7.2011000"/>
   <trkpt lat="47.0836370" lon="7.2011230"/>
   <trkpt lat="47.0836690" lon="7.2011590"/>
   <trkpt lat="47.0836940" lon="7.2011900"/>
   <trkpt lat="47.0837200" lon="7.2012190"/>
   <trkpt lat="47.0837440" lon="7.2012530"/>
   <trkpt lat="47.0837660" lon="7.2012850"/>
   <trkpt lat="47.0837890" lon="7.2013220"/>
   <trkpt lat="47.0838070" lon="7.2013620"/>
   <trkpt lat="47.0838250" lon="7.2013950"/>
   <trkpt lat="47.0838460" lon="7.2014380"/>
   <trkpt lat="47.0838650" lon="7.2014720"/>
   <trkpt lat="47.0838880" lon="7.2015010"/>
   <trkpt lat="47.0839160" lon="7.2015310"/>
   <trkpt lat="47.0839390" lon="7.2015530"/>
   <trkpt lat="47.0839700" lon="7.2015770"/>
   <trkpt lat="47.0839970" lon="7.2015980"/>
   <trkpt lat="47.0840260" lon="7.2016190"/>
   <trkpt lat="47.0840550" lon="7.2016410"/>
   <trkpt lat="47.0840850" lon="7.2016580"/>
   <trkpt lat="47.0841150" lon="7.2016800"/>
   <trkpt lat="47.0841400" lon="7.2017010"/>
   <trkpt lat="47.0841700" lon="7.2017240"/>
   <trkpt lat="47.0841960" lon="7.2017510"/>
   <trkpt lat="47.0842170" lon="7.2017700"/>
   <trkpt lat="47.0842340" lon="7.2018110"/>
   <trkpt lat="47.0842460" lon="7.2018520"/>
   <trkpt lat="47.0842570" lon="7.2019020"/>
   <trkpt lat="47.0842590" lon="7.2019540"/>
   <trkpt lat="47.0842640" lon="7.2019920"/>
   <trkpt lat="47.0842690" lon="7.2020390"/>
   <trkpt lat="47.0842710" lon="7.2020840"/>
   <trkpt lat="47.0842760" lon="7.2021270"/>
   <trkpt lat="47.0842800" lon="7.2021710"/>
   <trkpt lat="47.0842860" lon="7.2022080"/>
   <trkpt lat="47.0842950" lon="7.2022540"/>
   <trkpt lat="47.0843010" lon="7.2022910"/>
   <trkpt lat="47.0843130" lon="7.2023250"/>
   <trkpt lat="47.0843250" lon="7.2023690"/>
   <trkpt lat="47.0843370" lon="7.2024040"/>
   <trkpt lat="47.0843540" lon="7.2024420"/>
   <trkpt lat="47.0843740" lon="7.2024820"/>
   <trkpt lat="47.0843930" lon="7.2025120"/>
   <trkpt lat="47.0844100" lon="7.2025470"/>
   <trkpt lat="47.0844290" lon="7.2025810"/>
   <trkpt lat="47.0844460" lon="7.2026160"/>
   <trkpt lat="47.0844670" lon="7.2026570"/>
   <trkpt lat="47.0844830" lon="7.2026900"/>
   <trkpt lat="47.0845020" lon="7.2027190"/>
   <trkpt lat="47.0845220" lon="7.2027560"/>
   <trkpt lat="47.0845420" lon="7.2027910"/>
   <trkpt lat="47.0845630" lon="7.2028240"/>
   <trkpt lat="47.0845840" lon="7.2028550"/>
   <trkpt lat="47.0846030" lon="7.2028810"/>
   <trkpt lat="47.0846270" lon="7.2029070"/>
   <trkpt lat="47.0846520" lon="7.2029310"/>
   <trkpt lat="47.0846790" lon="7.2029520"/>
   <trkpt lat="47.0847060" lon="7.2029750"/>
   <trkpt lat="47.0847270" lon="7.2029980"/>
   <trkpt lat="47.0847540" lon="7.2030270"/>
   <trkpt lat="47.0847780" lon="7.2030530"/>
   <trkpt lat="47.0848010" lon="7.2030790"/>
   <trkpt lat="47.0848250" lon="7.2031080"/>
   <trkpt lat="47.0848460" lon="7.2031370"/>
   <trkpt lat="47.0848670" lon="7.2031660"/>
   <trkpt lat="47.0848880" lon="7.2031960"/>
   <trkpt lat="47.0849100" lon="7.2032190"/>
   <trkpt lat="47.0849330" lon="7.2032430"/>
   <trkpt lat="47.0849560" lon="7.2032650"/>
   <trkpt lat="47.0849810" lon="7.2032810"/>
   <trkpt lat="47.0850070" lon="7.2032880"/>
   <trkpt lat="47.0850350" lon="7.2032910"/>
   <trkpt lat="47.0850630" lon="7.2032930"/>
   <trkpt lat="47.0850950" lon="7.2032900"/>
   <trkpt lat="47.0851230" lon="7.2032920"/>
   <trkpt lat="47.0851550" lon="7.2032930"/>
   <trkpt lat="47.0851760" lon="7.2033030"/>
   <trkpt lat="47.0851980" lon="7.2033150"/>
   <trkpt lat="47.0852270" lon="7.2033410"/>
   <trkpt lat="47.0852470" lon="7.2033580"/>
   <trkpt lat="47.0852720" lon="7.2033770"/>
   <trkpt lat="47.0853020" lon="7.2034020"/>
   <trkpt lat="47.0853240" lon="7.2034130"/>
   <trkpt lat="47.0853550" lon="7.2034250"/>
   <trkpt lat="47.0853850" lon="7.2034310"/>
   <trkpt lat="47.0854130" lon="7.2034350"/>
   <trkpt lat="47.0854410" lon="7.2034360"/>
   <trkpt lat="47.0854650" lon="7.2034410"/>
   <trkpt lat="47.0854960" lon="7.2034440"/>
   <trkpt lat="47.0855280" lon="7.2034490"/>
   <trkpt lat="47.0855540" lon="7.2034500"/>
   <trkpt lat="47.0855850" lon="7.2034530"/>
   <trkpt lat="47.0856180" lon="7.2034630"/>
   <trkpt lat="47.0856430" lon="7.2034720"/>
   <trkpt lat="47.0856690" lon="7.2034910"/>
   <trkpt lat="47.0856910" lon="7.2035150"/>
   <trkpt lat="47.0857110" lon="7.2035380"/>
   <trkpt lat="47.0857350" lon="7.2035710"/>
   <trkpt lat="47.0857530" lon="7.2035990"/>
   <trkpt lat="47.0857720" lon="7.2036280"/>
   <trkpt lat="47.0857960" lon="7.2036640"/>
   <trkpt lat="47.0858130" lon="7.2036920"/>
   <trkpt lat="47.0858360" lon="7.2037230"/>
   <trkpt lat="47.0858580" lon="7.2037550"/>
   <trkpt lat="47.0858730" lon="7.2037810"/>
   <trkpt lat="47.0858960" lon="7.2038110"/>
   <trkpt lat="47.0859180" lon="7.2038370"/>
   <trkpt lat="47.0859370" lon="7.2038580"/>
   <trkpt lat="47.0859630" lon="7.2038840"/>
   <trkpt lat="47.0859840" lon="7.2039050"/>
   <trkpt lat="47.0860050" lon="7.2039280"/>
   <trkpt lat="47.0860290" lon="7.2039510"/>
   <trkpt lat="47.0860470" lon="7.2039720"/>
   <trkpt lat="47.0860700" lon="7.2039910"/>
   <trkpt lat="47.0860920" lon="7.2040180"/>
   <trkpt lat="47.0861150" lon="7.2040430"/>
   <trkpt lat="47.0861390" lon="7.2040700"/>
   <trkpt lat="47.0861560" lon="7.2040910"/>
   <trkpt lat="47.0861700" lon="7.2041080"/>
   <trkpt lat="47.0861920" lon="7.2041280"/>
   <trkpt lat="47.0862160" lon="7.2041550"/>
   <trkpt lat="47.0862390" lon="7.2041770"/>
   <trkpt lat="47.0862640" lon="7.2041980"/>
   <trkpt lat="47.0862880" lon="7.2042210"/>
   <trkpt lat="47.0863170" lon="7.2042440"/>
   <trkpt lat="47.0863450" lon="7.2042670"/>
   <trkpt lat="47.0863710" lon="7.2042850"/>
   <trkpt lat="47.0864030" lon="7.2043000"/>
   <trkpt lat="47.0864300" lon="7.2043170"/>
   <trkpt lat="47.0864570" lon="7.2043300"/>
   <trkpt lat="47.0864870" lon="7.2043410"/>
   <trkpt lat="47.0865120" lon="7.2043480"/>
   <trkpt lat="47.0865360" lon="7.2043530"/>
   <trkpt lat="47.0865640" lon="7.2043600"/>
   <trkpt lat="47.0865860" lon="7.2043630"/>
   <trkpt lat="47.0866170" lon="7.2043690"/>
   <trkpt lat="47.0866480" lon="7.2043780"/>
   <trkpt lat="47.0866760" lon="7.2043890"/>
   <trkpt lat="47.0867020" lon="7.2043950"/>
   <trkpt lat="47.0867320" lon="7.2044060"/>
   <trkpt lat="47.0867590" lon="7.2044150"/>
   <trkpt lat="47.0867860" lon="7.2044240"/>
   <trkpt lat="47.0868120" lon="7.2044390"/>
   <trkpt lat="47.0868400" lon="7.2044500"/>
   <trkpt lat="47.0868710" lon="7.2044630"/>
   <trkpt lat="47.0868990" lon="7.2044680"/>
   <trkpt lat="47.0869230" lon="7.2044670"/>
   <trkpt lat="47.0869530" lon="7.2044670"/>
   <trkpt lat="47.0869810" lon="7.2044690"/>
   <trkpt lat="47.0870110" lon="7.2044690"/>
   <trkpt lat="47.0870410" lon="7.2044670"/>
   <trkpt lat="47.0870650" lon="7.2044660"/>
   <trkpt lat="47.0870900" lon="7.2044610"/>
   <trkpt lat="47.0871180" lon="7.2044610"/>
   <trkpt lat="47.0871480" lon="7.2044580"/>
   <trkpt lat="47.0871760" lon="7.2044600"/>
   <trkpt lat="47.0872030" lon="7.2044580"/>
   <trkpt lat="47.0872350" lon="7.2044600"/>
   <trkpt lat="47.0872690" lon="7.2044580"/>
   <trkpt lat="47.0872910" lon="7.2044490"/>
   <trkpt lat="47.0873200" lon="7.2044490"/>
   <trkpt lat="47.0873470" lon="7.2044570"/>
   <trkpt lat="47.0873700" lon="7.2044540"/>
   <trkpt lat="47.0873970" lon="7.2044420"/>
   <trkpt lat="47.0874170" lon="7.2044340"/>
   <trkpt lat="47.0874370" lon="7.2044170"/>
   <trkpt lat="47.0874620" lon="7.2043940"/>
   <trkpt lat="47.0874620" lon="7.2044000"/>
   <trkpt lat="47.0874890" lon="7.2043780"/>
   <trkpt lat="47.0874880" lon="7.2043700"/>
   <trkpt lat="47.0875120" lon="7.2043440"/>
   <trkpt lat="47.0875380" lon="7.2043160"/>
   <trkpt lat="47.0875880" lon="7.2042660"/>
   <trkpt lat="47.0876120" lon="7.2042390"/>
   <trkpt lat="47.0876370" lon="7.2042200"/>
   <trkpt lat="47.0876650" lon="7.2042040"/>
   <trkpt lat="47.0876940" lon="7.2041930"/>
   <trkpt lat="47.0877190" lon="7.2041790"/>
   <trkpt lat="47.0877500" lon="7.2041620"/>
   <trkpt lat="47.0877770" lon="7.2041500"/>
   <trkpt lat="47.0878060" lon="7.2041380"/>
   <trkpt lat="47.0878370" lon="7.2041320"/>
   <trkpt lat="47.0878660" lon="7.2041270"/>
   <trkpt lat="47.0878910" lon="7.2041170"/>
   <trkpt lat="47.0879180" lon="7.2041120"/>
   <trkpt lat="47.0879300" lon="7.2041110"/>
   <trkpt lat="47.0879400" lon="7.2041070"/>
   <trkpt lat="47.0879540" lon="7.2040950"/>
   <trkpt lat="47.0879690" lon="7.2040810"/>
   <trkpt lat="47.0879930" lon="7.2040780"/>
   <trkpt lat="47.0880170" lon="7.2040820"/>
   <trkpt lat="47.0880380" lon="7.2040920"/>
   <trkpt lat="47.0880590" lon="7.2041380"/>
   <trkpt lat="47.0880680" lon="7.2041620"/>
   <trkpt lat="47.0880780" lon="7.2041850"/>
   <trkpt lat="47.0880860" lon="7.2042300"/>
   <trkpt lat="47.0880940" lon="7.2042760"/>
   <trkpt lat="47.0880970" lon="7.2043240"/>
   <trkpt lat="47.0881010" lon="7.2043660"/>
   <trkpt lat="47.0881040" lon="7.2044070"/>
   <trkpt lat="47.0881050" lon="7.2044520"/>
   <trkpt lat="47.0881110" lon="7.2045160"/>
   <trkpt lat="47.0881120" lon="7.2045400"/>
   <trkpt lat="47.0881130" lon="7.2045880"/>
   <trkpt lat="47.0881170" lon="7.2046320"/>
   <trkpt lat="47.0881220" lon="7.2046820"/>
   <trkpt lat="47.0881240" lon="7.2047250"/>
   <trkpt lat="47.0881300" lon="7.2047630"/>
   <trkpt lat="47.0881350" lon="7.2048100"/>
   <trkpt lat="47.0881390" lon="7.2048710"/>
   <trkpt lat="47.0881400" lon="7.2048960"/>
   <trkpt lat="47.0881390" lon="7.2049560"/>
   <trkpt lat="47.0881400" lon="7.2049740"/>
   <trkpt lat="47.0881310" lon="7.2050150"/>
   <trkpt lat="47.0881250" lon="7.2050510"/>
   <trkpt lat="47.0881220" lon="7.2050930"/>
   <trkpt lat="47.0881180" lon="7.2051390"/>
   <trkpt lat="47.0881200" lon="7.2051780"/>
   <trkpt lat="47.0881220" lon="7.2052240"/>
   <trkpt lat="47.0881190" lon="7.2052620"/>
   <trkpt lat="47.0881180" lon="7.2052960"/>
   <trkpt lat="47.0881190" lon="7.2053370"/>
   <trkpt lat="47.0881210" lon="7.2053730"/>
   <trkpt lat="47.0881260" lon="7.2054070"/>
   <trkpt lat="47.0881300" lon="7.2054480"/>
   <trkpt lat="47.0881410" lon="7.2054910"/>
   <trkpt lat="47.0881520" lon="7.2055310"/>
   <trkpt lat="47.0881600" lon="7.2055740"/>
   <trkpt lat="47.0881670" lon="7.2056110"/>
   <trkpt lat="47.0881740" lon="7.2056480"/>
   <trkpt lat="47.0881800" lon="7.2056900"/>
   <trkpt lat="47.0881830" lon="7.2057250"/>
   <trkpt lat="47.0881860" lon="7.2057670"/>
   <trkpt lat="47.0881870" lon="7.2058090"/>
   <trkpt lat="47.0881850" lon="7.2058470"/>
   <trkpt lat="47.0881850" lon="7.2058890"/>
   <trkpt lat="47.0881830" lon="7.2059250"/>
   <trkpt lat="47.0881850" lon="7.2059600"/>
   <trkpt lat="47.0881950" lon="7.2059870"/>
   <trkpt lat="47.0882120" lon="7.2060070"/>
   <trkpt lat="47.0882370" lon="7.2060160"/>
   <trkpt lat="47.0882730" lon="7.2060140"/>
   <trkpt lat="47.0883040" lon="7.2060120"/>
   <trkpt lat="47.0883330" lon="7.2060000"/>
   <trkpt lat="47.0883640" lon="7.2059850"/>
   <trkpt lat="47.0883910" lon="7.2059720"/>
   <trkpt lat="47.0884180" lon="7.2059580"/>
   <trkpt lat="47.0884420" lon="7.2059380"/>
   <trkpt lat="47.0884670" lon="7.2059260"/>
   <trkpt lat="47.0884930" lon="7.2059110"/>
   <trkpt lat="47.0885210" lon="7.2059030"/>
   <trkpt lat="47.0885460" lon="7.2059010"/>
   <trkpt lat="47.0885740" lon="7.2058930"/>
   <trkpt lat="47.0886000" lon="7.2058860"/>
   <trkpt lat="47.0886230" lon="7.2058730"/>
   <trkpt lat="47.0886510" lon="7.2058560"/>
   <trkpt lat="47.0886780" lon="7.2058410"/>
   <trkpt lat="47.0887040" lon="7.2058230"/>
   <trkpt lat="47.0887330" lon="7.2058040"/>
   <trkpt lat="47.0887550" lon="7.2057820"/>
   <trkpt lat="47.0887830" lon="7.2057670"/>
   <trkpt lat="47.0888100" lon="7.2057570"/>
   <trkpt lat="47.0888360" lon="7.2057480"/>
   <trkpt lat="47.0888640" lon="7.2057370"/>
   <trkpt lat="47.0888920" lon="7.2057270"/>
   <trkpt lat="47.0889160" lon="7.2057110"/>
   <trkpt lat="47.0889460" lon="7.2056960"/>
   <trkpt lat="47.0889730" lon="7.2056860"/>
   <trkpt lat="47.0890000" lon="7.2056730"/>
   <trkpt lat="47.0890280" lon="7.2056640"/>
   <trkpt lat="47.0890550" lon="7.2056560"/>
   <trkpt lat="47.0890820" lon="7.2056450"/>
   <trkpt lat="47.0891090" lon="7.2056350"/>
   <trkpt lat="47.0891340" lon="7.2056240"/>
   <trkpt lat="47.0891610" lon="7.2056120"/>
   <trkpt lat="47.0891900" lon="7.2055990"/>
   <trkpt lat="47.0892180" lon="7.2055860"/>
   <trkpt lat="47.0892470" lon="7.2055760"/>
   <trkpt lat="47.0892770" lon="7.2055690"/>
   <trkpt lat="47.0893040" lon="7.2055630"/>
   <trkpt lat="47.0893320" lon="7.2055550"/>
   <trkpt lat="47.0893600" lon="7.2055530"/>
   <trkpt lat="47.0893890" lon="7.2055490"/>
   <trkpt lat="47.0894200" lon="7.2055440"/>
   <trkpt lat="47.0894470" lon="7.2055410"/>
   <trkpt lat="47.0894740" lon="7.2055370"/>
   <trkpt lat="47.0895010" lon="7.2055330"/>
   <trkpt lat="47.0895260" lon="7.2055330"/>
   <trkpt lat="47.0895530" lon="7.2055300"/>
   <trkpt lat="47.0895800" lon="7.2055280"/>
   <trkpt lat="47.0896060" lon="7.2055270"/>
   <trkpt lat="47.0896350" lon="7.2055260"/>
   <trkpt lat="47.0896630" lon="7.2055240"/>
   <trkpt lat="47.0896860" lon="7.2055250"/>
   <trkpt lat="47.0897150" lon="7.2055210"/>
   <trkpt lat="47.0897440" lon="7.2055220"/>
   <trkpt lat="47.0897740" lon="7.2055230"/>
   <trkpt lat="47.0898080" lon="7.2055290"/>
   <trkpt lat="47.0898350" lon="7.2055360"/>
   <trkpt lat="47.0898590" lon="7.2055380"/>
   <trkpt lat="47.0898890" lon="7.2055390"/>
   <trkpt lat="47.0899180" lon="7.2055400"/>
   <trkpt lat="47.0899440" lon="7.2055350"/>
   <trkpt lat="47.0899720" lon="7.2055310"/>
   <trkpt lat="47.0900000" lon="7.2055250"/>
   <trkpt lat="47.0900290" lon="7.2055130"/>
   <trkpt lat="47.0900600" lon="7.2054970"/>
   <trkpt lat="47.0900790" lon="7.2054780"/>
   <trkpt lat="47.0901100" lon="7.2054590"/>
   <trkpt lat="47.0901350" lon="7.2054430"/>
   <trkpt lat="47.0901580" lon="7.2054220"/>
   <trkpt lat="47.0901870" lon="7.2054050"/>
   <trkpt lat="47.0902130" lon="7.2053940"/>
   <trkpt lat="47.0902430" lon="7.2053730"/>
   <trkpt lat="47.0902710" lon="7.2053540"/>
   <trkpt lat="47.0902960" lon="7.2053380"/>
   <trkpt lat="47.0903220" lon="7.2053200"/>
   <trkpt lat="47.0903420" lon="7.2053010"/>
   <trkpt lat="47.0903630" lon="7.2052840"/>
   <trkpt lat="47.0903850" lon="7.2052620"/>
   <trkpt lat="47.0904080" lon="7.2052360"/>
   <trkpt lat="47.0904300" lon="7.2052110"/>
   <trkpt lat="47.0904570" lon="7.2051850"/>
   <trkpt lat="47.0904780" lon="7.2051590"/>
   <trkpt lat="47.0905000" lon="7.2051290"/>
   <trkpt lat="47.0905240" lon="7.2050980"/>
   <trkpt lat="47.0905440" lon="7.2050760"/>
   <trkpt lat="47.0905650" lon="7.2050490"/>
   <trkpt lat="47.0905860" lon="7.2050220"/>
   <trkpt lat="47.0906070" lon="7.2050000"/>
   <trkpt lat="47.0906310" lon="7.2049780"/>
   <trkpt lat="47.0906510" lon="7.2049500"/>
   <trkpt lat="47.0906690" lon="7.2049240"/>
   <trkpt lat="47.0906930" lon="7.2048900"/>
   <trkpt lat="47.0907120" lon="7.2048620"/>
   <trkpt lat="47.0907290" lon="7.2048300"/>
   <trkpt lat="47.0907500" lon="7.2048010"/>
   <trkpt lat="47.0907690" lon="7.2047730"/>
   <trkpt lat="47.0907900" lon="7.2047420"/>
   <trkpt lat="47.0908110" lon="7.2047180"/>
   <trkpt lat="47.0908320" lon="7.2046930"/>
   <trkpt lat="47.0908580" lon="7.2046690"/>
   <trkpt lat="47.0908830" lon="7.2046490"/>
   <trkpt lat="47.0909050" lon="7.2046280"/>
   <trkpt lat="47.0909340" lon="7.2046120"/>
   <trkpt lat="47.0909600" lon="7.2045990"/>
   <trkpt lat="47.0909860" lon="7.2045770"/>
   <trkpt lat="47.0910140" lon="7.2045580"/>
   <trkpt lat="47.0910370" lon="7.2045450"/>
   <trkpt lat="47.0910650" lon="7.2045250"/>
   <trkpt lat="47.0910900" lon="7.2045080"/>
   <trkpt lat="47.0911150" lon="7.2044920"/>
   <trkpt lat="47.0911440" lon="7.2044750"/>
   <trkpt lat="47.0911730" lon="7.2044590"/>
   <trkpt lat="47.0911970" lon="7.2044460"/>
   <trkpt lat="47.0912240" lon="7.2044300"/>
   <trkpt lat="47.0912510" lon="7.2044210"/>
   <trkpt lat="47.0912740" lon="7.2044120"/>
   <trkpt lat="47.0913060" lon="7.2044070"/>
   <trkpt lat="47.0913350" lon="7.2044090"/>
   <trkpt lat="47.0913650" lon="7.2044030"/>
   <trkpt lat="47.0913940" lon="7.2044050"/>
   <trkpt lat="47.0914150" lon="7.2044110"/>
   <trkpt lat="47.0914400" lon="7.2044150"/>
   <trkpt lat="47.0914660" lon="7.2044200"/>
   <trkpt lat="47.0914920" lon="7.2044210"/>
   <trkpt lat="47.0915220" lon="7.2044270"/>
   <trkpt lat="47.0915500" lon="7.2044290"/>
   <trkpt lat="47.0915770" lon="7.2044300"/>
   <trkpt lat="47.0916050" lon="7.2044300"/>
   <trkpt lat="47.0916320" lon="7.2044310"/>
   <trkpt lat="47.0916560" lon="7.2044310"/>
   <trkpt lat="47.0916780" lon="7.2044240"/>
   <trkpt lat="47.0917070" lon="7.2044230"/>
   <trkpt lat="47.0917360" lon="7.2044210"/>
   <trkpt lat="47.0917660" lon="7.2044190"/>
   <trkpt lat="47.0917980" lon="7.2044210"/>
   <trkpt lat="47.0918340" lon="7.2044200"/>
   <trkpt lat="47.0918630" lon="7.2044190"/>
   <trkpt lat="47.0918900" lon="7.2044180"/>
   <trkpt lat="47.0919160" lon="7.2044200"/>
   <trkpt lat="47.0919450" lon="7.2044230"/>
   <trkpt lat="47.0919720" lon="7.2044270"/>
   <trkpt lat="47.0920070" lon="7.2044310"/>
   <trkpt lat="47.0920360" lon="7.2044360"/>
   <trkpt lat="47.0920690" lon="7.2044380"/>
   <trkpt lat="47.0920950" lon="7.2044400"/>
   <trkpt lat="47.0921230" lon="7.2044460"/>
   <trkpt lat="47.0921540" lon="7.2044490"/>
   <trkpt lat="47.0921780" lon="7.2044540"/>
   <trkpt lat="47.0922030" lon="7.2044530"/>
   <trkpt lat="47.0922340" lon="7.2044540"/>
   <trkpt lat="47.0922620" lon="7.2044570"/>
   <trkpt lat="47.0922960" lon="7.2044590"/>
   <trkpt lat="47.0923250" lon="7.2044610"/>
   <trkpt lat="47.0923520" lon="7.2044670"/>
   <trkpt lat="47.0923820" lon="7.2044760"/>
   <trkpt lat="47.0924050" lon="7.2044850"/>
   <trkpt lat="47.0924250" lon="7.2044900"/>
   <trkpt lat="47.0924490" lon="7.2045100"/>
   <trkpt lat="47.0924710" lon="7.2045240"/>
   <trkpt lat="47.0924990" lon="7.2045370"/>
   <trkpt lat="47.0925280" lon="7.2045480"/>
   <trkpt lat="47.0925550" lon="7.2045570"/>
   <trkpt lat="47.0925880" lon="7.2045690"/>
   <trkpt lat="47.0926150" lon="7.2045840"/>
   <trkpt lat="47.0926390" lon="7.2045950"/>
   <trkpt lat="47.0926650" lon="7.2046070"/>
   <trkpt lat="47.0926950" lon="7.2046240"/>
   <trkpt lat="47.0927230" lon="7.2046390"/>
   <trkpt lat="47.0927520" lon="7.2046510"/>
   <trkpt lat="47.0927780" lon="7.2046600"/>
   <trkpt lat="47.0928040" lon="7.2046680"/>
   <trkpt lat="47.0928330" lon="7.2046800"/>
   <trkpt lat="47.0928560" lon="7.2046860"/>
   <trkpt lat="47.0928830" lon="7.2046980"/>
   <trkpt lat="47.0929090" lon="7.2047130"/>
   <trkpt lat="47.0929360" lon="7.2047260"/>
   <trkpt lat="47.0929650" lon="7.2047390"/>
   <trkpt lat="47.0929960" lon="7.2047530"/>
   <trkpt lat="47.0930270" lon="7.2047630"/>
   <trkpt lat="47.0930540" lon="7.2047760"/>
   <trkpt lat="47.0930760" lon="7.2047860"/>
   <trkpt lat="47.0931050" lon="7.2047970"/>
   <trkpt lat="47.0931360" lon="7.2048090"/>
   <trkpt lat="47.0931650" lon="7.2048160"/>
   <trkpt lat="47.0932000" lon="7.2048310"/>
   <trkpt lat="47.0932290" lon="7.2048430"/>
   <trkpt lat="47.0932640" lon="7.2048530"/>
   <trkpt lat="47.0932970" lon="7.2048650"/>
   <trkpt lat="47.0933290" lon="7.2048700"/>
   <trkpt lat="47.0933610" lon="7.2048800"/>
   <trkpt lat="47.0933920" lon="7.2048900"/>
   <trkpt lat="47.0934180" lon="7.2048940"/>
   <trkpt lat="47.0934450" lon="7.2049020"/>
   <trkpt lat="47.0934720" lon="7.2049130"/>
   <trkpt lat="47.0934990" lon="7.2049220"/>
   <trkpt lat="47.0935270" lon="7.2049340"/>
   <trkpt lat="47.0935550" lon="7.2049440"/>
   <trkpt lat="47.0935820" lon="7.2049560"/>
   <trkpt lat="47.0936070" lon="7.2049670"/>
   <trkpt lat="47.0936340" lon="7.2049780"/>
   <trkpt lat="47.0936640" lon="7.2049880"/>
   <trkpt lat="47.0936930" lon="7.2049990"/>
   <trkpt lat="47.0937210" lon="7.2050100"/>
   <trkpt lat="47.0937500" lon="7.2050210"/>
   <trkpt lat="47.0937780" lon="7.2050360"/>
   <trkpt lat="47.0938040" lon="7.2050480"/>
   <trkpt lat="47.0938310" lon="7.2050610"/>
   <trkpt lat="47.0938590" lon="7.2050740"/>
   <trkpt lat="47.0938870" lon="7.2050850"/>
   <trkpt lat="47.0939190" lon="7.2050950"/>
   <trkpt lat="47.0939500" lon="7.2051050"/>
   <trkpt lat="47.0939800" lon="7.2051110"/>
   <trkpt lat="47.0940120" lon="7.2051180"/>
   <trkpt lat="47.0940400" lon="7.2051230"/>
   <trkpt lat="47.0940670" lon="7.2051280"/>
   <trkpt lat="47.0940920" lon="7.2051360"/>
   <trkpt lat="47.0941150" lon="7.2051440"/>
   <trkpt lat="47.0941400" lon="7.2051540"/>
   <trkpt lat="47.0941620" lon="7.2051730"/>
   <trkpt lat="47.0941820" lon="7.2051770"/>
   <trkpt lat="47.0942060" lon="7.2051910"/>
   <trkpt lat="47.0942300" lon="7.2052070"/>
   <trkpt lat="47.0942570" lon="7.2052160"/>
   <trkpt lat="47.0942940" lon="7.2052300"/>
   <trkpt lat="47.0943200" lon="7.2052440"/>
   <trkpt lat="47.0943500" lon="7.2052510"/>
   <trkpt lat="47.0943820" lon="7.2052620"/>
   <trkpt lat="47.0944080" lon="7.2052700"/>
   <trkpt lat="47.0944370" lon="7.2052770"/>
   <trkpt lat="47.0944660" lon="7.2052880"/>
   <trkpt lat="47.0944890" lon="7.2052960"/>
   <trkpt lat="47.0945250" lon="7.2053090"/>
   <trkpt lat="47.0945510" lon="7.2053270"/>
   <trkpt lat="47.0945790" lon="7.2053390"/>
   <trkpt lat="47.0946080" lon="7.2053610"/>
   <trkpt lat="47.0946330" lon="7.2053820"/>
   <trkpt lat="47.0946580" lon="7.2054000"/>
   <trkpt lat="47.0946860" lon="7.2054270"/>
   <trkpt lat="47.0947080" lon="7.2054530"/>
   <trkpt lat="47.0947320" lon="7.2054780"/>
   <trkpt lat="47.0947560" lon="7.2055040"/>
   <trkpt lat="47.0947740" lon="7.2055220"/>
   <trkpt lat="47.0947990" lon="7.2055480"/>
   <trkpt lat="47.0948200" lon="7.2055740"/>
   <trkpt lat="47.0948410" lon="7.2055960"/>
   <trkpt lat="47.0948660" lon="7.2056220"/>
   <trkpt lat="47.0948900" lon="7.2056460"/>
   <trkpt lat="47.0949150" lon="7.2056650"/>
   <trkpt lat="47.0949420" lon="7.2056930"/>
   <trkpt lat="47.0949620" lon="7.2057120"/>
   <trkpt lat="47.0949860" lon="7.2057330"/>
   <trkpt lat="47.0950110" lon="7.2057580"/>
   <trkpt lat="47.0950350" lon="7.2057790"/>
   <trkpt lat="47.0950570" lon="7.2058010"/>
   <trkpt lat="47.0950820" lon="7.2058290"/>
   <trkpt lat="47.0951000" lon="7.2058520"/>
   <trkpt lat="47.0951210" lon="7.2058770"/>
   <trkpt lat="47.0951400" lon="7.2059030"/>
   <trkpt lat="47.0951590" lon="7.2059210"/>
   <trkpt lat="47.0951840" lon="7.2059530"/>
   <trkpt lat="47.0952050" lon="7.2059840"/>
   <trkpt lat="47.0952250" lon="7.2060080"/>
   <trkpt lat="47.0952490" lon="7.2060370"/>
   <trkpt lat="47.0952680" lon="7.2060640"/>
   <trkpt lat="47.0952920" lon="7.2060900"/>
   <trkpt lat="47.0953180" lon="7.2061220"/>
   <trkpt lat="47.0953350" lon="7.2061450"/>
   <trkpt lat="47.0953610" lon="7.2061700"/>
   <trkpt lat="47.0953820" lon="7.2061980"/>
   <trkpt lat="47.0954050" lon="7.2062200"/>
   <trkpt lat="47.0954290" lon="7.2062510"/>
   <trkpt lat="47.0954490" lon="7.2062740"/>
   <trkpt lat="47.0954680" lon="7.2062950"/>
   <trkpt lat="47.0954840" lon="7.2063120"/>
   <trkpt lat="47.0954970" lon="7.2063340"/>
   <trkpt lat="47.0955100" lon="7.2063540"/>
   <trkpt lat="47.0955220" lon="7.2063720"/>
   <trkpt lat="47.0955420" lon="7.2063970"/>
   <trkpt lat="47.0955640" lon="7.2064280"/>
   <trkpt lat="47.0955860" lon="7.2064620"/>
   <trkpt lat="47.0956090" lon="7.2064960"/>
   <trkpt lat="47.0956300" lon="7.2065310"/>
   <trkpt lat="47.0956490" lon="7.2065610"/>
   <trkpt lat="47.0956700" lon="7.2065910"/>
   <trkpt lat="47.0956890" lon="7.2066220"/>
   <trkpt lat="47.0957100" lon="7.2066560"/>
   <trkpt lat="47.0957320" lon="7.2066900"/>
   <trkpt lat="47.0957510" lon="7.2067130"/>
   <trkpt lat="47.0957720" lon="7.2067440"/>
   <trkpt lat="47.0957920" lon="7.2067750"/>
   <trkpt lat="47.0958100" lon="7.2068000"/>
   <trkpt lat="47.0958330" lon="7.2068350"/>
   <trkpt lat="47.0958510" lon="7.2068630"/>
   <trkpt lat="47.0958730" lon="7.2068910"/>
   <trkpt lat="47.0958950" lon="7.2069250"/>
   <trkpt lat="47.0959130" lon="7.2069540"/>
   <trkpt lat="47.0959330" lon="7.2069800"/>
   <trkpt lat="47.0959540" lon="7.2070120"/>
   <trkpt lat="47.0959690" lon="7.2070420"/>
   <trkpt lat="47.0959860" lon="7.2070730"/>
   <trkpt lat="47.0960030" lon="7.2071060"/>
   <trkpt lat="47.0960190" lon="7.2071360"/>
   <trkpt lat="47.0960290" lon="7.2071710"/>
   <trkpt lat="47.0960370" lon="7.2072090"/>
   <trkpt lat="47.0960460" lon="7.2072450"/>
   <trkpt lat="47.0960550" lon="7.2072840"/>
   <trkpt lat="47.0960640" lon="7.2073220"/>
   <trkpt lat="47.0960730" lon="7.2073540"/>
   <trkpt lat="47.0960810" lon="7.2073890"/>
   <trkpt lat="47.0960860" lon="7.2074230"/>
   <trkpt lat="47.0960910" lon="7.2074500"/>
   <trkpt lat="47.0960980" lon="7.2074880"/>
   <trkpt lat="47.0961000" lon="7.2075230"/>
   <trkpt lat="47.0961050" lon="7.2075630"/>
   <trkpt lat="47.0961110" lon="7.2076080"/>
   <trkpt lat="47.0961150" lon="7.2076460"/>
   <trkpt lat="47.0961120" lon="7.2076800"/>
   <trkpt lat="47.0961120" lon="7.2077200"/>
   <trkpt lat="47.0961150" lon="7.2077570"/>
   <trkpt lat="47.0961180" lon="7.2077920"/>
   <trkpt lat="47.0961180" lon="7.2078300"/>
   <trkpt lat="47.0961180" lon="7.2078640"/>
   <trkpt lat="47.0961190" lon="7.2078960"/>
   <trkpt lat="47.0961140" lon="7.2079300"/>
   <trkpt lat="47.0961110" lon="7.2079620"/>
   <trkpt lat="47.0961090" lon="7.2079880"/>
   <trkpt lat="47.0961090" lon="7.2080220"/>
   <trkpt lat="47.0961040" lon="7.2080520"/>
   <trkpt lat="47.0961050" lon="7.2080780"/>
   <trkpt lat="47.0961040" lon="7.2081090"/>
   <trkpt lat="47.0961030" lon="7.2081430"/>
   <trkpt lat="47.0961010" lon="7.2081690"/>
   <trkpt lat="47.0960980" lon="7.2081980"/>
   <trkpt lat="47.0960980" lon="7.2082300"/>
   <trkpt lat="47.0960990" lon="7.2082600"/>
   <trkpt lat="47.0961020" lon="7.2082910"/>
   <trkpt lat="47.0961050" lon="7.2083280"/>
   <trkpt lat="47.0961070" lon="7.2083550"/>
   <trkpt lat="47.0961080" lon="7.2083820"/>
   <trkpt lat="47.0961110" lon="7.2084130"/>
   <trkpt lat="47.0961130" lon="7.2084380"/>
   <trkpt lat="47.0961130" lon="7.2084620"/>
   <trkpt lat="47.0961140" lon="7.2084930"/>
   <trkpt lat="47.0961100" lon="7.2085260"/>
   <trkpt lat="47.0961070" lon="7.2085540"/>
   <trkpt lat="47.0961000" lon="7.2085850"/>
   <trkpt lat="47.0960950" lon="7.2086120"/>
   <trkpt lat="47.0960920" lon="7.2086350"/>
   <trkpt lat="47.0960910" lon="7.2086590"/>
   <trkpt lat="47.0960900" lon="7.2086890"/>
   <trkpt lat="47.0960880" lon="7.2087170"/>
   <trkpt lat="47.0960810" lon="7.2087490"/>
   <trkpt lat="47.0960730" lon="7.2087820"/>
   <trkpt lat="47.0960640" lon="7.2088080"/>
   <trkpt lat="47.0960560" lon="7.2088350"/>
   <trkpt lat="47.0960490" lon="7.2088640"/>
   <trkpt lat="47.0960470" lon="7.2088890"/>
   <trkpt lat="47.0960470" lon="7.2089090"/>
   <trkpt lat="47.0960480" lon="7.2089420"/>
   <trkpt lat="47.0960520" lon="7.2089670"/>
   <trkpt lat="47.0960610" lon="7.2089960"/>
   <trkpt lat="47.0960760" lon="7.2090170"/>
   <trkpt lat="47.0960960" lon="7.2090230"/>
   <trkpt lat="47.0961180" lon="7.2090350"/>
   <trkpt lat="47.0961420" lon="7.2090510"/>
   <trkpt lat="47.0961680" lon="7.2090680"/>
   <trkpt lat="47.0961930" lon="7.2090790"/>
   <trkpt lat="47.0962190" lon="7.2090890"/>
   <trkpt lat="47.0962440" lon="7.2091000"/>
   <trkpt lat="47.0962680" lon="7.2091110"/>
   <trkpt lat="47.0962940" lon="7.2091240"/>
   <trkpt lat="47.0963150" lon="7.2091340"/>
   <trkpt lat="47.0963330" lon="7.2091360"/>
   <trkpt lat="47.0963480" lon="7.2091570"/>
   <trkpt lat="47.0963660" lon="7.2091760"/>
   <trkpt lat="47.0963840" lon="7.2091870"/>
   <trkpt lat="47.0964060" lon="7.2092050"/>
   <trkpt lat="47.0964230" lon="7.2092120"/>
   <trkpt lat="47.0964430" lon="7.2092290"/>
   <trkpt lat="47.0964620" lon="7.2092450"/>
   <trkpt lat="47.0964830" lon="7.2092600"/>
   <trkpt lat="47.0965040" lon="7.2092770"/>
   <trkpt lat="47.0965250" lon="7.2092960"/>
   <trkpt lat="47.0965430" lon="7.2093060"/>
   <trkpt lat="47.0965660" lon="7.2093200"/>
   <trkpt lat="47.0965860" lon="7.2093350"/>
   <trkpt lat="47.0966050" lon="7.2093460"/>
   <trkpt lat="47.0966300" lon="7.2093620"/>
   <trkpt lat="47.0966510" lon="7.2093770"/>
   <trkpt lat="47.0966700" lon="7.2093900"/>
   <trkpt lat="47.0966920" lon="7.2094060"/>
   <trkpt lat="47.0967130" lon="7.2094250"/>
   <trkpt lat="47.0967330" lon="7.2094370"/>
   <trkpt lat="47.0967510" lon="7.2094520"/>
   <trkpt lat="47.0967670" lon="7.2094660"/>
   <trkpt lat="47.0967850" lon="7.2094840"/>
   <trkpt lat="47.0968060" lon="7.2094990"/>
   <trkpt lat="47.0968240" lon="7.2095160"/>
   <trkpt lat="47.0968390" lon="7.2095290"/>
   <trkpt lat="47.0968600" lon="7.2095500"/>
   <trkpt lat="47.0968820" lon="7.2095720"/>
   <trkpt lat="47.0968990" lon="7.2095850"/>
   <trkpt lat="47.0969230" lon="7.2096060"/>
   <trkpt lat="47.0969400" lon="7.2096300"/>
   <trkpt lat="47.0969520" lon="7.2096530"/>
   <trkpt lat="47.0969710" lon="7.2096760"/>
   <trkpt lat="47.0969900" lon="7.2097050"/>
   <trkpt lat="47.0970050" lon="7.2097230"/>
   <trkpt lat="47.0970240" lon="7.2097400"/>
   <trkpt lat="47.0970410" lon="7.2097640"/>
   <trkpt lat="47.0970550" lon="7.2097820"/>
   <trkpt lat="47.0970730" lon="7.2098020"/>
   <trkpt lat="47.0970900" lon="7.2098240"/>
   <trkpt lat="47.0971050" lon="7.2098410"/>
   <trkpt lat="47.0971250" lon="7.2098610"/>
   <trkpt lat="47.0971460" lon="7.2098880"/>
   <trkpt lat="47.0971610" lon="7.2099100"/>
   <trkpt lat="47.0971810" lon="7.2099320"/>
   <trkpt lat="47.0972010" lon="7.2099670"/>
   <trkpt lat="47.0972160" lon="7.2099920"/>
   <trkpt lat="47.0972390" lon="7.2100170"/>
   <trkpt lat="47.0972610" lon="7.2100450"/>
   <trkpt lat="47.0972770" lon="7.2100620"/>
   <trkpt lat="47.0972960" lon="7.2100840"/>
   <trkpt lat="47.0973160" lon="7.2101100"/>
   <trkpt lat="47.0973330" lon="7.2101310"/>
   <trkpt lat="47.0973590" lon="7.2101650"/>
   <trkpt lat="47.0973820" lon="7.2101920"/>
   <trkpt lat="47.0974020" lon="7.2102120"/>
   <trkpt lat="47.0974270" lon="7.2102400"/>
   <trkpt lat="47.0974480" lon="7.2102590"/>
   <trkpt lat="47.0974710" lon="7.2102860"/>
   <trkpt lat="47.0974940" lon="7.2103130"/>
   <trkpt lat="47.0975180" lon="7.2103330"/>
   <trkpt lat="47.0975460" lon="7.2103560"/>
   <trkpt lat="47.0975730" lon="7.2103820"/>
   <trkpt lat="47.0975950" lon="7.2104050"/>
   <trkpt lat="47.0976190" lon="7.2104270"/>
   <trkpt lat="47.0976420" lon="7.2104500"/>
   <trkpt lat="47.0976630" lon="7.2104690"/>
   <trkpt lat="47.0976850" lon="7.2104930"/>
   <trkpt lat="47.0977060" lon="7.2105190"/>
   <trkpt lat="47.0977280" lon="7.2105390"/>
   <trkpt lat="47.0977520" lon="7.2105640"/>
   <trkpt lat="47.0977740" lon="7.2105860"/>
   <trkpt lat="47.0977960" lon="7.2106100"/>
   <trkpt lat="47.0978180" lon="7.2106330"/>
   <trkpt lat="47.0978390" lon="7.2106530"/>
   <trkpt lat="47.0978640" lon="7.2106730"/>
   <trkpt lat="47.0978900" lon="7.2106960"/>
   <trkpt lat="47.0979140" lon="7.2107170"/>
   <trkpt lat="47.0979390" lon="7.2107430"/>
   <trkpt lat="47.0979630" lon="7.2107720"/>
   <trkpt lat="47.0979890" lon="7.2107960"/>
   <trkpt lat="47.0980130" lon="7.2108270"/>
   <trkpt lat="47.0980360" lon="7.2108540"/>
   <trkpt lat="47.0980640" lon="7.2108870"/>
   <trkpt lat="47.0980860" lon="7.2109170"/>
   <trkpt lat="47.0981080" lon="7.2109410"/>
   <trkpt lat="47.0981320" lon="7.2109690"/>
   <trkpt lat="47.0981540" lon="7.2109980"/>
   <trkpt lat="47.0981780" lon="7.2110220"/>
   <trkpt lat="47.0982000" lon="7.2110530"/>
   <trkpt lat="47.0982230" lon="7.2110770"/>
   <trkpt lat="47.0982510" lon="7.2111030"/>
   <trkpt lat="47.0982760" lon="7.2111240"/>
   <trkpt lat="47.0982970" lon="7.2111440"/>
   <trkpt lat="47.0983250" lon="7.2111700"/>
   <trkpt lat="47.0983500" lon="7.2111910"/>
   <trkpt lat="47.0983760" lon="7.2112100"/>
   <trkpt lat="47.0983980" lon="7.2112320"/>
   <trkpt lat="47.0984160" lon="7.2112490"/>
   <trkpt lat="47.0984460" lon="7.2112710"/>
   <trkpt lat="47.0984720" lon="7.2112960"/>
   <trkpt lat="47.0984960" lon="7.2113150"/>
   <trkpt lat="47.0985230" lon="7.2113350"/>
   <trkpt lat="47.0985470" lon="7.2113590"/>
   <trkpt lat="47.0985780" lon="7.2113810"/>
   <trkpt lat="47.0986080" lon="7.2114060"/>
   <trkpt lat="47.0986340" lon="7.2114260"/>
   <trkpt lat="47.0986640" lon="7.2114450"/>
   <trkpt lat="47.0986900" lon="7.2114630"/>
   <trkpt lat="47.0987190" lon="7.2114790"/>
   <trkpt lat="47.0987460" lon="7.2114980"/>
   <trkpt lat="47.0987740" lon="7.2115180"/>
   <trkpt lat="47.0988020" lon="7.2115370"/>
   <trkpt lat="47.0988340" lon="7.2115570"/>
   <trkpt lat="47.0988620" lon="7.2115760"/>
   <trkpt lat="47.0988910" lon="7.2115900"/>
   <trkpt lat="47.0989190" lon="7.2116090"/>
   <trkpt lat="47.0989410" lon="7.2116230"/>
   <trkpt lat="47.0989630" lon="7.2116370"/>
   <trkpt lat="47.0989870" lon="7.2116570"/>
   <trkpt lat="47.0990080" lon="7.2116760"/>
   <trkpt lat="47.0990280" lon="7.2116980"/>
   <trkpt lat="47.0990530" lon="7.2117200"/>
   <trkpt lat="47.0990820" lon="7.2117350"/>
   <trkpt lat="47.0991140" lon="7.2117600"/>
   <trkpt lat="47.0991440" lon="7.2117840"/>
   <trkpt lat="47.0991750" lon="7.2118020"/>
   <trkpt lat="47.0992030" lon="7.2118220"/>
   <trkpt lat="47.0992280" lon="7.2118400"/>
   <trkpt lat="47.0992580" lon="7.2118590"/>
   <trkpt lat="47.0992870" lon="7.2118780"/>
   <trkpt lat="47.0993130" lon="7.2118890"/>
   <trkpt lat="47.0993450" lon="7.2119040"/>
   <trkpt lat="47.0993760" lon="7.2119200"/>
   <trkpt lat="47.0994040" lon="7.2119370"/>
   <trkpt lat="47.0994300" lon="7.2119560"/>
   <trkpt lat="47.0994570" lon="7.2119750"/>
   <trkpt lat="47.0994850" lon="7.2119970"/>
   <trkpt lat="47.0995130" lon="7.2120220"/>
   <trkpt lat="47.0995410" lon="7.2120460"/>
   <trkpt lat="47.0995690" lon="7.2120700"/>
   <trkpt lat="47.0995950" lon="7.2120950"/>
   <trkpt lat="47.0996220" lon="7.2121180"/>
   <trkpt lat="47.0996480" lon="7.2121380"/>
   <trkpt lat="47.0996740" lon="7.2121590"/>
   <trkpt lat="47.0996990" lon="7.2121790"/>
   <trkpt lat="47.0997240" lon="7.2122000"/>
   <trkpt lat="47.0997460" lon="7.2122260"/>
   <trkpt lat="47.0997680" lon="7.2122470"/>
   <trkpt lat="47.0997890" lon="7.2122690"/>
   <trkpt lat="47.0998130" lon="7.2122950"/>
   <trkpt lat="47.0998380" lon="7.2123250"/>
   <trkpt lat="47.0998630" lon="7.2123500"/>
   <trkpt lat="47.0998900" lon="7.2123780"/>
   <trkpt lat="47.0999160" lon="7.2124070"/>
   <trkpt lat="47.0999420" lon="7.2124260"/>
   <trkpt lat="47.0999680" lon="7.2124490"/>
   <trkpt lat="47.0999890" lon="7.2124680"/>
   <trkpt lat="47.1000180" lon="7.2124920"/>
   <trkpt lat="47.1000410" lon="7.2125140"/>
   <trkpt lat="47.1000620" lon="7.2125340"/>
   <trkpt lat="47.1000880" lon="7.2125640"/>
   <trkpt lat="47.1001130" lon="7.2125890"/>
   <trkpt lat="47.1001410" lon="7.2126090"/>
   <trkpt lat="47.1001680" lon="7.2126270"/>
   <trkpt lat="47.1001940" lon="7.2126440"/>
   <trkpt lat="47.1002270" lon="7.2126660"/>
   <trkpt lat="47.1002530" lon="7.2126880"/>
   <trkpt lat="47.1002820" lon="7.2127090"/>
   <trkpt lat="47.1003070" lon="7.2127290"/>
   <trkpt lat="47.1003310" lon="7.2127480"/>
   <trkpt lat="47.1003590" lon="7.2127720"/>
   <trkpt lat="47.1003910" lon="7.2127990"/>
   <trkpt lat="47.1004190" lon="7.2128190"/>
   <trkpt lat="47.1004480" lon="7.2128420"/>
   <trkpt lat="47.1004750" lon="7.2128640"/>
   <trkpt lat="47.1005020" lon="7.2128870"/>
   <trkpt lat="47.1005330" lon="7.2129090"/>
   <trkpt lat="47.1005580" lon="7.2129290"/>
   <trkpt lat="47.1005890" lon="7.2129510"/>
   <trkpt lat="47.1006170" lon="7.2129720"/>
   <trkpt lat="47.1006450" lon="7.2129880"/>
   <trkpt lat="47.1006730" lon="7.2130130"/>
   <trkpt lat="47.1006980" lon="7.2130320"/>
   <trkpt lat="47.1007220" lon="7.2130490"/>
   <trkpt lat="47.1007470" lon="7.2130670"/>
   <trkpt lat="47.1007720" lon="7.2130840"/>
   <trkpt lat="47.1008040" lon="7.2131040"/>
   <trkpt lat="47.1008310" lon="7.2131260"/>
   <trkpt lat="47.1008570" lon="7.2131430"/>
   <trkpt lat="47.1008850" lon="7.2131630"/>
   <trkpt lat="47.1009080" lon="7.2131780"/>
   <trkpt lat="47.1009360" lon="7.2131980"/>
   <trkpt lat="47.1009670" lon="7.2132230"/>
   <trkpt lat="47.1009940" lon="7.2132410"/>
   <trkpt lat="47.1010200" lon="7.2132670"/>
   <trkpt lat="47.1010450" lon="7.2132880"/>
   <trkpt lat="47.1010770" lon="7.2133140"/>
   <trkpt lat="47.1011050" lon="7.2133400"/>
   <trkpt lat="47.1011270" lon="7.2133570"/>
   <trkpt lat="47.1011560" lon="7.2133800"/>
   <trkpt lat="47.1011820" lon="7.2134020"/>
   <trkpt lat="47.1012140" lon="7.2134270"/>
   <trkpt lat="47.1012470" lon="7.2134560"/>
   <trkpt lat="47.1012760" lon="7.2134760"/>
   <trkpt lat="47.1013050" lon="7.2135050"/>
   <trkpt lat="47.1013340" lon="7.2135310"/>
   <trkpt lat="47.1013670" lon="7.2135630"/>
   <trkpt lat="47.1013950" lon="7.2135930"/>
   <trkpt lat="47.1014240" lon="7.2136180"/>
   <trkpt lat="47.1014540" lon="7.2136450"/>
   <trkpt lat="47.1014800" lon="7.2136680"/>
   <trkpt lat="47.1015160" lon="7.2137020"/>
   <trkpt lat="47.1015410" lon="7.2137280"/>
   <trkpt lat="47.1015680" lon="7.2137520"/>
   <trkpt lat="47.1015970" lon="7.2137770"/>
   <trkpt lat="47.1016220" lon="7.2138000"/>
   <trkpt lat="47.1016510" lon="7.2138290"/>
   <trkpt lat="47.1016780" lon="7.2138550"/>
   <trkpt lat="47.1017070" lon="7.2138750"/>
   <trkpt lat="47.1017380" lon="7.2138960"/>
   <trkpt lat="47.1017640" lon="7.2139210"/>
   <trkpt lat="47.1017930" lon="7.2139450"/>
   <trkpt lat="47.1018220" lon="7.2139720"/>
   <trkpt lat="47.1018490" lon="7.2139970"/>
   <trkpt lat="47.1018730" lon="7.2140210"/>
   <trkpt lat="47.1018990" lon="7.2140470"/>
   <trkpt lat="47.1019240" lon="7.2140660"/>
   <trkpt lat="47.1019510" lon="7.2140900"/>
   <trkpt lat="47.1019750" lon="7.2141080"/>
   <trkpt lat="47.1019990" lon="7.2141270"/>
   <trkpt lat="47.1020200" lon="7.2141470"/>
   <trkpt lat="47.1020430" lon="7.2141610"/>
   <trkpt lat="47.1020700" lon="7.2141850"/>
   <trkpt lat="47.1020970" lon="7.2142070"/>
   <trkpt lat="47.1021270" lon="7.2142310"/>
   <trkpt lat="47.1021550" lon="7.2142550"/>
   <trkpt lat="47.1021790" lon="7.2142770"/>
   <trkpt lat="47.1022070" lon="7.2143010"/>
   <trkpt lat="47.1022300" lon="7.2143250"/>
   <trkpt lat="47.1022520" lon="7.2143460"/>
   <trkpt lat="47.1022760" lon="7.2143720"/>
   <trkpt lat="47.1023020" lon="7.2143960"/>
   <trkpt lat="47.1023260" lon="7.2144210"/>
   <trkpt lat="47.1023510" lon="7.2144500"/>
   <trkpt lat="47.1023770" lon="7.2144730"/>
   <trkpt lat="47.1024010" lon="7.2144950"/>
   <trkpt lat="47.1024250" lon="7.2145160"/>
   <trkpt lat="47.1024500" lon="7.2145330"/>
   <trkpt lat="47.1024760" lon="7.2145580"/>
   <trkpt lat="47.1024990" lon="7.2145790"/>
   <trkpt lat="47.1025250" lon="7.2146040"/>
   <trkpt lat="47.1025470" lon="7.2146280"/>
   <trkpt lat="47.1025710" lon="7.2146490"/>
   <trkpt lat="47.1025960" lon="7.2146720"/>
   <trkpt lat="47.1026190" lon="7.2146940"/>
   <trkpt lat="47.1026420" lon="7.2147120"/>
   <trkpt lat="47.1026670" lon="7.2147380"/>
   <trkpt lat="47.1026910" lon="7.2147600"/>
   <trkpt lat="47.1027130" lon="7.2147850"/>
   <trkpt lat="47.1027370" lon="7.2148090"/>
   <trkpt lat="47.1027600" lon="7.2148290"/>
   <trkpt lat="47.1027870" lon="7.2148550"/>
   <trkpt lat="47.1028090" lon="7.2148810"/>
   <trkpt lat="47.1028320" lon="7.2148980"/>
   <trkpt lat="47.1028570" lon="7.2149220"/>
   <trkpt lat="47.1028770" lon="7.2149430"/>
   <trkpt lat="47.1029010" lon="7.2149680"/>
   <trkpt lat="47.1029210" lon="7.2149920"/>
   <trkpt lat="47.1029420" lon="7.2150170"/>
   <trkpt lat="47.1029600" lon="7.2150430"/>
   <trkpt lat="47.1029820" lon="7.2150740"/>
   <trkpt lat="47.1030050" lon="7.2150990"/>
   <trkpt lat="47.1030270" lon="7.2151280"/>
   <trkpt lat="47.1030470" lon="7.2151540"/>
   <trkpt lat="47.1030680" lon="7.2151770"/>
   <trkpt lat="47.1030920" lon="7.2152100"/>
   <trkpt lat="47.1031110" lon="7.2152390"/>
   <trkpt lat="47.1031320" lon="7.2152690"/>
   <trkpt lat="47.1031550" lon="7.2153020"/>
   <trkpt lat="47.1031760" lon="7.2153250"/>
   <trkpt lat="47.1031970" lon="7.2153520"/>
   <trkpt lat="47.1032150" lon="7.2153790"/>
   <trkpt lat="47.1032340" lon="7.2154040"/>
   <trkpt lat="47.1032510" lon="7.2154340"/>
   <trkpt lat="47.1032650" lon="7.2154650"/>
   <trkpt lat="47.1032790" lon="7.2154980"/>
   <trkpt lat="47.1032920" lon="7.2155310"/>
   <trkpt lat="47.1033040" lon="7.2155650"/>
   <trkpt lat="47.1033190" lon="7.2155990"/>
   <trkpt lat="47.1033340" lon="7.2156330"/>
   <trkpt lat="47.1033480" lon="7.2156610"/>
   <trkpt lat="47.1033650" lon="7.2156970"/>
   <trkpt lat="47.1033810" lon="7.2157290"/>
   <trkpt lat="47.1033970" lon="7.2157550"/>
   <trkpt lat="47.1034150" lon="7.2157870"/>
   <trkpt lat="47.1034310" lon="7.2158160"/>
   <trkpt lat="47.1034470" lon="7.2158430"/>
   <trkpt lat="47.1034620" lon="7.2158730"/>
   <trkpt lat="47.1034740" lon="7.2159000"/>
   <trkpt lat="47.1034890" lon="7.2159300"/>
   <trkpt lat="47.1035040" lon="7.2159660"/>
   <trkpt lat="47.1035170" lon="7.2159980"/>
   <trkpt lat="47.1035300" lon="7.2160270"/>
   <trkpt lat="47.1035460" lon="7.2160620"/>
   <trkpt lat="47.1035580" lon="7.2160870"/>
   <trkpt lat="47.1035730" lon="7.2161130"/>
   <trkpt lat="47.1035870" lon="7.2161420"/>
   <trkpt lat="47.1036020" lon="7.2161650"/>
   <trkpt lat="47.1036180" lon="7.2161950"/>
   <trkpt lat="47.1036320" lon="7.2162240"/>
   <trkpt lat="47.1036470" lon="7.2162490"/>
   <trkpt lat="47.1036630" lon="7.2162770"/>
   <trkpt lat="47.1036800" lon="7.2163060"/>
   <trkpt lat="47.1036960" lon="7.2163260"/>
   <trkpt lat="47.1037140" lon="7.2163530"/>
   <trkpt lat="47.1037300" lon="7.2163830"/>
   <trkpt lat="47.1037460" lon="7.2164040"/>
   <trkpt lat="47.1037630" lon="7.2164320"/>
   <trkpt lat="47.1037800" lon="7.2164600"/>
   <trkpt lat="47.1037960" lon="7.2164820"/>
   <trkpt lat="47.1038150" lon="7.2165060"/>
   <trkpt lat="47.1038320" lon="7.2165250"/>
   <trkpt lat="47.1038530" lon="7.2165390"/>
   <trkpt lat="47.1038750" lon="7.2165540"/>
   <trkpt lat="47.1038960" lon="7.2165690"/>
   <trkpt lat="47.1039180" lon="7.2165810"/>
   <trkpt lat="47.1039410" lon="7.2165960"/>
   <trkpt lat="47.1039620" lon="7.2166150"/>
   <trkpt lat="47.1039850" lon="7.2166350"/>
   <trkpt lat="47.1040080" lon="7.2166580"/>
   <trkpt lat="47.1040320" lon="7.2166800"/>
   <trkpt lat="47.1040540" lon="7.2166980"/>
   <trkpt lat="47.1040780" lon="7.2167160"/>
   <trkpt lat="47.1041020" lon="7.2167360"/>
   <trkpt lat="47.1041240" lon="7.2167510"/>
   <trkpt lat="47.1041490" lon="7.2167720"/>
   <trkpt lat="47.1041730" lon="7.2167900"/>
   <trkpt lat="47.1041980" lon="7.2168040"/>
   <trkpt lat="47.1042210" lon="7.2168190"/>
   <trkpt lat="47.1042430" lon="7.2168370"/>
   <trkpt lat="47.1042660" lon="7.2168510"/>
   <trkpt lat="47.1042870" lon="7.2168720"/>
   <trkpt lat="47.1043090" lon="7.2168900"/>
   <trkpt lat="47.1043330" lon="7.2169070"/>
   <trkpt lat="47.1043590" lon="7.2169280"/>
   <trkpt lat="47.1043850" lon="7.2169480"/>
   <trkpt lat="47.1044120" lon="7.2169690"/>
   <trkpt lat="47.1044380" lon="7.2169890"/>
   <trkpt lat="47.1044650" lon="7.2170100"/>
   <trkpt lat="47.1044920" lon="7.2170300"/>
   <trkpt lat="47.1045180" lon="7.2170460"/>
   <trkpt lat="47.1045420" lon="7.2170540"/>
   <trkpt lat="47.1045700" lon="7.2170630"/>
   <trkpt lat="47.1045990" lon="7.2170680"/>
   <trkpt lat="47.1046290" lon="7.2170720"/>
   <trkpt lat="47.1046630" lon="7.2170740"/>
   <trkpt lat="47.1046930" lon="7.2170770"/>
   <trkpt lat="47.1047230" lon="7.2170770"/>
   <trkpt lat="47.1047510" lon="7.2170780"/>
   <trkpt lat="47.1047790" lon="7.2170800"/>
   <trkpt lat="47.1048090" lon="7.2170790"/>
   <trkpt lat="47.1048340" lon="7.2170770"/>
   <trkpt lat="47.1048590" lon="7.2170750"/>
   <trkpt lat="47.1048820" lon="7.2170700"/>
   <trkpt lat="47.1049090" lon="7.2170660"/>
   <trkpt lat="47.1049350" lon="7.2170640"/>
   <trkpt lat="47.1049610" lon="7.2170610"/>
   <trkpt lat="47.1049910" lon="7.2170590"/>
   <trkpt lat="47.1050190" lon="7.2170540"/>
   <trkpt lat="47.1050470" lon="7.2170530"/>
   <trkpt lat="47.1050750" lon="7.2170550"/>
   <trkpt lat="47.1051030" lon="7.2170540"/>
   <trkpt lat="47.1051310" lon="7.2170550"/>
   <trkpt lat="47.1051590" lon="7.2170600"/>
   <trkpt lat="47.1051860" lon="7.2170590"/>
   <trkpt lat="47.1052140" lon="7.2170600"/>
   <trkpt lat="47.1052430" lon="7.2170630"/>
   <trkpt lat="47.1052710" lon="7.2170630"/>
   <trkpt lat="47.1053000" lon="7.2170650"/>
   <trkpt lat="47.1053260" lon="7.2170650"/>
   <trkpt lat="47.1053520" lon="7.2170650"/>
   <trkpt lat="47.1053790" lon="7.2170680"/>
   <trkpt lat="47.1054070" lon="7.2170720"/>
   <trkpt lat="47.1054370" lon="7.2170810"/>
   <trkpt lat="47.1054660" lon="7.2170970"/>
   <trkpt lat="47.1054960" lon="7.2171110"/>
   <trkpt lat="47.1055270" lon="7.2171260"/>
   <trkpt lat="47.1055560" lon="7.2171370"/>
   <trkpt lat="47.1055890" lon="7.2171490"/>
   <trkpt lat="47.1056160" lon="7.2171570"/>
   <trkpt lat="47.1056440" lon="7.2171620"/>
   <trkpt lat="47.1056750" lon="7.2171730"/>
   <trkpt lat="47.1057020" lon="7.2171840"/>
   <trkpt lat="47.1057320" lon="7.2171930"/>
   <trkpt lat="47.1057630" lon="7.2172040"/>
   <trkpt lat="47.1057900" lon="7.2172150"/>
   <trkpt lat="47.1058200" lon="7.2172270"/>
   <trkpt lat="47.1058460" lon="7.2172450"/>
   <trkpt lat="47.1058710" lon="7.2172600"/>
   <trkpt lat="47.1058990" lon="7.2172730"/>
   <trkpt lat="47.1059250" lon="7.2172860"/>
   <trkpt lat="47.1059520" lon="7.2172970"/>
   <trkpt lat="47.1059810" lon="7.2173130"/>
   <trkpt lat="47.1060070" lon="7.2173290"/>
   <trkpt lat="47.1060360" lon="7.2173420"/>
   <trkpt lat="47.1060630" lon="7.2173550"/>
   <trkpt lat="47.1060890" lon="7.2173670"/>
   <trkpt lat="47.1061170" lon="7.2173770"/>
   <trkpt lat="47.1061440" lon="7.2173890"/>
   <trkpt lat="47.1061690" lon="7.2174010"/>
   <trkpt lat="47.1061980" lon="7.2174110"/>
   <trkpt lat="47.1062280" lon="7.2174250"/>
   <trkpt lat="47.1062560" lon="7.2174350"/>
   <trkpt lat="47.1062840" lon="7.2174490"/>
   <trkpt lat="47.1063110" lon="7.2174660"/>
   <trkpt lat="47.1063380" lon="7.2174820"/>
   <trkpt lat="47.1063650" lon="7.2175020"/>
   <trkpt lat="47.1063900" lon="7.2175200"/>
   <trkpt lat="47.1064160" lon="7.2175340"/>
   <trkpt lat="47.1064410" lon="7.2175510"/>
   <trkpt lat="47.1064640" lon="7.2175690"/>
   <trkpt lat="47.1064900" lon="7.2175870"/>
   <trkpt lat="47.1065150" lon="7.2176070"/>
   <trkpt lat="47.1065390" lon="7.2176260"/>
   <trkpt lat="47.1065670" lon="7.2176510"/>
   <trkpt lat="47.1065910" lon="7.2176760"/>
   <trkpt lat="47.1066180" lon="7.2176990"/>
   <trkpt lat="47.1066430" lon="7.2177240"/>
   <trkpt lat="47.1066680" lon="7.2177490"/>
   <trkpt lat="47.1066980" lon="7.2177740"/>
   <trkpt lat="47.1067250" lon="7.2178010"/>
   <trkpt lat="47.1067510" lon="7.2178200"/>
   <trkpt lat="47.1067790" lon="7.2178400"/>
   <trkpt lat="47.1068040" lon="7.2178610"/>
   <trkpt lat="47.1068290" lon="7.2178830"/>
   <trkpt lat="47.1068530" lon="7.2179090"/>
   <trkpt lat="47.1068740" lon="7.2179340"/>
   <trkpt lat="47.1068960" lon="7.2179640"/>
   <trkpt lat="47.1069140" lon="7.2179970"/>
   <trkpt lat="47.1069320" lon="7.2180300"/>
   <trkpt lat="47.1069500" lon="7.2180700"/>
   <trkpt lat="47.1069660" lon="7.2181080"/>
   <trkpt lat="47.1069850" lon="7.2181490"/>
   <trkpt lat="47.1070020" lon="7.2181870"/>
   <trkpt lat="47.1070150" lon="7.2182170"/>
   <trkpt lat="47.1070310" lon="7.2182530"/>
   <trkpt lat="47.1070450" lon="7.2182900"/>
   <trkpt lat="47.1070580" lon="7.2183210"/>
   <trkpt lat="47.1070750" lon="7.2183600"/>
   <trkpt lat="47.1070910" lon="7.2183960"/>
   <trkpt lat="47.1071060" lon="7.2184280"/>
   <trkpt lat="47.1071240" lon="7.2184650"/>
   <trkpt lat="47.1071390" lon="7.2184970"/>
   <trkpt lat="47.1071550" lon="7.2185270"/>
   <trkpt lat="47.1071730" lon="7.2185600"/>
   <trkpt lat="47.1071890" lon="7.2185890"/>
   <trkpt lat="47.1072100" lon="7.2186190"/>
   <trkpt lat="47.1072300" lon="7.2186430"/>
   <trkpt lat="47.1072480" lon="7.2186590"/>
   <trkpt lat="47.1072700" lon="7.2186790"/>
   <trkpt lat="47.1072900" lon="7.2186990"/>
   <trkpt lat="47.1073120" lon="7.2187150"/>
   <trkpt lat="47.1073380" lon="7.2187300"/>
   <trkpt lat="47.1073650" lon="7.2187480"/>
   <trkpt lat="47.1073900" lon="7.2187650"/>
   <trkpt lat="47.1074150" lon="7.2187830"/>
   <trkpt lat="47.1074360" lon="7.2187980"/>
   <trkpt lat="47.1074610" lon="7.2188140"/>
   <trkpt lat="47.1074890" lon="7.2188290"/>
   <trkpt lat="47.1075130" lon="7.2188390"/>
   <trkpt lat="47.1075440" lon="7.2188500"/>
   <trkpt lat="47.1075730" lon="7.2188610"/>
   <trkpt lat="47.1076010" lon="7.2188680"/>
   <trkpt lat="47.1076280" lon="7.2188750"/>
   <trkpt lat="47.1076530" lon="7.2188800"/>
   <trkpt lat="47.1076790" lon="7.2188820"/>
   <trkpt lat="47.1077050" lon="7.2188840"/>
   <trkpt lat="47.1077330" lon="7.2188850"/>
   <trkpt lat="47.1077620" lon="7.2188860"/>
   <trkpt lat="47.1077900" lon="7.2188850"/>
   <trkpt lat="47.1078180" lon="7.2188820"/>
   <trkpt lat="47.1078480" lon="7.2188780"/>
   <trkpt lat="47.1078750" lon="7.2188730"/>
   <trkpt lat="47.1079030" lon="7.2188680"/>
   <trkpt lat="47.1079350" lon="7.2188650"/>
   <trkpt lat="47.1079610" lon="7.2188640"/>
   <trkpt lat="47.1079900" lon="7.2188630"/>
   <trkpt lat="47.1080210" lon="7.2188670"/>
   <trkpt lat="47.1080490" lon="7.2188760"/>
   <trkpt lat="47.1080780" lon="7.2188820"/>
   <trkpt lat="47.1081060" lon="7.2188910"/>
   <trkpt lat="47.1081320" lon="7.2189010"/>
   <trkpt lat="47.1081600" lon="7.2189070"/>
   <trkpt lat="47.1081880" lon="7.2189150"/>
   <trkpt lat="47.1082150" lon="7.2189210"/>
   <trkpt lat="47.1082410" lon="7.2189280"/>
   <trkpt lat="47.1082680" lon="7.2189380"/>
   <trkpt lat="47.1082940" lon="7.2189480"/>
   <trkpt lat="47.1083240" lon="7.2189620"/>
   <trkpt lat="47.1083510" lon="7.2189800"/>
   <trkpt lat="47.1083770" lon="7.2189930"/>
   <trkpt lat="47.1084050" lon="7.2190110"/>
   <trkpt lat="47.1084350" lon="7.2190290"/>
   <trkpt lat="47.1084630" lon="7.2190450"/>
   <trkpt lat="47.1084920" lon="7.2190620"/>
   <trkpt lat="47.1085200" lon="7.2190770"/>
   <trkpt lat="47.1085510" lon="7.2190980"/>
   <trkpt lat="47.1085780" lon="7.2191170"/>
   <trkpt lat="47.1086080" lon="7.2191320"/>
   <trkpt lat="47.1086290" lon="7.2191450"/>
   <trkpt lat="47.1086510" lon="7.2191600"/>
   <trkpt lat="47.1086770" lon="7.2191740"/>
   <trkpt lat="47.1087060" lon="7.2191910"/>
   <trkpt lat="47.1087280" lon="7.2192030"/>
   <trkpt lat="47.1087560" lon="7.2192190"/>
   <trkpt lat="47.1087840" lon="7.2192350"/>
   <trkpt lat="47.1088130" lon="7.2192490"/>
   <trkpt lat="47.1088400" lon="7.2192660"/>
   <trkpt lat="47.1088640" lon="7.2192790"/>
   <trkpt lat="47.1088930" lon="7.2192950"/>
   <trkpt lat="47.1089250" lon="7.2193130"/>
   <trkpt lat="47.1089500" lon="7.2193230"/>
   <trkpt lat="47.1089810" lon="7.2193390"/>
   <trkpt lat="47.1090110" lon="7.2193520"/>
   <trkpt lat="47.1090360" lon="7.2193600"/>
   <trkpt lat="47.1090640" lon="7.2193720"/>
   <trkpt lat="47.1090910" lon="7.2193850"/>
   <trkpt lat="47.1091190" lon="7.2193960"/>
   <trkpt lat="47.1091490" lon="7.2194060"/>
   <trkpt lat="47.1091760" lon="7.2194170"/>
   <trkpt lat="47.1092030" lon="7.2194280"/>
   <trkpt lat="47.1092290" lon="7.2194440"/>
   <trkpt lat="47.1092570" lon="7.2194580"/>
   <trkpt lat="47.1092830" lon="7.2194700"/>
   <trkpt lat="47.1093080" lon="7.2194830"/>
   <trkpt lat="47.1093350" lon="7.2194920"/>
   <trkpt lat="47.1093630" lon="7.2195030"/>
   <trkpt lat="47.1093900" lon="7.2195140"/>
   <trkpt lat="47.1094170" lon="7.2195260"/>
   <trkpt lat="47.1094450" lon="7.2195390"/>
   <trkpt lat="47.1094700" lon="7.2195480"/>
   <trkpt lat="47.1094950" lon="7.2195560"/>
   <trkpt lat="47.1095180" lon="7.2195670"/>
   <trkpt lat="47.1095430" lon="7.2195760"/>
   <trkpt lat="47.1095690" lon="7.2195870"/>
   <trkpt lat="47.1095940" lon="7.2195970"/>
   <trkpt lat="47.1096170" lon="7.2196050"/>
   <trkpt lat="47.1096410" lon="7.2196140"/>
   <trkpt lat="47.1096590" lon="7.2196190"/>
   <trkpt lat="47.1096800" lon="7.2196300"/>
   <trkpt lat="47.1097060" lon="7.2196440"/>
   <trkpt lat="47.1097270" lon="7.2196550"/>
   <trkpt lat="47.1097510" lon="7.2196700"/>
   <trkpt lat="47.1097710" lon="7.2196870"/>
   <trkpt lat="47.1097990" lon="7.2197070"/>
   <trkpt lat="47.1098260" lon="7.2197400"/>
   <trkpt lat="47.1098510" lon="7.2197710"/>
   <trkpt lat="47.1098800" lon="7.2198060"/>
   <trkpt lat="47.1099060" lon="7.2198440"/>
   <trkpt lat="47.1099300" lon="7.2198700"/>
   <trkpt lat="47.1099610" lon="7.2199080"/>
   <trkpt lat="47.1099820" lon="7.2199360"/>
   <trkpt lat="47.1100050" lon="7.2199580"/>
   <trkpt lat="47.1100370" lon="7.2199890"/>
   <trkpt lat="47.1100570" lon="7.2200100"/>
   <trkpt lat="47.1100860" lon="7.2200300"/>
   <trkpt lat="47.1101090" lon="7.2200490"/>
   <trkpt lat="47.1101280" lon="7.2200620"/>
   <trkpt lat="47.1101540" lon="7.2200860"/>
   <trkpt lat="47.1101770" lon="7.2201100"/>
   <trkpt lat="47.1101990" lon="7.2201270"/>
   <trkpt lat="47.1102250" lon="7.2201470"/>
   <trkpt lat="47.1102480" lon="7.2201660"/>
   <trkpt lat="47.1102740" lon="7.2201810"/>
   <trkpt lat="47.1103020" lon="7.2202050"/>
   <trkpt lat="47.1103250" lon="7.2202290"/>
   <trkpt lat="47.1103470" lon="7.2202510"/>
   <trkpt lat="47.1103700" lon="7.2202770"/>
   <trkpt lat="47.1103890" lon="7.2202960"/>
   <trkpt lat="47.1104170" lon="7.2203230"/>
   <trkpt lat="47.1104370" lon="7.2203460"/>
   <trkpt lat="47.1104550" lon="7.2203640"/>
   <trkpt lat="47.1104780" lon="7.2203870"/>
   <trkpt lat="47.1104980" lon="7.2204080"/>
   <trkpt lat="47.1105240" lon="7.2204270"/>
   <trkpt lat="47.1105480" lon="7.2204550"/>
   <trkpt lat="47.1105680" lon="7.2204760"/>
   <trkpt lat="47.1105930" lon="7.2205060"/>
   <trkpt lat="47.1106150" lon="7.2205360"/>
   <trkpt lat="47.1106340" lon="7.2205570"/>
   <trkpt lat="47.1106580" lon="7.2205850"/>
   <trkpt lat="47.1106770" lon="7.2206130"/>
   <trkpt lat="47.1106960" lon="7.2206340"/>
   <trkpt lat="47.1107160" lon="7.2206620"/>
   <trkpt lat="47.1107330" lon="7.2206820"/>
   <trkpt lat="47.1107540" lon="7.2207070"/>
   <trkpt lat="47.1107760" lon="7.2207360"/>
   <trkpt lat="47.1107970" lon="7.2207580"/>
   <trkpt lat="47.1108240" lon="7.2207840"/>
   <trkpt lat="47.1108500" lon="7.2208150"/>
   <trkpt lat="47.1108690" lon="7.2208330"/>
   <trkpt lat="47.1108960" lon="7.2208580"/>
   <trkpt lat="47.1109180" lon="7.2208830"/>
   <trkpt lat="47.1109380" lon="7.2209010"/>
   <trkpt lat="47.1109610" lon="7.2209310"/>
   <trkpt lat="47.1109810" lon="7.2209580"/>
   <trkpt lat="47.1110090" lon="7.2209840"/>
   <trkpt lat="47.1110350" lon="7.2210110"/>
   <trkpt lat="47.1110530" lon="7.2210270"/>
   <trkpt lat="47.1110780" lon="7.2210490"/>
   <trkpt lat="47.1111050" lon="7.2210740"/>
   <trkpt lat="47.1111280" lon="7.2210890"/>
   <trkpt lat="47.1111550" lon="7.2211110"/>
   <trkpt lat="47.1111760" lon="7.2211280"/>
   <trkpt lat="47.1112010" lon="7.2211430"/>
   <trkpt lat="47.1112280" lon="7.2211640"/>
   <trkpt lat="47.1112530" lon="7.2211780"/>
   <trkpt lat="47.1112780" lon="7.2211950"/>
   <trkpt lat="47.1113030" lon="7.2212110"/>
   <trkpt lat="47.1113280" lon="7.2212230"/>
   <trkpt lat="47.1113530" lon="7.2212380"/>
   <trkpt lat="47.1113760" lon="7.2212530"/>
   <trkpt lat="47.1114010" lon="7.2212670"/>
   <trkpt lat="47.1114280" lon="7.2212830"/>
   <trkpt lat="47.1114540" lon="7.2213020"/>
   <trkpt lat="47.1114780" lon="7.2213170"/>
   <trkpt lat="47.1115050" lon="7.2213350"/>
   <trkpt lat="47.1115280" lon="7.2213520"/>
   <trkpt lat="47.1115540" lon="7.2213680"/>
   <trkpt lat="47.1115770" lon="7.2213870"/>
   <trkpt lat="47.1116010" lon="7.2214020"/>
   <trkpt lat="47.1116230" lon="7.2214210"/>
   <trkpt lat="47.1116480" lon="7.2214420"/>
   <trkpt lat="47.1116690" lon="7.2214590"/>
   <trkpt lat="47.1116940" lon="7.2214810"/>
   <trkpt lat="47.1117170" lon="7.2215020"/>
   <trkpt lat="47.1117370" lon="7.2215200"/>
   <trkpt lat="47.1117610" lon="7.2215450"/>
   <trkpt lat="47.1117850" lon="7.2215650"/>
   <trkpt lat="47.1118130" lon="7.2215830"/>
   <trkpt lat="47.1118390" lon="7.2215990"/>
   <trkpt lat="47.1118650" lon="7.2216110"/>
   <trkpt lat="47.1118930" lon="7.2216280"/>
   <trkpt lat="47.1119230" lon="7.2216460"/>
   <trkpt lat="47.1119500" lon="7.2216610"/>
   <trkpt lat="47.1119770" lon="7.2216820"/>
   <trkpt lat="47.1120000" lon="7.2217000"/>
   <trkpt lat="47.1120240" lon="7.2217160"/>
   <trkpt lat="47.1120530" lon="7.2217330"/>
   <trkpt lat="47.1120810" lon="7.2217440"/>
   <trkpt lat="47.1121110" lon="7.2217480"/>
   <trkpt lat="47.1121380" lon="7.2217500"/>
   <trkpt lat="47.1121630" lon="7.2217440"/>
   <trkpt lat="47.1121880" lon="7.2217320"/>
   <trkpt lat="47.1122120" lon="7.2217210"/>
   <trkpt lat="47.1122330" lon="7.2217070"/>
   <trkpt lat="47.1122550" lon="7.2216880"/>
   <trkpt lat="47.1122760" lon="7.2216640"/>
   <trkpt lat="47.1122960" lon="7.2216390"/>
   <trkpt lat="47.1123170" lon="7.2216120"/>
   <trkpt lat="47.1123370" lon="7.2215870"/>
   <trkpt lat="47.1123550" lon="7.2215580"/>
   <trkpt lat="47.1123750" lon="7.2215310"/>
   <trkpt lat="47.1123980" lon="7.2215050"/>
   <trkpt lat="47.1124210" lon="7.2214810"/>
   <trkpt lat="47.1124450" lon="7.2214540"/>
   <trkpt lat="47.1124670" lon="7.2214260"/>
   <trkpt lat="47.1124900" lon="7.2213970"/>
   <trkpt lat="47.1125150" lon="7.2213700"/>
   <trkpt lat="47.1125370" lon="7.2213460"/>
   <trkpt lat="47.1125620" lon="7.2213200"/>
   <trkpt lat="47.1125870" lon="7.2212940"/>
   <trkpt lat="47.1126120" lon="7.2212700"/>
   <trkpt lat="47.1126370" lon="7.2212500"/>
   <trkpt lat="47.1126620" lon="7.2212300"/>
   <trkpt lat="47.1126840" lon="7.2212130"/>
   <trkpt lat="47.1127070" lon="7.2212010"/>
   <trkpt lat="47.1127310" lon="7.2211940"/>
   <trkpt lat="47.1127570" lon="7.2211930"/>
   <trkpt lat="47.1127860" lon="7.2211960"/>
   <trkpt lat="47.1128170" lon="7.2212030"/>
   <trkpt lat="47.1128470" lon="7.2212090"/>
   <trkpt lat="47.1128760" lon="7.2212180"/>
   <trkpt lat="47.1129030" lon="7.2212320"/>
   <trkpt lat="47.1129280" lon="7.2212480"/>
   <trkpt lat="47.1129550" lon="7.2212650"/>
   <trkpt lat="47.1129830" lon="7.2212790"/>
   <trkpt lat="47.1130100" lon="7.2212980"/>
   <trkpt lat="47.1130390" lon="7.2213140"/>
   <trkpt lat="47.1130690" lon="7.2213260"/>
   <trkpt lat="47.1130980" lon="7.2213380"/>
   <trkpt lat="47.1131230" lon="7.2213480"/>
   <trkpt lat="47.1131530" lon="7.2213600"/>
   <trkpt lat="47.1131820" lon="7.2213740"/>
   <trkpt lat="47.1132090" lon="7.2213820"/>
   <trkpt lat="47.1132340" lon="7.2213930"/>
   <trkpt lat="47.1132560" lon="7.2214090"/>
   <trkpt lat="47.1132770" lon="7.2214200"/>
   <trkpt lat="47.1133020" lon="7.2214370"/>
   <trkpt lat="47.1133260" lon="7.2214530"/>
   <trkpt lat="47.1133520" lon="7.2214680"/>
   <trkpt lat="47.1133800" lon="7.2214860"/>
   <trkpt lat="47.1134060" lon="7.2214990"/>
   <trkpt lat="47.1134330" lon="7.2215130"/>
   <trkpt lat="47.1134620" lon="7.2215290"/>
   <trkpt lat="47.1134890" lon="7.2215400"/>
   <trkpt lat="47.1135200" lon="7.2215510"/>
   <trkpt lat="47.1135490" lon="7.2215640"/>
   <trkpt lat="47.1135780" lon="7.2215690"/>
   <trkpt lat="47.1136100" lon="7.2215780"/>
   <trkpt lat="47.1136350" lon="7.2215890"/>
   <trkpt lat="47.1136570" lon="7.2216000"/>
   <trkpt lat="47.1136800" lon="7.2216200"/>
   <trkpt lat="47.1137010" lon="7.2216410"/>
   <trkpt lat="47.1137250" lon="7.2216620"/>
   <trkpt lat="47.1137480" lon="7.2216870"/>
   <trkpt lat="47.1137670" lon="7.2217060"/>
   <trkpt lat="47.1137880" lon="7.2217340"/>
   <trkpt lat="47.1138090" lon="7.2217590"/>
   <trkpt lat="47.1138290" lon="7.2217800"/>
   <trkpt lat="47.1138520" lon="7.2218060"/>
   <trkpt lat="47.1138760" lon="7.2218360"/>
   <trkpt lat="47.1138960" lon="7.2218630"/>
   <trkpt lat="47.1139190" lon="7.2218950"/>
   <trkpt lat="47.1139410" lon="7.2219240"/>
   <trkpt lat="47.1139660" lon="7.2219540"/>
   <trkpt lat="47.1139900" lon="7.2219810"/>
   <trkpt lat="47.1140120" lon="7.2220000"/>
   <trkpt lat="47.1140350" lon="7.2220230"/>
   <trkpt lat="47.1140560" lon="7.2220450"/>
   <trkpt lat="47.1140770" lon="7.2220700"/>
   <trkpt lat="47.1141020" lon="7.2221000"/>
   <trkpt lat="47.1141210" lon="7.2221270"/>
   <trkpt lat="47.1141440" lon="7.2221550"/>
   <trkpt lat="47.1141660" lon="7.2221850"/>
   <trkpt lat="47.1141830" lon="7.2222090"/>
   <trkpt lat="47.1142020" lon="7.2222360"/>
   <trkpt lat="47.1142240" lon="7.2222680"/>
   <trkpt lat="47.1142450" lon="7.2222950"/>
   <trkpt lat="47.1142690" lon="7.2223290"/>
   <trkpt lat="47.1142870" lon="7.2223560"/>
   <trkpt lat="47.1143060" lon="7.2223810"/>
   <trkpt lat="47.1143280" lon="7.2224040"/>
   <trkpt lat="47.1143520" lon="7.2224210"/>
   <trkpt lat="47.1143790" lon="7.2224320"/>
   <trkpt lat="47.1144050" lon="7.2224410"/>
   <trkpt lat="47.1144280" lon="7.2224480"/>
   <trkpt lat="47.1144540" lon="7.2224480"/>
   <trkpt lat="47.1144770" lon="7.2224470"/>
   <trkpt lat="47.1145040" lon="7.2224520"/>
   <trkpt lat="47.1145360" lon="7.2224590"/>
   <trkpt lat="47.1145650" lon="7.2224620"/>
   <trkpt lat="47.1145930" lon="7.2224640"/>
   <trkpt lat="47.1146170" lon="7.2224660"/>
   <trkpt lat="47.1146420" lon="7.2224670"/>
   <trkpt lat="47.1146700" lon="7.2224700"/>
   <trkpt lat="47.1146960" lon="7.2224730"/>
   <trkpt lat="47.1147230" lon="7.2224770"/>
   <trkpt lat="47.1147500" lon="7.2224840"/>
   <trkpt lat="47.1147720" lon="7.2224950"/>
   <trkpt lat="47.1148020" lon="7.2225150"/>
   <trkpt lat="47.1148280" lon="7.2225320"/>
   <trkpt lat="47.1148510" lon="7.2225490"/>
   <trkpt lat="47.1148740" lon="7.2225750"/>
   <trkpt lat="47.1148890" lon="7.2225970"/>
   <trkpt lat="47.1149070" lon="7.2226210"/>
   <trkpt lat="47.1149230" lon="7.2226550"/>
   <trkpt lat="47.1149360" lon="7.2226820"/>
   <trkpt lat="47.1149540" lon="7.2227160"/>
   <trkpt lat="47.1149740" lon="7.2227570"/>
   <trkpt lat="47.1149920" lon="7.2227850"/>
   <trkpt lat="47.1150140" lon="7.2228220"/>
   <trkpt lat="47.1150290" lon="7.2228530"/>
   <trkpt lat="47.1150460" lon="7.2228780"/>
   <trkpt lat="47.1150700" lon="7.2229200"/>
   <trkpt lat="47.1150880" lon="7.2229490"/>
   <trkpt lat="47.1151070" lon="7.2229790"/>
   <trkpt lat="47.1151240" lon="7.2230210"/>
   <trkpt lat="47.1151350" lon="7.2230520"/>
   <trkpt lat="47.1151520" lon="7.2230880"/>
   <trkpt lat="47.1151650" lon="7.2231310"/>
   <trkpt lat="47.1151780" lon="7.2231610"/>
   <trkpt lat="47.1151950" lon="7.2232030"/>
   <trkpt lat="47.1152060" lon="7.2232400"/>
   <trkpt lat="47.1152180" lon="7.2232730"/>
   <trkpt lat="47.1152310" lon="7.2233170"/>
   <trkpt lat="47.1152430" lon="7.2233610"/>
   <trkpt lat="47.1152520" lon="7.2233990"/>
   <trkpt lat="47.1152590" lon="7.2234400"/>
   <trkpt lat="47.1152660" lon="7.2234750"/>
   <trkpt lat="47.1152790" lon="7.2235120"/>
   <trkpt lat="47.1152890" lon="7.2235540"/>
   <trkpt lat="47.1153030" lon="7.2235920"/>
   <trkpt lat="47.1153140" lon="7.2236310"/>
   <trkpt lat="47.1153220" lon="7.2236690"/>
   <trkpt lat="47.1153340" lon="7.2237000"/>
   <trkpt lat="47.1153470" lon="7.2237400"/>
   <trkpt lat="47.1153610" lon="7.2237770"/>
   <trkpt lat="47.1153740" lon="7.2238110"/>
   <trkpt lat="47.1153820" lon="7.2238490"/>
   <trkpt lat="47.1153930" lon="7.2238800"/>
   <trkpt lat="47.1154050" lon="7.2239160"/>
   <trkpt lat="47.1154170" lon="7.2239570"/>
   <trkpt lat="47.1154290" lon="7.2239890"/>
   <trkpt lat="47.1154430" lon="7.2240310"/>
   <trkpt lat="47.1154520" lon="7.2240600"/>
   <trkpt lat="47.1154700" lon="7.2240920"/>
   <trkpt lat="47.1154890" lon="7.2241330"/>
   <trkpt lat="47.1155000" lon="7.2241630"/>
   <trkpt lat="47.1155140" lon="7.2241920"/>
   <trkpt lat="47.1155310" lon="7.2242310"/>
   <trkpt lat="47.1155470" lon="7.2242590"/>
   <trkpt lat="47.1155650" lon="7.2242900"/>
   <trkpt lat="47.1155780" lon="7.2243260"/>
   <trkpt lat="47.1155920" lon="7.2243540"/>
   <trkpt lat="47.1156090" lon="7.2243900"/>
   <trkpt lat="47.1156260" lon="7.2244250"/>
   <trkpt lat="47.1156470" lon="7.2244540"/>
   <trkpt lat="47.1156640" lon="7.2244890"/>
   <trkpt lat="47.1156790" lon="7.2245220"/>
   <trkpt lat="47.1156990" lon="7.2245530"/>
   <trkpt lat="47.1157190" lon="7.2245850"/>
   <trkpt lat="47.1157370" lon="7.2246160"/>
   <trkpt lat="47.1157550" lon="7.2246480"/>
   <trkpt lat="47.1157720" lon="7.2246820"/>
   <trkpt lat="47.1157890" lon="7.2247140"/>
   <trkpt lat="47.1158060" lon="7.2247430"/>
   <trkpt lat="47.1158240" lon="7.2247760"/>
   <trkpt lat="47.1158410" lon="7.2248020"/>
   <trkpt lat="47.1158570" lon="7.2248340"/>
   <trkpt lat="47.1158740" lon="7.2248650"/>
   <trkpt lat="47.1158890" lon="7.2248910"/>
   <trkpt lat="47.1159110" lon="7.2249240"/>
   <trkpt lat="47.1159310" lon="7.2249520"/>
   <trkpt lat="47.1159520" lon="7.2249750"/>
   <trkpt lat="47.1159750" lon="7.2249990"/>
   <trkpt lat="47.1159970" lon="7.2250190"/>
   <trkpt lat="47.1160230" lon="7.2250410"/>
   <trkpt lat="47.1160480" lon="7.2250630"/>
   <trkpt lat="47.1160700" lon="7.2250780"/>
   <trkpt lat="47.1160940" lon="7.2250930"/>
   <trkpt lat="47.1161170" lon="7.2251070"/>
   <trkpt lat="47.1161420" lon="7.2251190"/>
   <trkpt lat="47.1161670" lon="7.2251320"/>
   <trkpt lat="47.1161930" lon="7.2251450"/>
   <trkpt lat="47.1162200" lon="7.2251600"/>
   <trkpt lat="47.1162240" lon="7.2251580"/>
   <trkpt lat="47.1162450" lon="7.2251740"/>
   <trkpt lat="47.1162450" lon="7.2251760"/>
   <trkpt lat="47.1162710" lon="7.2251890"/>
   <trkpt lat="47.1163260" lon="7.2252190"/>
   <trkpt lat="47.1163530" lon="7.2252330"/>
   <trkpt lat="47.1163800" lon="7.2252510"/>
   <trkpt lat="47.1164050" lon="7.2252640"/>
   <trkpt lat="47.1164310" lon="7.2252740"/>
   <trkpt lat="47.1164580" lon="7.2252870"/>
   <trkpt lat="47.1164850" lon="7.2253000"/>
   <trkpt lat="47.1165110" lon="7.2253120"/>
   <trkpt lat="47.1165350" lon="7.2253280"/>
   <trkpt lat="47.1165610" lon="7.2253450"/>
   <trkpt lat="47.1165870" lon="7.2253580"/>
   <trkpt lat="47.1166100" lon="7.2253660"/>
   <trkpt lat="47.1166350" lon="7.2253620"/>
   <trkpt lat="47.1166590" lon="7.2253530"/>
   <trkpt lat="47.1166830" lon="7.2253360"/>
   <trkpt lat="47.1167090" lon="7.2253140"/>
   <trkpt lat="47.1167310" lon="7.2252910"/>
   <trkpt lat="47.1167550" lon="7.2252650"/>
   <trkpt lat="47.1167790" lon="7.2252390"/>
   <trkpt lat="47.1168020" lon="7.2252170"/>
   <trkpt lat="47.1168260" lon="7.2251920"/>
   <trkpt lat="47.1168500" lon="7.2251680"/>
   <trkpt lat="47.1168730" lon="7.2251460"/>
   <trkpt lat="47.1168960" lon="7.2251280"/>
   <trkpt lat="47.1169220" lon="7.2251170"/>
   <trkpt lat="47.1169480" lon="7.2251070"/>
   <trkpt lat="47.1169770" lon="7.2251110"/>
   <trkpt lat="47.1170050" lon="7.2251170"/>
   <trkpt lat="47.1170330" lon="7.2251260"/>
   <trkpt lat="47.1170590" lon="7.2251420"/>
   <trkpt lat="47.1170830" lon="7.2251610"/>
   <trkpt lat="47.1171100" lon="7.2251810"/>
   <trkpt lat="47.1171370" lon="7.2252090"/>
   <trkpt lat="47.1171580" lon="7.2252340"/>
   <trkpt lat="47.1171800" lon="7.2252570"/>
   <trkpt lat="47.1172020" lon="7.2252820"/>
   <trkpt lat="47.1172230" lon="7.2253030"/>
   <trkpt lat="47.1172480" lon="7.2253260"/>
   <trkpt lat="47.1172730" lon="7.2253500"/>
   <trkpt lat="47.1172960" lon="7.2253680"/>
   <trkpt lat="47.1173240" lon="7.2253870"/>
   <trkpt lat="47.1173500" lon="7.2254110"/>
   <trkpt lat="47.1173750" lon="7.2254330"/>
   <trkpt lat="47.1173990" lon="7.2254540"/>
   <trkpt lat="47.1174200" lon="7.2254760"/>
   <trkpt lat="47.1174440" lon="7.2254970"/>
   <trkpt lat="47.1174680" lon="7.2255210"/>
   <trkpt lat="47.1174880" lon="7.2255410"/>
   <trkpt lat="47.1175130" lon="7.2255660"/>
   <trkpt lat="47.1175370" lon="7.2255920"/>
   <trkpt lat="47.1175580" lon="7.2256100"/>
   <trkpt lat="47.1175820" lon="7.2256350"/>
   <trkpt lat="47.1176060" lon="7.2256570"/>
   <trkpt lat="47.1176290" lon="7.2256710"/>
   <trkpt lat="47.1176540" lon="7.2256910"/>
   <trkpt lat="47.1176750" lon="7.2257090"/>
   <trkpt lat="47.1176970" lon="7.2257230"/>
   <trkpt lat="47.1177220" lon="7.2257420"/>
   <trkpt lat="47.1177460" lon="7.2257620"/>
   <trkpt lat="47.1177720" lon="7.2257800"/>
   <trkpt lat="47.1177970" lon="7.2258000"/>
   <trkpt lat="47.1178200" lon="7.2258200"/>
   <trkpt lat="47.1178440" lon="7.2258400"/>
   <trkpt lat="47.1178690" lon="7.2258630"/>
   <trkpt lat="47.1178910" lon="7.2258840"/>
   <trkpt lat="47.1179130" lon="7.2259080"/>
   <trkpt lat="47.1179340" lon="7.2259330"/>
   <trkpt lat="47.1179560" lon="7.2259530"/>
   <trkpt lat="47.1179790" lon="7.2259760"/>
   <trkpt lat="47.1180010" lon="7.2260000"/>
   <trkpt lat="47.1180220" lon="7.2260140"/>
   <trkpt lat="47.1180460" lon="7.2260320"/>
   <trkpt lat="47.1180690" lon="7.2260510"/>
   <trkpt lat="47.1180930" lon="7.2260720"/>
   <trkpt lat="47.1181180" lon="7.2260940"/>
   <trkpt lat="47.1181430" lon="7.2261130"/>
   <trkpt lat="47.1181710" lon="7.2261350"/>
   <trkpt lat="47.1181980" lon="7.2261570"/>
   <trkpt lat="47.1182230" lon="7.2261750"/>
   <trkpt lat="47.1182470" lon="7.2261890"/>
   <trkpt lat="47.1182720" lon="7.2262030"/>
   <trkpt lat="47.1182960" lon="7.2262180"/>
   <trkpt lat="47.1183180" lon="7.2262370"/>
   <trkpt lat="47.1183420" lon="7.2262580"/>
   <trkpt lat="47.1183670" lon="7.2262790"/>
   <trkpt lat="47.1183930" lon="7.2263030"/>
   <trkpt lat="47.1184310" lon="7.2263340"/>
   <trkpt lat="47.1184430" lon="7.2263440"/>
   <trkpt lat="47.1184670" lon="7.2263690"/>
   <trkpt lat="47.1184910" lon="7.2263880"/>
   <trkpt lat="47.1185140" lon="7.2264050"/>
   <trkpt lat="47.1185380" lon="7.2264240"/>
   <trkpt lat="47.1185600" lon="7.2264380"/>
   <trkpt lat="47.1185800" lon="7.2264570"/>
   <trkpt lat="47.1186010" lon="7.2264740"/>
   <trkpt lat="47.1186250" lon="7.2264930"/>
   <trkpt lat="47.1186500" lon="7.2265140"/>
   <trkpt lat="47.1186760" lon="7.2265410"/>
   <trkpt lat="47.1187000" lon="7.2265570"/>
   <trkpt lat="47.1187340" lon="7.2265900"/>
   <trkpt lat="47.1187470" lon="7.2266010"/>
   <trkpt lat="47.1187720" lon="7.2266220"/>
   <trkpt lat="47.1187960" lon="7.2266430"/>
   <trkpt lat="47.1188190" lon="7.2266640"/>
   <trkpt lat="47.1188430" lon="7.2266850"/>
   <trkpt lat="47.1188660" lon="7.2267100"/>
   <trkpt lat="47.1188880" lon="7.2267350"/>
   <trkpt lat="47.1189120" lon="7.2267560"/>
   <trkpt lat="47.1189340" lon="7.2267800"/>
   <trkpt lat="47.1189550" lon="7.2268000"/>
   <trkpt lat="47.1189780" lon="7.2268220"/>
   <trkpt lat="47.1189980" lon="7.2268460"/>
   <trkpt lat="47.1190180" lon="7.2268680"/>
   <trkpt lat="47.1190360" lon="7.2268960"/>
   <trkpt lat="47.1190550" lon="7.2269190"/>
   <trkpt lat="47.1190750" lon="7.2269480"/>
   <trkpt lat="47.1190920" lon="7.2269860"/>
   <trkpt lat="47.1191110" lon="7.2270160"/>
   <trkpt lat="47.1191280" lon="7.2270500"/>
   <trkpt lat="47.1191400" lon="7.2270850"/>
   <trkpt lat="47.1191540" lon="7.2271150"/>
   <trkpt lat="47.1191700" lon="7.2271500"/>
   <trkpt lat="47.1191840" lon="7.2271800"/>
   <trkpt lat="47.1191960" lon="7.2272050"/>
   <trkpt lat="47.1192100" lon="7.2272340"/>
   <trkpt lat="47.1192220" lon="7.2272620"/>
   <trkpt lat="47.1192370" lon="7.2272920"/>
   <trkpt lat="47.1192510" lon="7.2273240"/>
   <trkpt lat="47.1192660" lon="7.2273590"/>
   <trkpt lat="47.1192810" lon="7.2273920"/>
   <trkpt lat="47.1192990" lon="7.2274240"/>
   <trkpt lat="47.1193150" lon="7.2274510"/>
   <trkpt lat="47.1193320" lon="7.2274810"/>
   <trkpt lat="47.1193500" lon="7.2275170"/>
   <trkpt lat="47.1193660" lon="7.2275480"/>
   <trkpt lat="47.1193810" lon="7.2275800"/>
   <trkpt lat="47.1193980" lon="7.2276120"/>
   <trkpt lat="47.1194160" lon="7.2276420"/>
   <trkpt lat="47.1194350" lon="7.2276740"/>
   <trkpt lat="47.1194520" lon="7.2277070"/>
   <trkpt lat="47.1194680" lon="7.2277370"/>
   <trkpt lat="47.1194840" lon="7.2277670"/>
   <trkpt lat="47.1195000" lon="7.2278000"/>
   <trkpt lat="47.1195160" lon="7.2278280"/>
   <trkpt lat="47.1195410" lon="7.2278740"/>
   <trkpt lat="47.1195490" lon="7.2278880"/>
   <trkpt lat="47.1195680" lon="7.2279230"/>
   <trkpt lat="47.1195850" lon="7.2279550"/>
   <trkpt lat="47.1196020" lon="7.2279850"/>
   <trkpt lat="47.1196190" lon="7.2280180"/>
   <trkpt lat="47.1196350" lon="7.2280510"/>
   <trkpt lat="47.1196510" lon="7.2280810"/>
   <trkpt lat="47.1196700" lon="7.2281160"/>
   <trkpt lat="47.1196860" lon="7.2281460"/>
   <trkpt lat="47.1197050" lon="7.2281780"/>
   <trkpt lat="47.1197230" lon="7.2282100"/>
   <trkpt lat="47.1197420" lon="7.2282420"/>
   <trkpt lat="47.1197720" lon="7.2282910"/>
   <trkpt lat="47.1197820" lon="7.2283070"/>
   <trkpt lat="47.1198010" lon="7.2283350"/>
   <trkpt lat="47.1198200" lon="7.2283590"/>
   <trkpt lat="47.1198390" lon="7.2283830"/>
   <trkpt lat="47.1198570" lon="7.2284020"/>
   <trkpt lat="47.1198770" lon="7.2284260"/>
   <trkpt lat="47.1198960" lon="7.2284530"/>
   <trkpt lat="47.1199160" lon="7.2284770"/>
   <trkpt lat="47.1199380" lon="7.2285020"/>
   <trkpt lat="47.1199600" lon="7.2285260"/>
   <trkpt lat="47.1199820" lon="7.2285510"/>
   <trkpt lat="47.1200060" lon="7.2285730"/>
   <trkpt lat="47.1200260" lon="7.2285940"/>
   <trkpt lat="47.1200470" lon="7.2286120"/>
   <trkpt lat="47.1200690" lon="7.2286350"/>
   <trkpt lat="47.1200910" lon="7.2286510"/>
   <trkpt lat="47.1201140" lon="7.2286680"/>
   <trkpt lat="47.1201380" lon="7.2286810"/>
   <trkpt lat="47.1201600" lon="7.2286880"/>
   <trkpt lat="47.1201800" lon="7.2286900"/>
   <trkpt lat="47.1202050" lon="7.2286950"/>
   <trkpt lat="47.1202310" lon="7.2286960"/>
   <trkpt lat="47.1202570" lon="7.2286890"/>
   <trkpt lat="47.1202830" lon="7.2286820"/>
   <trkpt lat="47.1203060" lon="7.2286740"/>
   <trkpt lat="47.1203300" lon="7.2286640"/>
   <trkpt lat="47.1203530" lon="7.2286580"/>
   <trkpt lat="47.1203800" lon="7.2286570"/>
   <trkpt lat="47.1204050" lon="7.2286600"/>
   <trkpt lat="47.1204320" lon="7.2286610"/>
   <trkpt lat="47.1204580" lon="7.2286560"/>
   <trkpt lat="47.1204900" lon="7.2286540"/>
   <trkpt lat="47.1205200" lon="7.2286510"/>
   <trkpt lat="47.1205510" lon="7.2286460"/>
   <trkpt lat="47.1205820" lon="7.2286450"/>
   <trkpt lat="47.1206100" lon="7.2286450"/>
   <trkpt lat="47.1206390" lon="7.2286430"/>
   <trkpt lat="47.1206670" lon="7.2286430"/>
   <trkpt lat="47.1206950" lon="7.2286410"/>
   <trkpt lat="47.1207250" lon="7.2286390"/>
   <trkpt lat="47.1207530" lon="7.2286380"/>
   <trkpt lat="47.1207800" lon="7.2286380"/>
   <trkpt lat="47.1208110" lon="7.2286380"/>
   <trkpt lat="47.1208400" lon="7.2286430"/>
   <trkpt lat="47.1208700" lon="7.2286480"/>
   <trkpt lat="47.1208960" lon="7.2286550"/>
   <trkpt lat="47.1209210" lon="7.2286600"/>
   <trkpt lat="47.1209430" lon="7.2286670"/>
   <trkpt lat="47.1209660" lon="7.2286770"/>
   <trkpt lat="47.1209910" lon="7.2286860"/>
   <trkpt lat="47.1210150" lon="7.2286960"/>
   <trkpt lat="47.1210430" lon="7.2287130"/>
   <trkpt lat="47.1210720" lon="7.2287300"/>
   <trkpt lat="47.1210990" lon="7.2287500"/>
   <trkpt lat="47.1211240" lon="7.2287760"/>
   <trkpt lat="47.1211470" lon="7.2287980"/>
   <trkpt lat="47.1211740" lon="7.2288260"/>
   <trkpt lat="47.1212000" lon="7.2288550"/>
   <trkpt lat="47.1212230" lon="7.2288790"/>
   <trkpt lat="47.1212450" lon="7.2289060"/>
   <trkpt lat="47.1212660" lon="7.2289340"/>
   <trkpt lat="47.1212850" lon="7.2289600"/>
   <trkpt lat="47.1213050" lon="7.2289940"/>
   <trkpt lat="47.1213230" lon="7.2290220"/>
   <trkpt lat="47.1213400" lon="7.2290520"/>
   <trkpt lat="47.1213560" lon="7.2290810"/>
   <trkpt lat="47.1213740" lon="7.2291090"/>
   <trkpt lat="47.1213900" lon="7.2291410"/>
   <trkpt lat="47.1214080" lon="7.2291750"/>
   <trkpt lat="47.1214260" lon="7.2292020"/>
   <trkpt lat="47.1214470" lon="7.2292330"/>
   <trkpt lat="47.1214630" lon="7.2292590"/>
   <trkpt lat="47.1214830" lon="7.2292870"/>
   <trkpt lat="47.1215000" lon="7.2293150"/>
   <trkpt lat="47.1215180" lon="7.2293440"/>
   <trkpt lat="47.1215370" lon="7.2293730"/>
   <trkpt lat="47.1215570" lon="7.2294050"/>
   <trkpt lat="47.1215750" lon="7.2294360"/>
   <trkpt lat="47.1215910" lon="7.2294640"/>
   <trkpt lat="47.1216080" lon="7.2294970"/>
   <trkpt lat="47.1216240" lon="7.2295240"/>
   <trkpt lat="47.1216430" lon="7.2295570"/>
   <trkpt lat="47.1216600" lon="7.2295920"/>
   <trkpt lat="47.1216760" lon="7.2296260"/>
   <trkpt lat="47.1216920" lon="7.2296600"/>
   <trkpt lat="47.1217080" lon="7.2296950"/>
   <trkpt lat="47.1217230" lon="7.2297280"/>
   <trkpt lat="47.1217400" lon="7.2297580"/>
   <trkpt lat="47.1217590" lon="7.2297850"/>
   <trkpt lat="47.1217780" lon="7.2298090"/>
   <trkpt lat="47.1217970" lon="7.2298390"/>
   <trkpt lat="47.1218150" lon="7.2298700"/>
   <trkpt lat="47.1218320" lon="7.2298960"/>
   <trkpt lat="47.1218530" lon="7.2299220"/>
   <trkpt lat="47.1218710" lon="7.2299520"/>
   <trkpt lat="47.1218810" lon="7.2299910"/>
   <trkpt lat="47.1218980" lon="7.2300240"/>
   <trkpt lat="47.1219120" lon="7.2300460"/>
   <trkpt lat="47.1219300" lon="7.2300740"/>
   <trkpt lat="47.1219480" lon="7.2301030"/>
   <trkpt lat="47.1219660" lon="7.2301280"/>
   <trkpt lat="47.1219910" lon="7.2301540"/>
   <trkpt lat="47.1220170" lon="7.2301840"/>
   <trkpt lat="47.1220390" lon="7.2302060"/>
   <trkpt lat="47.1220600" lon="7.2302300"/>
   <trkpt lat="47.1220790" lon="7.2302470"/>
   <trkpt lat="47.1220980" lon="7.2302650"/>
   <trkpt lat="47.1221170" lon="7.2302830"/>
   <trkpt lat="47.1221350" lon="7.2303000"/>
   <trkpt lat="47.1221500" lon="7.2303130"/>
   <trkpt lat="47.1221740" lon="7.2303360"/>
   <trkpt lat="47.1221950" lon="7.2303560"/>
   <trkpt lat="47.1222170" lon="7.2303780"/>
   <trkpt lat="47.1222430" lon="7.2303950"/>
   <trkpt lat="47.1222660" lon="7.2304130"/>
   <trkpt lat="47.1222890" lon="7.2304350"/>
   <trkpt lat="47.1223110" lon="7.2304560"/>
   <trkpt lat="47.1223340" lon="7.2304770"/>
   <trkpt lat="47.1223580" lon="7.2304980"/>
   <trkpt lat="47.1223800" lon="7.2305200"/>
   <trkpt lat="47.1224040" lon="7.2305390"/>
   <trkpt lat="47.1224300" lon="7.2305570"/>
   <trkpt lat="47.1224520" lon="7.2305810"/>
   <trkpt lat="47.1224770" lon="7.2306010"/>
   <trkpt lat="47.1225000" lon="7.2306240"/>
   <trkpt lat="47.1225230" lon="7.2306440"/>
   <trkpt lat="47.1225490" lon="7.2306630"/>
   <trkpt lat="47.1225720" lon="7.2306830"/>
   <trkpt lat="47.1225920" lon="7.2307010"/>
   <trkpt lat="47.1226120" lon="7.2307150"/>
   <trkpt lat="47.1226350" lon="7.2307310"/>
   <trkpt lat="47.1226570" lon="7.2307500"/>
   <trkpt lat="47.1226800" lon="7.2307660"/>
   <trkpt lat="47.1227030" lon="7.2307850"/>
   <trkpt lat="47.1227200" lon="7.2308050"/>
   <trkpt lat="47.1227390" lon="7.2308200"/>
   <trkpt lat="47.1227590" lon="7.2308390"/>
   <trkpt lat="47.1227760" lon="7.2308620"/>
   <trkpt lat="47.1227950" lon="7.2308760"/>
   <trkpt lat="47.1228130" lon="7.2308910"/>
   <trkpt lat="47.1228300" lon="7.2309040"/>
   <trkpt lat="47.1228510" lon="7.2309250"/>
   <trkpt lat="47.1228760" lon="7.2309550"/>
   <trkpt lat="47.1228990" lon="7.2309830"/>
   <trkpt lat="47.1229300" lon="7.2310090"/>
   <trkpt lat="47.1229560" lon="7.2310340"/>
   <trkpt lat="47.1229800" lon="7.2310570"/>
   <trkpt lat="47.1230020" lon="7.2310800"/>
   <trkpt lat="47.1230220" lon="7.2311020"/>
   <trkpt lat="47.1230440" lon="7.2311220"/>
   <trkpt lat="47.1230730" lon="7.2311460"/>
   <trkpt lat="47.1230970" lon="7.2311660"/>
   <trkpt lat="47.1231200" lon="7.2311860"/>
   <trkpt lat="47.1231400" lon="7.2312130"/>
   <trkpt lat="47.1231580" lon="7.2312420"/>
   <trkpt lat="47.1231700" lon="7.2312710"/>
   <trkpt lat="47.1231740" lon="7.2313140"/>
   <trkpt lat="47.1231750" lon="7.2313570"/>
   <trkpt lat="47.1231770" lon="7.2313970"/>
   <trkpt lat="47.1231710" lon="7.2314330"/>
   <trkpt lat="47.1231650" lon="7.2314700"/>
   <trkpt lat="47.1231620" lon="7.2315050"/>
   <trkpt lat="47.1231540" lon="7.2315420"/>
   <trkpt lat="47.1231480" lon="7.2315840"/>
   <trkpt lat="47.1231400" lon="7.2316270"/>
   <trkpt lat="47.1231320" lon="7.2316650"/>
   <trkpt lat="47.1231270" lon="7.2317010"/>
   <trkpt lat="47.1231200" lon="7.2317370"/>
   <trkpt lat="47.1231100" lon="7.2317790"/>
   <trkpt lat="47.1231010" lon="7.2318170"/>
   <trkpt lat="47.1230930" lon="7.2318580"/>
   <trkpt lat="47.1230850" lon="7.2318980"/>
   <trkpt lat="47.1230810" lon="7.2319350"/>
   <trkpt lat="47.1230770" lon="7.2319740"/>
   <trkpt lat="47.1230690" lon="7.2320150"/>
   <trkpt lat="47.1230660" lon="7.2320360"/>
   <trkpt lat="47.1230570" lon="7.2320770"/>
   <trkpt lat="47.1230470" lon="7.2321200"/>
   <trkpt lat="47.1230380" lon="7.2321590"/>
   <trkpt lat="47.1230300" lon="7.2322010"/>
   <trkpt lat="47.1230190" lon="7.2322410"/>
   <trkpt lat="47.1230080" lon="7.2322810"/>
   <trkpt lat="47.1229990" lon="7.2323190"/>
   <trkpt lat="47.1229900" lon="7.2323560"/>
   <trkpt lat="47.1229810" lon="7.2323910"/>
   <trkpt lat="47.1229710" lon="7.2324250"/>
   <trkpt lat="47.1229600" lon="7.2324590"/>
   <trkpt lat="47.1229490" lon="7.2324900"/>
   <trkpt lat="47.1229360" lon="7.2325230"/>
   <trkpt lat="47.1229230" lon="7.2325580"/>
   <trkpt lat="47.1229130" lon="7.2325920"/>
   <trkpt lat="47.1229060" lon="7.2326300"/>
   <trkpt lat="47.1228990" lon="7.2326720"/>
   <trkpt lat="47.1228900" lon="7.2327180"/>
   <trkpt lat="47.1228830" lon="7.2327590"/>
   <trkpt lat="47.1228780" lon="7.2327960"/>
   <trkpt lat="47.1228710" lon="7.2328350"/>
   <trkpt lat="47.1228650" lon="7.2328750"/>
   <trkpt lat="47.1228590" lon="7.2329120"/>
   <trkpt lat="47.1228540" lon="7.2329480"/>
   <trkpt lat="47.1228480" lon="7.2329830"/>
   <trkpt lat="47.1228420" lon="7.2330160"/>
   <trkpt lat="47.1228370" lon="7.2330500"/>
   <trkpt lat="47.1228310" lon="7.2330850"/>
   <trkpt lat="47.1228240" lon="7.2331190"/>
   <trkpt lat="47.1228170" lon="7.2331550"/>
   <trkpt lat="47.1228090" lon="7.2331900"/>
   <trkpt lat="47.1228040" lon="7.2332230"/>
   <trkpt lat="47.1227970" lon="7.2332620"/>
   <trkpt lat="47.1227870" lon="7.2333060"/>
   <trkpt lat="47.1227800" lon="7.2333470"/>
   <trkpt lat="47.1227720" lon="7.2333900"/>
   <trkpt lat="47.1227630" lon="7.2334310"/>
   <trkpt lat="47.1227560" lon="7.2334680"/>
   <trkpt lat="47.1227490" lon="7.2335090"/>
   <trkpt lat="47.1227410" lon="7.2335470"/>
   <trkpt lat="47.1227350" lon="7.2335790"/>
   <trkpt lat="47.1227300" lon="7.2336150"/>
   <trkpt lat="47.1227230" lon="7.2336520"/>
   <trkpt lat="47.1227150" lon="7.2336910"/>
   <trkpt lat="47.1227050" lon="7.2337310"/>
   <trkpt lat="47.1226970" lon="7.2337730"/>
   <trkpt lat="47.1226900" lon="7.2338130"/>
   <trkpt lat="47.1226820" lon="7.2338570"/>
   <trkpt lat="47.1226770" lon="7.2338930"/>
   <trkpt lat="47.1226700" lon="7.2339360"/>
   <trkpt lat="47.1226640" lon="7.2339750"/>
   <trkpt lat="47.1226580" lon="7.2340100"/>
   <trkpt lat="47.1226510" lon="7.2340460"/>
   <trkpt lat="47.1226430" lon="7.2340810"/>
   <trkpt lat="47.1226370" lon="7.2341190"/>
   <trkpt lat="47.1226300" lon="7.2341560"/>
   <trkpt lat="47.1226240" lon="7.2341940"/>
   <trkpt lat="47.1226190" lon="7.2342350"/>
   <trkpt lat="47.1226130" lon="7.2342790"/>
   <trkpt lat="47.1226070" lon="7.2343160"/>
   <trkpt lat="47.1226010" lon="7.2343540"/>
   <trkpt lat="47.1225910" lon="7.2343940"/>
   <trkpt lat="47.1225800" lon="7.2344260"/>
   <trkpt lat="47.1225680" lon="7.2344590"/>
   <trkpt lat="47.1225480" lon="7.2344820"/>
   <trkpt lat="47.1225230" lon="7.2344960"/>
   <trkpt lat="47.1224920" lon="7.2345050"/>
   <trkpt lat="47.1224580" lon="7.2345090"/>
   <trkpt lat="47.1224270" lon="7.2345070"/>
   <trkpt lat="47.1223980" lon="7.2345030"/>
   <trkpt lat="47.1223700" lon="7.2344930"/>
   <trkpt lat="47.1223460" lon="7.2344840"/>
   <trkpt lat="47.1223200" lon="7.2344690"/>
   <trkpt lat="47.1222950" lon="7.2344550"/>
   <trkpt lat="47.1222720" lon="7.2344460"/>
   <trkpt lat="47.1222470" lon="7.2344360"/>
   <trkpt lat="47.1222280" lon="7.2344270"/>
   <trkpt lat="47.1222060" lon="7.2344260"/>
   <trkpt lat="47.1221870" lon="7.2344440"/>
   <trkpt lat="47.1221720" lon="7.2344710"/>
   <trkpt lat="47.1221610" lon="7.2345050"/>
   <trkpt lat="47.1221510" lon="7.2345450"/>
   <trkpt lat="47.1221460" lon="7.2345830"/>
   <trkpt lat="47.1221440" lon="7.2346220"/>
   <trkpt lat="47.1221390" lon="7.2346670"/>
   <trkpt lat="47.1221380" lon="7.2347050"/>
   <trkpt lat="47.1221300" lon="7.2347510"/>
   <trkpt lat="47.1221220" lon="7.2347910"/>
   <trkpt lat="47.1221140" lon="7.2348280"/>
   <trkpt lat="47.1221070" lon="7.2348660"/>
   <trkpt lat="47.1221000" lon="7.2349010"/>
   <trkpt lat="47.1220910" lon="7.2349360"/>
   <trkpt lat="47.1220830" lon="7.2349780"/>
   <trkpt lat="47.1220760" lon="7.2350160"/>
   <trkpt lat="47.1220670" lon="7.2350520"/>
   <trkpt lat="47.1220610" lon="7.2350880"/>
   <trkpt lat="47.1220490" lon="7.2351250"/>
   <trkpt lat="47.1220380" lon="7.2351650"/>
   <trkpt lat="47.1220260" lon="7.2352020"/>
   <trkpt lat="47.1220230" lon="7.2352340"/>
   <trkpt lat="47.1220170" lon="7.2352690"/>
   <trkpt lat="47.1220100" lon="7.2353080"/>
   <trkpt lat="47.1220050" lon="7.2353500"/>
   <trkpt lat="47.1219960" lon="7.2353950"/>
   <trkpt lat="47.1219860" lon="7.2354360"/>
   <trkpt lat="47.1219810" lon="7.2354730"/>
   <trkpt lat="47.1219760" lon="7.2355120"/>
   <trkpt lat="47.1219690" lon="7.2355490"/>
   <trkpt lat="47.1219650" lon="7.2355870"/>
   <trkpt lat="47.1219600" lon="7.2356300"/>
   <trkpt lat="47.1219560" lon="7.2356650"/>
   <trkpt lat="47.1219490" lon="7.2357110"/>
   <trkpt lat="47.1219420" lon="7.2357540"/>
   <trkpt lat="47.1219350" lon="7.2357880"/>
   <trkpt lat="47.1219250" lon="7.2358300"/>
   <trkpt lat="47.1219160" lon="7.2358710"/>
   <trkpt lat="47.1219110" lon="7.2359130"/>
   <trkpt lat="47.1219060" lon="7.2359500"/>
   <trkpt lat="47.1218980" lon="7.2359870"/>
   <trkpt lat="47.1218860" lon="7.2360200"/>
   <trkpt lat="47.1218760" lon="7.2360540"/>
   <trkpt lat="47.1218720" lon="7.2360780"/>
   <trkpt lat="47.1218640" lon="7.2361140"/>
   <trkpt lat="47.1218520" lon="7.2361540"/>
   <trkpt lat="47.1218470" lon="7.2361910"/>
   <trkpt lat="47.1218410" lon="7.2362350"/>
   <trkpt lat="47.1218340" lon="7.2362780"/>
   <trkpt lat="47.1218280" lon="7.2363200"/>
   <trkpt lat="47.1218200" lon="7.2363710"/>
   <trkpt lat="47.1218120" lon="7.2364040"/>
   <trkpt lat="47.1218040" lon="7.2364350"/>
   <trkpt lat="47.1217940" lon="7.2364670"/>
   <trkpt lat="47.1217880" lon="7.2364980"/>
   <trkpt lat="47.1217800" lon="7.2365350"/>
   <trkpt lat="47.1217690" lon="7.2365690"/>
   <trkpt lat="47.1217590" lon="7.2366070"/>
   <trkpt lat="47.1217500" lon="7.2366490"/>
   <trkpt lat="47.1217410" lon="7.2366910"/>
   <trkpt lat="47.1217380" lon="7.2367310"/>
   <trkpt lat="47.1217320" lon="7.2367750"/>
   <trkpt lat="47.1217230" lon="7.2368120"/>
   <trkpt lat="47.1217200" lon="7.2368430"/>
   <trkpt lat="47.1217130" lon="7.2368690"/>
   <trkpt lat="47.1217070" lon="7.2368880"/>
   <trkpt lat="47.1216970" lon="7.2369050"/>
   <trkpt lat="47.1216900" lon="7.2369200"/>
   <trkpt lat="47.1216880" lon="7.2369410"/>
   <trkpt lat="47.1217040" lon="7.2369630"/>
   <trkpt lat="47.1217240" lon="7.2369760"/>
   <trkpt lat="47.1217500" lon="7.2369830"/>
   <trkpt lat="47.1217830" lon="7.2369920"/>
   <trkpt lat="47.1218070" lon="7.2369950"/>
   <trkpt lat="47.1218380" lon="7.2369970"/>
   <trkpt lat="47.1218660" lon="7.2370060"/>
   <trkpt lat="47.1218890" lon="7.2370090"/>
   <trkpt lat="47.1219120" lon="7.2370130"/>
   <trkpt lat="47.1219380" lon="7.2370160"/>
   <trkpt lat="47.1219620" lon="7.2370210"/>
   <trkpt lat="47.1219860" lon="7.2370230"/>
   <trkpt lat="47.1220100" lon="7.2370300"/>
   <trkpt lat="47.1220340" lon="7.2370360"/>
   <trkpt lat="47.1220570" lon="7.2370370"/>
   <trkpt lat="47.1220750" lon="7.2370390"/>
   <trkpt lat="47.1220990" lon="7.2370420"/>
   <trkpt lat="47.1221230" lon="7.2370460"/>
   <trkpt lat="47.1221480" lon="7.2370510"/>
   <trkpt lat="47.1221750" lon="7.2370600"/>
   <trkpt lat="47.1221960" lon="7.2370630"/>
   <trkpt lat="47.1222180" lon="7.2370690"/>
   <trkpt lat="47.1222410" lon="7.2370730"/>
   <trkpt lat="47.1222630" lon="7.2370750"/>
   <trkpt lat="47.1222880" lon="7.2370770"/>
   <trkpt lat="47.1223110" lon="7.2370800"/>
   <trkpt lat="47.1223320" lon="7.2370820"/>
   <trkpt lat="47.1223570" lon="7.2370860"/>
   <trkpt lat="47.1223820" lon="7.2370960"/>
   <trkpt lat="47.1224030" lon="7.2371010"/>
   <trkpt lat="47.1224290" lon="7.2371070"/>
   <trkpt lat="47.1224570" lon="7.2371120"/>
   <trkpt lat="47.1224850" lon="7.2371100"/>
   <trkpt lat="47.1225140" lon="7.2371100"/>
   <trkpt lat="47.1225370" lon="7.2371110"/>
   <trkpt lat="47.1225630" lon="7.2371110"/>
   <trkpt lat="47.1225890" lon="7.2371130"/>
   <trkpt lat="47.1226130" lon="7.2371140"/>
   <trkpt lat="47.1226370" lon="7.2371150"/>
   <trkpt lat="47.1226630" lon="7.2371200"/>
   <trkpt lat="47.1226900" lon="7.2371200"/>
   <trkpt lat="47.1227150" lon="7.2371230"/>
   <trkpt lat="47.1227420" lon="7.2371240"/>
   <trkpt lat="47.1227690" lon="7.2371260"/>
   <trkpt lat="47.1227950" lon="7.2371260"/>
   <trkpt lat="47.1228230" lon="7.2371320"/>
   <trkpt lat="47.1228490" lon="7.2371320"/>
   <trkpt lat="47.1228760" lon="7.2371360"/>
   <trkpt lat="47.1228990" lon="7.2371330"/>
   <trkpt lat="47.1229230" lon="7.2371350"/>
   <trkpt lat="47.1229500" lon="7.2371370"/>
   <trkpt lat="47.1229760" lon="7.2371360"/>
   <trkpt lat="47.1230000" lon="7.2371340"/>
   <trkpt lat="47.1230250" lon="7.2371320"/>
   <trkpt lat="47.1230530" lon="7.2371280"/>
   <trkpt lat="47.1230790" lon="7.2371220"/>
   <trkpt lat="47.1231120" lon="7.2371160"/>
   <trkpt lat="47.1231430" lon="7.2371080"/>
   <trkpt lat="47.1231730" lon="7.2371000"/>
   <trkpt lat="47.1232060" lon="7.2370950"/>
   <trkpt lat="47.1232350" lon="7.2370900"/>
   <trkpt lat="47.1232620" lon="7.2370850"/>
   <trkpt lat="47.1232900" lon="7.2370820"/>
   <trkpt lat="47.1233170" lon="7.2370790"/>
   <trkpt lat="47.1233440" lon="7.2370700"/>
   <trkpt lat="47.1233790" lon="7.2370590"/>
   <trkpt lat="47.1234080" lon="7.2370510"/>
   <trkpt lat="47.1234350" lon="7.2370410"/>
   <trkpt lat="47.1234610" lon="7.2370370"/>
   <trkpt lat="47.1234880" lon="7.2370250"/>
   <trkpt lat="47.1235140" lon="7.2370200"/>
   <trkpt lat="47.1235410" lon="7.2370230"/>
   <trkpt lat="47.1235660" lon="7.2370210"/>
   <trkpt lat="47.1235900" lon="7.2370190"/>
   <trkpt lat="47.1236170" lon="7.2370170"/>
   <trkpt lat="47.1236440" lon="7.2370090"/>
   <trkpt lat="47.1236760" lon="7.2369970"/>
   <trkpt lat="47.1237030" lon="7.2369880"/>
   <trkpt lat="47.1237360" lon="7.2369770"/>
   <trkpt lat="47.1237630" lon="7.2369670"/>
   <trkpt lat="47.1237880" lon="7.2369580"/>
   <trkpt lat="47.1238190" lon="7.2369480"/>
   <trkpt lat="47.1238490" lon="7.2369410"/>
   <trkpt lat="47.1238780" lon="7.2369330"/>
   <trkpt lat="47.1239070" lon="7.2369260"/>
   <trkpt lat="47.1239310" lon="7.2369210"/>
   <trkpt lat="47.1239600" lon="7.2369110"/>
   <trkpt lat="47.1239850" lon="7.2369030"/>
   <trkpt lat="47.1240130" lon="7.2368990"/>
   <trkpt lat="47.1240420" lon="7.2368940"/>
   <trkpt lat="47.1240680" lon="7.2368900"/>
   <trkpt lat="47.1240940" lon="7.2368840"/>
   <trkpt lat="47.1241230" lon="7.2368780"/>
   <trkpt lat="47.1241460" lon="7.2368740"/>
   <trkpt lat="47.1241690" lon="7.2368720"/>
   <trkpt lat="47.1241970" lon="7.2368660"/>
   <trkpt lat="47.1242260" lon="7.2368610"/>
   <trkpt lat="47.1242540" lon="7.2368550"/>
   <trkpt lat="47.1242790" lon="7.2368500"/>
   <trkpt lat="47.1243060" lon="7.2368520"/>
   <trkpt lat="47.1243320" lon="7.2368480"/>
   <trkpt lat="47.1243600" lon="7.2368440"/>
   <trkpt lat="47.1243840" lon="7.2368420"/>
   <trkpt lat="47.1244060" lon="7.2368370"/>
   <trkpt lat="47.1244320" lon="7.2368360"/>
   <trkpt lat="47.1244530" lon="7.2368310"/>
   <trkpt lat="47.1244820" lon="7.2368240"/>
   <trkpt lat="47.1245140" lon="7.2368220"/>
   <trkpt lat="47.1245440" lon="7.2368190"/>
   <trkpt lat="47.1245750" lon="7.2368210"/>
   <trkpt lat="47.1245990" lon="7.2368200"/>
   <trkpt lat="47.1246210" lon="7.2368170"/>
   <trkpt lat="47.1246520" lon="7.2368150"/>
   <trkpt lat="47.1246740" lon="7.2368100"/>
   <trkpt lat="47.1246930" lon="7.2368000"/>
   <trkpt lat="47.1247150" lon="7.2367920"/>
   <trkpt lat="47.1247400" lon="7.2367820"/>
   <trkpt lat="47.1247700" lon="7.2367730"/>
   <trkpt lat="47.1247970" lon="7.2367680"/>
   <trkpt lat="47.1248200" lon="7.2367630"/>
   <trkpt lat="47.1248470" lon="7.2367570"/>
   <trkpt lat="47.1248770" lon="7.2367530"/>
   <trkpt lat="47.1249070" lon="7.2367510"/>
   <trkpt lat="47.1249400" lon="7.2367450"/>
   <trkpt lat="47.1249630" lon="7.2367410"/>
   <trkpt lat="47.1249830" lon="7.2367380"/>
   <trkpt lat="47.1250100" lon="7.2367310"/>
   <trkpt lat="47.1250390" lon="7.2367270"/>
   <trkpt lat="47.1250650" lon="7.2367220"/>
   <trkpt lat="47.1250920" lon="7.2367170"/>
   <trkpt lat="47.1251180" lon="7.2367130"/>
   <trkpt lat="47.1251420" lon="7.2367050"/>
   <trkpt lat="47.1251670" lon="7.2366990"/>
   <trkpt lat="47.1251970" lon="7.2366980"/>
   <trkpt lat="47.1252230" lon="7.2366920"/>
   <trkpt lat="47.1252440" lon="7.2366870"/>
   <trkpt lat="47.1252670" lon="7.2366850"/>
   <trkpt lat="47.1252890" lon="7.2366800"/>
   <trkpt lat="47.1253170" lon="7.2366740"/>
   <trkpt lat="47.1253450" lon="7.2366720"/>
   <trkpt lat="47.1253720" lon="7.2366660"/>
   <trkpt lat="47.1253970" lon="7.2366610"/>
   <trkpt lat="47.1254200" lon="7.2366550"/>
   <trkpt lat="47.1254430" lon="7.2366510"/>
   <trkpt lat="47.1254670" lon="7.2366460"/>
   <trkpt lat="47.1254920" lon="7.2366390"/>
   <trkpt lat="47.1255180" lon="7.2366290"/>
   <trkpt lat="47.1255390" lon="7.2366210"/>
   <trkpt lat="47.1255590" lon="7.2366190"/>
   <trkpt lat="47.1255840" lon="7.2366190"/>
   <trkpt lat="47.1256140" lon="7.2366220"/>
   <trkpt lat="47.1256530" lon="7.2366190"/>
   <trkpt lat="47.1256880" lon="7.2366130"/>
   <trkpt lat="47.1257190" lon="7.2366070"/>
   <trkpt lat="47.1257480" lon="7.2365970"/>
   <trkpt lat="47.1257790" lon="7.2365890"/>
   <trkpt lat="47.1258100" lon="7.2365790"/>
   <trkpt lat="47.1258370" lon="7.2365670"/>
   <trkpt lat="47.1258660" lon="7.2365610"/>
   <trkpt lat="47.1258880" lon="7.2365560"/>
   <trkpt lat="47.1259170" lon="7.2365510"/>
   <trkpt lat="47.1259470" lon="7.2365460"/>
   <trkpt lat="47.1259740" lon="7.2365410"/>
   <trkpt lat="47.1260010" lon="7.2365310"/>
   <trkpt lat="47.1260290" lon="7.2365260"/>
   <trkpt lat="47.1260520" lon="7.2365240"/>
   <trkpt lat="47.1260810" lon="7.2365200"/>
   <trkpt lat="47.1261080" lon="7.2365120"/>
   <trkpt lat="47.1261310" lon="7.2365060"/>
   <trkpt lat="47.1261570" lon="7.2365000"/>
   <trkpt lat="47.1261810" lon="7.2364980"/>
   <trkpt lat="47.1262040" lon="7.2364950"/>
   <trkpt lat="47.1262280" lon="7.2364900"/>
   <trkpt lat="47.1262530" lon="7.2364830"/>
   <trkpt lat="47.1262770" lon="7.2364780"/>
   <trkpt lat="47.1262970" lon="7.2364740"/>
   <trkpt lat="47.1263190" lon="7.2364680"/>
   <trkpt lat="47.1263460" lon="7.2364600"/>
   <trkpt lat="47.1263670" lon="7.2364510"/>
   <trkpt lat="47.1263910" lon="7.2364530"/>
   <trkpt lat="47.1264190" lon="7.2364590"/>
   <trkpt lat="47.1264490" lon="7.2364630"/>
   <trkpt lat="47.1264800" lon="7.2364660"/>
   <trkpt lat="47.1265050" lon="7.2364690"/>
   <trkpt lat="47.1265380" lon="7.2364720"/>
   <trkpt lat="47.1265630" lon="7.2364750"/>
   <trkpt lat="47.1265890" lon="7.2364790"/>
   <trkpt lat="47.1266190" lon="7.2364900"/>
   <trkpt lat="47.1266420" lon="7.2365030"/>
   <trkpt lat="47.1266710" lon="7.2365110"/>
   <trkpt lat="47.1266980" lon="7.2365240"/>
   <trkpt lat="47.1267230" lon="7.2365380"/>
   <trkpt lat="47.1267470" lon="7.2365670"/>
   <trkpt lat="47.1267610" lon="7.2366000"/>
   <trkpt lat="47.1267830" lon="7.2366280"/>
   <trkpt lat="47.1268110" lon="7.2366600"/>
   <trkpt lat="47.1268280" lon="7.2366830"/>
   <trkpt lat="47.1268480" lon="7.2367050"/>
   <trkpt lat="47.1268770" lon="7.2367320"/>
   <trkpt lat="47.1268970" lon="7.2367500"/>
   <trkpt lat="47.1269210" lon="7.2367660"/>
   <trkpt lat="47.1269430" lon="7.2367870"/>
   <trkpt lat="47.1269620" lon="7.2368030"/>
   <trkpt lat="47.1269900" lon="7.2368170"/>
   <trkpt lat="47.1270190" lon="7.2368280"/>
   <trkpt lat="47.1270410" lon="7.2368390"/>
   <trkpt lat="47.1270670" lon="7.2368600"/>
   <trkpt lat="47.1270900" lon="7.2368880"/>
   <trkpt lat="47.1271130" lon="7.2369070"/>
   <trkpt lat="47.1271400" lon="7.2369300"/>
   <trkpt lat="47.1271620" lon="7.2369550"/>
   <trkpt lat="47.1271800" lon="7.2369720"/>
   <trkpt lat="47.1272070" lon="7.2370030"/>
   <trkpt lat="47.1272260" lon="7.2370300"/>
   <trkpt lat="47.1272430" lon="7.2370500"/>
   <trkpt lat="47.1272620" lon="7.2370830"/>
   <trkpt lat="47.1272780" lon="7.2371170"/>
   <trkpt lat="47.1272940" lon="7.2371420"/>
   <trkpt lat="47.1273150" lon="7.2371720"/>
   <trkpt lat="47.1273320" lon="7.2371960"/>
   <trkpt lat="47.1273540" lon="7.2372220"/>
   <trkpt lat="47.1273730" lon="7.2372500"/>
   <trkpt lat="47.1273900" lon="7.2372790"/>
   <trkpt lat="47.1274110" lon="7.2373090"/>
   <trkpt lat="47.1274300" lon="7.2373400"/>
   <trkpt lat="47.1274490" lon="7.2373630"/>
   <trkpt lat="47.1274730" lon="7.2373850"/>
   <trkpt lat="47.1274950" lon="7.2374070"/>
   <trkpt lat="47.1275140" lon="7.2374250"/>
   <trkpt lat="47.1275350" lon="7.2374480"/>
   <trkpt lat="47.1275520" lon="7.2374710"/>
   <trkpt lat="47.1275710" lon="7.2374950"/>
   <trkpt lat="47.1275920" lon="7.2375220"/>
   <trkpt lat="47.1276120" lon="7.2375470"/>
   <trkpt lat="47.1276330" lon="7.2375670"/>
   <trkpt lat="47.1276580" lon="7.2375950"/>
   <trkpt lat="47.1276740" lon="7.2376210"/>
   <trkpt lat="47.1276880" lon="7.2376480"/>
   <trkpt lat="47.1277030" lon="7.2376820"/>
   <trkpt lat="47.1277160" lon="7.2377110"/>
   <trkpt lat="47.1277330" lon="7.2377470"/>
   <trkpt lat="47.1277510" lon="7.2377830"/>
   <trkpt lat="47.1277690" lon="7.2378130"/>
   <trkpt lat="47.1277910" lon="7.2378430"/>
   <trkpt lat="47.1278110" lon="7.2378700"/>
   <trkpt lat="47.1278330" lon="7.2378880"/>
   <trkpt lat="47.1278610" lon="7.2379020"/>
   <trkpt lat="47.1278830" lon="7.2379200"/>
   <trkpt lat="47.1279050" lon="7.2379370"/>
   <trkpt lat="47.1279290" lon="7.2379630"/>
   <trkpt lat="47.1279490" lon="7.2379890"/>
   <trkpt lat="47.1279710" lon="7.2380130"/>
   <trkpt lat="47.1279910" lon="7.2380420"/>
   <trkpt lat="47.1280120" lon="7.2380660"/>
   <trkpt lat="47.1280340" lon="7.2380900"/>
   <trkpt lat="47.1280560" lon="7.2381160"/>
   <trkpt lat="47.1280760" lon="7.2381340"/>
   <trkpt lat="47.1281000" lon="7.2381610"/>
   <trkpt lat="47.1281220" lon="7.2381870"/>
   <trkpt lat="47.1281440" lon="7.2382110"/>
   <trkpt lat="47.1281650" lon="7.2382400"/>
   <trkpt lat="47.1281840" lon="7.2382660"/>
   <trkpt lat="47.1282030" lon="7.2382890"/>
   <trkpt lat="47.1282250" lon="7.2383170"/>
   <trkpt lat="47.1282450" lon="7.2383410"/>
   <trkpt lat="47.1282650" lon="7.2383620"/>
   <trkpt lat="47.1282880" lon="7.2383880"/>
   <trkpt lat="47.1283060" lon="7.2384090"/>
   <trkpt lat="47.1283240" lon="7.2384270"/>
   <trkpt lat="47.1283470" lon="7.2384550"/>
   <trkpt lat="47.1283660" lon="7.2384760"/>
   <trkpt lat="47.1283870" lon="7.2384960"/>
   <trkpt lat="47.1284110" lon="7.2385170"/>
   <trkpt lat="47.1284330" lon="7.2385340"/>
   <trkpt lat="47.1284600" lon="7.2385590"/>
   <trkpt lat="47.1284830" lon="7.2385780"/>
   <trkpt lat="47.1285040" lon="7.2386020"/>
   <trkpt lat="47.1285290" lon="7.2386270"/>
   <trkpt lat="47.1285530" lon="7.2386510"/>
   <trkpt lat="47.1285740" lon="7.2386760"/>
   <trkpt lat="47.1285960" lon="7.2387030"/>
   <trkpt lat="47.1286160" lon="7.2387320"/>
   <trkpt lat="47.1286340" lon="7.2387600"/>
   <trkpt lat="47.1286540" lon="7.2387890"/>
   <trkpt lat="47.1286710" lon="7.2388200"/>
   <trkpt lat="47.1286880" lon="7.2388540"/>
   <trkpt lat="47.1287110" lon="7.2388880"/>
   <trkpt lat="47.1287310" lon="7.2389100"/>
   <trkpt lat="47.1287570" lon="7.2389510"/>
   <trkpt lat="47.1287730" lon="7.2390020"/>
   <trkpt lat="47.1287940" lon="7.2390270"/>
   <trkpt lat="47.1288160" lon="7.2390570"/>
   <trkpt lat="47.1288370" lon="7.2390790"/>
   <trkpt lat="47.1288610" lon="7.2391000"/>
   <trkpt lat="47.1288850" lon="7.2391240"/>
   <trkpt lat="47.1289090" lon="7.2391430"/>
   <trkpt lat="47.1289360" lon="7.2391680"/>
   <trkpt lat="47.1289580" lon="7.2391920"/>
   <trkpt lat="47.1289790" lon="7.2392150"/>
   <trkpt lat="47.1290030" lon="7.2392490"/>
   <trkpt lat="47.1290260" lon="7.2392760"/>
   <trkpt lat="47.1290480" lon="7.2393090"/>
   <trkpt lat="47.1290680" lon="7.2393420"/>
   <trkpt lat="47.1290870" lon="7.2393770"/>
   <trkpt lat="47.1291090" lon="7.2394070"/>
   <trkpt lat="47.1291280" lon="7.2394350"/>
   <trkpt lat="47.1291480" lon="7.2394590"/>
   <trkpt lat="47.1291710" lon="7.2394840"/>
   <trkpt lat="47.1291910" lon="7.2395100"/>
   <trkpt lat="47.1292160" lon="7.2395330"/>
   <trkpt lat="47.1292390" lon="7.2395530"/>
   <trkpt lat="47.1292600" lon="7.2395440"/>
   <trkpt lat="47.1292870" lon="7.2395240"/>
   <trkpt lat="47.1293100" lon="7.2395100"/>
   <trkpt lat="47.1293370" lon="7.2394890"/>
   <trkpt lat="47.1293610" lon="7.2394610"/>
   <trkpt lat="47.1293810" lon="7.2394220"/>
   <trkpt lat="47.1294030" lon="7.2393830"/>
   <trkpt lat="47.1294190" lon="7.2393480"/>
   <trkpt lat="47.1294330" lon="7.2393100"/>
   <trkpt lat="47.1294460" lon="7.2392720"/>
   <trkpt lat="47.1294570" lon="7.2392360"/>
   <trkpt lat="47.1294620" lon="7.2391960"/>
   <trkpt lat="47.1294650" lon="7.2391560"/>
   <trkpt lat="47.1294680" lon="7.2391090"/>
   <trkpt lat="47.1294760" lon="7.2390570"/>
   <trkpt lat="47.1294810" lon="7.2390150"/>
   <trkpt lat="47.1294880" lon="7.2389690"/>
   <trkpt lat="47.1294950" lon="7.2389310"/>
   <trkpt lat="47.1295050" lon="7.2388910"/>
   <trkpt lat="47.1295160" lon="7.2388420"/>
   <trkpt lat="47.1295240" lon="7.2387980"/>
   <trkpt lat="47.1295330" lon="7.2387550"/>
   <trkpt lat="47.1295450" lon="7.2387110"/>
   <trkpt lat="47.1295550" lon="7.2386660"/>
   <trkpt lat="47.1295670" lon="7.2386220"/>
   <trkpt lat="47.1295780" lon="7.2385860"/>
   <trkpt lat="47.1295920" lon="7.2385490"/>
   <trkpt lat="47.1296060" lon="7.2385110"/>
   <trkpt lat="47.1296170" lon="7.2384690"/>
   <trkpt lat="47.1296280" lon="7.2384260"/>
   <trkpt lat="47.1296290" lon="7.2383920"/>
   <trkpt lat="47.1296190" lon="7.2383550"/>
   <trkpt lat="47.1296020" lon="7.2383260"/>
   <trkpt lat="47.1295790" lon="7.2382950"/>
   <trkpt lat="47.1295540" lon="7.2382600"/>
   <trkpt lat="47.1295270" lon="7.2382260"/>
   <trkpt lat="47.1294970" lon="7.2381870"/>
   <trkpt lat="47.1294700" lon="7.2381560"/>
   <trkpt lat="47.1294370" lon="7.2381190"/>
   <trkpt lat="47.1294100" lon="7.2380920"/>
   <trkpt lat="47.1293820" lon="7.2380540"/>
   <trkpt lat="47.1293540" lon="7.2380190"/>
   <trkpt lat="47.1293230" lon="7.2379830"/>
   <trkpt lat="47.1292930" lon="7.2379430"/>
   <trkpt lat="47.1292670" lon="7.2379080"/>
   <trkpt lat="47.1292440" lon="7.2378760"/>
   <trkpt lat="47.1292280" lon="7.2378500"/>
  </trkseg>
 </trk>
</gpx>
