<?xml version="1.0" encoding="UTF-8"?>
<gpx creator="StravaGPX" version="1.1" xmlns="http://www.topografix.com/GPX/1/1" xmlns:xsi="http://www.w3.org/2001/XMLSchema-instance" xsi:schemaLocation="http://www.topografix.com/GPX/1/1 http://www.topografix.com/GPX/1/1/gpx.xsd http://www.garmin.com/xmlschemas/GpxExtensions/v3 http://www.garmin.com/xmlschemas/GpxExtensionsv3.xsd http://www.garmin.com/xmlschemas/TrackPointExtension/v1 http://www.garmin.com/xmlschemas/TrackPointExtensionv1.xsd" xmlns:gpxtpx="http://www.garmin.com/xmlschemas/TrackPointExtension/v1" xmlns:gpxx="http://www.garmin.com/xmlschemas/GpxExtensions/v3">
 <trk>
  <name>Kerzerslauf 10k</name>
  <type>running</type>
  <trkseg>
   <trkpt lat="46.9762380" lon="7.1985700"/>
   <trkpt lat="46.9762180" lon="7.1986160"/>
   <trkpt lat="46.9761990" lon="7.1986600"/>
   <trkpt lat="46.9761770" lon="7.1987040"/>
   <trkpt lat="46.9761550" lon="7.1987460"/>
   <trkpt lat="46.9761320" lon="7.1987850"/>
   <trkpt lat="46.9761120" lon="7.1988210"/>
   <trkpt lat="46.9760880" lon="7.1988590"/>
   <trkpt lat="46.9760670" lon="7.1988920"/>
   <trkpt lat="46.9760450" lon="7.1989250"/>
   <trkpt lat="46.9760220" lon="7.1989600"/>
   <trkpt lat="46.9760010" lon="7.1989950"/>
   <trkpt lat="46.9759790" lon="7.1990340"/>
   <trkpt lat="46.9759560" lon="7.1990730"/>
   <trkpt lat="46.9759370" lon="7.1991090"/>
   <trkpt lat="46.9759190" lon="7.1991480"/>
   <trkpt lat="46.9759060" lon="7.1991830"/>
   <trkpt lat="46.9758870" lon="7.1992270"/>
   <trkpt lat="46.9758710" lon="7.1992600"/>
   <trkpt lat="46.9758530" lon="7.1993020"/>
   <trkpt lat="46.9758350" lon="7.1993430"/>
   <trkpt lat="46.9758200" lon="7.1993840"/>
   <trkpt lat="46.9758010" lon="7.1994280"/>
   <trkpt lat="46.9757840" lon="7.1994680"/>
   <trkpt lat="46.9757650" lon="7.1995090"/>
   <trkpt lat="46.9757450" lon="7.1995500"/>
   <trkpt lat="46.9757300" lon="7.1995880"/>
   <trkpt lat="46.9757100" lon="7.1996320"/>
   <trkpt lat="46.9756970" lon="7.1996680"/>
   <trkpt lat="46.9756790" lon="7.1997140"/>
   <trkpt lat="46.9756600" lon="7.1997570"/>
   <trkpt lat="46.9756460" lon="7.1998000"/>
   <trkpt lat="46.9756310" lon="7.1998480"/>
   <trkpt lat="46.9756150" lon="7.1998910"/>
   <trkpt lat="46.9756000" lon="7.1999330"/>
   <trkpt lat="46.9755810" lon="7.1999750"/>
   <trkpt lat="46.9755660" lon="7.2000160"/>
   <trkpt lat="46.9755500" lon="7.2000590"/>
   <trkpt lat="46.9755340" lon="7.2001000"/>
   <trkpt lat="46.9755190" lon="7.2001390"/>
   <trkpt lat="46.9755030" lon="7.2001880"/>
   <trkpt lat="46.9754880" lon="7.2002250"/>
   <trkpt lat="46.9754690" lon="7.2002650"/>
   <trkpt lat="46.9754510" lon="7.2003060"/>
   <trkpt lat="46.9754380" lon="7.2003470"/>
   <trkpt lat="46.9754230" lon="7.2003920"/>
   <trkpt lat="46.9754080" lon="7.2004340"/>
   <trkpt lat="46.9753920" lon="7.2004800"/>
   <trkpt lat="46.9753750" lon="7.2005220"/>
   <trkpt lat="46.9753610" lon="7.2005610"/>
   <trkpt lat="46.9753530" lon="7.2006090"/>
   <trkpt lat="46.9753400" lon="7.2006510"/>
   <trkpt lat="46.9753280" lon="7.2006910"/>
   <trkpt lat="46.9753120" lon="7.2007350"/>
   <trkpt lat="46.9752970" lon="7.2007810"/>
   <trkpt lat="46.9752840" lon="7.2008170"/>
   <trkpt lat="46.9752650" lon="7.2008630"/>
   <trkpt lat="46.9752480" lon="7.2009050"/>
   <trkpt lat="46.9752310" lon="7.2009480"/>
   <trkpt lat="46.9752130" lon="7.2009890"/>
   <trkpt lat="46.9751990" lon="7.2010260"/>
   <trkpt lat="46.9751830" lon="7.2010690"/>
   <trkpt lat="46.9751670" lon="7.2011130"/>
   <trkpt lat="46.9751520" lon="7.2011600"/>
   <trkpt lat="46.9751410" lon="7.2012070"/>
   <trkpt lat="46.9751360" lon="7.2012490"/>
   <trkpt lat="46.9751360" lon="7.2012920"/>
   <trkpt lat="46.9751450" lon="7.2013270"/>
   <trkpt lat="46.9751620" lon="7.2013560"/>
   <trkpt lat="46.9751860" lon="7.2013780"/>
   <trkpt lat="46.9752110" lon="7.2014010"/>
   <trkpt lat="46.9752440" lon="7.2014180"/>
   <trkpt lat="46.9752750" lon="7.2014270"/>
   <trkpt lat="46.9753040" lon="7.2014360"/>
   <trkpt lat="46.9753390" lon="7.2014440"/>
   <trkpt lat="46.9753710" lon="7.2014570"/>
   <trkpt lat="46.9754020" lon="7.2014720"/>
   <trkpt lat="46.9754420" lon="7.2014810"/>
   <trkpt lat="46.9754750" lon="7.2014920"/>
   <trkpt lat="46.9755040" lon="7.2014990"/>
   <trkpt lat="46.9755350" lon="7.2015110"/>
   <trkpt lat="46.9755610" lon="7.2015280"/>
   <trkpt lat="46.9755890" lon="7.2015360"/>
   <trkpt lat="46.9756240" lon="7.2015520"/>
   <trkpt lat="46.9756550" lon="7.2015640"/>
   <trkpt lat="46.9756850" lon="7.2015800"/>
   <trkpt lat="46.9757150" lon="7.2015980"/>
   <trkpt lat="46.9757410" lon="7.2016130"/>
   <trkpt lat="46.9757650" lon="7.2016240"/>
   <trkpt lat="46.9757930" lon="7.2016380"/>
   <trkpt lat="46.9758220" lon="7.2016520"/>
   <trkpt lat="46.9758530" lon="7.2016700"/>
   <trkpt lat="46.9758830" lon="7.2016850"/>
   <trkpt lat="46.9759110" lon="7.2016970"/>
   <trkpt lat="46.9759420" lon="7.2017120"/>
   <trkpt lat="46.9759680" lon="7.2017230"/>
   <trkpt lat="46.9759950" lon="7.2017360"/>
   <trkpt lat="46.9760270" lon="7.2017560"/>
   <trkpt lat="46.9760520" lon="7.2017700"/>
   <trkpt lat="46.9760790" lon="7.2017860"/>
   <trkpt lat="46.9761090" lon="7.2018070"/>
   <trkpt lat="46.9761350" lon="7.2018210"/>
   <trkpt lat="46.9761670" lon="7.2018400"/>
   <trkpt lat="46.9761970" lon="7.2018620"/>
   <trkpt lat="46.9762240" lon="7.2018760"/>
   <trkpt lat="46.9762560" lon="7.2018980"/>
   <trkpt lat="46.9762820" lon="7.2019200"/>
   <trkpt lat="46.9763100" lon="7.2019380"/>
   <trkpt lat="46.9763410" lon="7.2019630"/>
   <trkpt lat="46.9763670" lon="7.2019870"/>
   <trkpt lat="46.9763940" lon="7.2020090"/>
   <trkpt lat="46.9764240" lon="7.2020380"/>
   <trkpt lat="46.9764510" lon="7.2020600"/>
   <trkpt lat="46.9764780" lon="7.2020820"/>
   <trkpt lat="46.9765050" lon="7.2021150"/>
   <trkpt lat="46.9765280" lon="7.2021400"/>
   <trkpt lat="46.9765560" lon="7.2021680"/>
   <trkpt lat="46.9765790" lon="7.2021970"/>
   <trkpt lat="46.9766010" lon="7.2022250"/>
   <trkpt lat="46.9766230" lon="7.2022490"/>
   <trkpt lat="46.9766450" lon="7.2022830"/>
   <trkpt lat="46.9766650" lon="7.2023100"/>
   <trkpt lat="46.9766860" lon="7.2023440"/>
   <trkpt lat="46.9767100" lon="7.2023770"/>
   <trkpt lat="46.9767340" lon="7.2024030"/>
   <trkpt lat="46.9767580" lon="7.2024380"/>
   <trkpt lat="46.9767780" lon="7.2024730"/>
   <trkpt lat="46.9767960" lon="7.2025040"/>
   <trkpt lat="46.9768130" lon="7.2025450"/>
   <trkpt lat="46.9768280" lon="7.2025790"/>
   <trkpt lat="46.9768430" lon="7.2026130"/>
   <trkpt lat="46.9768590" lon="7.2026520"/>
   <trkpt lat="46.9768760" lon="7.2026850"/>
   <trkpt lat="46.9768940" lon="7.2027230"/>
   <trkpt lat="46.9769080" lon="7.2027630"/>
   <trkpt lat="46.9769260" lon="7.2027970"/>
   <trkpt lat="46.9769450" lon="7.2028390"/>
   <trkpt lat="46.9769600" lon="7.2028780"/>
   <trkpt lat="46.9769760" lon="7.2029120"/>
   <trkpt lat="46.9769890" lon="7.2029510"/>
   <trkpt lat="46.9770010" lon="7.2029870"/>
   <trkpt lat="46.9770150" lon="7.2030190"/>
   <trkpt lat="46.9770280" lon="7.2030530"/>
   <trkpt lat="46.9770420" lon="7.2030860"/>
   <trkpt lat="46.9770580" lon="7.2031250"/>
   <trkpt lat="46.9770750" lon="7.2031650"/>
   <trkpt lat="46.9770930" lon="7.2032020"/>
   <trkpt lat="46.9771120" lon="7.2032360"/>
   <trkpt lat="46.9771300" lon="7.2032720"/>
   <trkpt lat="46.9771470" lon="7.2033020"/>
   <trkpt lat="46.9771670" lon="7.2033290"/>
   <trkpt lat="46.9771910" lon="7.2033570"/>
   <trkpt lat="46.9772120" lon="7.2033790"/>
   <trkpt lat="46.9772350" lon="7.2034010"/>
   <trkpt lat="46.9772600" lon="7.2034210"/>
   <trkpt lat="46.9772840" lon="7.2034370"/>
   <trkpt lat="46.9773060" lon="7.2034540"/>
   <trkpt lat="46.9773300" lon="7.2034710"/>
   <trkpt lat="46.9773540" lon="7.2034840"/>
   <trkpt lat="46.9773780" lon="7.2035000"/>
   <trkpt lat="46.9774020" lon="7.2035180"/>
   <trkpt lat="46.9774270" lon="7.2035310"/>
   <trkpt lat="46.9774530" lon="7.2035470"/>
   <trkpt lat="46.9774810" lon="7.2035640"/>
   <trkpt lat="46.9775070" lon="7.2035790"/>
   <trkpt lat="46.9775360" lon="7.2035980"/>
   <trkpt lat="46.9775610" lon="7.2036150"/>
   <trkpt lat="46.9775850" lon="7.2036280"/>
   <trkpt lat="46.9776120" lon="7.2036560"/>
   <trkpt lat="46.9776350" lon="7.2036830"/>
   <trkpt lat="46.9776610" lon="7.2037040"/>
   <trkpt lat="46.9776870" lon="7.2037280"/>
   <trkpt lat="46.9777120" lon="7.2037480"/>
   <trkpt lat="46.9777360" lon="7.2037630"/>
   <trkpt lat="46.9777650" lon="7.2037840"/>
   <trkpt lat="46.9777860" lon="7.2037980"/>
   <trkpt lat="46.9778110" lon="7.2038180"/>
   <trkpt lat="46.9778350" lon="7.2038390"/>
   <trkpt lat="46.9778580" lon="7.2038590"/>
   <trkpt lat="46.9778840" lon="7.2038800"/>
   <trkpt lat="46.9779080" lon="7.2038960"/>
   <trkpt lat="46.9779340" lon="7.2039130"/>
   <trkpt lat="46.9779610" lon="7.2039360"/>
   <trkpt lat="46.9779840" lon="7.2039610"/>
   <trkpt lat="46.9780050" lon="7.2039800"/>
   <trkpt lat="46.9780280" lon="7.2040070"/>
   <trkpt lat="46.9780440" lon="7.2040340"/>
   <trkpt lat="46.9780660" lon="7.2040570"/>
   <trkpt lat="46.9780910" lon="7.2040840"/>
   <trkpt lat="46.9781110" lon="7.2041050"/>
   <trkpt lat="46.9781340" lon="7.2041270"/>
   <trkpt lat="46.9781560" lon="7.2041540"/>
   <trkpt lat="46.9781760" lon="7.2041790"/>
   <trkpt lat="46.9781980" lon="7.2042090"/>
   <trkpt lat="46.9782220" lon="7.2042440"/>
   <trkpt lat="46.9782440" lon="7.2042700"/>
   <trkpt lat="46.9782670" lon="7.2042990"/>
   <trkpt lat="46.9782880" lon="7.2043300"/>
   <trkpt lat="46.9783080" lon="7.2043530"/>
   <trkpt lat="46.9783290" lon="7.2043800"/>
   <trkpt lat="46.9783490" lon="7.2044130"/>
   <trkpt lat="46.9783670" lon="7.2044370"/>
   <trkpt lat="46.9783900" lon="7.2044650"/>
   <trkpt lat="46.9784130" lon="7.2044960"/>
   <trkpt lat="46.9784350" lon="7.2045200"/>
   <trkpt lat="46.9784570" lon="7.2045500"/>
   <trkpt lat="46.9784760" lon="7.2045800"/>
   <trkpt lat="46.9784960" lon="7.2046000"/>
   <trkpt lat="46.9785170" lon="7.2046300"/>
   <trkpt lat="46.9785350" lon="7.2046580"/>
   <trkpt lat="46.9785570" lon="7.2046800"/>
   <trkpt lat="46.9785790" lon="7.2047080"/>
   <trkpt lat="46.9786000" lon="7.2047290"/>
   <trkpt lat="46.9786240" lon="7.2047530"/>
   <trkpt lat="46.9786500" lon="7.2047820"/>
   <trkpt lat="46.9786740" lon="7.2048030"/>
   <trkpt lat="46.9787000" lon="7.2048270"/>
   <trkpt lat="46.9787240" lon="7.2048520"/>
   <trkpt lat="46.9787470" lon="7.2048700"/>
   <trkpt lat="46.9787720" lon="7.2048960"/>
   <trkpt lat="46.9787950" lon="7.2049270"/>
   <trkpt lat="46.9788150" lon="7.2049480"/>
   <trkpt lat="46.9788370" lon="7.2049780"/>
   <trkpt lat="46.9788590" lon="7.2050100"/>
   <trkpt lat="46.9788810" lon="7.2050370"/>
   <trkpt lat="46.9789030" lon="7.2050710"/>
   <trkpt lat="46.9789220" lon="7.2050970"/>
   <trkpt lat="46.9789430" lon="7.2051230"/>
   <trkpt lat="46.9789650" lon="7.2051540"/>
   <trkpt lat="46.9789850" lon="7.2051820"/>
   <trkpt lat="46.9790080" lon="7.2052130"/>
   <trkpt lat="46.9790300" lon="7.2052470"/>
   <trkpt lat="46.9790510" lon="7.2052720"/>
   <trkpt lat="46.9790710" lon="7.2053010"/>
   <trkpt lat="46.9790930" lon="7.2053310"/>
   <trkpt lat="46.9791140" lon="7.2053540"/>
   <trkpt lat="46.9791440" lon="7.2053770"/>
   <trkpt lat="46.9791700" lon="7.2054010"/>
   <trkpt lat="46.9791950" lon="7.2054260"/>
   <trkpt lat="46.9792210" lon="7.2054560"/>
   <trkpt lat="46.9792430" lon="7.2054810"/>
   <trkpt lat="46.9792660" lon="7.2055090"/>
   <trkpt lat="46.9792910" lon="7.2055380"/>
   <trkpt lat="46.9793150" lon="7.2055580"/>
   <trkpt lat="46.9793410" lon="7.2055840"/>
   <trkpt lat="46.9793670" lon="7.2056110"/>
   <trkpt lat="46.9793940" lon="7.2056320"/>
   <trkpt lat="46.9794210" lon="7.2056590"/>
   <trkpt lat="46.9794440" lon="7.2056830"/>
   <trkpt lat="46.9794680" lon="7.2057100"/>
   <trkpt lat="46.9794920" lon="7.2057370"/>
   <trkpt lat="46.9795140" lon="7.2057590"/>
   <trkpt lat="46.9795370" lon="7.2057850"/>
   <trkpt lat="46.9795600" lon="7.2058120"/>
   <trkpt lat="46.9795820" lon="7.2058300"/>
   <trkpt lat="46.9796080" lon="7.2058570"/>
   <trkpt lat="46.9796330" lon="7.2058830"/>
   <trkpt lat="46.9796630" lon="7.2058970"/>
   <trkpt lat="46.9796900" lon="7.2059240"/>
   <trkpt lat="46.9797170" lon="7.2059480"/>
   <trkpt lat="46.9797490" lon="7.2059720"/>
   <trkpt lat="46.9797760" lon="7.2059980"/>
   <trkpt lat="46.9798010" lon="7.2060190"/>
   <trkpt lat="46.9798290" lon="7.2060390"/>
   <trkpt lat="46.9798550" lon="7.2060610"/>
   <trkpt lat="46.9798800" lon="7.2060810"/>
   <trkpt lat="46.9799050" lon="7.2061080"/>
   <trkpt lat="46.9799310" lon="7.2061360"/>
   <trkpt lat="46.9799540" lon="7.2061580"/>
   <trkpt lat="46.9799770" lon="7.2061830"/>
   <trkpt lat="46.9800000" lon="7.2062070"/>
   <trkpt lat="46.9800250" lon="7.2062320"/>
   <trkpt lat="46.9800490" lon="7.2062570"/>
   <trkpt lat="46.9800730" lon="7.2062780"/>
   <trkpt lat="46.9800980" lon="7.2063010"/>
   <trkpt lat="46.9801250" lon="7.2063270"/>
   <trkpt lat="46.9801510" lon="7.2063470"/>
   <trkpt lat="46.9801770" lon="7.2063740"/>
   <trkpt lat="46.9801980" lon="7.2064010"/>
   <trkpt lat="46.9802170" lon="7.2064350"/>
   <trkpt lat="46.9802340" lon="7.2064820"/>
   <trkpt lat="46.9802440" lon="7.2065250"/>
   <trkpt lat="46.9802520" lon="7.2065670"/>
   <trkpt lat="46.9802580" lon="7.2066170"/>
   <trkpt lat="46.9802540" lon="7.2066590"/>
   <trkpt lat="46.9802540" lon="7.2067020"/>
   <trkpt lat="46.9802560" lon="7.2067520"/>
   <trkpt lat="46.9802560" lon="7.2067960"/>
   <trkpt lat="46.9802580" lon="7.2068440"/>
   <trkpt lat="46.9802590" lon="7.2068920"/>
   <trkpt lat="46.9802600" lon="7.2069390"/>
   <trkpt lat="46.9802600" lon="7.2069880"/>
   <trkpt lat="46.9802610" lon="7.2070350"/>
   <trkpt lat="46.9802640" lon="7.2070720"/>
   <trkpt lat="46.9802650" lon="7.2071170"/>
   <trkpt lat="46.9802680" lon="7.2071630"/>
   <trkpt lat="46.9802700" lon="7.2072070"/>
   <trkpt lat="46.9802730" lon="7.2072530"/>
   <trkpt lat="46.9802730" lon="7.2072920"/>
   <trkpt lat="46.9802760" lon="7.2073280"/>
   <trkpt lat="46.9802770" lon="7.2073730"/>
   <trkpt lat="46.9802770" lon="7.2074150"/>
   <trkpt lat="46.9802810" lon="7.2074560"/>
   <trkpt lat="46.9802850" lon="7.2075020"/>
   <trkpt lat="46.9802890" lon="7.2075430"/>
   <trkpt lat="46.9802930" lon="7.2075840"/>
   <trkpt lat="46.9802950" lon="7.2076320"/>
   <trkpt lat="46.9803000" lon="7.2076720"/>
   <trkpt lat="46.9803050" lon="7.2077170"/>
   <trkpt lat="46.9803070" lon="7.2077610"/>
   <trkpt lat="46.9803110" lon="7.2077980"/>
   <trkpt lat="46.9803130" lon="7.2078430"/>
   <trkpt lat="46.9803150" lon="7.2078820"/>
   <trkpt lat="46.9803220" lon="7.2079190"/>
   <trkpt lat="46.9803280" lon="7.2079650"/>
   <trkpt lat="46.9803300" lon="7.2080020"/>
   <trkpt lat="46.9803320" lon="7.2080430"/>
   <trkpt lat="46.9803350" lon="7.2080900"/>
   <trkpt lat="46.9803380" lon="7.2081270"/>
   <trkpt lat="46.9803400" lon="7.2081690"/>
   <trkpt lat="46.9803410" lon="7.2082130"/>
   <trkpt lat="46.9803440" lon="7.2082490"/>
   <trkpt lat="46.9803480" lon="7.2082910"/>
   <trkpt lat="46.9803500" lon="7.2083360"/>
   <trkpt lat="46.9803540" lon="7.2083760"/>
   <trkpt lat="46.9803570" lon="7.2084240"/>
   <trkpt lat="46.9803580" lon="7.2084730"/>
   <trkpt lat="46.9803590" lon="7.2085180"/>
   <trkpt lat="46.9803600" lon="7.2085660"/>
   <trkpt lat="46.9803620" lon="7.2086080"/>
   <trkpt lat="46.9803650" lon="7.2086490"/>
   <trkpt lat="46.9803670" lon="7.2086970"/>
   <trkpt lat="46.9803700" lon="7.2087420"/>
   <trkpt lat="46.9803750" lon="7.2087880"/>
   <trkpt lat="46.9803780" lon="7.2088330"/>
   <trkpt lat="46.9803820" lon="7.2088740"/>
   <trkpt lat="46.9803870" lon="7.2089150"/>
   <trkpt lat="46.9803910" lon="7.2089550"/>
   <trkpt lat="46.9803950" lon="7.2089940"/>
   <trkpt lat="46.9804000" lon="7.2090390"/>
   <trkpt lat="46.9804040" lon="7.2090840"/>
   <trkpt lat="46.9804100" lon="7.2091220"/>
   <trkpt lat="46.9804110" lon="7.2091700"/>
   <trkpt lat="46.9804110" lon="7.2092130"/>
   <trkpt lat="46.9804140" lon="7.2092550"/>
   <trkpt lat="46.9804160" lon="7.2093050"/>
   <trkpt lat="46.9804180" lon="7.2093490"/>
   <trkpt lat="46.9804220" lon="7.2093970"/>
   <trkpt lat="46.9804290" lon="7.2094450"/>
   <trkpt lat="46.9804350" lon="7.2094850"/>
   <trkpt lat="46.9804400" lon="7.2095330"/>
   <trkpt lat="46.9804440" lon="7.2095730"/>
   <trkpt lat="46.9804460" lon="7.2096150"/>
   <trkpt lat="46.9804470" lon="7.2096600"/>
   <trkpt lat="46.9804480" lon="7.2097000"/>
   <trkpt lat="46.9804500" lon="7.2097420"/>
   <trkpt lat="46.9804520" lon="7.2097880"/>
   <trkpt lat="46.9804580" lon="7.2098320"/>
   <trkpt lat="46.9804630" lon="7.2098770"/>
   <trkpt lat="46.9804670" lon="7.2099190"/>
   <trkpt lat="46.9804720" lon="7.2099610"/>
   <trkpt lat="46.9804770" lon="7.2100130"/>
   <trkpt lat="46.9804790" lon="7.2100520"/>
   <trkpt lat="46.9804830" lon="7.2100940"/>
   <trkpt lat="46.9804840" lon="7.2101390"/>
   <trkpt lat="46.9804820" lon="7.2101760"/>
   <trkpt lat="46.9804820" lon="7.2102190"/>
   <trkpt lat="46.9804800" lon="7.2102640"/>
   <trkpt lat="46.9804810" lon="7.2103050"/>
   <trkpt lat="46.9804840" lon="7.2103510"/>
   <trkpt lat="46.9804870" lon="7.2103910"/>
   <trkpt lat="46.9804900" lon="7.2104330"/>
   <trkpt lat="46.9804950" lon="7.2104810"/>
   <trkpt lat="46.9804980" lon="7.2105210"/>
   <trkpt lat="46.9805010" lon="7.2105680"/>
   <trkpt lat="46.9805040" lon="7.2106130"/>
   <trkpt lat="46.9805120" lon="7.2106530"/>
   <trkpt lat="46.9805190" lon="7.2106950"/>
   <trkpt lat="46.9805250" lon="7.2107380"/>
   <trkpt lat="46.9805340" lon="7.2107730"/>
   <trkpt lat="46.9805400" lon="7.2108140"/>
   <trkpt lat="46.9805470" lon="7.2108550"/>
   <trkpt lat="46.9805600" lon="7.2108910"/>
   <trkpt lat="46.9805700" lon="7.2109350"/>
   <trkpt lat="46.9805760" lon="7.2109710"/>
   <trkpt lat="46.9805810" lon="7.2110130"/>
   <trkpt lat="46.9805890" lon="7.2110590"/>
   <trkpt lat="46.9805970" lon="7.2110950"/>
   <trkpt lat="46.9806050" lon="7.2111360"/>
   <trkpt lat="46.9806120" lon="7.2111770"/>
   <trkpt lat="46.9806190" lon="7.2112130"/>
   <trkpt lat="46.9806270" lon="7.2112560"/>
   <trkpt lat="46.9806330" lon="7.2112940"/>
   <trkpt lat="46.9806400" lon="7.2113320"/>
   <trkpt lat="46.9806460" lon="7.2113740"/>
   <trkpt lat="46.9806510" lon="7.2114120"/>
   <trkpt lat="46.9806590" lon="7.2114510"/>
   <trkpt lat="46.9806670" lon="7.2114950"/>
   <trkpt lat="46.9806750" lon="7.2115350"/>
   <trkpt lat="46.9806840" lon="7.2115750"/>
   <trkpt lat="46.9806920" lon="7.2116170"/>
   <trkpt lat="46.9807010" lon="7.2116520"/>
   <trkpt lat="46.9807100" lon="7.2116920"/>
   <trkpt lat="46.9807180" lon="7.2117320"/>
   <trkpt lat="46.9807260" lon="7.2117660"/>
   <trkpt lat="46.9807330" lon="7.2118080"/>
   <trkpt lat="46.9807390" lon="7.2118430"/>
   <trkpt lat="46.9807470" lon="7.2118760"/>
   <trkpt lat="46.9807550" lon="7.2119180"/>
   <trkpt lat="46.9807590" lon="7.2119520"/>
   <trkpt lat="46.9807670" lon="7.2119900"/>
   <trkpt lat="46.9807750" lon="7.2120340"/>
   <trkpt lat="46.9807840" lon="7.2120770"/>
   <trkpt lat="46.9807930" lon="7.2121170"/>
   <trkpt lat="46.9808000" lon="7.2121610"/>
   <trkpt lat="46.9808080" lon="7.2121960"/>
   <trkpt lat="46.9808150" lon="7.2122370"/>
   <trkpt lat="46.9808220" lon="7.2122790"/>
   <trkpt lat="46.9808300" lon="7.2123170"/>
   <trkpt lat="46.9808380" lon="7.2123620"/>
   <trkpt lat="46.9808440" lon="7.2124010"/>
   <trkpt lat="46.9808540" lon="7.2124380"/>
   <trkpt lat="46.9808620" lon="7.2124820"/>
   <trkpt lat="46.9808680" lon="7.2125160"/>
   <trkpt lat="46.9808760" lon="7.2125550"/>
   <trkpt lat="46.9808830" lon="7.2125990"/>
   <trkpt lat="46.9808920" lon="7.2126350"/>
   <trkpt lat="46.9809020" lon="7.2126780"/>
   <trkpt lat="46.9809100" lon="7.2127210"/>
   <trkpt lat="46.9809190" lon="7.2127580"/>
   <trkpt lat="46.9809290" lon="7.2128020"/>
   <trkpt lat="46.9809380" lon="7.2128450"/>
   <trkpt lat="46.9809470" lon="7.2128860"/>
   <trkpt lat="46.9809560" lon="7.2129320"/>
   <trkpt lat="46.9809640" lon="7.2129710"/>
   <trkpt lat="46.9809710" lon="7.2130110"/>
   <trkpt lat="46.9809780" lon="7.2130530"/>
   <trkpt lat="46.9809880" lon="7.2130910"/>
   <trkpt lat="46.9809960" lon="7.2131320"/>
   <trkpt lat="46.9810010" lon="7.2131720"/>
   <trkpt lat="46.9810120" lon="7.2132110"/>
   <trkpt lat="46.9810180" lon="7.2132570"/>
   <trkpt lat="46.9810260" lon="7.2132980"/>
   <trkpt lat="46.9810330" lon="7.2133380"/>
   <trkpt lat="46.9810420" lon="7.2133860"/>
   <trkpt lat="46.9810500" lon="7.2134260"/>
   <trkpt lat="46.9810570" lon="7.2134650"/>
   <trkpt lat="46.9810650" lon="7.2135070"/>
   <trkpt lat="46.9810730" lon="7.2135460"/>
   <trkpt lat="46.9810810" lon="7.2135960"/>
   <trkpt lat="46.9810860" lon="7.2136350"/>
   <trkpt lat="46.9810940" lon="7.2136750"/>
   <trkpt lat="46.9811020" lon="7.2137180"/>
   <trkpt lat="46.9811110" lon="7.2137610"/>
   <trkpt lat="46.9811190" lon="7.2138060"/>
   <trkpt lat="46.9811280" lon="7.2138470"/>
   <trkpt lat="46.9811390" lon="7.2138870"/>
   <trkpt lat="46.9811480" lon="7.2139340"/>
   <trkpt lat="46.9811560" lon="7.2139740"/>
   <trkpt lat="46.9811640" lon="7.2140170"/>
   <trkpt lat="46.9811720" lon="7.2140610"/>
   <trkpt lat="46.9811800" lon="7.2140970"/>
   <trkpt lat="46.9811890" lon="7.2141420"/>
   <trkpt lat="46.9811970" lon="7.2141830"/>
   <trkpt lat="46.9812030" lon="7.2142210"/>
   <trkpt lat="46.9812110" lon="7.2142670"/>
   <trkpt lat="46.9812170" lon="7.2143030"/>
   <trkpt lat="46.9812260" lon="7.2143450"/>
   <trkpt lat="46.9812340" lon="7.2143860"/>
   <trkpt lat="46.9812420" lon="7.2144240"/>
   <trkpt lat="46.9812500" lon="7.2144710"/>
   <trkpt lat="46.9812560" lon="7.2145150"/>
   <trkpt lat="46.9812630" lon="7.2145590"/>
   <trkpt lat="46.9812690" lon="7.2146050"/>
   <trkpt lat="46.9812760" lon="7.2146440"/>
   <trkpt lat="46.9812850" lon="7.2146900"/>
   <trkpt lat="46.9812930" lon="7.2147330"/>
   <trkpt lat="46.9813030" lon="7.2147650"/>
   <trkpt lat="46.9813150" lon="7.2148090"/>
   <trkpt lat="46.9813250" lon="7.2148470"/>
   <trkpt lat="46.9813370" lon="7.2148800"/>
   <trkpt lat="46.9813500" lon="7.2149200"/>
   <trkpt lat="46.9813580" lon="7.2149510"/>
   <trkpt lat="46.9813720" lon="7.2149850"/>
   <trkpt lat="46.9813870" lon="7.2150240"/>
   <trkpt lat="46.9814030" lon="7.2150600"/>
   <trkpt lat="46.9814200" lon="7.2150980"/>
   <trkpt lat="46.9814380" lon="7.2151360"/>
   <trkpt lat="46.9814560" lon="7.2151690"/>
   <trkpt lat="46.9814750" lon="7.2152050"/>
   <trkpt lat="46.9814930" lon="7.2152390"/>
   <trkpt lat="46.9815110" lon="7.2152690"/>
   <trkpt lat="46.9815350" lon="7.2153070"/>
   <trkpt lat="46.9815540" lon="7.2153410"/>
   <trkpt lat="46.9815720" lon="7.2153750"/>
   <trkpt lat="46.9815910" lon="7.2154060"/>
   <trkpt lat="46.9816110" lon="7.2154400"/>
   <trkpt lat="46.9816320" lon="7.2154770"/>
   <trkpt lat="46.9816520" lon="7.2155130"/>
   <trkpt lat="46.9816730" lon="7.2155420"/>
   <trkpt lat="46.9816940" lon="7.2155790"/>
   <trkpt lat="46.9817120" lon="7.2156110"/>
   <trkpt lat="46.9817300" lon="7.2156420"/>
   <trkpt lat="46.9817480" lon="7.2156800"/>
   <trkpt lat="46.9817640" lon="7.2157200"/>
   <trkpt lat="46.9817810" lon="7.2157630"/>
   <trkpt lat="46.9817940" lon="7.2158050"/>
   <trkpt lat="46.9818040" lon="7.2158470"/>
   <trkpt lat="46.9818140" lon="7.2158890"/>
   <trkpt lat="46.9818230" lon="7.2159290"/>
   <trkpt lat="46.9818340" lon="7.2159660"/>
   <trkpt lat="46.9818450" lon="7.2160070"/>
   <trkpt lat="46.9818560" lon="7.2160440"/>
   <trkpt lat="46.9818690" lon="7.2160820"/>
   <trkpt lat="46.9818830" lon="7.2161220"/>
   <trkpt lat="46.9818960" lon="7.2161610"/>
   <trkpt lat="46.9819090" lon="7.2162020"/>
   <trkpt lat="46.9819250" lon="7.2162470"/>
   <trkpt lat="46.9819390" lon="7.2162900"/>
   <trkpt lat="46.9819540" lon="7.2163400"/>
   <trkpt lat="46.9819650" lon="7.2163890"/>
   <trkpt lat="46.9819790" lon="7.2164320"/>
   <trkpt lat="46.9819940" lon="7.2164760"/>
   <trkpt lat="46.9820070" lon="7.2165180"/>
   <trkpt lat="46.9820200" lon="7.2165600"/>
   <trkpt lat="46.9820340" lon="7.2166050"/>
   <trkpt lat="46.9820470" lon="7.2166500"/>
   <trkpt lat="46.9820610" lon="7.2166920"/>
   <trkpt lat="46.9820740" lon="7.2167360"/>
   <trkpt lat="46.9820860" lon="7.2167730"/>
   <trkpt lat="46.9820970" lon="7.2168200"/>
   <trkpt lat="46.9821090" lon="7.2168620"/>
   <trkpt lat="46.9821210" lon="7.2169000"/>
   <trkpt lat="46.9821320" lon="7.2169440"/>
   <trkpt lat="46.9821420" lon="7.2169860"/>
   <trkpt lat="46.9821540" lon="7.2170230"/>
   <trkpt lat="46.9821640" lon="7.2170640"/>
   <trkpt lat="46.9821730" lon="7.2171030"/>
   <trkpt lat="46.9821850" lon="7.2171440"/>
   <trkpt lat="46.9821970" lon="7.2171890"/>
   <trkpt lat="46.9822080" lon="7.2172320"/>
   <trkpt lat="46.9822210" lon="7.2172790"/>
   <trkpt lat="46.9822330" lon="7.2173280"/>
   <trkpt lat="46.9822460" lon="7.2173760"/>
   <trkpt lat="46.9822600" lon="7.2174270"/>
   <trkpt lat="46.9822700" lon="7.2174710"/>
   <trkpt lat="46.9822840" lon="7.2175160"/>
   <trkpt lat="46.9822990" lon="7.2175610"/>
   <trkpt lat="46.9823140" lon="7.2176000"/>
   <trkpt lat="46.9823290" lon="7.2176400"/>
   <trkpt lat="46.9823420" lon="7.2176790"/>
   <trkpt lat="46.9823570" lon="7.2177190"/>
   <trkpt lat="46.9823750" lon="7.2177610"/>
   <trkpt lat="46.9823900" lon="7.2178000"/>
   <trkpt lat="46.9824050" lon="7.2178410"/>
   <trkpt lat="46.9824190" lon="7.2178860"/>
   <trkpt lat="46.9824310" lon="7.2179270"/>
   <trkpt lat="46.9824440" lon="7.2179740"/>
   <trkpt lat="46.9824560" lon="7.2180210"/>
   <trkpt lat="46.9824690" lon="7.2180620"/>
   <trkpt lat="46.9824810" lon="7.2181010"/>
   <trkpt lat="46.9824950" lon="7.2181430"/>
   <trkpt lat="46.9825080" lon="7.2181830"/>
   <trkpt lat="46.9825210" lon="7.2182320"/>
   <trkpt lat="46.9825360" lon="7.2182800"/>
   <trkpt lat="46.9825500" lon="7.2183280"/>
   <trkpt lat="46.9825610" lon="7.2183740"/>
   <trkpt lat="46.9825750" lon="7.2184120"/>
   <trkpt lat="46.9825880" lon="7.2184520"/>
   <trkpt lat="46.9825990" lon="7.2184880"/>
   <trkpt lat="46.9826150" lon="7.2185310"/>
   <trkpt lat="46.9826310" lon="7.2185720"/>
   <trkpt lat="46.9826440" lon="7.2186120"/>
   <trkpt lat="46.9826620" lon="7.2186580"/>
   <trkpt lat="46.9826780" lon="7.2186980"/>
   <trkpt lat="46.9826980" lon="7.2187430"/>
   <trkpt lat="46.9827130" lon="7.2187790"/>
   <trkpt lat="46.9827290" lon="7.2188140"/>
   <trkpt lat="46.9827450" lon="7.2188560"/>
   <trkpt lat="46.9827670" lon="7.2189150"/>
   <trkpt lat="46.9827740" lon="7.2189350"/>
   <trkpt lat="46.9827880" lon="7.2189760"/>
   <trkpt lat="46.9828010" lon="7.2190160"/>
   <trkpt lat="46.9828130" lon="7.2190540"/>
   <trkpt lat="46.9828250" lon="7.2190900"/>
   <trkpt lat="46.9828350" lon="7.2191360"/>
   <trkpt lat="46.9828500" lon="7.2191850"/>
   <trkpt lat="46.9828650" lon="7.2192300"/>
   <trkpt lat="46.9828820" lon="7.2192730"/>
   <trkpt lat="46.9828940" lon="7.2193090"/>
   <trkpt lat="46.9829090" lon="7.2193440"/>
   <trkpt lat="46.9829280" lon="7.2193900"/>
   <trkpt lat="46.9829440" lon="7.2194310"/>
   <trkpt lat="46.9829580" lon="7.2194700"/>
   <trkpt lat="46.9829740" lon="7.2195150"/>
   <trkpt lat="46.9829890" lon="7.2195520"/>
   <trkpt lat="46.9830040" lon="7.2195920"/>
   <trkpt lat="46.9830180" lon="7.2196360"/>
   <trkpt lat="46.9830310" lon="7.2196750"/>
   <trkpt lat="46.9830470" lon="7.2197270"/>
   <trkpt lat="46.9830620" lon="7.2197770"/>
   <trkpt lat="46.9830790" lon="7.2198220"/>
   <trkpt lat="46.9830980" lon="7.2198710"/>
   <trkpt lat="46.9831140" lon="7.2199130"/>
   <trkpt lat="46.9831300" lon="7.2199580"/>
   <trkpt lat="46.9831440" lon="7.2200040"/>
   <trkpt lat="46.9831540" lon="7.2200410"/>
   <trkpt lat="46.9831660" lon="7.2200870"/>
   <trkpt lat="46.9831780" lon="7.2201310"/>
   <trkpt lat="46.9831930" lon="7.2201700"/>
   <trkpt lat="46.9832070" lon="7.2202080"/>
   <trkpt lat="46.9832190" lon="7.2202460"/>
   <trkpt lat="46.9832350" lon="7.2202890"/>
   <trkpt lat="46.9832480" lon="7.2203320"/>
   <trkpt lat="46.9832630" lon="7.2203690"/>
   <trkpt lat="46.9832800" lon="7.2204150"/>
   <trkpt lat="46.9832930" lon="7.2204590"/>
   <trkpt lat="46.9833070" lon="7.2205020"/>
   <trkpt lat="46.9833230" lon="7.2205480"/>
   <trkpt lat="46.9833400" lon="7.2205860"/>
   <trkpt lat="46.9833600" lon="7.2206410"/>
   <trkpt lat="46.9833760" lon="7.2206810"/>
   <trkpt lat="46.9833940" lon="7.2207260"/>
   <trkpt lat="46.9834100" lon="7.2207690"/>
   <trkpt lat="46.9834240" lon="7.2208100"/>
   <trkpt lat="46.9834380" lon="7.2208500"/>
   <trkpt lat="46.9834510" lon="7.2208910"/>
   <trkpt lat="46.9834660" lon="7.2209310"/>
   <trkpt lat="46.9834830" lon="7.2209740"/>
   <trkpt lat="46.9834950" lon="7.2210070"/>
   <trkpt lat="46.9835060" lon="7.2210540"/>
   <trkpt lat="46.9835130" lon="7.2210930"/>
   <trkpt lat="46.9835240" lon="7.2211320"/>
   <trkpt lat="46.9835420" lon="7.2211790"/>
   <trkpt lat="46.9835600" lon="7.2212220"/>
   <trkpt lat="46.9835760" lon="7.2212610"/>
   <trkpt lat="46.9835930" lon="7.2213000"/>
   <trkpt lat="46.9836060" lon="7.2213390"/>
   <trkpt lat="46.9836210" lon="7.2213900"/>
   <trkpt lat="46.9836340" lon="7.2214400"/>
   <trkpt lat="46.9836490" lon="7.2214880"/>
   <trkpt lat="46.9836630" lon="7.2215320"/>
   <trkpt lat="46.9836710" lon="7.2215730"/>
   <trkpt lat="46.9836790" lon="7.2216150"/>
   <trkpt lat="46.9836890" lon="7.2216510"/>
   <trkpt lat="46.9837010" lon="7.2216910"/>
   <trkpt lat="46.9837150" lon="7.2217380"/>
   <trkpt lat="46.9837270" lon="7.2217810"/>
   <trkpt lat="46.9837400" lon="7.2218230"/>
   <trkpt lat="46.9837510" lon="7.2218630"/>
   <trkpt lat="46.9837620" lon="7.2219000"/>
   <trkpt lat="46.9837750" lon="7.2219460"/>
   <trkpt lat="46.9837900" lon="7.2219850"/>
   <trkpt lat="46.9838050" lon="7.2220250"/>
   <trkpt lat="46.9838240" lon="7.2220650"/>
   <trkpt lat="46.9838400" lon="7.2220970"/>
   <trkpt lat="46.9838590" lon="7.2221360"/>
   <trkpt lat="46.9838730" lon="7.2221720"/>
   <trkpt lat="46.9838910" lon="7.2222090"/>
   <trkpt lat="46.9839140" lon="7.2222450"/>
   <trkpt lat="46.9839360" lon="7.2222740"/>
   <trkpt lat="46.9839620" lon="7.2222950"/>
   <trkpt lat="46.9839900" lon="7.2223050"/>
   <trkpt lat="46.9840180" lon="7.2223070"/>
   <trkpt lat="46.9840470" lon="7.2223110"/>
   <trkpt lat="46.9840730" lon="7.2223160"/>
   <trkpt lat="46.9841030" lon="7.2223190"/>
   <trkpt lat="46.9841320" lon="7.2223220"/>
   <trkpt lat="46.9841560" lon="7.2223270"/>
   <trkpt lat="46.9841860" lon="7.2223300"/>
   <trkpt lat="46.9842180" lon="7.2223340"/>
   <trkpt lat="46.9842490" lon="7.2223310"/>
   <trkpt lat="46.9842850" lon="7.2223240"/>
   <trkpt lat="46.9843180" lon="7.2223180"/>
   <trkpt lat="46.9843530" lon="7.2223070"/>
   <trkpt lat="46.9843870" lon="7.2222960"/>
   <trkpt lat="46.9844310" lon="7.2222750"/>
   <trkpt lat="46.9844450" lon="7.2222690"/>
   <trkpt lat="46.9844760" lon="7.2222540"/>
   <trkpt lat="46.9845080" lon="7.2222350"/>
   <trkpt lat="46.9845380" lon="7.2222150"/>
   <trkpt lat="46.9845830" lon="7.2221780"/>
   <trkpt lat="46.9846000" lon="7.2221630"/>
   <trkpt lat="46.9846310" lon="7.2221410"/>
   <trkpt lat="46.9846630" lon="7.2221140"/>
   <trkpt lat="46.9846950" lon="7.2220900"/>
   <trkpt lat="46.9847260" lon="7.2220650"/>
   <trkpt lat="46.9847600" lon="7.2220440"/>
   <trkpt lat="46.9847910" lon="7.2220270"/>
   <trkpt lat="46.9848220" lon="7.2220110"/>
   <trkpt lat="46.9848550" lon="7.2219990"/>
   <trkpt lat="46.9848840" lon="7.2219900"/>
   <trkpt lat="46.9849160" lon="7.2219810"/>
   <trkpt lat="46.9849440" lon="7.2219760"/>
   <trkpt lat="46.9849750" lon="7.2219680"/>
   <trkpt lat="46.9850090" lon="7.2219640"/>
   <trkpt lat="46.9850380" lon="7.2219610"/>
   <trkpt lat="46.9850750" lon="7.2219620"/>
   <trkpt lat="46.9851080" lon="7.2219670"/>
   <trkpt lat="46.9851390" lon="7.2219670"/>
   <trkpt lat="46.9851730" lon="7.2219690"/>
   <trkpt lat="46.9852050" lon="7.2219730"/>
   <trkpt lat="46.9852430" lon="7.2219700"/>
   <trkpt lat="46.9852730" lon="7.2219680"/>
   <trkpt lat="46.9853040" lon="7.2219630"/>
   <trkpt lat="46.9853400" lon="7.2219570"/>
   <trkpt lat="46.9853690" lon="7.2219540"/>
   <trkpt lat="46.9854010" lon="7.2219470"/>
   <trkpt lat="46.9854300" lon="7.2219440"/>
   <trkpt lat="46.9854590" lon="7.2219400"/>
   <trkpt lat="46.9855110" lon="7.2219420"/>
   <trkpt lat="46.9855280" lon="7.2219440"/>
   <trkpt lat="46.9855590" lon="7.2219410"/>
   <trkpt lat="46.9855910" lon="7.2219380"/>
   <trkpt lat="46.9856230" lon="7.2219390"/>
   <trkpt lat="46.9856560" lon="7.2219460"/>
   <trkpt lat="46.9856860" lon="7.2219590"/>
   <trkpt lat="46.9857150" lon="7.2219640"/>
   <trkpt lat="46.9857490" lon="7.2219720"/>
   <trkpt lat="46.9857780" lon="7.2219740"/>
   <trkpt lat="46.9858290" lon="7.2219790"/>
   <trkpt lat="46.9858450" lon="7.2219820"/>
   <trkpt lat="46.9858930" lon="7.2219860"/>
   <trkpt lat="46.9859120" lon="7.2219890"/>
   <trkpt lat="46.9859440" lon="7.2219880"/>
   <trkpt lat="46.9859800" lon="7.2219910"/>
   <trkpt lat="46.9860150" lon="7.2219940"/>
   <trkpt lat="46.9860470" lon="7.2220010"/>
   <trkpt lat="46.9860830" lon="7.2220090"/>
   <trkpt lat="46.9861130" lon="7.2220150"/>
   <trkpt lat="46.9861470" lon="7.2220160"/>
   <trkpt lat="46.9861780" lon="7.2220230"/>
   <trkpt lat="46.9862090" lon="7.2220320"/>
   <trkpt lat="46.9862430" lon="7.2220330"/>
   <trkpt lat="46.9862710" lon="7.2220360"/>
   <trkpt lat="46.9863010" lon="7.2220390"/>
   <trkpt lat="46.9863340" lon="7.2220390"/>
   <trkpt lat="46.9863630" lon="7.2220380"/>
   <trkpt lat="46.9863930" lon="7.2220360"/>
   <trkpt lat="46.9864190" lon="7.2220350"/>
   <trkpt lat="46.9864470" lon="7.2220330"/>
   <trkpt lat="46.9864800" lon="7.2220360"/>
   <trkpt lat="46.9865080" lon="7.2220370"/>
   <trkpt lat="46.9865400" lon="7.2220360"/>
   <trkpt lat="46.9865750" lon="7.2220390"/>
   <trkpt lat="46.9866080" lon="7.2220480"/>
   <trkpt lat="46.9866400" lon="7.2220710"/>
   <trkpt lat="46.9866620" lon="7.2221050"/>
   <trkpt lat="46.9866740" lon="7.2221480"/>
   <trkpt lat="46.9866780" lon="7.2221930"/>
   <trkpt lat="46.9866770" lon="7.2222350"/>
   <trkpt lat="46.9866720" lon="7.2222910"/>
   <trkpt lat="46.9866660" lon="7.2223390"/>
   <trkpt lat="46.9866630" lon="7.2223880"/>
   <trkpt lat="46.9866550" lon="7.2224390"/>
   <trkpt lat="46.9866490" lon="7.2224820"/>
   <trkpt lat="46.9866410" lon="7.2225230"/>
   <trkpt lat="46.9866310" lon="7.2225710"/>
   <trkpt lat="46.9866250" lon="7.2226090"/>
   <trkpt lat="46.9866140" lon="7.2226790"/>
   <trkpt lat="46.9866090" lon="7.2227010"/>
   <trkpt lat="46.9865980" lon="7.2227720"/>
   <trkpt lat="46.9865950" lon="7.2227940"/>
   <trkpt lat="46.9865930" lon="7.2228330"/>
   <trkpt lat="46.9865860" lon="7.2228810"/>
   <trkpt lat="46.9865830" lon="7.2229220"/>
   <trkpt lat="46.9865800" lon="7.2229600"/>
   <trkpt lat="46.9865770" lon="7.2230070"/>
   <trkpt lat="46.9865720" lon="7.2230440"/>
   <trkpt lat="46.9865660" lon="7.2230890"/>
   <trkpt lat="46.9865590" lon="7.2231380"/>
   <trkpt lat="46.9865540" lon="7.2231850"/>
   <trkpt lat="46.9865470" lon="7.2232290"/>
   <trkpt lat="46.9865380" lon="7.2232650"/>
   <trkpt lat="46.9865330" lon="7.2233020"/>
   <trkpt lat="46.9865250" lon="7.2233500"/>
   <trkpt lat="46.9865200" lon="7.2233910"/>
   <trkpt lat="46.9865120" lon="7.2234300"/>
   <trkpt lat="46.9865060" lon="7.2234740"/>
   <trkpt lat="46.9865020" lon="7.2235130"/>
   <trkpt lat="46.9864960" lon="7.2235570"/>
   <trkpt lat="46.9864870" lon="7.2236030"/>
   <trkpt lat="46.9864810" lon="7.2236390"/>
   <trkpt lat="46.9864750" lon="7.2236740"/>
   <trkpt lat="46.9864690" lon="7.2237120"/>
   <trkpt lat="46.9864600" lon="7.2237500"/>
   <trkpt lat="46.9864530" lon="7.2237900"/>
   <trkpt lat="46.9864470" lon="7.2238310"/>
   <trkpt lat="46.9864400" lon="7.2238730"/>
   <trkpt lat="46.9864330" lon="7.2239200"/>
   <trkpt lat="46.9864290" lon="7.2239540"/>
   <trkpt lat="46.9864270" lon="7.2239940"/>
   <trkpt lat="46.9864230" lon="7.2240430"/>
   <trkpt lat="46.9864200" lon="7.2240830"/>
   <trkpt lat="46.9864150" lon="7.2241230"/>
   <trkpt lat="46.9864090" lon="7.2241610"/>
   <trkpt lat="46.9864030" lon="7.2241990"/>
   <trkpt lat="46.9863980" lon="7.2242380"/>
   <trkpt lat="46.9863920" lon="7.2242780"/>
   <trkpt lat="46.9863860" lon="7.2243150"/>
   <trkpt lat="46.9863820" lon="7.2243560"/>
   <trkpt lat="46.9863740" lon="7.2243940"/>
   <trkpt lat="46.9863660" lon="7.2244340"/>
   <trkpt lat="46.9863560" lon="7.2244780"/>
   <trkpt lat="46.9863450" lon="7.2245160"/>
   <trkpt lat="46.9863370" lon="7.2245550"/>
   <trkpt lat="46.9863300" lon="7.2245940"/>
   <trkpt lat="46.9863220" lon="7.2246310"/>
   <trkpt lat="46.9863120" lon="7.2246710"/>
   <trkpt lat="46.9862990" lon="7.2247050"/>
   <trkpt lat="46.9862870" lon="7.2247400"/>
   <trkpt lat="46.9862760" lon="7.2247770"/>
   <trkpt lat="46.9862690" lon="7.2248140"/>
   <trkpt lat="46.9862590" lon="7.2248530"/>
   <trkpt lat="46.9862490" lon="7.2248920"/>
   <trkpt lat="46.9862400" lon="7.2249290"/>
   <trkpt lat="46.9862310" lon="7.2249630"/>
   <trkpt lat="46.9862190" lon="7.2250030"/>
   <trkpt lat="46.9862090" lon="7.2250400"/>
   <trkpt lat="46.9862010" lon="7.2250740"/>
   <trkpt lat="46.9861920" lon="7.2251140"/>
   <trkpt lat="46.9861840" lon="7.2251480"/>
   <trkpt lat="46.9861720" lon="7.2251870"/>
   <trkpt lat="46.9861610" lon="7.2252180"/>
   <trkpt lat="46.9861560" lon="7.2252500"/>
   <trkpt lat="46.9861470" lon="7.2252890"/>
   <trkpt lat="46.9861350" lon="7.2253300"/>
   <trkpt lat="46.9861240" lon="7.2253740"/>
   <trkpt lat="46.9861160" lon="7.2254210"/>
   <trkpt lat="46.9861090" lon="7.2254530"/>
   <trkpt lat="46.9860990" lon="7.2254900"/>
   <trkpt lat="46.9860880" lon="7.2255240"/>
   <trkpt lat="46.9860780" lon="7.2255610"/>
   <trkpt lat="46.9860720" lon="7.2255980"/>
   <trkpt lat="46.9860620" lon="7.2256300"/>
   <trkpt lat="46.9860580" lon="7.2256670"/>
   <trkpt lat="46.9860480" lon="7.2257090"/>
   <trkpt lat="46.9860360" lon="7.2257480"/>
   <trkpt lat="46.9860250" lon="7.2257860"/>
   <trkpt lat="46.9860170" lon="7.2258280"/>
   <trkpt lat="46.9860060" lon="7.2258660"/>
   <trkpt lat="46.9859990" lon="7.2259030"/>
   <trkpt lat="46.9859900" lon="7.2259410"/>
   <trkpt lat="46.9859780" lon="7.2259750"/>
   <trkpt lat="46.9859630" lon="7.2260140"/>
   <trkpt lat="46.9859540" lon="7.2260530"/>
   <trkpt lat="46.9859450" lon="7.2260890"/>
   <trkpt lat="46.9859340" lon="7.2261240"/>
   <trkpt lat="46.9859230" lon="7.2261630"/>
   <trkpt lat="46.9859150" lon="7.2261980"/>
   <trkpt lat="46.9859030" lon="7.2262350"/>
   <trkpt lat="46.9858920" lon="7.2262650"/>
   <trkpt lat="46.9858880" lon="7.2262990"/>
   <trkpt lat="46.9858800" lon="7.2263380"/>
   <trkpt lat="46.9858800" lon="7.2263720"/>
   <trkpt lat="46.9858850" lon="7.2264060"/>
   <trkpt lat="46.9859020" lon="7.2264330"/>
   <trkpt lat="46.9859290" lon="7.2264410"/>
   <trkpt lat="46.9859620" lon="7.2264370"/>
   <trkpt lat="46.9859920" lon="7.2264270"/>
   <trkpt lat="46.9860230" lon="7.2264250"/>
   <trkpt lat="46.9860480" lon="7.2264230"/>
   <trkpt lat="46.9860720" lon="7.2264160"/>
   <trkpt lat="46.9861010" lon="7.2264150"/>
   <trkpt lat="46.9861310" lon="7.2264120"/>
   <trkpt lat="46.9861600" lon="7.2264060"/>
   <trkpt lat="46.9861890" lon="7.2264030"/>
   <trkpt lat="46.9862180" lon="7.2264020"/>
   <trkpt lat="46.9862440" lon="7.2264040"/>
   <trkpt lat="46.9862760" lon="7.2264010"/>
   <trkpt lat="46.9863040" lon="7.2264040"/>
   <trkpt lat="46.9863380" lon="7.2264040"/>
   <trkpt lat="46.9863710" lon="7.2264040"/>
   <trkpt lat="46.9864020" lon="7.2264030"/>
   <trkpt lat="46.9864320" lon="7.2264020"/>
   <trkpt lat="46.9864630" lon="7.2264020"/>
   <trkpt lat="46.9864910" lon="7.2263980"/>
   <trkpt lat="46.9865230" lon="7.2263960"/>
   <trkpt lat="46.9865510" lon="7.2263990"/>
   <trkpt lat="46.9865820" lon="7.2263930"/>
   <trkpt lat="46.9866120" lon="7.2263890"/>
   <trkpt lat="46.9866410" lon="7.2263800"/>
   <trkpt lat="46.9866670" lon="7.2263690"/>
   <trkpt lat="46.9866900" lon="7.2263570"/>
   <trkpt lat="46.9867120" lon="7.2263540"/>
   <trkpt lat="46.9867380" lon="7.2263430"/>
   <trkpt lat="46.9867650" lon="7.2263320"/>
   <trkpt lat="46.9867910" lon="7.2263130"/>
   <trkpt lat="46.9868170" lon="7.2262900"/>
   <trkpt lat="46.9868450" lon="7.2262640"/>
   <trkpt lat="46.9868700" lon="7.2262410"/>
   <trkpt lat="46.9868950" lon="7.2262170"/>
   <trkpt lat="46.9869220" lon="7.2261950"/>
   <trkpt lat="46.9869470" lon="7.2261730"/>
   <trkpt lat="46.9869720" lon="7.2261540"/>
   <trkpt lat="46.9870000" lon="7.2261380"/>
   <trkpt lat="46.9870260" lon="7.2261130"/>
   <trkpt lat="46.9870470" lon="7.2260880"/>
   <trkpt lat="46.9870700" lon="7.2260670"/>
   <trkpt lat="46.9870960" lon="7.2260500"/>
   <trkpt lat="46.9871210" lon="7.2260330"/>
   <trkpt lat="46.9871510" lon="7.2260170"/>
   <trkpt lat="46.9871800" lon="7.2260020"/>
   <trkpt lat="46.9872060" lon="7.2259870"/>
   <trkpt lat="46.9872390" lon="7.2259730"/>
   <trkpt lat="46.9872600" lon="7.2259560"/>
   <trkpt lat="46.9872840" lon="7.2259360"/>
   <trkpt lat="46.9873080" lon="7.2259190"/>
   <trkpt lat="46.9873340" lon="7.2258980"/>
   <trkpt lat="46.9873590" lon="7.2258790"/>
   <trkpt lat="46.9873850" lon="7.2258610"/>
   <trkpt lat="46.9874100" lon="7.2258440"/>
   <trkpt lat="46.9874360" lon="7.2258300"/>
   <trkpt lat="46.9874640" lon="7.2258180"/>
   <trkpt lat="46.9874930" lon="7.2258020"/>
   <trkpt lat="46.9875200" lon="7.2257860"/>
   <trkpt lat="46.9875460" lon="7.2257740"/>
   <trkpt lat="46.9875750" lon="7.2257590"/>
   <trkpt lat="46.9876030" lon="7.2257470"/>
   <trkpt lat="46.9876300" lon="7.2257320"/>
   <trkpt lat="46.9876590" lon="7.2257160"/>
   <trkpt lat="46.9876910" lon="7.2257050"/>
   <trkpt lat="46.9877150" lon="7.2256950"/>
   <trkpt lat="46.9877400" lon="7.2256840"/>
   <trkpt lat="46.9877670" lon="7.2256740"/>
   <trkpt lat="46.9877970" lon="7.2256660"/>
   <trkpt lat="46.9878290" lon="7.2256720"/>
   <trkpt lat="46.9878610" lon="7.2256650"/>
   <trkpt lat="46.9878920" lon="7.2256570"/>
   <trkpt lat="46.9879250" lon="7.2256540"/>
   <trkpt lat="46.9879540" lon="7.2256510"/>
   <trkpt lat="46.9879850" lon="7.2256440"/>
   <trkpt lat="46.9880160" lon="7.2256400"/>
   <trkpt lat="46.9880480" lon="7.2256350"/>
   <trkpt lat="46.9880810" lon="7.2256360"/>
   <trkpt lat="46.9881130" lon="7.2256310"/>
   <trkpt lat="46.9881440" lon="7.2256250"/>
   <trkpt lat="46.9881770" lon="7.2256220"/>
   <trkpt lat="46.9882090" lon="7.2256170"/>
   <trkpt lat="46.9882450" lon="7.2256070"/>
   <trkpt lat="46.9882780" lon="7.2256010"/>
   <trkpt lat="46.9883120" lon="7.2255940"/>
   <trkpt lat="46.9883470" lon="7.2255860"/>
   <trkpt lat="46.9883760" lon="7.2255820"/>
   <trkpt lat="46.9884060" lon="7.2255770"/>
   <trkpt lat="46.9884340" lon="7.2255730"/>
   <trkpt lat="46.9884640" lon="7.2255780"/>
   <trkpt lat="46.9884970" lon="7.2255840"/>
   <trkpt lat="46.9885280" lon="7.2255870"/>
   <trkpt lat="46.9885600" lon="7.2255920"/>
   <trkpt lat="46.9885970" lon="7.2255990"/>
   <trkpt lat="46.9886330" lon="7.2256040"/>
   <trkpt lat="46.9886690" lon="7.2256190"/>
   <trkpt lat="46.9887020" lon="7.2256300"/>
   <trkpt lat="46.9887410" lon="7.2256500"/>
   <trkpt lat="46.9887730" lon="7.2256690"/>
   <trkpt lat="46.9888070" lon="7.2256860"/>
   <trkpt lat="46.9888440" lon="7.2257010"/>
   <trkpt lat="46.9888810" lon="7.2257170"/>
   <trkpt lat="46.9889150" lon="7.2257420"/>
   <trkpt lat="46.9889490" lon="7.2257620"/>
   <trkpt lat="46.9889840" lon="7.2257800"/>
   <trkpt lat="46.9890170" lon="7.2257970"/>
   <trkpt lat="46.9890500" lon="7.2258120"/>
   <trkpt lat="46.9890820" lon="7.2258250"/>
   <trkpt lat="46.9891110" lon="7.2258380"/>
   <trkpt lat="46.9891440" lon="7.2258550"/>
   <trkpt lat="46.9891730" lon="7.2258670"/>
   <trkpt lat="46.9892030" lon="7.2258750"/>
   <trkpt lat="46.9892330" lon="7.2258830"/>
   <trkpt lat="46.9892620" lon="7.2258900"/>
   <trkpt lat="46.9892940" lon="7.2259000"/>
   <trkpt lat="46.9893230" lon="7.2259090"/>
   <trkpt lat="46.9893560" lon="7.2259230"/>
   <trkpt lat="46.9893900" lon="7.2259340"/>
   <trkpt lat="46.9894230" lon="7.2259440"/>
   <trkpt lat="46.9894550" lon="7.2259600"/>
   <trkpt lat="46.9894830" lon="7.2259730"/>
   <trkpt lat="46.9895150" lon="7.2259890"/>
   <trkpt lat="46.9895470" lon="7.2260020"/>
   <trkpt lat="46.9895800" lon="7.2260150"/>
   <trkpt lat="46.9896120" lon="7.2260260"/>
   <trkpt lat="46.9896410" lon="7.2260380"/>
   <trkpt lat="46.9896690" lon="7.2260530"/>
   <trkpt lat="46.9896940" lon="7.2260720"/>
   <trkpt lat="46.9897180" lon="7.2260910"/>
   <trkpt lat="46.9897410" lon="7.2261130"/>
   <trkpt lat="46.9897660" lon="7.2261410"/>
   <trkpt lat="46.9897890" lon="7.2261810"/>
   <trkpt lat="46.9898110" lon="7.2262290"/>
   <trkpt lat="46.9898270" lon="7.2262720"/>
   <trkpt lat="46.9898390" lon="7.2263240"/>
   <trkpt lat="46.9898540" lon="7.2263660"/>
   <trkpt lat="46.9898690" lon="7.2264060"/>
   <trkpt lat="46.9898850" lon="7.2264500"/>
   <trkpt lat="46.9899010" lon="7.2264880"/>
   <trkpt lat="46.9899180" lon="7.2265350"/>
   <trkpt lat="46.9899370" lon="7.2265770"/>
   <trkpt lat="46.9899550" lon="7.2266180"/>
   <trkpt lat="46.9899680" lon="7.2266580"/>
   <trkpt lat="46.9899820" lon="7.2266930"/>
   <trkpt lat="46.9899980" lon="7.2267370"/>
   <trkpt lat="46.9900120" lon="7.2267680"/>
   <trkpt lat="46.9900260" lon="7.2268000"/>
   <trkpt lat="46.9900350" lon="7.2268320"/>
   <trkpt lat="46.9900440" lon="7.2268600"/>
   <trkpt lat="46.9900540" lon="7.2268960"/>
   <trkpt lat="46.9900670" lon="7.2269320"/>
   <trkpt lat="46.9900860" lon="7.2269730"/>
   <trkpt lat="46.9900990" lon="7.2270120"/>
   <trkpt lat="46.9901160" lon="7.2270430"/>
   <trkpt lat="46.9901330" lon="7.2270810"/>
   <trkpt lat="46.9901460" lon="7.2271180"/>
   <trkpt lat="46.9901590" lon="7.2271550"/>
   <trkpt lat="46.9901700" lon="7.2271980"/>
   <trkpt lat="46.9901810" lon="7.2272360"/>
   <trkpt lat="46.9901930" lon="7.2272710"/>
   <trkpt lat="46.9902040" lon="7.2273110"/>
   <trkpt lat="46.9902190" lon="7.2273480"/>
   <trkpt lat="46.9902320" lon="7.2273900"/>
   <trkpt lat="46.9902460" lon="7.2274270"/>
   <trkpt lat="46.9902560" lon="7.2274650"/>
   <trkpt lat="46.9902670" lon="7.2275030"/>
   <trkpt lat="46.9902760" lon="7.2275380"/>
   <trkpt lat="46.9902870" lon="7.2275720"/>
   <trkpt lat="46.9902990" lon="7.2276110"/>
   <trkpt lat="46.9903120" lon="7.2276510"/>
   <trkpt lat="46.9903220" lon="7.2276960"/>
   <trkpt lat="46.9903320" lon="7.2277400"/>
   <trkpt lat="46.9903410" lon="7.2277840"/>
   <trkpt lat="46.9903460" lon="7.2278300"/>
   <trkpt lat="46.9903540" lon="7.2278690"/>
   <trkpt lat="46.9903660" lon="7.2279110"/>
   <trkpt lat="46.9903750" lon="7.2279500"/>
   <trkpt lat="46.9903880" lon="7.2279830"/>
   <trkpt lat="46.9903940" lon="7.2280230"/>
   <trkpt lat="46.9903980" lon="7.2280580"/>
   <trkpt lat="46.9904090" lon="7.2280960"/>
   <trkpt lat="46.9904180" lon="7.2281340"/>
   <trkpt lat="46.9904250" lon="7.2281710"/>
   <trkpt lat="46.9904290" lon="7.2282080"/>
   <trkpt lat="46.9904310" lon="7.2282460"/>
   <trkpt lat="46.9904340" lon="7.2282800"/>
   <trkpt lat="46.9904340" lon="7.2283310"/>
   <trkpt lat="46.9904310" lon="7.2283690"/>
   <trkpt lat="46.9904280" lon="7.2284150"/>
   <trkpt lat="46.9904240" lon="7.2284580"/>
   <trkpt lat="46.9904240" lon="7.2284890"/>
   <trkpt lat="46.9904260" lon="7.2285260"/>
   <trkpt lat="46.9904270" lon="7.2285610"/>
   <trkpt lat="46.9904310" lon="7.2285940"/>
   <trkpt lat="46.9904350" lon="7.2286350"/>
   <trkpt lat="46.9904380" lon="7.2286700"/>
   <trkpt lat="46.9904470" lon="7.2287040"/>
   <trkpt lat="46.9904560" lon="7.2287440"/>
   <trkpt lat="46.9904660" lon="7.2287720"/>
   <trkpt lat="46.9904760" lon="7.2288030"/>
   <trkpt lat="46.9904800" lon="7.2288360"/>
   <trkpt lat="46.9904850" lon="7.2288660"/>
   <trkpt lat="46.9904910" lon="7.2289000"/>
   <trkpt lat="46.9904910" lon="7.2289400"/>
   <trkpt lat="46.9905020" lon="7.2289690"/>
   <trkpt lat="46.9905190" lon="7.2290030"/>
   <trkpt lat="46.9905410" lon="7.2290350"/>
   <trkpt lat="46.9905650" lon="7.2290620"/>
   <trkpt lat="46.9905920" lon="7.2290880"/>
   <trkpt lat="46.9906160" lon="7.2291090"/>
   <trkpt lat="46.9906440" lon="7.2291310"/>
   <trkpt lat="46.9906700" lon="7.2291520"/>
   <trkpt lat="46.9906950" lon="7.2291690"/>
   <trkpt lat="46.9907220" lon="7.2291860"/>
   <trkpt lat="46.9907510" lon="7.2292040"/>
   <trkpt lat="46.9907790" lon="7.2292220"/>
   <trkpt lat="46.9908070" lon="7.2292410"/>
   <trkpt lat="46.9908320" lon="7.2292570"/>
   <trkpt lat="46.9908580" lon="7.2292780"/>
   <trkpt lat="46.9908850" lon="7.2293010"/>
   <trkpt lat="46.9909090" lon="7.2293210"/>
   <trkpt lat="46.9909350" lon="7.2293440"/>
   <trkpt lat="46.9909600" lon="7.2293660"/>
   <trkpt lat="46.9909860" lon="7.2293840"/>
   <trkpt lat="46.9910130" lon="7.2294040"/>
   <trkpt lat="46.9910350" lon="7.2294200"/>
   <trkpt lat="46.9910570" lon="7.2294350"/>
   <trkpt lat="46.9910830" lon="7.2294570"/>
   <trkpt lat="46.9911060" lon="7.2294740"/>
   <trkpt lat="46.9911300" lon="7.2294980"/>
   <trkpt lat="46.9911550" lon="7.2295210"/>
   <trkpt lat="46.9911810" lon="7.2295470"/>
   <trkpt lat="46.9912080" lon="7.2295740"/>
   <trkpt lat="46.9912310" lon="7.2295910"/>
   <trkpt lat="46.9912570" lon="7.2296110"/>
   <trkpt lat="46.9912830" lon="7.2296330"/>
   <trkpt lat="46.9913110" lon="7.2296540"/>
   <trkpt lat="46.9913380" lon="7.2296810"/>
   <trkpt lat="46.9913640" lon="7.2297050"/>
   <trkpt lat="46.9913940" lon="7.2297290"/>
   <trkpt lat="46.9914190" lon="7.2297470"/>
   <trkpt lat="46.9914500" lon="7.2297660"/>
   <trkpt lat="46.9914780" lon="7.2297850"/>
   <trkpt lat="46.9915020" lon="7.2298040"/>
   <trkpt lat="46.9915310" lon="7.2298290"/>
   <trkpt lat="46.9915540" lon="7.2298470"/>
   <trkpt lat="46.9915780" lon="7.2298680"/>
   <trkpt lat="46.9916040" lon="7.2298920"/>
   <trkpt lat="46.9916300" lon="7.2299120"/>
   <trkpt lat="46.9916600" lon="7.2299330"/>
   <trkpt lat="46.9916830" lon="7.2299530"/>
   <trkpt lat="46.9917090" lon="7.2299790"/>
   <trkpt lat="46.9917360" lon="7.2300010"/>
   <trkpt lat="46.9917630" lon="7.2300200"/>
   <trkpt lat="46.9917960" lon="7.2300430"/>
   <trkpt lat="46.9918230" lon="7.2300570"/>
   <trkpt lat="46.9918530" lon="7.2300800"/>
   <trkpt lat="46.9918740" lon="7.2301100"/>
   <trkpt lat="46.9918840" lon="7.2301540"/>
   <trkpt lat="46.9918770" lon="7.2302040"/>
   <trkpt lat="46.9918590" lon="7.2302400"/>
   <trkpt lat="46.9918380" lon="7.2302750"/>
   <trkpt lat="46.9918140" lon="7.2303050"/>
   <trkpt lat="46.9917890" lon="7.2303430"/>
   <trkpt lat="46.9917590" lon="7.2303710"/>
   <trkpt lat="46.9917310" lon="7.2304010"/>
   <trkpt lat="46.9917000" lon="7.2304310"/>
   <trkpt lat="46.9916720" lon="7.2304580"/>
   <trkpt lat="46.9916440" lon="7.2304860"/>
   <trkpt lat="46.9916150" lon="7.2305130"/>
   <trkpt lat="46.9915870" lon="7.2305380"/>
   <trkpt lat="46.9915580" lon="7.2305620"/>
   <trkpt lat="46.9915320" lon="7.2305850"/>
   <trkpt lat="46.9915070" lon="7.2306090"/>
   <trkpt lat="46.9914830" lon="7.2306340"/>
   <trkpt lat="46.9914580" lon="7.2306580"/>
   <trkpt lat="46.9914310" lon="7.2306840"/>
   <trkpt lat="46.9914060" lon="7.2307060"/>
   <trkpt lat="46.9913780" lon="7.2307300"/>
   <trkpt lat="46.9913480" lon="7.2307550"/>
   <trkpt lat="46.9913230" lon="7.2307780"/>
   <trkpt lat="46.9912950" lon="7.2308020"/>
   <trkpt lat="46.9912680" lon="7.2308240"/>
   <trkpt lat="46.9912420" lon="7.2308470"/>
   <trkpt lat="46.9912130" lon="7.2308660"/>
   <trkpt lat="46.9911850" lon="7.2308820"/>
   <trkpt lat="46.9911530" lon="7.2308970"/>
   <trkpt lat="46.9911220" lon="7.2309070"/>
   <trkpt lat="46.9910890" lon="7.2309200"/>
   <trkpt lat="46.9910550" lon="7.2309240"/>
   <trkpt lat="46.9910220" lon="7.2309280"/>
   <trkpt lat="46.9909870" lon="7.2309290"/>
   <trkpt lat="46.9909520" lon="7.2309250"/>
   <trkpt lat="46.9909220" lon="7.2309240"/>
   <trkpt lat="46.9908890" lon="7.2309210"/>
   <trkpt lat="46.9908570" lon="7.2309200"/>
   <trkpt lat="46.9908230" lon="7.2309230"/>
   <trkpt lat="46.9907890" lon="7.2309200"/>
   <trkpt lat="46.9907580" lon="7.2309320"/>
   <trkpt lat="46.9907270" lon="7.2309480"/>
   <trkpt lat="46.9906990" lon="7.2309650"/>
   <trkpt lat="46.9906800" lon="7.2309970"/>
   <trkpt lat="46.9906550" lon="7.2310330"/>
   <trkpt lat="46.9906410" lon="7.2310720"/>
   <trkpt lat="46.9906250" lon="7.2311190"/>
   <trkpt lat="46.9906130" lon="7.2311590"/>
   <trkpt lat="46.9906010" lon="7.2312100"/>
   <trkpt lat="46.9905910" lon="7.2312590"/>
   <trkpt lat="46.9905810" lon="7.2313050"/>
   <trkpt lat="46.9905710" lon="7.2313530"/>
   <trkpt lat="46.9905660" lon="7.2313950"/>
   <trkpt lat="46.9905610" lon="7.2314430"/>
   <trkpt lat="46.9905550" lon="7.2314870"/>
   <trkpt lat="46.9905480" lon="7.2315340"/>
   <trkpt lat="46.9905410" lon="7.2315930"/>
   <trkpt lat="46.9905360" lon="7.2316300"/>
   <trkpt lat="46.9905330" lon="7.2316810"/>
   <trkpt lat="46.9905280" lon="7.2317250"/>
   <trkpt lat="46.9905230" lon="7.2317680"/>
   <trkpt lat="46.9905180" lon="7.2318180"/>
   <trkpt lat="46.9905110" lon="7.2318570"/>
   <trkpt lat="46.9905060" lon="7.2319030"/>
   <trkpt lat="46.9905020" lon="7.2319480"/>
   <trkpt lat="46.9904990" lon="7.2319920"/>
   <trkpt lat="46.9904950" lon="7.2320450"/>
   <trkpt lat="46.9904900" lon="7.2320910"/>
   <trkpt lat="46.9904850" lon="7.2321390"/>
   <trkpt lat="46.9904770" lon="7.2321860"/>
   <trkpt lat="46.9904750" lon="7.2322250"/>
   <trkpt lat="46.9904690" lon="7.2322750"/>
   <trkpt lat="46.9904600" lon="7.2323160"/>
   <trkpt lat="46.9904530" lon="7.2323650"/>
   <trkpt lat="46.9904470" lon="7.2324120"/>
   <trkpt lat="46.9904420" lon="7.2324570"/>
   <trkpt lat="46.9904370" lon="7.2325050"/>
   <trkpt lat="46.9904320" lon="7.2325460"/>
   <trkpt lat="46.9904280" lon="7.2325890"/>
   <trkpt lat="46.9904240" lon="7.2326340"/>
   <trkpt lat="46.9904190" lon="7.2326770"/>
   <trkpt lat="46.9904130" lon="7.2327280"/>
   <trkpt lat="46.9904080" lon="7.2327700"/>
   <trkpt lat="46.9904030" lon="7.2328180"/>
   <trkpt lat="46.9903980" lon="7.2328680"/>
   <trkpt lat="46.9903940" lon="7.2329130"/>
   <trkpt lat="46.9903880" lon="7.2329610"/>
   <trkpt lat="46.9903830" lon="7.2330080"/>
   <trkpt lat="46.9903790" lon="7.2330510"/>
   <trkpt lat="46.9903730" lon="7.2330970"/>
   <trkpt lat="46.9903680" lon="7.2331450"/>
   <trkpt lat="46.9903620" lon="7.2331970"/>
   <trkpt lat="46.9903580" lon="7.2332450"/>
   <trkpt lat="46.9903510" lon="7.2332880"/>
   <trkpt lat="46.9903400" lon="7.2333310"/>
   <trkpt lat="46.9903300" lon="7.2333760"/>
   <trkpt lat="46.9903170" lon="7.2334240"/>
   <trkpt lat="46.9903030" lon="7.2334640"/>
   <trkpt lat="46.9902870" lon="7.2335080"/>
   <trkpt lat="46.9902690" lon="7.2335520"/>
   <trkpt lat="46.9902510" lon="7.2335940"/>
   <trkpt lat="46.9902320" lon="7.2336370"/>
   <trkpt lat="46.9902140" lon="7.2336800"/>
   <trkpt lat="46.9901890" lon="7.2337220"/>
   <trkpt lat="46.9901610" lon="7.2337590"/>
   <trkpt lat="46.9901370" lon="7.2337950"/>
   <trkpt lat="46.9901120" lon="7.2338310"/>
   <trkpt lat="46.9900880" lon="7.2338690"/>
   <trkpt lat="46.9900650" lon="7.2339100"/>
   <trkpt lat="46.9900370" lon="7.2339390"/>
   <trkpt lat="46.9900140" lon="7.2339730"/>
   <trkpt lat="46.9899890" lon="7.2340090"/>
   <trkpt lat="46.9899670" lon="7.2340420"/>
   <trkpt lat="46.9899420" lon="7.2340810"/>
   <trkpt lat="46.9899190" lon="7.2341150"/>
   <trkpt lat="46.9898950" lon="7.2341490"/>
   <trkpt lat="46.9898670" lon="7.2341780"/>
   <trkpt lat="46.9898380" lon="7.2342090"/>
   <trkpt lat="46.9898110" lon="7.2342410"/>
   <trkpt lat="46.9897900" lon="7.2342690"/>
   <trkpt lat="46.9897670" lon="7.2342980"/>
   <trkpt lat="46.9897400" lon="7.2343310"/>
   <trkpt lat="46.9897160" lon="7.2343640"/>
   <trkpt lat="46.9896880" lon="7.2344000"/>
   <trkpt lat="46.9896600" lon="7.2344340"/>
   <trkpt lat="46.9896340" lon="7.2344680"/>
   <trkpt lat="46.9896050" lon="7.2344970"/>
   <trkpt lat="46.9895790" lon="7.2345260"/>
   <trkpt lat="46.9895520" lon="7.2345570"/>
   <trkpt lat="46.9895300" lon="7.2345850"/>
   <trkpt lat="46.9895050" lon="7.2346160"/>
   <trkpt lat="46.9894790" lon="7.2346440"/>
   <trkpt lat="46.9894530" lon="7.2346720"/>
   <trkpt lat="46.9894280" lon="7.2346990"/>
   <trkpt lat="46.9894010" lon="7.2347250"/>
   <trkpt lat="46.9893760" lon="7.2347550"/>
   <trkpt lat="46.9893470" lon="7.2347890"/>
   <trkpt lat="46.9893220" lon="7.2348180"/>
   <trkpt lat="46.9892960" lon="7.2348470"/>
   <trkpt lat="46.9892700" lon="7.2348750"/>
   <trkpt lat="46.9892480" lon="7.2349020"/>
   <trkpt lat="46.9892240" lon="7.2349330"/>
   <trkpt lat="46.9891970" lon="7.2349630"/>
   <trkpt lat="46.9891730" lon="7.2349960"/>
   <trkpt lat="46.9891490" lon="7.2350230"/>
   <trkpt lat="46.9891280" lon="7.2350510"/>
   <trkpt lat="46.9891090" lon="7.2350800"/>
   <trkpt lat="46.9890840" lon="7.2351100"/>
   <trkpt lat="46.9890590" lon="7.2351430"/>
   <trkpt lat="46.9890350" lon="7.2351720"/>
   <trkpt lat="46.9890140" lon="7.2351990"/>
   <trkpt lat="46.9889880" lon="7.2352310"/>
   <trkpt lat="46.9889630" lon="7.2352610"/>
   <trkpt lat="46.9889380" lon="7.2352920"/>
   <trkpt lat="46.9889120" lon="7.2353220"/>
   <trkpt lat="46.9888870" lon="7.2353500"/>
   <trkpt lat="46.9888630" lon="7.2353820"/>
   <trkpt lat="46.9888410" lon="7.2354100"/>
   <trkpt lat="46.9888200" lon="7.2354410"/>
   <trkpt lat="46.9888010" lon="7.2354730"/>
   <trkpt lat="46.9887790" lon="7.2355000"/>
   <trkpt lat="46.9887600" lon="7.2355260"/>
   <trkpt lat="46.9887390" lon="7.2355510"/>
   <trkpt lat="46.9887180" lon="7.2355780"/>
   <trkpt lat="46.9886950" lon="7.2356090"/>
   <trkpt lat="46.9886710" lon="7.2356400"/>
   <trkpt lat="46.9886490" lon="7.2356710"/>
   <trkpt lat="46.9886300" lon="7.2357010"/>
   <trkpt lat="46.9886070" lon="7.2357300"/>
   <trkpt lat="46.9885860" lon="7.2357610"/>
   <trkpt lat="46.9885600" lon="7.2357920"/>
   <trkpt lat="46.9885390" lon="7.2358220"/>
   <trkpt lat="46.9885170" lon="7.2358500"/>
   <trkpt lat="46.9884930" lon="7.2358780"/>
   <trkpt lat="46.9884710" lon="7.2359110"/>
   <trkpt lat="46.9884450" lon="7.2359460"/>
   <trkpt lat="46.9884210" lon="7.2359800"/>
   <trkpt lat="46.9883940" lon="7.2360140"/>
   <trkpt lat="46.9883700" lon="7.2360440"/>
   <trkpt lat="46.9883480" lon="7.2360730"/>
   <trkpt lat="46.9883250" lon="7.2361050"/>
   <trkpt lat="46.9883020" lon="7.2361360"/>
   <trkpt lat="46.9882790" lon="7.2361690"/>
   <trkpt lat="46.9882550" lon="7.2361990"/>
   <trkpt lat="46.9882330" lon="7.2362320"/>
   <trkpt lat="46.9882090" lon="7.2362660"/>
   <trkpt lat="46.9881860" lon="7.2362950"/>
   <trkpt lat="46.9881600" lon="7.2363270"/>
   <trkpt lat="46.9881340" lon="7.2363580"/>
   <trkpt lat="46.9881090" lon="7.2363890"/>
   <trkpt lat="46.9880840" lon="7.2364200"/>
   <trkpt lat="46.9880580" lon="7.2364500"/>
   <trkpt lat="46.9880360" lon="7.2364820"/>
   <trkpt lat="46.9880120" lon="7.2365090"/>
   <trkpt lat="46.9879900" lon="7.2365370"/>
   <trkpt lat="46.9879670" lon="7.2365700"/>
   <trkpt lat="46.9879430" lon="7.2366000"/>
   <trkpt lat="46.9879200" lon="7.2366300"/>
   <trkpt lat="46.9878950" lon="7.2366570"/>
   <trkpt lat="46.9878760" lon="7.2366840"/>
   <trkpt lat="46.9878560" lon="7.2367130"/>
   <trkpt lat="46.9878340" lon="7.2367350"/>
   <trkpt lat="46.9878120" lon="7.2367580"/>
   <trkpt lat="46.9877830" lon="7.2367820"/>
   <trkpt lat="46.9877550" lon="7.2368020"/>
   <trkpt lat="46.9877260" lon="7.2368230"/>
   <trkpt lat="46.9876950" lon="7.2368390"/>
   <trkpt lat="46.9876680" lon="7.2368580"/>
   <trkpt lat="46.9876410" lon="7.2368710"/>
   <trkpt lat="46.9876150" lon="7.2368840"/>
   <trkpt lat="46.9875910" lon="7.2369000"/>
   <trkpt lat="46.9875630" lon="7.2369160"/>
   <trkpt lat="46.9875330" lon="7.2369290"/>
   <trkpt lat="46.9875070" lon="7.2369450"/>
   <trkpt lat="46.9874800" lon="7.2369620"/>
   <trkpt lat="46.9874530" lon="7.2369800"/>
   <trkpt lat="46.9874250" lon="7.2370000"/>
   <trkpt lat="46.9873970" lon="7.2370180"/>
   <trkpt lat="46.9873690" lon="7.2370290"/>
   <trkpt lat="46.9873370" lon="7.2370420"/>
   <trkpt lat="46.9873070" lon="7.2370590"/>
   <trkpt lat="46.9872750" lon="7.2370770"/>
   <trkpt lat="46.9872460" lon="7.2370900"/>
   <trkpt lat="46.9872210" lon="7.2371030"/>
   <trkpt lat="46.9871950" lon="7.2371150"/>
   <trkpt lat="46.9871690" lon="7.2371260"/>
   <trkpt lat="46.9871430" lon="7.2371400"/>
   <trkpt lat="46.9871160" lon="7.2371560"/>
   <trkpt lat="46.9870910" lon="7.2371690"/>
   <trkpt lat="46.9870640" lon="7.2371800"/>
   <trkpt lat="46.9870370" lon="7.2371890"/>
   <trkpt lat="46.9870110" lon="7.2372030"/>
   <trkpt lat="46.9869810" lon="7.2372210"/>
   <trkpt lat="46.9869520" lon="7.2372330"/>
   <trkpt lat="46.9869230" lon="7.2372500"/>
   <trkpt lat="46.9868910" lon="7.2372640"/>
   <trkpt lat="46.9868630" lon="7.2372760"/>
   <trkpt lat="46.9868330" lon="7.2372890"/>
   <trkpt lat="46.9868060" lon="7.2372980"/>
   <trkpt lat="46.9867800" lon="7.2373110"/>
   <trkpt lat="46.9867530" lon="7.2373240"/>
   <trkpt lat="46.9867270" lon="7.2373360"/>
   <trkpt lat="46.9866990" lon="7.2373520"/>
   <trkpt lat="46.9866730" lon="7.2373630"/>
   <trkpt lat="46.9866470" lon="7.2373760"/>
   <trkpt lat="46.9866190" lon="7.2373910"/>
   <trkpt lat="46.9865890" lon="7.2374010"/>
   <trkpt lat="46.9865610" lon="7.2374130"/>
   <trkpt lat="46.9865330" lon="7.2374250"/>
   <trkpt lat="46.9865050" lon="7.2374410"/>
   <trkpt lat="46.9864780" lon="7.2374560"/>
   <trkpt lat="46.9864480" lon="7.2374670"/>
   <trkpt lat="46.9864220" lon="7.2374800"/>
   <trkpt lat="46.9863950" lon="7.2374920"/>
   <trkpt lat="46.9863670" lon="7.2375030"/>
   <trkpt lat="46.9863380" lon="7.2375180"/>
   <trkpt lat="46.9863090" lon="7.2375400"/>
   <trkpt lat="46.9862840" lon="7.2375680"/>
   <trkpt lat="46.9862620" lon="7.2376010"/>
   <trkpt lat="46.9862420" lon="7.2376370"/>
   <trkpt lat="46.9862450" lon="7.2376850"/>
   <trkpt lat="46.9862420" lon="7.2377320"/>
   <trkpt lat="46.9862400" lon="7.2377720"/>
   <trkpt lat="46.9862370" lon="7.2378100"/>
   <trkpt lat="46.9862330" lon="7.2378460"/>
   <trkpt lat="46.9862290" lon="7.2378900"/>
   <trkpt lat="46.9862250" lon="7.2379400"/>
   <trkpt lat="46.9862240" lon="7.2379780"/>
   <trkpt lat="46.9862210" lon="7.2380270"/>
   <trkpt lat="46.9862160" lon="7.2380690"/>
   <trkpt lat="46.9862220" lon="7.2381110"/>
   <trkpt lat="46.9862200" lon="7.2381580"/>
   <trkpt lat="46.9862190" lon="7.2382010"/>
   <trkpt lat="46.9862180" lon="7.2382510"/>
   <trkpt lat="46.9862150" lon="7.2382960"/>
   <trkpt lat="46.9862130" lon="7.2383370"/>
   <trkpt lat="46.9862110" lon="7.2383800"/>
   <trkpt lat="46.9862080" lon="7.2384190"/>
   <trkpt lat="46.9862070" lon="7.2384580"/>
   <trkpt lat="46.9862040" lon="7.2384990"/>
   <trkpt lat="46.9861990" lon="7.2385340"/>
   <trkpt lat="46.9861980" lon="7.2385710"/>
   <trkpt lat="46.9861960" lon="7.2386080"/>
   <trkpt lat="46.9861960" lon="7.2386440"/>
   <trkpt lat="46.9861920" lon="7.2386850"/>
   <trkpt lat="46.9861950" lon="7.2387250"/>
   <trkpt lat="46.9861950" lon="7.2387660"/>
   <trkpt lat="46.9861900" lon="7.2388060"/>
   <trkpt lat="46.9861800" lon="7.2388460"/>
   <trkpt lat="46.9861700" lon="7.2388760"/>
   <trkpt lat="46.9861570" lon="7.2389040"/>
   <trkpt lat="46.9861330" lon="7.2389200"/>
   <trkpt lat="46.9861040" lon="7.2389270"/>
   <trkpt lat="46.9860680" lon="7.2389310"/>
   <trkpt lat="46.9860340" lon="7.2389370"/>
   <trkpt lat="46.9859990" lon="7.2389400"/>
   <trkpt lat="46.9859600" lon="7.2389360"/>
   <trkpt lat="46.9859280" lon="7.2389340"/>
   <trkpt lat="46.9858940" lon="7.2389300"/>
   <trkpt lat="46.9858650" lon="7.2389240"/>
   <trkpt lat="46.9858340" lon="7.2389190"/>
   <trkpt lat="46.9858010" lon="7.2389100"/>
   <trkpt lat="46.9857710" lon="7.2388980"/>
   <trkpt lat="46.9857390" lon="7.2388910"/>
   <trkpt lat="46.9857130" lon="7.2388800"/>
   <trkpt lat="46.9856880" lon="7.2388750"/>
   <trkpt lat="46.9856590" lon="7.2388680"/>
   <trkpt lat="46.9856300" lon="7.2388660"/>
   <trkpt lat="46.9856000" lon="7.2388660"/>
   <trkpt lat="46.9855690" lon="7.2388630"/>
   <trkpt lat="46.9855380" lon="7.2388630"/>
   <trkpt lat="46.9855090" lon="7.2388690"/>
   <trkpt lat="46.9854810" lon="7.2388770"/>
   <trkpt lat="46.9854510" lon="7.2388900"/>
   <trkpt lat="46.9854180" lon="7.2389080"/>
   <trkpt lat="46.9853830" lon="7.2389330"/>
   <trkpt lat="46.9853500" lon="7.2389550"/>
   <trkpt lat="46.9853220" lon="7.2389810"/>
   <trkpt lat="46.9852970" lon="7.2390100"/>
   <trkpt lat="46.9852750" lon="7.2390410"/>
   <trkpt lat="46.9852570" lon="7.2390770"/>
   <trkpt lat="46.9852430" lon="7.2391220"/>
   <trkpt lat="46.9852310" lon="7.2391680"/>
   <trkpt lat="46.9852230" lon="7.2392160"/>
   <trkpt lat="46.9852180" lon="7.2392540"/>
   <trkpt lat="46.9852150" lon="7.2392970"/>
   <trkpt lat="46.9852150" lon="7.2393460"/>
   <trkpt lat="46.9852170" lon="7.2393840"/>
   <trkpt lat="46.9852210" lon="7.2394340"/>
   <trkpt lat="46.9852240" lon="7.2394780"/>
   <trkpt lat="46.9852290" lon="7.2395160"/>
   <trkpt lat="46.9852340" lon="7.2395600"/>
   <trkpt lat="46.9852410" lon="7.2395990"/>
   <trkpt lat="46.9852470" lon="7.2396470"/>
   <trkpt lat="46.9852590" lon="7.2396890"/>
   <trkpt lat="46.9852620" lon="7.2397270"/>
   <trkpt lat="46.9852670" lon="7.2397690"/>
   <trkpt lat="46.9852740" lon="7.2398110"/>
   <trkpt lat="46.9852810" lon="7.2398560"/>
   <trkpt lat="46.9852940" lon="7.2399030"/>
   <trkpt lat="46.9853040" lon="7.2399450"/>
   <trkpt lat="46.9853200" lon="7.2399910"/>
   <trkpt lat="46.9853370" lon="7.2400270"/>
   <trkpt lat="46.9853500" lon="7.2400770"/>
   <trkpt lat="46.9853620" lon="7.2401210"/>
   <trkpt lat="46.9853730" lon="7.2401620"/>
   <trkpt lat="46.9853840" lon="7.2402070"/>
   <trkpt lat="46.9853920" lon="7.2402500"/>
   <trkpt lat="46.9854010" lon="7.2402950"/>
   <trkpt lat="46.9854110" lon="7.2403380"/>
   <trkpt lat="46.9854190" lon="7.2403770"/>
   <trkpt lat="46.9854290" lon="7.2404190"/>
   <trkpt lat="46.9854410" lon="7.2404590"/>
   <trkpt lat="46.9854520" lon="7.2405090"/>
   <trkpt lat="46.9854650" lon="7.2405550"/>
   <trkpt lat="46.9854790" lon="7.2406020"/>
   <trkpt lat="46.9854910" lon="7.2406490"/>
   <trkpt lat="46.9855050" lon="7.2406900"/>
   <trkpt lat="46.9855190" lon="7.2407360"/>
   <trkpt lat="46.9855340" lon="7.2407760"/>
   <trkpt lat="46.9855480" lon="7.2408160"/>
   <trkpt lat="46.9855620" lon="7.2408650"/>
   <trkpt lat="46.9855740" lon="7.2409070"/>
   <trkpt lat="46.9855890" lon="7.2409490"/>
   <trkpt lat="46.9856030" lon="7.2409900"/>
   <trkpt lat="46.9856180" lon="7.2410280"/>
   <trkpt lat="46.9856330" lon="7.2410700"/>
   <trkpt lat="46.9856490" lon="7.2411120"/>
   <trkpt lat="46.9856670" lon="7.2411540"/>
   <trkpt lat="46.9856840" lon="7.2411990"/>
   <trkpt lat="46.9856980" lon="7.2412360"/>
   <trkpt lat="46.9857140" lon="7.2412780"/>
   <trkpt lat="46.9857280" lon="7.2413220"/>
   <trkpt lat="46.9857430" lon="7.2413640"/>
   <trkpt lat="46.9857550" lon="7.2414130"/>
   <trkpt lat="46.9857660" lon="7.2414580"/>
   <trkpt lat="46.9857800" lon="7.2415010"/>
   <trkpt lat="46.9857900" lon="7.2415460"/>
   <trkpt lat="46.9857960" lon="7.2415960"/>
   <trkpt lat="46.9857990" lon="7.2416430"/>
   <trkpt lat="46.9857970" lon="7.2416860"/>
   <trkpt lat="46.9857960" lon="7.2417290"/>
   <trkpt lat="46.9857950" lon="7.2417780"/>
   <trkpt lat="46.9857930" lon="7.2418230"/>
   <trkpt lat="46.9857870" lon="7.2418670"/>
   <trkpt lat="46.9857690" lon="7.2419090"/>
   <trkpt lat="46.9857410" lon="7.2419400"/>
   <trkpt lat="46.9857050" lon="7.2419620"/>
   <trkpt lat="46.9856620" lon="7.2419700"/>
   <trkpt lat="46.9856260" lon="7.2419620"/>
   <trkpt lat="46.9855880" lon="7.2419370"/>
   <trkpt lat="46.9855580" lon="7.2419080"/>
   <trkpt lat="46.9855310" lon="7.2418690"/>
   <trkpt lat="46.9855100" lon="7.2418280"/>
   <trkpt lat="46.9854900" lon="7.2417850"/>
   <trkpt lat="46.9854720" lon="7.2417340"/>
   <trkpt lat="46.9854550" lon="7.2416880"/>
   <trkpt lat="46.9854370" lon="7.2416430"/>
   <trkpt lat="46.9854200" lon="7.2415990"/>
   <trkpt lat="46.9854020" lon="7.2415620"/>
   <trkpt lat="46.9853840" lon="7.2415240"/>
   <trkpt lat="46.9853630" lon="7.2414910"/>
   <trkpt lat="46.9853460" lon="7.2414460"/>
   <trkpt lat="46.9853320" lon="7.2414030"/>
   <trkpt lat="46.9853160" lon="7.2413650"/>
   <trkpt lat="46.9853020" lon="7.2413250"/>
   <trkpt lat="46.9852860" lon="7.2412890"/>
   <trkpt lat="46.9852700" lon="7.2412530"/>
   <trkpt lat="46.9852550" lon="7.2412130"/>
   <trkpt lat="46.9852370" lon="7.2411670"/>
   <trkpt lat="46.9852200" lon="7.2411250"/>
   <trkpt lat="46.9852070" lon="7.2410880"/>
   <trkpt lat="46.9851930" lon="7.2410500"/>
   <trkpt lat="46.9851800" lon="7.2410140"/>
   <trkpt lat="46.9851640" lon="7.2409710"/>
   <trkpt lat="46.9851470" lon="7.2409310"/>
   <trkpt lat="46.9851340" lon="7.2408920"/>
   <trkpt lat="46.9851210" lon="7.2408490"/>
   <trkpt lat="46.9851090" lon="7.2408040"/>
   <trkpt lat="46.9850950" lon="7.2407610"/>
   <trkpt lat="46.9850840" lon="7.2407140"/>
   <trkpt lat="46.9850740" lon="7.2406710"/>
   <trkpt lat="46.9850640" lon="7.2406220"/>
   <trkpt lat="46.9850570" lon="7.2405780"/>
   <trkpt lat="46.9850470" lon="7.2405310"/>
   <trkpt lat="46.9850390" lon="7.2404830"/>
   <trkpt lat="46.9850320" lon="7.2404450"/>
   <trkpt lat="46.9850250" lon="7.2403980"/>
   <trkpt lat="46.9850190" lon="7.2403580"/>
   <trkpt lat="46.9850100" lon="7.2403120"/>
   <trkpt lat="46.9850000" lon="7.2402690"/>
   <trkpt lat="46.9849900" lon="7.2402280"/>
   <trkpt lat="46.9849800" lon="7.2401780"/>
   <trkpt lat="46.9849730" lon="7.2401350"/>
   <trkpt lat="46.9849640" lon="7.2400880"/>
   <trkpt lat="46.9849590" lon="7.2400400"/>
   <trkpt lat="46.9849560" lon="7.2399920"/>
   <trkpt lat="46.9849550" lon="7.2399410"/>
   <trkpt lat="46.9849560" lon="7.2399010"/>
   <trkpt lat="46.9849550" lon="7.2398570"/>
   <trkpt lat="46.9849540" lon="7.2398100"/>
   <trkpt lat="46.9849520" lon="7.2397670"/>
   <trkpt lat="46.9849490" lon="7.2397210"/>
   <trkpt lat="46.9849480" lon="7.2396780"/>
   <trkpt lat="46.9849480" lon="7.2396300"/>
   <trkpt lat="46.9849480" lon="7.2395830"/>
   <trkpt lat="46.9849460" lon="7.2395330"/>
   <trkpt lat="46.9849450" lon="7.2394860"/>
   <trkpt lat="46.9849440" lon="7.2394420"/>
   <trkpt lat="46.9849430" lon="7.2393850"/>
   <trkpt lat="46.9849400" lon="7.2393380"/>
   <trkpt lat="46.9849340" lon="7.2392900"/>
   <trkpt lat="46.9849290" lon="7.2392400"/>
   <trkpt lat="46.9849230" lon="7.2391980"/>
   <trkpt lat="46.9849180" lon="7.2391470"/>
   <trkpt lat="46.9849130" lon="7.2391020"/>
   <trkpt lat="46.9849050" lon="7.2390590"/>
   <trkpt lat="46.9849020" lon="7.2390080"/>
   <trkpt lat="46.9848970" lon="7.2389690"/>
   <trkpt lat="46.9848920" lon="7.2389200"/>
   <trkpt lat="46.9848900" lon="7.2388730"/>
   <trkpt lat="46.9848850" lon="7.2388380"/>
   <trkpt lat="46.9848770" lon="7.2387890"/>
   <trkpt lat="46.9848690" lon="7.2387420"/>
   <trkpt lat="46.9848610" lon="7.2386970"/>
   <trkpt lat="46.9848520" lon="7.2386480"/>
   <trkpt lat="46.9848460" lon="7.2386050"/>
   <trkpt lat="46.9848390" lon="7.2385640"/>
   <trkpt lat="46.9848330" lon="7.2385130"/>
   <trkpt lat="46.9848300" lon="7.2384740"/>
   <trkpt lat="46.9848260" lon="7.2384220"/>
   <trkpt lat="46.9848240" lon="7.2383720"/>
   <trkpt lat="46.9848190" lon="7.2383230"/>
   <trkpt lat="46.9848150" lon="7.2382690"/>
   <trkpt lat="46.9848150" lon="7.2382190"/>
   <trkpt lat="46.9848130" lon="7.2381640"/>
   <trkpt lat="46.9848110" lon="7.2381220"/>
   <trkpt lat="46.9848060" lon="7.2380800"/>
   <trkpt lat="46.9848020" lon="7.2380330"/>
   <trkpt lat="46.9847970" lon="7.2379900"/>
   <trkpt lat="46.9847910" lon="7.2379440"/>
   <trkpt lat="46.9847850" lon="7.2378930"/>
   <trkpt lat="46.9847790" lon="7.2378420"/>
   <trkpt lat="46.9847740" lon="7.2377890"/>
   <trkpt lat="46.9847690" lon="7.2377380"/>
   <trkpt lat="46.9847650" lon="7.2376950"/>
   <trkpt lat="46.9847570" lon="7.2376440"/>
   <trkpt lat="46.9847510" lon="7.2375980"/>
   <trkpt lat="46.9847440" lon="7.2375480"/>
   <trkpt lat="46.9847370" lon="7.2375000"/>
   <trkpt lat="46.9847310" lon="7.2374560"/>
   <trkpt lat="46.9847230" lon="7.2374060"/>
   <trkpt lat="46.9847170" lon="7.2373570"/>
   <trkpt lat="46.9847100" lon="7.2373100"/>
   <trkpt lat="46.9847050" lon="7.2372600"/>
   <trkpt lat="46.9847000" lon="7.2372190"/>
   <trkpt lat="46.9846940" lon="7.2371670"/>
   <trkpt lat="46.9846880" lon="7.2371210"/>
   <trkpt lat="46.9846820" lon="7.2370780"/>
   <trkpt lat="46.9846750" lon="7.2370290"/>
   <trkpt lat="46.9846680" lon="7.2369850"/>
   <trkpt lat="46.9846600" lon="7.2369340"/>
   <trkpt lat="46.9846540" lon="7.2368840"/>
   <trkpt lat="46.9846470" lon="7.2368360"/>
   <trkpt lat="46.9846410" lon="7.2367860"/>
   <trkpt lat="46.9846370" lon="7.2367430"/>
   <trkpt lat="46.9846320" lon="7.2366900"/>
   <trkpt lat="46.9846280" lon="7.2366430"/>
   <trkpt lat="46.9846210" lon="7.2365930"/>
   <trkpt lat="46.9846150" lon="7.2365410"/>
   <trkpt lat="46.9846090" lon="7.2364980"/>
   <trkpt lat="46.9846040" lon="7.2364490"/>
   <trkpt lat="46.9846030" lon="7.2363990"/>
   <trkpt lat="46.9845990" lon="7.2363500"/>
   <trkpt lat="46.9845980" lon="7.2363010"/>
   <trkpt lat="46.9845960" lon="7.2362540"/>
   <trkpt lat="46.9845920" lon="7.2362010"/>
   <trkpt lat="46.9845870" lon="7.2361500"/>
   <trkpt lat="46.9845790" lon="7.2361070"/>
   <trkpt lat="46.9845730" lon="7.2360600"/>
   <trkpt lat="46.9845690" lon="7.2360190"/>
   <trkpt lat="46.9845640" lon="7.2359740"/>
   <trkpt lat="46.9845600" lon="7.2359260"/>
   <trkpt lat="46.9845560" lon="7.2358810"/>
   <trkpt lat="46.9845530" lon="7.2358300"/>
   <trkpt lat="46.9845530" lon="7.2357830"/>
   <trkpt lat="46.9845520" lon="7.2357390"/>
   <trkpt lat="46.9845510" lon="7.2356950"/>
   <trkpt lat="46.9845460" lon="7.2356460"/>
   <trkpt lat="46.9845400" lon="7.2355980"/>
   <trkpt lat="46.9845330" lon="7.2355560"/>
   <trkpt lat="46.9845230" lon="7.2355020"/>
   <trkpt lat="46.9845160" lon="7.2354530"/>
   <trkpt lat="46.9845080" lon="7.2354100"/>
   <trkpt lat="46.9845040" lon="7.2353660"/>
   <trkpt lat="46.9844980" lon="7.2353230"/>
   <trkpt lat="46.9844950" lon="7.2352780"/>
   <trkpt lat="46.9844920" lon="7.2352360"/>
   <trkpt lat="46.9844840" lon="7.2351900"/>
   <trkpt lat="46.9844750" lon="7.2351420"/>
   <trkpt lat="46.9844650" lon="7.2350990"/>
   <trkpt lat="46.9844550" lon="7.2350500"/>
   <trkpt lat="46.9844450" lon="7.2350070"/>
   <trkpt lat="46.9844340" lon="7.2349600"/>
   <trkpt lat="46.9844240" lon="7.2349170"/>
   <trkpt lat="46.9844160" lon="7.2348730"/>
   <trkpt lat="46.9844060" lon="7.2348290"/>
   <trkpt lat="46.9843970" lon="7.2347880"/>
   <trkpt lat="46.9843860" lon="7.2347500"/>
   <trkpt lat="46.9843730" lon="7.2347130"/>
   <trkpt lat="46.9843620" lon="7.2346790"/>
   <trkpt lat="46.9843460" lon="7.2346390"/>
   <trkpt lat="46.9843310" lon="7.2345970"/>
   <trkpt lat="46.9843170" lon="7.2345580"/>
   <trkpt lat="46.9843050" lon="7.2345120"/>
   <trkpt lat="46.9842990" lon="7.2344700"/>
   <trkpt lat="46.9842940" lon="7.2344240"/>
   <trkpt lat="46.9842940" lon="7.2343760"/>
   <trkpt lat="46.9842970" lon="7.2343360"/>
   <trkpt lat="46.9843050" lon="7.2342910"/>
   <trkpt lat="46.9843160" lon="7.2342520"/>
   <trkpt lat="46.9843250" lon="7.2342130"/>
   <trkpt lat="46.9843350" lon="7.2341710"/>
   <trkpt lat="46.9843450" lon="7.2341300"/>
   <trkpt lat="46.9843530" lon="7.2340900"/>
   <trkpt lat="46.9843630" lon="7.2340480"/>
   <trkpt lat="46.9843710" lon="7.2340080"/>
   <trkpt lat="46.9843800" lon="7.2339620"/>
   <trkpt lat="46.9843870" lon="7.2339190"/>
   <trkpt lat="46.9843940" lon="7.2338760"/>
   <trkpt lat="46.9844020" lon="7.2338320"/>
   <trkpt lat="46.9844080" lon="7.2337980"/>
   <trkpt lat="46.9844120" lon="7.2337570"/>
   <trkpt lat="46.9844180" lon="7.2337170"/>
   <trkpt lat="46.9844210" lon="7.2336810"/>
   <trkpt lat="46.9844290" lon="7.2336410"/>
   <trkpt lat="46.9844390" lon="7.2336010"/>
   <trkpt lat="46.9844460" lon="7.2335570"/>
   <trkpt lat="46.9844530" lon="7.2335130"/>
   <trkpt lat="46.9844610" lon="7.2334730"/>
   <trkpt lat="46.9844690" lon="7.2334290"/>
   <trkpt lat="46.9844770" lon="7.2333860"/>
   <trkpt lat="46.9844840" lon="7.2333410"/>
   <trkpt lat="46.9844940" lon="7.2332910"/>
   <trkpt lat="46.9844980" lon="7.2332490"/>
   <trkpt lat="46.9845030" lon="7.2332050"/>
   <trkpt lat="46.9845080" lon="7.2331680"/>
   <trkpt lat="46.9845130" lon="7.2331310"/>
   <trkpt lat="46.9845220" lon="7.2330880"/>
   <trkpt lat="46.9845310" lon="7.2330490"/>
   <trkpt lat="46.9845370" lon="7.2330100"/>
   <trkpt lat="46.9845460" lon="7.2329700"/>
   <trkpt lat="46.9845540" lon="7.2329360"/>
   <trkpt lat="46.9845660" lon="7.2328970"/>
   <trkpt lat="46.9845760" lon="7.2328570"/>
   <trkpt lat="46.9845820" lon="7.2328130"/>
   <trkpt lat="46.9845910" lon="7.2327700"/>
   <trkpt lat="46.9845970" lon="7.2327350"/>
   <trkpt lat="46.9846030" lon="7.2326910"/>
   <trkpt lat="46.9846090" lon="7.2326490"/>
   <trkpt lat="46.9846120" lon="7.2326070"/>
   <trkpt lat="46.9846190" lon="7.2325620"/>
   <trkpt lat="46.9846280" lon="7.2325210"/>
   <trkpt lat="46.9846340" lon="7.2324810"/>
   <trkpt lat="46.9846440" lon="7.2324400"/>
   <trkpt lat="46.9846530" lon="7.2324030"/>
   <trkpt lat="46.9846630" lon="7.2323670"/>
   <trkpt lat="46.9846760" lon="7.2323280"/>
   <trkpt lat="46.9846900" lon="7.2322930"/>
   <trkpt lat="46.9847050" lon="7.2322560"/>
   <trkpt lat="46.9847210" lon="7.2322180"/>
   <trkpt lat="46.9847370" lon="7.2321830"/>
   <trkpt lat="46.9847560" lon="7.2321430"/>
   <trkpt lat="46.9847740" lon="7.2321050"/>
   <trkpt lat="46.9847910" lon="7.2320680"/>
   <trkpt lat="46.9848110" lon="7.2320320"/>
   <trkpt lat="46.9848290" lon="7.2320020"/>
   <trkpt lat="46.9848510" lon="7.2319620"/>
   <trkpt lat="46.9848720" lon="7.2319220"/>
   <trkpt lat="46.9848940" lon="7.2318800"/>
   <trkpt lat="46.9849120" lon="7.2318420"/>
   <trkpt lat="46.9849310" lon="7.2318040"/>
   <trkpt lat="46.9849470" lon="7.2317660"/>
   <trkpt lat="46.9849610" lon="7.2317280"/>
   <trkpt lat="46.9849730" lon="7.2316950"/>
   <trkpt lat="46.9849880" lon="7.2316560"/>
   <trkpt lat="46.9850050" lon="7.2316200"/>
   <trkpt lat="46.9850200" lon="7.2315820"/>
   <trkpt lat="46.9850380" lon="7.2315390"/>
   <trkpt lat="46.9850540" lon="7.2315060"/>
   <trkpt lat="46.9850710" lon="7.2314600"/>
   <trkpt lat="46.9850870" lon="7.2314210"/>
   <trkpt lat="46.9851000" lon="7.2313810"/>
   <trkpt lat="46.9851140" lon="7.2313390"/>
   <trkpt lat="46.9851250" lon="7.2313010"/>
   <trkpt lat="46.9851320" lon="7.2312540"/>
   <trkpt lat="46.9851400" lon="7.2312080"/>
   <trkpt lat="46.9851420" lon="7.2311590"/>
   <trkpt lat="46.9851410" lon="7.2311090"/>
   <trkpt lat="46.9851360" lon="7.2310670"/>
   <trkpt lat="46.9851270" lon="7.2310210"/>
   <trkpt lat="46.9851170" lon="7.2309720"/>
   <trkpt lat="46.9851050" lon="7.2309220"/>
   <trkpt lat="46.9850930" lon="7.2308760"/>
   <trkpt lat="46.9850810" lon="7.2308280"/>
   <trkpt lat="46.9850680" lon="7.2307740"/>
   <trkpt lat="46.9850580" lon="7.2307330"/>
   <trkpt lat="46.9850480" lon="7.2306860"/>
   <trkpt lat="46.9850370" lon="7.2306500"/>
   <trkpt lat="46.9850260" lon="7.2306060"/>
   <trkpt lat="46.9850170" lon="7.2305670"/>
   <trkpt lat="46.9850080" lon="7.2305290"/>
   <trkpt lat="46.9849980" lon="7.2304840"/>
   <trkpt lat="46.9849880" lon="7.2304400"/>
   <trkpt lat="46.9849760" lon="7.2303930"/>
   <trkpt lat="46.9849640" lon="7.2303420"/>
   <trkpt lat="46.9849540" lon="7.2303030"/>
   <trkpt lat="46.9849410" lon="7.2302590"/>
   <trkpt lat="46.9849310" lon="7.2302150"/>
   <trkpt lat="46.9849180" lon="7.2301720"/>
   <trkpt lat="46.9849070" lon="7.2301250"/>
   <trkpt lat="46.9848980" lon="7.2300850"/>
   <trkpt lat="46.9848870" lon="7.2300400"/>
   <trkpt lat="46.9848760" lon="7.2300010"/>
   <trkpt lat="46.9848630" lon="7.2299620"/>
   <trkpt lat="46.9848510" lon="7.2299200"/>
   <trkpt lat="46.9848380" lon="7.2298790"/>
   <trkpt lat="46.9848230" lon="7.2298300"/>
   <trkpt lat="46.9848120" lon="7.2297860"/>
   <trkpt lat="46.9847990" lon="7.2297410"/>
   <trkpt lat="46.9847870" lon="7.2296950"/>
   <trkpt lat="46.9847780" lon="7.2296590"/>
   <trkpt lat="46.9847680" lon="7.2296130"/>
   <trkpt lat="46.9847590" lon="7.2295690"/>
   <trkpt lat="46.9847520" lon="7.2295220"/>
   <trkpt lat="46.9847480" lon="7.2294730"/>
   <trkpt lat="46.9847440" lon="7.2294300"/>
   <trkpt lat="46.9847450" lon="7.2293770"/>
   <trkpt lat="46.9847580" lon="7.2293310"/>
   <trkpt lat="46.9847720" lon="7.2292850"/>
   <trkpt lat="46.9847850" lon="7.2292350"/>
   <trkpt lat="46.9847970" lon="7.2291950"/>
   <trkpt lat="46.9848090" lon="7.2291480"/>
   <trkpt lat="46.9848240" lon="7.2291060"/>
   <trkpt lat="46.9848390" lon="7.2290640"/>
   <trkpt lat="46.9848560" lon="7.2290190"/>
   <trkpt lat="46.9848710" lon="7.2289810"/>
   <trkpt lat="46.9848850" lon="7.2289390"/>
   <trkpt lat="46.9848990" lon="7.2288970"/>
   <trkpt lat="46.9849110" lon="7.2288600"/>
   <trkpt lat="46.9849270" lon="7.2288170"/>
   <trkpt lat="46.9849430" lon="7.2287760"/>
   <trkpt lat="46.9849570" lon="7.2287310"/>
   <trkpt lat="46.9849700" lon="7.2286830"/>
   <trkpt lat="46.9849860" lon="7.2286420"/>
   <trkpt lat="46.9850020" lon="7.2285930"/>
   <trkpt lat="46.9850150" lon="7.2285510"/>
   <trkpt lat="46.9850260" lon="7.2285070"/>
   <trkpt lat="46.9850410" lon="7.2284570"/>
   <trkpt lat="46.9850550" lon="7.2284110"/>
   <trkpt lat="46.9850700" lon="7.2283650"/>
   <trkpt lat="46.9850840" lon="7.2283230"/>
   <trkpt lat="46.9850970" lon="7.2282780"/>
   <trkpt lat="46.9851100" lon="7.2282300"/>
   <trkpt lat="46.9851220" lon="7.2281900"/>
   <trkpt lat="46.9851340" lon="7.2281410"/>
   <trkpt lat="46.9851470" lon="7.2281010"/>
   <trkpt lat="46.9851590" lon="7.2280590"/>
   <trkpt lat="46.9851740" lon="7.2280100"/>
   <trkpt lat="46.9851870" lon="7.2279700"/>
   <trkpt lat="46.9852000" lon="7.2279260"/>
   <trkpt lat="46.9852150" lon="7.2278800"/>
   <trkpt lat="46.9852270" lon="7.2278340"/>
   <trkpt lat="46.9852380" lon="7.2277900"/>
   <trkpt lat="46.9852510" lon="7.2277500"/>
   <trkpt lat="46.9852620" lon="7.2277080"/>
   <trkpt lat="46.9852740" lon="7.2276590"/>
   <trkpt lat="46.9852880" lon="7.2276220"/>
   <trkpt lat="46.9853020" lon="7.2275800"/>
   <trkpt lat="46.9853170" lon="7.2275340"/>
   <trkpt lat="46.9853310" lon="7.2274920"/>
   <trkpt lat="46.9853460" lon="7.2274510"/>
   <trkpt lat="46.9853620" lon="7.2274140"/>
   <trkpt lat="46.9853740" lon="7.2273780"/>
   <trkpt lat="46.9853920" lon="7.2273370"/>
   <trkpt lat="46.9854120" lon="7.2273030"/>
   <trkpt lat="46.9854270" lon="7.2272690"/>
   <trkpt lat="46.9854440" lon="7.2272360"/>
   <trkpt lat="46.9854630" lon="7.2272070"/>
   <trkpt lat="46.9854840" lon="7.2271720"/>
   <trkpt lat="46.9855060" lon="7.2271370"/>
   <trkpt lat="46.9855270" lon="7.2271000"/>
   <trkpt lat="46.9855500" lon="7.2270640"/>
   <trkpt lat="46.9855710" lon="7.2270290"/>
   <trkpt lat="46.9855900" lon="7.2269920"/>
   <trkpt lat="46.9856120" lon="7.2269530"/>
   <trkpt lat="46.9856330" lon="7.2269180"/>
   <trkpt lat="46.9856540" lon="7.2268830"/>
   <trkpt lat="46.9856740" lon="7.2268480"/>
   <trkpt lat="46.9856900" lon="7.2268070"/>
   <trkpt lat="46.9857040" lon="7.2267630"/>
   <trkpt lat="46.9857170" lon="7.2267170"/>
   <trkpt lat="46.9857270" lon="7.2266650"/>
   <trkpt lat="46.9857330" lon="7.2266120"/>
   <trkpt lat="46.9857310" lon="7.2265610"/>
   <trkpt lat="46.9857190" lon="7.2265010"/>
   <trkpt lat="46.9857070" lon="7.2264470"/>
   <trkpt lat="46.9856900" lon="7.2264020"/>
   <trkpt lat="46.9856650" lon="7.2263660"/>
   <trkpt lat="46.9856420" lon="7.2263240"/>
   <trkpt lat="46.9856220" lon="7.2262780"/>
   <trkpt lat="46.9856040" lon="7.2262430"/>
   <trkpt lat="46.9855850" lon="7.2262000"/>
   <trkpt lat="46.9855640" lon="7.2261650"/>
   <trkpt lat="46.9855460" lon="7.2261280"/>
   <trkpt lat="46.9855270" lon="7.2260860"/>
   <trkpt lat="46.9855100" lon="7.2260490"/>
   <trkpt lat="46.9854930" lon="7.2260040"/>
   <trkpt lat="46.9854810" lon="7.2259620"/>
   <trkpt lat="46.9854670" lon="7.2259220"/>
   <trkpt lat="46.9854520" lon="7.2258800"/>
   <trkpt lat="46.9854380" lon="7.2258360"/>
   <trkpt lat="46.9854230" lon="7.2257900"/>
   <trkpt lat="46.9854100" lon="7.2257470"/>
   <trkpt lat="46.9853950" lon="7.2257090"/>
   <trkpt lat="46.9853800" lon="7.2256700"/>
   <trkpt lat="46.9853640" lon="7.2256330"/>
   <trkpt lat="46.9853450" lon="7.2255940"/>
   <trkpt lat="46.9853280" lon="7.2255520"/>
   <trkpt lat="46.9853100" lon="7.2255110"/>
   <trkpt lat="46.9852920" lon="7.2254680"/>
   <trkpt lat="46.9852760" lon="7.2254220"/>
   <trkpt lat="46.9852600" lon="7.2253780"/>
   <trkpt lat="46.9852460" lon="7.2253320"/>
   <trkpt lat="46.9852290" lon="7.2252920"/>
   <trkpt lat="46.9852110" lon="7.2252540"/>
   <trkpt lat="46.9851900" lon="7.2252210"/>
   <trkpt lat="46.9851690" lon="7.2251840"/>
   <trkpt lat="46.9851510" lon="7.2251540"/>
   <trkpt lat="46.9851270" lon="7.2251220"/>
   <trkpt lat="46.9851040" lon="7.2250920"/>
   <trkpt lat="46.9850790" lon="7.2250610"/>
   <trkpt lat="46.9850560" lon="7.2250270"/>
   <trkpt lat="46.9850360" lon="7.2249920"/>
   <trkpt lat="46.9850160" lon="7.2249540"/>
   <trkpt lat="46.9849970" lon="7.2249140"/>
   <trkpt lat="46.9849810" lon="7.2248670"/>
   <trkpt lat="46.9849700" lon="7.2248150"/>
   <trkpt lat="46.9849590" lon="7.2247600"/>
   <trkpt lat="46.9849500" lon="7.2247050"/>
   <trkpt lat="46.9849460" lon="7.2246570"/>
   <trkpt lat="46.9849420" lon="7.2246040"/>
   <trkpt lat="46.9849370" lon="7.2245520"/>
   <trkpt lat="46.9849340" lon="7.2244960"/>
   <trkpt lat="46.9849340" lon="7.2244450"/>
   <trkpt lat="46.9849330" lon="7.2244010"/>
   <trkpt lat="46.9849300" lon="7.2243540"/>
   <trkpt lat="46.9849260" lon="7.2243080"/>
   <trkpt lat="46.9849180" lon="7.2242570"/>
   <trkpt lat="46.9849090" lon="7.2242140"/>
   <trkpt lat="46.9848980" lon="7.2241720"/>
   <trkpt lat="46.9848870" lon="7.2241310"/>
   <trkpt lat="46.9848730" lon="7.2240920"/>
   <trkpt lat="46.9848590" lon="7.2240560"/>
   <trkpt lat="46.9848480" lon="7.2240180"/>
   <trkpt lat="46.9848320" lon="7.2239770"/>
   <trkpt lat="46.9848160" lon="7.2239370"/>
   <trkpt lat="46.9848020" lon="7.2238980"/>
   <trkpt lat="46.9847870" lon="7.2238550"/>
   <trkpt lat="46.9847730" lon="7.2238130"/>
   <trkpt lat="46.9847590" lon="7.2237700"/>
   <trkpt lat="46.9847460" lon="7.2237270"/>
   <trkpt lat="46.9847350" lon="7.2236880"/>
   <trkpt lat="46.9847230" lon="7.2236430"/>
   <trkpt lat="46.9847100" lon="7.2235920"/>
   <trkpt lat="46.9846980" lon="7.2235450"/>
   <trkpt lat="46.9846850" lon="7.2235000"/>
   <trkpt lat="46.9846720" lon="7.2234540"/>
   <trkpt lat="46.9846570" lon="7.2234140"/>
   <trkpt lat="46.9846430" lon="7.2233700"/>
   <trkpt lat="46.9846250" lon="7.2233310"/>
   <trkpt lat="46.9846060" lon="7.2232910"/>
   <trkpt lat="46.9845870" lon="7.2232590"/>
   <trkpt lat="46.9845660" lon="7.2232270"/>
   <trkpt lat="46.9845450" lon="7.2231940"/>
   <trkpt lat="46.9845220" lon="7.2231660"/>
   <trkpt lat="46.9844950" lon="7.2231340"/>
   <trkpt lat="46.9844690" lon="7.2231030"/>
   <trkpt lat="46.9844390" lon="7.2230740"/>
   <trkpt lat="46.9844090" lon="7.2230460"/>
   <trkpt lat="46.9843840" lon="7.2230250"/>
   <trkpt lat="46.9843570" lon="7.2230050"/>
   <trkpt lat="46.9843300" lon="7.2229840"/>
   <trkpt lat="46.9843070" lon="7.2229660"/>
   <trkpt lat="46.9842740" lon="7.2229480"/>
   <trkpt lat="46.9842410" lon="7.2229400"/>
   <trkpt lat="46.9842080" lon="7.2229430"/>
   <trkpt lat="46.9841770" lon="7.2229570"/>
   <trkpt lat="46.9841500" lon="7.2229740"/>
   <trkpt lat="46.9841270" lon="7.2230010"/>
   <trkpt lat="46.9841080" lon="7.2230230"/>
   <trkpt lat="46.9840860" lon="7.2230510"/>
   <trkpt lat="46.9840660" lon="7.2230830"/>
   <trkpt lat="46.9840490" lon="7.2231170"/>
   <trkpt lat="46.9840300" lon="7.2231540"/>
   <trkpt lat="46.9840120" lon="7.2231890"/>
   <trkpt lat="46.9839960" lon="7.2232230"/>
   <trkpt lat="46.9839820" lon="7.2232590"/>
   <trkpt lat="46.9839710" lon="7.2232960"/>
   <trkpt lat="46.9839590" lon="7.2233370"/>
   <trkpt lat="46.9839450" lon="7.2233760"/>
   <trkpt lat="46.9839330" lon="7.2234150"/>
   <trkpt lat="46.9839180" lon="7.2234540"/>
   <trkpt lat="46.9839030" lon="7.2234960"/>
   <trkpt lat="46.9838930" lon="7.2235320"/>
   <trkpt lat="46.9838790" lon="7.2235720"/>
   <trkpt lat="46.9838690" lon="7.2236080"/>
   <trkpt lat="46.9838560" lon="7.2236470"/>
   <trkpt lat="46.9838420" lon="7.2236820"/>
   <trkpt lat="46.9838290" lon="7.2237210"/>
   <trkpt lat="46.9838130" lon="7.2237650"/>
   <trkpt lat="46.9837970" lon="7.2238040"/>
   <trkpt lat="46.9837790" lon="7.2238420"/>
   <trkpt lat="46.9837540" lon="7.2238780"/>
   <trkpt lat="46.9837320" lon="7.2239090"/>
   <trkpt lat="46.9837090" lon="7.2239360"/>
   <trkpt lat="46.9836870" lon="7.2239590"/>
   <trkpt lat="46.9836620" lon="7.2239800"/>
   <trkpt lat="46.9836300" lon="7.2240010"/>
   <trkpt lat="46.9836010" lon="7.2240180"/>
   <trkpt lat="46.9835680" lon="7.2240350"/>
   <trkpt lat="46.9835400" lon="7.2240460"/>
   <trkpt lat="46.9835090" lon="7.2240610"/>
   <trkpt lat="46.9834780" lon="7.2240780"/>
   <trkpt lat="46.9834500" lon="7.2240920"/>
   <trkpt lat="46.9834200" lon="7.2241140"/>
   <trkpt lat="46.9833930" lon="7.2241340"/>
   <trkpt lat="46.9833700" lon="7.2241580"/>
   <trkpt lat="46.9833470" lon="7.2241920"/>
   <trkpt lat="46.9833260" lon="7.2242260"/>
   <trkpt lat="46.9833070" lon="7.2242690"/>
   <trkpt lat="46.9832900" lon="7.2243110"/>
   <trkpt lat="46.9832760" lon="7.2243480"/>
   <trkpt lat="46.9832630" lon="7.2243880"/>
   <trkpt lat="46.9832510" lon="7.2244200"/>
   <trkpt lat="46.9832360" lon="7.2244590"/>
   <trkpt lat="46.9832210" lon="7.2245040"/>
   <trkpt lat="46.9832100" lon="7.2245390"/>
   <trkpt lat="46.9831960" lon="7.2245820"/>
   <trkpt lat="46.9831790" lon="7.2246230"/>
   <trkpt lat="46.9831650" lon="7.2246580"/>
   <trkpt lat="46.9831530" lon="7.2246970"/>
   <trkpt lat="46.9831400" lon="7.2247330"/>
   <trkpt lat="46.9831260" lon="7.2247760"/>
   <trkpt lat="46.9831090" lon="7.2248170"/>
   <trkpt lat="46.9830950" lon="7.2248560"/>
   <trkpt lat="46.9830810" lon="7.2248960"/>
   <trkpt lat="46.9830670" lon="7.2249290"/>
   <trkpt lat="46.9830530" lon="7.2249670"/>
   <trkpt lat="46.9830390" lon="7.2250090"/>
   <trkpt lat="46.9830300" lon="7.2250440"/>
   <trkpt lat="46.9830200" lon="7.2250840"/>
   <trkpt lat="46.9830100" lon="7.2251220"/>
   <trkpt lat="46.9830000" lon="7.2251570"/>
   <trkpt lat="46.9829880" lon="7.2252000"/>
   <trkpt lat="46.9829790" lon="7.2252360"/>
   <trkpt lat="46.9829640" lon="7.2252770"/>
   <trkpt lat="46.9829510" lon="7.2253180"/>
   <trkpt lat="46.9829370" lon="7.2253570"/>
   <trkpt lat="46.9829230" lon="7.2253970"/>
   <trkpt lat="46.9829090" lon="7.2254350"/>
   <trkpt lat="46.9828930" lon="7.2254700"/>
   <trkpt lat="46.9828720" lon="7.2254990"/>
   <trkpt lat="46.9828510" lon="7.2255210"/>
   <trkpt lat="46.9828290" lon="7.2255440"/>
   <trkpt lat="46.9828050" lon="7.2255580"/>
   <trkpt lat="46.9827790" lon="7.2255700"/>
   <trkpt lat="46.9827490" lon="7.2255750"/>
   <trkpt lat="46.9827170" lon="7.2255780"/>
   <trkpt lat="46.9826870" lon="7.2255760"/>
   <trkpt lat="46.9826570" lon="7.2255690"/>
   <trkpt lat="46.9826280" lon="7.2255640"/>
   <trkpt lat="46.9825980" lon="7.2255540"/>
   <trkpt lat="46.9825710" lon="7.2255410"/>
   <trkpt lat="46.9825430" lon="7.2255320"/>
   <trkpt lat="46.9825120" lon="7.2255240"/>
   <trkpt lat="46.9824810" lon="7.2255150"/>
   <trkpt lat="46.9824490" lon="7.2255040"/>
   <trkpt lat="46.9824240" lon="7.2254900"/>
   <trkpt lat="46.9823940" lon="7.2254840"/>
   <trkpt lat="46.9823640" lon="7.2254780"/>
   <trkpt lat="46.9823390" lon="7.2254800"/>
   <trkpt lat="46.9823070" lon="7.2254780"/>
   <trkpt lat="46.9822780" lon="7.2254750"/>
   <trkpt lat="46.9822470" lon="7.2254770"/>
   <trkpt lat="46.9822140" lon="7.2254780"/>
   <trkpt lat="46.9821820" lon="7.2254770"/>
   <trkpt lat="46.9821470" lon="7.2254800"/>
   <trkpt lat="46.9821120" lon="7.2254780"/>
   <trkpt lat="46.9820810" lon="7.2254690"/>
   <trkpt lat="46.9820490" lon="7.2254650"/>
   <trkpt lat="46.9820200" lon="7.2254650"/>
   <trkpt lat="46.9819900" lon="7.2254640"/>
   <trkpt lat="46.9819580" lon="7.2254560"/>
   <trkpt lat="46.9819290" lon="7.2254500"/>
   <trkpt lat="46.9818990" lon="7.2254410"/>
   <trkpt lat="46.9818720" lon="7.2254330"/>
   <trkpt lat="46.9818430" lon="7.2254260"/>
   <trkpt lat="46.9818130" lon="7.2254130"/>
   <trkpt lat="46.9817880" lon="7.2254060"/>
   <trkpt lat="46.9817580" lon="7.2254020"/>
   <trkpt lat="46.9817300" lon="7.2254010"/>
   <trkpt lat="46.9816970" lon="7.2254000"/>
   <trkpt lat="46.9816640" lon="7.2253930"/>
   <trkpt lat="46.9816330" lon="7.2253880"/>
   <trkpt lat="46.9815990" lon="7.2253780"/>
   <trkpt lat="46.9815680" lon="7.2253650"/>
   <trkpt lat="46.9815370" lon="7.2253530"/>
   <trkpt lat="46.9815030" lon="7.2253420"/>
   <trkpt lat="46.9814730" lon="7.2253340"/>
   <trkpt lat="46.9814420" lon="7.2253280"/>
   <trkpt lat="46.9814140" lon="7.2253220"/>
   <trkpt lat="46.9813790" lon="7.2253100"/>
   <trkpt lat="46.9813410" lon="7.2253000"/>
   <trkpt lat="46.9813020" lon="7.2252910"/>
   <trkpt lat="46.9812680" lon="7.2252810"/>
   <trkpt lat="46.9812360" lon="7.2252710"/>
   <trkpt lat="46.9812040" lon="7.2252620"/>
   <trkpt lat="46.9811700" lon="7.2252540"/>
   <trkpt lat="46.9811450" lon="7.2252460"/>
   <trkpt lat="46.9811150" lon="7.2252360"/>
   <trkpt lat="46.9810840" lon="7.2252290"/>
   <trkpt lat="46.9810560" lon="7.2252250"/>
   <trkpt lat="46.9810260" lon="7.2252180"/>
   <trkpt lat="46.9809980" lon="7.2252100"/>
   <trkpt lat="46.9809660" lon="7.2252020"/>
   <trkpt lat="46.9809390" lon="7.2251940"/>
   <trkpt lat="46.9809130" lon="7.2251890"/>
   <trkpt lat="46.9808810" lon="7.2251880"/>
   <trkpt lat="46.9808420" lon="7.2251840"/>
   <trkpt lat="46.9808080" lon="7.2251920"/>
   <trkpt lat="46.9807750" lon="7.2252020"/>
   <trkpt lat="46.9807450" lon="7.2252150"/>
   <trkpt lat="46.9807090" lon="7.2252300"/>
   <trkpt lat="46.9806830" lon="7.2252460"/>
   <trkpt lat="46.9806510" lon="7.2252630"/>
   <trkpt lat="46.9806190" lon="7.2252800"/>
   <trkpt lat="46.9805880" lon="7.2252970"/>
   <trkpt lat="46.9805570" lon="7.2253140"/>
   <trkpt lat="46.9805310" lon="7.2253290"/>
   <trkpt lat="46.9804990" lon="7.2253410"/>
   <trkpt lat="46.9804710" lon="7.2253470"/>
   <trkpt lat="46.9804430" lon="7.2253580"/>
   <trkpt lat="46.9804080" lon="7.2253720"/>
   <trkpt lat="46.9803770" lon="7.2253800"/>
   <trkpt lat="46.9803430" lon="7.2253860"/>
   <trkpt lat="46.9803130" lon="7.2253960"/>
   <trkpt lat="46.9802860" lon="7.2254060"/>
   <trkpt lat="46.9802540" lon="7.2254130"/>
   <trkpt lat="46.9802230" lon="7.2254170"/>
   <trkpt lat="46.9801910" lon="7.2254240"/>
   <trkpt lat="46.9801620" lon="7.2254320"/>
   <trkpt lat="46.9801330" lon="7.2254430"/>
   <trkpt lat="46.9801050" lon="7.2254540"/>
   <trkpt lat="46.9800770" lon="7.2254700"/>
   <trkpt lat="46.9800470" lon="7.2254930"/>
   <trkpt lat="46.9800140" lon="7.2255160"/>
   <trkpt lat="46.9799860" lon="7.2255340"/>
   <trkpt lat="46.9799530" lon="7.2255550"/>
   <trkpt lat="46.9799250" lon="7.2255720"/>
   <trkpt lat="46.9798980" lon="7.2255890"/>
   <trkpt lat="46.9798670" lon="7.2256080"/>
   <trkpt lat="46.9798430" lon="7.2256230"/>
   <trkpt lat="46.9798120" lon="7.2256380"/>
   <trkpt lat="46.9797860" lon="7.2256480"/>
   <trkpt lat="46.9797600" lon="7.2256640"/>
   <trkpt lat="46.9797280" lon="7.2256790"/>
   <trkpt lat="46.9796990" lon="7.2256930"/>
   <trkpt lat="46.9796670" lon="7.2257060"/>
   <trkpt lat="46.9796330" lon="7.2257130"/>
   <trkpt lat="46.9796010" lon="7.2257200"/>
   <trkpt lat="46.9795640" lon="7.2257220"/>
   <trkpt lat="46.9795330" lon="7.2257210"/>
   <trkpt lat="46.9794960" lon="7.2257210"/>
   <trkpt lat="46.9794650" lon="7.2257220"/>
   <trkpt lat="46.9794360" lon="7.2257200"/>
   <trkpt lat="46.9794030" lon="7.2257150"/>
   <trkpt lat="46.9793730" lon="7.2257100"/>
   <trkpt lat="46.9793420" lon="7.2257030"/>
   <trkpt lat="46.9793050" lon="7.2256960"/>
   <trkpt lat="46.9792760" lon="7.2256900"/>
   <trkpt lat="46.9792450" lon="7.2256810"/>
   <trkpt lat="46.9792120" lon="7.2256700"/>
   <trkpt lat="46.9791780" lon="7.2256610"/>
   <trkpt lat="46.9791410" lon="7.2256480"/>
   <trkpt lat="46.9791050" lon="7.2256400"/>
   <trkpt lat="46.9790750" lon="7.2256260"/>
   <trkpt lat="46.9790510" lon="7.2256130"/>
   <trkpt lat="46.9790250" lon="7.2256020"/>
   <trkpt lat="46.9789950" lon="7.2255870"/>
   <trkpt lat="46.9789610" lon="7.2255690"/>
   <trkpt lat="46.9789230" lon="7.2255470"/>
   <trkpt lat="46.9788920" lon="7.2255300"/>
   <trkpt lat="46.9788600" lon="7.2255120"/>
   <trkpt lat="46.9788280" lon="7.2254940"/>
   <trkpt lat="46.9787960" lon="7.2254750"/>
   <trkpt lat="46.9787630" lon="7.2254520"/>
   <trkpt lat="46.9787360" lon="7.2254370"/>
   <trkpt lat="46.9787080" lon="7.2254140"/>
   <trkpt lat="46.9786800" lon="7.2253920"/>
   <trkpt lat="46.9786480" lon="7.2253740"/>
   <trkpt lat="46.9786180" lon="7.2253570"/>
   <trkpt lat="46.9785870" lon="7.2253420"/>
   <trkpt lat="46.9785550" lon="7.2253250"/>
   <trkpt lat="46.9785280" lon="7.2253110"/>
   <trkpt lat="46.9784980" lon="7.2252940"/>
   <trkpt lat="46.9784690" lon="7.2252720"/>
   <trkpt lat="46.9784400" lon="7.2252530"/>
   <trkpt lat="46.9784080" lon="7.2252270"/>
   <trkpt lat="46.9783810" lon="7.2252040"/>
   <trkpt lat="46.9783530" lon="7.2251840"/>
   <trkpt lat="46.9783250" lon="7.2251630"/>
   <trkpt lat="46.9782950" lon="7.2251430"/>
   <trkpt lat="46.9782620" lon="7.2251230"/>
   <trkpt lat="46.9782290" lon="7.2251030"/>
   <trkpt lat="46.9781960" lon="7.2250870"/>
   <trkpt lat="46.9781650" lon="7.2250700"/>
   <trkpt lat="46.9781340" lon="7.2250580"/>
   <trkpt lat="46.9781010" lon="7.2250430"/>
   <trkpt lat="46.9780690" lon="7.2250280"/>
   <trkpt lat="46.9780350" lon="7.2250150"/>
   <trkpt lat="46.9780040" lon="7.2250020"/>
   <trkpt lat="46.9779760" lon="7.2249920"/>
   <trkpt lat="46.9779440" lon="7.2249820"/>
   <trkpt lat="46.9779160" lon="7.2249710"/>
   <trkpt lat="46.9778870" lon="7.2249610"/>
   <trkpt lat="46.9778540" lon="7.2249500"/>
   <trkpt lat="46.9778250" lon="7.2249380"/>
   <trkpt lat="46.9777990" lon="7.2249270"/>
   <trkpt lat="46.9777710" lon="7.2249160"/>
   <trkpt lat="46.9777440" lon="7.2249070"/>
   <trkpt lat="46.9777120" lon="7.2248980"/>
   <trkpt lat="46.9776830" lon="7.2248910"/>
   <trkpt lat="46.9776510" lon="7.2248840"/>
   <trkpt lat="46.9776180" lon="7.2248740"/>
   <trkpt lat="46.9775810" lon="7.2248630"/>
   <trkpt lat="46.9775470" lon="7.2248490"/>
   <trkpt lat="46.9775140" lon="7.2248410"/>
   <trkpt lat="46.9774800" lon="7.2248310"/>
   <trkpt lat="46.9774470" lon="7.2248230"/>
   <trkpt lat="46.9774140" lon="7.2248120"/>
   <trkpt lat="46.9773790" lon="7.2247980"/>
   <trkpt lat="46.9773490" lon="7.2247850"/>
   <trkpt lat="46.9773190" lon="7.2247740"/>
   <trkpt lat="46.9772910" lon="7.2247660"/>
   <trkpt lat="46.9772590" lon="7.2247600"/>
   <trkpt lat="46.9772240" lon="7.2247510"/>
   <trkpt lat="46.9771930" lon="7.2247390"/>
   <trkpt lat="46.9771600" lon="7.2247220"/>
   <trkpt lat="46.9771310" lon="7.2247060"/>
   <trkpt lat="46.9770980" lon="7.2246920"/>
   <trkpt lat="46.9770660" lon="7.2246810"/>
   <trkpt lat="46.9770350" lon="7.2246740"/>
   <trkpt lat="46.9770060" lon="7.2246630"/>
   <trkpt lat="46.9769800" lon="7.2246470"/>
   <trkpt lat="46.9769490" lon="7.2246300"/>
   <trkpt lat="46.9769230" lon="7.2246080"/>
   <trkpt lat="46.9768990" lon="7.2245900"/>
   <trkpt lat="46.9768650" lon="7.2245680"/>
   <trkpt lat="46.9768370" lon="7.2245500"/>
   <trkpt lat="46.9768060" lon="7.2245310"/>
   <trkpt lat="46.9767780" lon="7.2245070"/>
   <trkpt lat="46.9767560" lon="7.2244790"/>
   <trkpt lat="46.9767360" lon="7.2244380"/>
   <trkpt lat="46.9767190" lon="7.2244000"/>
   <trkpt lat="46.9767000" lon="7.2243610"/>
   <trkpt lat="46.9766820" lon="7.2243220"/>
   <trkpt lat="46.9766650" lon="7.2242810"/>
   <trkpt lat="46.9766490" lon="7.2242380"/>
   <trkpt lat="46.9766340" lon="7.2241970"/>
   <trkpt lat="46.9766170" lon="7.2241480"/>
   <trkpt lat="46.9765990" lon="7.2241030"/>
   <trkpt lat="46.9765820" lon="7.2240590"/>
   <trkpt lat="46.9765660" lon="7.2240180"/>
   <trkpt lat="46.9765480" lon="7.2239840"/>
   <trkpt lat="46.9765290" lon="7.2239440"/>
   <trkpt lat="46.9765110" lon="7.2239040"/>
   <trkpt lat="46.9764930" lon="7.2238600"/>
   <trkpt lat="46.9764780" lon="7.2238170"/>
   <trkpt lat="46.9764580" lon="7.2237740"/>
   <trkpt lat="46.9764390" lon="7.2237320"/>
   <trkpt lat="46.9764210" lon="7.2236880"/>
   <trkpt lat="46.9764050" lon="7.2236400"/>
   <trkpt lat="46.9763910" lon="7.2235990"/>
   <trkpt lat="46.9763690" lon="7.2235520"/>
   <trkpt lat="46.9763530" lon="7.2235090"/>
   <trkpt lat="46.9763330" lon="7.2234630"/>
   <trkpt lat="46.9763180" lon="7.2234210"/>
   <trkpt lat="46.9763060" lon="7.2233850"/>
   <trkpt lat="46.9762910" lon="7.2233430"/>
   <trkpt lat="46.9762770" lon="7.2233100"/>
   <trkpt lat="46.9762620" lon="7.2232700"/>
   <trkpt lat="46.9762470" lon="7.2232260"/>
   <trkpt lat="46.9762300" lon="7.2231810"/>
   <trkpt lat="46.9762120" lon="7.2231320"/>
   <trkpt lat="46.9761960" lon="7.2230870"/>
   <trkpt lat="46.9761770" lon="7.2230420"/>
   <trkpt lat="46.9761570" lon="7.2229950"/>
   <trkpt lat="46.9761390" lon="7.2229560"/>
   <trkpt lat="46.9761190" lon="7.2229100"/>
   <trkpt lat="46.9761060" lon="7.2228760"/>
   <trkpt lat="46.9760880" lon="7.2228370"/>
   <trkpt lat="46.9760680" lon="7.2227920"/>
   <trkpt lat="46.9760460" lon="7.2227460"/>
   <trkpt lat="46.9760290" lon="7.2226970"/>
   <trkpt lat="46.9760130" lon="7.2226570"/>
   <trkpt lat="46.9759930" lon="7.2226100"/>
   <trkpt lat="46.9759770" lon="7.2225660"/>
   <trkpt lat="46.9759580" lon="7.2225180"/>
   <trkpt lat="46.9759420" lon="7.2224690"/>
   <trkpt lat="46.9759240" lon="7.2224290"/>
   <trkpt lat="46.9759070" lon="7.2223830"/>
   <trkpt lat="46.9758930" lon="7.2223430"/>
   <trkpt lat="46.9758750" lon="7.2222990"/>
   <trkpt lat="46.9758570" lon="7.2222500"/>
   <trkpt lat="46.9758370" lon="7.2222070"/>
   <trkpt lat="46.9758180" lon="7.2221620"/>
   <trkpt lat="46.9758000" lon="7.2221250"/>
   <trkpt lat="46.9757770" lon="7.2220910"/>
   <trkpt lat="46.9757570" lon="7.2220550"/>
   <trkpt lat="46.9757390" lon="7.2220160"/>
   <trkpt lat="46.9757180" lon="7.2219730"/>
   <trkpt lat="46.9757000" lon="7.2219330"/>
   <trkpt lat="46.9756820" lon="7.2218920"/>
   <trkpt lat="46.9756660" lon="7.2218540"/>
   <trkpt lat="46.9756510" lon="7.2218180"/>
   <trkpt lat="46.9756330" lon="7.2217770"/>
   <trkpt lat="46.9756180" lon="7.2217430"/>
   <trkpt lat="46.9756040" lon="7.2217000"/>
   <trkpt lat="46.9755940" lon="7.2216550"/>
   <trkpt lat="46.9755780" lon="7.2216140"/>
   <trkpt lat="46.9755630" lon="7.2215660"/>
   <trkpt lat="46.9755480" lon="7.2215240"/>
   <trkpt lat="46.9755330" lon="7.2214760"/>
   <trkpt lat="46.9755190" lon="7.2214280"/>
   <trkpt lat="46.9755020" lon="7.2213900"/>
   <trkpt lat="46.9754840" lon="7.2213460"/>
   <trkpt lat="46.9754690" lon="7.2213040"/>
   <trkpt lat="46.9754520" lon="7.2212630"/>
   <trkpt lat="46.9754350" lon="7.2212180"/>
   <trkpt lat="46.9754190" lon="7.2211770"/>
   <trkpt lat="46.9754060" lon="7.2211330"/>
   <trkpt lat="46.9753940" lon="7.2210980"/>
   <trkpt lat="46.9753770" lon="7.2210620"/>
   <trkpt lat="46.9753630" lon="7.2210200"/>
   <trkpt lat="46.9753470" lon="7.2209790"/>
   <trkpt lat="46.9753310" lon="7.2209360"/>
   <trkpt lat="46.9753200" lon="7.2209000"/>
   <trkpt lat="46.9753070" lon="7.2208630"/>
   <trkpt lat="46.9752940" lon="7.2208210"/>
   <trkpt lat="46.9752810" lon="7.2207850"/>
   <trkpt lat="46.9752650" lon="7.2207430"/>
   <trkpt lat="46.9752510" lon="7.2207030"/>
   <trkpt lat="46.9752360" lon="7.2206590"/>
   <trkpt lat="46.9752230" lon="7.2206110"/>
   <trkpt lat="46.9752120" lon="7.2205730"/>
   <trkpt lat="46.9751990" lon="7.2205290"/>
   <trkpt lat="46.9751850" lon="7.2204870"/>
   <trkpt lat="46.9751660" lon="7.2204470"/>
   <trkpt lat="46.9751500" lon="7.2204040"/>
   <trkpt lat="46.9751380" lon="7.2203670"/>
   <trkpt lat="46.9751230" lon="7.2203270"/>
   <trkpt lat="46.9751080" lon="7.2202840"/>
   <trkpt lat="46.9750930" lon="7.2202470"/>
   <trkpt lat="46.9750790" lon="7.2202060"/>
   <trkpt lat="46.9750670" lon="7.2201630"/>
   <trkpt lat="46.9750520" lon="7.2201220"/>
   <trkpt lat="46.9750400" lon="7.2200720"/>
   <trkpt lat="46.9750280" lon="7.2200280"/>
   <trkpt lat="46.9750160" lon="7.2199890"/>
   <trkpt lat="46.9750050" lon="7.2199490"/>
   <trkpt lat="46.9749920" lon="7.2199120"/>
   <trkpt lat="46.9749790" lon="7.2198700"/>
   <trkpt lat="46.9749670" lon="7.2198250"/>
   <trkpt lat="46.9749550" lon="7.2197840"/>
   <trkpt lat="46.9749430" lon="7.2197420"/>
   <trkpt lat="46.9749340" lon="7.2197040"/>
   <trkpt lat="46.9749240" lon="7.2196620"/>
   <trkpt lat="46.9749140" lon="7.2196170"/>
   <trkpt lat="46.9749030" lon="7.2195730"/>
   <trkpt lat="46.9748890" lon="7.2195230"/>
   <trkpt lat="46.9748780" lon="7.2194810"/>
   <trkpt lat="46.9748670" lon="7.2194360"/>
   <trkpt lat="46.9748570" lon="7.2193930"/>
   <trkpt lat="46.9748460" lon="7.2193480"/>
   <trkpt lat="46.9748350" lon="7.2192980"/>
   <trkpt lat="46.9748240" lon="7.2192560"/>
   <trkpt lat="46.9748150" lon="7.2192060"/>
   <trkpt lat="46.9748050" lon="7.2191620"/>
   <trkpt lat="46.9747930" lon="7.2191140"/>
   <trkpt lat="46.9747820" lon="7.2190640"/>
   <trkpt lat="46.9747720" lon="7.2190190"/>
   <trkpt lat="46.9747600" lon="7.2189720"/>
   <trkpt lat="46.9747520" lon="7.2189300"/>
   <trkpt lat="46.9747410" lon="7.2188870"/>
   <trkpt lat="46.9747320" lon="7.2188390"/>
   <trkpt lat="46.9747240" lon="7.2187920"/>
   <trkpt lat="46.9747180" lon="7.2187430"/>
   <trkpt lat="46.9747130" lon="7.2186970"/>
   <trkpt lat="46.9747070" lon="7.2186490"/>
   <trkpt lat="46.9747010" lon="7.2185980"/>
   <trkpt lat="46.9746930" lon="7.2185560"/>
   <trkpt lat="46.9746880" lon="7.2185050"/>
   <trkpt lat="46.9746840" lon="7.2184620"/>
   <trkpt lat="46.9746790" lon="7.2184160"/>
   <trkpt lat="46.9746740" lon="7.2183660"/>
   <trkpt lat="46.9746680" lon="7.2183210"/>
   <trkpt lat="46.9746610" lon="7.2182730"/>
   <trkpt lat="46.9746560" lon="7.2182300"/>
   <trkpt lat="46.9746490" lon="7.2181840"/>
   <trkpt lat="46.9746420" lon="7.2181350"/>
   <trkpt lat="46.9746360" lon="7.2180930"/>
   <trkpt lat="46.9746300" lon="7.2180470"/>
   <trkpt lat="46.9746260" lon="7.2180060"/>
   <trkpt lat="46.9746200" lon="7.2179560"/>
   <trkpt lat="46.9746140" lon="7.2179060"/>
   <trkpt lat="46.9746080" lon="7.2178610"/>
   <trkpt lat="46.9746040" lon="7.2178130"/>
   <trkpt lat="46.9746020" lon="7.2177740"/>
   <trkpt lat="46.9745990" lon="7.2177260"/>
   <trkpt lat="46.9745960" lon="7.2176800"/>
   <trkpt lat="46.9745910" lon="7.2176380"/>
   <trkpt lat="46.9745890" lon="7.2176000"/>
   <trkpt lat="46.9745860" lon="7.2175560"/>
   <trkpt lat="46.9745800" lon="7.2175130"/>
   <trkpt lat="46.9745750" lon="7.2174630"/>
   <trkpt lat="46.9745700" lon="7.2174210"/>
   <trkpt lat="46.9745650" lon="7.2173780"/>
   <trkpt lat="46.9745610" lon="7.2173310"/>
   <trkpt lat="46.9745550" lon="7.2172880"/>
   <trkpt lat="46.9745540" lon="7.2172390"/>
   <trkpt lat="46.9745510" lon="7.2171920"/>
   <trkpt lat="46.9745480" lon="7.2171510"/>
   <trkpt lat="46.9745460" lon="7.2171060"/>
   <trkpt lat="46.9745420" lon="7.2170680"/>
   <trkpt lat="46.9745420" lon="7.2170240"/>
   <trkpt lat="46.9745410" lon="7.2169780"/>
   <trkpt lat="46.9745370" lon="7.2169310"/>
   <trkpt lat="46.9745330" lon="7.2168750"/>
   <trkpt lat="46.9745290" lon="7.2168310"/>
   <trkpt lat="46.9745260" lon="7.2167860"/>
   <trkpt lat="46.9745230" lon="7.2167440"/>
   <trkpt lat="46.9745210" lon="7.2167020"/>
   <trkpt lat="46.9745200" lon="7.2166560"/>
   <trkpt lat="46.9745180" lon="7.2166120"/>
   <trkpt lat="46.9745140" lon="7.2165630"/>
   <trkpt lat="46.9745110" lon="7.2165130"/>
   <trkpt lat="46.9745060" lon="7.2164700"/>
   <trkpt lat="46.9745010" lon="7.2164220"/>
   <trkpt lat="46.9744980" lon="7.2163820"/>
   <trkpt lat="46.9744910" lon="7.2163390"/>
   <trkpt lat="46.9744830" lon="7.2162880"/>
   <trkpt lat="46.9744750" lon="7.2162450"/>
   <trkpt lat="46.9744670" lon="7.2161940"/>
   <trkpt lat="46.9744600" lon="7.2161470"/>
   <trkpt lat="46.9744490" lon="7.2161030"/>
   <trkpt lat="46.9744400" lon="7.2160570"/>
   <trkpt lat="46.9744320" lon="7.2160190"/>
   <trkpt lat="46.9744220" lon="7.2159740"/>
   <trkpt lat="46.9744130" lon="7.2159310"/>
   <trkpt lat="46.9744010" lon="7.2158880"/>
   <trkpt lat="46.9743880" lon="7.2158400"/>
   <trkpt lat="46.9743790" lon="7.2157990"/>
   <trkpt lat="46.9743670" lon="7.2157520"/>
   <trkpt lat="46.9743650" lon="7.2157550"/>
   <trkpt lat="46.9743540" lon="7.2157080"/>
   <trkpt lat="46.9743500" lon="7.2156820"/>
   <trkpt lat="46.9743440" lon="7.2156590"/>
   <trkpt lat="46.9743180" lon="7.2155650"/>
   <trkpt lat="46.9743060" lon="7.2155160"/>
   <trkpt lat="46.9743000" lon="7.2154690"/>
   <trkpt lat="46.9742870" lon="7.2154210"/>
   <trkpt lat="46.9742730" lon="7.2153700"/>
   <trkpt lat="46.9742590" lon="7.2153260"/>
   <trkpt lat="46.9742450" lon="7.2152790"/>
   <trkpt lat="46.9742340" lon="7.2152350"/>
   <trkpt lat="46.9742220" lon="7.2151840"/>
   <trkpt lat="46.9742110" lon="7.2151340"/>
   <trkpt lat="46.9742010" lon="7.2150910"/>
   <trkpt lat="46.9741920" lon="7.2150450"/>
   <trkpt lat="46.9741840" lon="7.2150000"/>
   <trkpt lat="46.9741740" lon="7.2149550"/>
   <trkpt lat="46.9741630" lon="7.2149120"/>
   <trkpt lat="46.9741530" lon="7.2148710"/>
   <trkpt lat="46.9741440" lon="7.2148250"/>
   <trkpt lat="46.9741370" lon="7.2147840"/>
   <trkpt lat="46.9741270" lon="7.2147350"/>
   <trkpt lat="46.9741200" lon="7.2146880"/>
   <trkpt lat="46.9741130" lon="7.2146420"/>
   <trkpt lat="46.9741060" lon="7.2145930"/>
   <trkpt lat="46.9741010" lon="7.2145470"/>
   <trkpt lat="46.9740950" lon="7.2145050"/>
   <trkpt lat="46.9740890" lon="7.2144590"/>
   <trkpt lat="46.9740850" lon="7.2144200"/>
   <trkpt lat="46.9740790" lon="7.2143740"/>
   <trkpt lat="46.9740750" lon="7.2143250"/>
   <trkpt lat="46.9740720" lon="7.2142770"/>
   <trkpt lat="46.9740740" lon="7.2142250"/>
   <trkpt lat="46.9740780" lon="7.2141780"/>
   <trkpt lat="46.9740810" lon="7.2141300"/>
   <trkpt lat="46.9740860" lon="7.2140820"/>
   <trkpt lat="46.9740900" lon="7.2140340"/>
   <trkpt lat="46.9740970" lon="7.2139810"/>
   <trkpt lat="46.9741010" lon="7.2139360"/>
   <trkpt lat="46.9741080" lon="7.2138850"/>
   <trkpt lat="46.9741150" lon="7.2138360"/>
   <trkpt lat="46.9741210" lon="7.2137880"/>
   <trkpt lat="46.9741300" lon="7.2137390"/>
   <trkpt lat="46.9741360" lon="7.2136950"/>
   <trkpt lat="46.9741440" lon="7.2136490"/>
   <trkpt lat="46.9741560" lon="7.2135740"/>
   <trkpt lat="46.9741600" lon="7.2135480"/>
   <trkpt lat="46.9741690" lon="7.2134980"/>
   <trkpt lat="46.9741770" lon="7.2134490"/>
   <trkpt lat="46.9741870" lon="7.2133950"/>
   <trkpt lat="46.9741960" lon="7.2133490"/>
   <trkpt lat="46.9742060" lon="7.2133000"/>
   <trkpt lat="46.9742170" lon="7.2132550"/>
   <trkpt lat="46.9742270" lon="7.2132040"/>
   <trkpt lat="46.9742380" lon="7.2131540"/>
   <trkpt lat="46.9742460" lon="7.2131080"/>
   <trkpt lat="46.9742570" lon="7.2130610"/>
   <trkpt lat="46.9742650" lon="7.2130230"/>
   <trkpt lat="46.9742740" lon="7.2129740"/>
   <trkpt lat="46.9742840" lon="7.2129240"/>
   <trkpt lat="46.9742940" lon="7.2128760"/>
   <trkpt lat="46.9743060" lon="7.2128230"/>
   <trkpt lat="46.9743170" lon="7.2127760"/>
   <trkpt lat="46.9743250" lon="7.2127280"/>
   <trkpt lat="46.9743360" lon="7.2126860"/>
   <trkpt lat="46.9743450" lon="7.2126450"/>
   <trkpt lat="46.9743520" lon="7.2125980"/>
   <trkpt lat="46.9743590" lon="7.2125570"/>
   <trkpt lat="46.9743680" lon="7.2125060"/>
   <trkpt lat="46.9743770" lon="7.2124600"/>
   <trkpt lat="46.9743860" lon="7.2124050"/>
   <trkpt lat="46.9743910" lon="7.2123520"/>
   <trkpt lat="46.9743940" lon="7.2123010"/>
   <trkpt lat="46.9743940" lon="7.2122500"/>
   <trkpt lat="46.9743960" lon="7.2122040"/>
   <trkpt lat="46.9743960" lon="7.2121470"/>
   <trkpt lat="46.9743960" lon="7.2120970"/>
   <trkpt lat="46.9743910" lon="7.2120450"/>
   <trkpt lat="46.9743870" lon="7.2119930"/>
   <trkpt lat="46.9743770" lon="7.2119180"/>
   <trkpt lat="46.9743740" lon="7.2118930"/>
   <trkpt lat="46.9743660" lon="7.2118520"/>
   <trkpt lat="46.9743590" lon="7.2118050"/>
   <trkpt lat="46.9743510" lon="7.2117610"/>
   <trkpt lat="46.9743400" lon="7.2117140"/>
   <trkpt lat="46.9743300" lon="7.2116640"/>
   <trkpt lat="46.9743190" lon="7.2116210"/>
   <trkpt lat="46.9743050" lon="7.2115720"/>
   <trkpt lat="46.9742920" lon="7.2115340"/>
   <trkpt lat="46.9742760" lon="7.2114900"/>
   <trkpt lat="46.9742590" lon="7.2114460"/>
   <trkpt lat="46.9742450" lon="7.2114060"/>
   <trkpt lat="46.9742280" lon="7.2113570"/>
   <trkpt lat="46.9742110" lon="7.2113140"/>
   <trkpt lat="46.9741930" lon="7.2112720"/>
   <trkpt lat="46.9741730" lon="7.2112290"/>
   <trkpt lat="46.9741560" lon="7.2111920"/>
   <trkpt lat="46.9741370" lon="7.2111500"/>
   <trkpt lat="46.9741190" lon="7.2111100"/>
   <trkpt lat="46.9740990" lon="7.2110710"/>
   <trkpt lat="46.9740770" lon="7.2110270"/>
   <trkpt lat="46.9740580" lon="7.2109910"/>
   <trkpt lat="46.9740380" lon="7.2109500"/>
   <trkpt lat="46.9740200" lon="7.2109150"/>
   <trkpt lat="46.9739980" lon="7.2108770"/>
   <trkpt lat="46.9739770" lon="7.2108390"/>
   <trkpt lat="46.9739470" lon="7.2107830"/>
   <trkpt lat="46.9739370" lon="7.2107630"/>
   <trkpt lat="46.9739110" lon="7.2107040"/>
   <trkpt lat="46.9739010" lon="7.2106840"/>
   <trkpt lat="46.9738800" lon="7.2106430"/>
   <trkpt lat="46.9738590" lon="7.2106060"/>
   <trkpt lat="46.9738380" lon="7.2105640"/>
   <trkpt lat="46.9738090" lon="7.2105000"/>
   <trkpt lat="46.9737980" lon="7.2104780"/>
   <trkpt lat="46.9737790" lon="7.2104370"/>
   <trkpt lat="46.9737630" lon="7.2103990"/>
   <trkpt lat="46.9737460" lon="7.2103580"/>
   <trkpt lat="46.9737280" lon="7.2103180"/>
   <trkpt lat="46.9737070" lon="7.2102750"/>
   <trkpt lat="46.9736900" lon="7.2102330"/>
   <trkpt lat="46.9736720" lon="7.2101960"/>
   <trkpt lat="46.9736520" lon="7.2101530"/>
   <trkpt lat="46.9736340" lon="7.2101140"/>
   <trkpt lat="46.9736170" lon="7.2100740"/>
   <trkpt lat="46.9736000" lon="7.2100300"/>
   <trkpt lat="46.9735790" lon="7.2099890"/>
   <trkpt lat="46.9735480" lon="7.2099250"/>
   <trkpt lat="46.9735380" lon="7.2099070"/>
   <trkpt lat="46.9735210" lon="7.2098690"/>
   <trkpt lat="46.9735060" lon="7.2098330"/>
   <trkpt lat="46.9734890" lon="7.2097970"/>
   <trkpt lat="46.9734690" lon="7.2097540"/>
   <trkpt lat="46.9734500" lon="7.2097170"/>
   <trkpt lat="46.9734300" lon="7.2096740"/>
   <trkpt lat="46.9734110" lon="7.2096360"/>
   <trkpt lat="46.9733900" lon="7.2095980"/>
   <trkpt lat="46.9733710" lon="7.2095590"/>
   <trkpt lat="46.9733540" lon="7.2095260"/>
   <trkpt lat="46.9733350" lon="7.2094880"/>
   <trkpt lat="46.9733090" lon="7.2094300"/>
   <trkpt lat="46.9733000" lon="7.2094100"/>
   <trkpt lat="46.9732860" lon="7.2093660"/>
   <trkpt lat="46.9732690" lon="7.2093230"/>
   <trkpt lat="46.9732530" lon="7.2092810"/>
   <trkpt lat="46.9732380" lon="7.2092430"/>
   <trkpt lat="46.9732180" lon="7.2092000"/>
   <trkpt lat="46.9731950" lon="7.2091350"/>
   <trkpt lat="46.9731870" lon="7.2091140"/>
   <trkpt lat="46.9731690" lon="7.2090680"/>
   <trkpt lat="46.9731540" lon="7.2090260"/>
   <trkpt lat="46.9731350" lon="7.2089830"/>
   <trkpt lat="46.9731100" lon="7.2089250"/>
   <trkpt lat="46.9731020" lon="7.2089080"/>
   <trkpt lat="46.9730820" lon="7.2088680"/>
   <trkpt lat="46.9730640" lon="7.2088290"/>
   <trkpt lat="46.9730440" lon="7.2087900"/>
   <trkpt lat="46.9730180" lon="7.2087330"/>
   <trkpt lat="46.9730100" lon="7.2087150"/>
   <trkpt lat="46.9729930" lon="7.2086770"/>
   <trkpt lat="46.9729760" lon="7.2086370"/>
   <trkpt lat="46.9729570" lon="7.2085960"/>
   <trkpt lat="46.9729400" lon="7.2085500"/>
   <trkpt lat="46.9729250" lon="7.2085140"/>
   <trkpt lat="46.9729070" lon="7.2084740"/>
   <trkpt lat="46.9728940" lon="7.2084390"/>
   <trkpt lat="46.9728760" lon="7.2083980"/>
   <trkpt lat="46.9728570" lon="7.2083580"/>
   <trkpt lat="46.9728420" lon="7.2083220"/>
   <trkpt lat="46.9728270" lon="7.2082790"/>
   <trkpt lat="46.9728040" lon="7.2082110"/>
   <trkpt lat="46.9727960" lon="7.2081860"/>
   <trkpt lat="46.9727830" lon="7.2081390"/>
   <trkpt lat="46.9727700" lon="7.2080960"/>
   <trkpt lat="46.9727610" lon="7.2080470"/>
   <trkpt lat="46.9727530" lon="7.2080040"/>
   <trkpt lat="46.9727410" lon="7.2079590"/>
   <trkpt lat="46.9727310" lon="7.2079180"/>
   <trkpt lat="46.9727250" lon="7.2078780"/>
   <trkpt lat="46.9727170" lon="7.2078330"/>
   <trkpt lat="46.9727130" lon="7.2077890"/>
   <trkpt lat="46.9727100" lon="7.2077400"/>
   <trkpt lat="46.9727080" lon="7.2076900"/>
   <trkpt lat="46.9727070" lon="7.2076460"/>
   <trkpt lat="46.9727080" lon="7.2075940"/>
   <trkpt lat="46.9727090" lon="7.2075450"/>
   <trkpt lat="46.9727110" lon="7.2074930"/>
   <trkpt lat="46.9727130" lon="7.2074450"/>
   <trkpt lat="46.9727130" lon="7.2073980"/>
   <trkpt lat="46.9727160" lon="7.2073460"/>
   <trkpt lat="46.9727150" lon="7.2072940"/>
   <trkpt lat="46.9727110" lon="7.2072400"/>
   <trkpt lat="46.9727060" lon="7.2071940"/>
   <trkpt lat="46.9727010" lon="7.2071420"/>
   <trkpt lat="46.9726960" lon="7.2070990"/>
   <trkpt lat="46.9726950" lon="7.2070440"/>
   <trkpt lat="46.9726930" lon="7.2069880"/>
   <trkpt lat="46.9726910" lon="7.2069320"/>
   <trkpt lat="46.9726900" lon="7.2068770"/>
   <trkpt lat="46.9726860" lon="7.2068250"/>
   <trkpt lat="46.9726850" lon="7.2067690"/>
   <trkpt lat="46.9726830" lon="7.2067210"/>
   <trkpt lat="46.9726810" lon="7.2066700"/>
   <trkpt lat="46.9726810" lon="7.2066210"/>
   <trkpt lat="46.9726800" lon="7.2065680"/>
   <trkpt lat="46.9726810" lon="7.2065180"/>
   <trkpt lat="46.9726830" lon="7.2064760"/>
   <trkpt lat="46.9726830" lon="7.2064280"/>
   <trkpt lat="46.9726830" lon="7.2063810"/>
   <trkpt lat="46.9726820" lon="7.2063290"/>
   <trkpt lat="46.9726820" lon="7.2062760"/>
   <trkpt lat="46.9726810" lon="7.2062260"/>
   <trkpt lat="46.9726830" lon="7.2061710"/>
   <trkpt lat="46.9726860" lon="7.2061240"/>
   <trkpt lat="46.9726880" lon="7.2060690"/>
   <trkpt lat="46.9726900" lon="7.2060210"/>
   <trkpt lat="46.9726940" lon="7.2059710"/>
   <trkpt lat="46.9726960" lon="7.2059170"/>
   <trkpt lat="46.9726980" lon="7.2058740"/>
   <trkpt lat="46.9727000" lon="7.2058270"/>
   <trkpt lat="46.9727040" lon="7.2057820"/>
   <trkpt lat="46.9727070" lon="7.2057320"/>
   <trkpt lat="46.9727100" lon="7.2056820"/>
   <trkpt lat="46.9727120" lon="7.2056350"/>
   <trkpt lat="46.9727160" lon="7.2055850"/>
   <trkpt lat="46.9727210" lon="7.2055370"/>
   <trkpt lat="46.9727250" lon="7.2054850"/>
   <trkpt lat="46.9727310" lon="7.2054360"/>
   <trkpt lat="46.9727360" lon="7.2053930"/>
   <trkpt lat="46.9727450" lon="7.2053480"/>
   <trkpt lat="46.9727570" lon="7.2052960"/>
   <trkpt lat="46.9727610" lon="7.2052460"/>
   <trkpt lat="46.9727610" lon="7.2051920"/>
   <trkpt lat="46.9727560" lon="7.2051410"/>
   <trkpt lat="46.9727500" lon="7.2050860"/>
   <trkpt lat="46.9727520" lon="7.2050390"/>
   <trkpt lat="46.9727310" lon="7.2049940"/>
   <trkpt lat="46.9727050" lon="7.2049570"/>
   <trkpt lat="46.9726890" lon="7.2049130"/>
   <trkpt lat="46.9726780" lon="7.2048580"/>
   <trkpt lat="46.9726700" lon="7.2048120"/>
   <trkpt lat="46.9726570" lon="7.2047680"/>
   <trkpt lat="46.9726500" lon="7.2047200"/>
   <trkpt lat="46.9726410" lon="7.2046780"/>
   <trkpt lat="46.9726330" lon="7.2046280"/>
   <trkpt lat="46.9726250" lon="7.2045840"/>
   <trkpt lat="46.9726150" lon="7.2045430"/>
   <trkpt lat="46.9726080" lon="7.2044930"/>
   <trkpt lat="46.9725980" lon="7.2044480"/>
   <trkpt lat="46.9725930" lon="7.2043950"/>
   <trkpt lat="46.9725880" lon="7.2043430"/>
   <trkpt lat="46.9725830" lon="7.2042930"/>
   <trkpt lat="46.9725790" lon="7.2042480"/>
   <trkpt lat="46.9725720" lon="7.2042020"/>
   <trkpt lat="46.9725700" lon="7.2041530"/>
   <trkpt lat="46.9725670" lon="7.2041050"/>
   <trkpt lat="46.9725640" lon="7.2040480"/>
   <trkpt lat="46.9725640" lon="7.2040000"/>
   <trkpt lat="46.9725620" lon="7.2039480"/>
   <trkpt lat="46.9725610" lon="7.2038970"/>
   <trkpt lat="46.9725590" lon="7.2038490"/>
   <trkpt lat="46.9725610" lon="7.2037950"/>
   <trkpt lat="46.9725620" lon="7.2037500"/>
   <trkpt lat="46.9725650" lon="7.2037030"/>
   <trkpt lat="46.9725730" lon="7.2036640"/>
   <trkpt lat="46.9725780" lon="7.2036180"/>
   <trkpt lat="46.9725870" lon="7.2035740"/>
   <trkpt lat="46.9725930" lon="7.2035280"/>
   <trkpt lat="46.9726040" lon="7.2034770"/>
   <trkpt lat="46.9726150" lon="7.2034340"/>
   <trkpt lat="46.9726250" lon="7.2033820"/>
   <trkpt lat="46.9726360" lon="7.2033400"/>
   <trkpt lat="46.9726440" lon="7.2032950"/>
   <trkpt lat="46.9726550" lon="7.2032420"/>
   <trkpt lat="46.9726610" lon="7.2031920"/>
   <trkpt lat="46.9726760" lon="7.2031390"/>
   <trkpt lat="46.9726910" lon="7.2030990"/>
   <trkpt lat="46.9727020" lon="7.2030560"/>
   <trkpt lat="46.9727150" lon="7.2030160"/>
   <trkpt lat="46.9727250" lon="7.2029690"/>
   <trkpt lat="46.9727390" lon="7.2029240"/>
   <trkpt lat="46.9727490" lon="7.2028790"/>
   <trkpt lat="46.9727630" lon="7.2028350"/>
   <trkpt lat="46.9727750" lon="7.2027960"/>
   <trkpt lat="46.9727890" lon="7.2027460"/>
   <trkpt lat="46.9728050" lon="7.2027000"/>
   <trkpt lat="46.9728180" lon="7.2026520"/>
   <trkpt lat="46.9728350" lon="7.2026010"/>
   <trkpt lat="46.9728510" lon="7.2025590"/>
   <trkpt lat="46.9728670" lon="7.2025110"/>
   <trkpt lat="46.9728820" lon="7.2024690"/>
   <trkpt lat="46.9728970" lon="7.2024220"/>
   <trkpt lat="46.9729150" lon="7.2023740"/>
   <trkpt lat="46.9729270" lon="7.2023360"/>
   <trkpt lat="46.9729440" lon="7.2022920"/>
   <trkpt lat="46.9729600" lon="7.2022530"/>
   <trkpt lat="46.9729770" lon="7.2022120"/>
   <trkpt lat="46.9729950" lon="7.2021680"/>
   <trkpt lat="46.9730100" lon="7.2021260"/>
   <trkpt lat="46.9730260" lon="7.2020810"/>
   <trkpt lat="46.9730410" lon="7.2020410"/>
   <trkpt lat="46.9730560" lon="7.2019990"/>
   <trkpt lat="46.9730700" lon="7.2019550"/>
   <trkpt lat="46.9730840" lon="7.2019110"/>
   <trkpt lat="46.9731010" lon="7.2018640"/>
   <trkpt lat="46.9731150" lon="7.2018220"/>
   <trkpt lat="46.9731310" lon="7.2017810"/>
   <trkpt lat="46.9731480" lon="7.2017390"/>
   <trkpt lat="46.9731650" lon="7.2016960"/>
   <trkpt lat="46.9731830" lon="7.2016540"/>
   <trkpt lat="46.9732010" lon="7.2016110"/>
   <trkpt lat="46.9732170" lon="7.2015660"/>
   <trkpt lat="46.9732370" lon="7.2015230"/>
   <trkpt lat="46.9732560" lon="7.2014780"/>
   <trkpt lat="46.9732750" lon="7.2014330"/>
   <trkpt lat="46.9732950" lon="7.2013900"/>
   <trkpt lat="46.9733170" lon="7.2013480"/>
   <trkpt lat="46.9733350" lon="7.2013090"/>
   <trkpt lat="46.9733580" lon="7.2012650"/>
   <trkpt lat="46.9733790" lon="7.2012270"/>
   <trkpt lat="46.9734060" lon="7.2011830"/>
   <trkpt lat="46.9734310" lon="7.2011460"/>
   <trkpt lat="46.9734560" lon="7.2011070"/>
   <trkpt lat="46.9734820" lon="7.2010700"/>
   <trkpt lat="46.9735080" lon="7.2010280"/>
   <trkpt lat="46.9735340" lon="7.2009860"/>
   <trkpt lat="46.9735600" lon="7.2009420"/>
   <trkpt lat="46.9735880" lon="7.2008990"/>
   <trkpt lat="46.9736140" lon="7.2008560"/>
   <trkpt lat="46.9736410" lon="7.2008150"/>
   <trkpt lat="46.9736700" lon="7.2007730"/>
   <trkpt lat="46.9736970" lon="7.2007290"/>
   <trkpt lat="46.9737220" lon="7.2006810"/>
   <trkpt lat="46.9737430" lon="7.2006310"/>
   <trkpt lat="46.9737630" lon="7.2005820"/>
   <trkpt lat="46.9737850" lon="7.2005350"/>
   <trkpt lat="46.9738050" lon="7.2004870"/>
   <trkpt lat="46.9738290" lon="7.2004350"/>
   <trkpt lat="46.9738530" lon="7.2003880"/>
   <trkpt lat="46.9738800" lon="7.2003410"/>
   <trkpt lat="46.9739060" lon="7.2002950"/>
   <trkpt lat="46.9739330" lon="7.2002470"/>
   <trkpt lat="46.9739600" lon="7.2001990"/>
   <trkpt lat="46.9739900" lon="7.2001440"/>
   <trkpt lat="46.9740140" lon="7.2000990"/>
   <trkpt lat="46.9740380" lon="7.2000520"/>
   <trkpt lat="46.9740610" lon="7.2000100"/>
   <trkpt lat="46.9740850" lon="7.1999610"/>
   <trkpt lat="46.9741080" lon="7.1999210"/>
   <trkpt lat="46.9741310" lon="7.1998780"/>
   <trkpt lat="46.9741560" lon="7.1998390"/>
   <trkpt lat="46.9741780" lon="7.1997950"/>
   <trkpt lat="46.9742030" lon="7.1997480"/>
   <trkpt lat="46.9742260" lon="7.1996990"/>
   <trkpt lat="46.9742490" lon="7.1996510"/>
   <trkpt lat="46.9742710" lon="7.1996060"/>
   <trkpt lat="46.9742970" lon="7.1995630"/>
   <trkpt lat="46.9743220" lon="7.1995240"/>
   <trkpt lat="46.9743490" lon="7.1994820"/>
   <trkpt lat="46.9743680" lon="7.1994390"/>
   <trkpt lat="46.9743930" lon="7.1993950"/>
   <trkpt lat="46.9744170" lon="7.1993550"/>
   <trkpt lat="46.9744410" lon="7.1993140"/>
   <trkpt lat="46.9744650" lon="7.1992760"/>
   <trkpt lat="46.9744870" lon="7.1992340"/>
   <trkpt lat="46.9745120" lon="7.1991870"/>
   <trkpt lat="46.9745340" lon="7.1991450"/>
   <trkpt lat="46.9745570" lon="7.1991020"/>
   <trkpt lat="46.9745770" lon="7.1990700"/>
   <trkpt lat="46.9745990" lon="7.1990320"/>
   <trkpt lat="46.9746190" lon="7.1989960"/>
   <trkpt lat="46.9746400" lon="7.1989590"/>
   <trkpt lat="46.9746590" lon="7.1989210"/>
   <trkpt lat="46.9746780" lon="7.1988770"/>
   <trkpt lat="46.9747010" lon="7.1988330"/>
   <trkpt lat="46.9747210" lon="7.1987920"/>
   <trkpt lat="46.9747420" lon="7.1987490"/>
   <trkpt lat="46.9747610" lon="7.1987080"/>
   <trkpt lat="46.9747840" lon="7.1986650"/>
   <trkpt lat="46.9748060" lon="7.1986210"/>
   <trkpt lat="46.9748270" lon="7.1985750"/>
   <trkpt lat="46.9748400" lon="7.1985250"/>
   <trkpt lat="46.9748570" lon="7.1984810"/>
   <trkpt lat="46.9748750" lon="7.1984370"/>
   <trkpt lat="46.9748920" lon="7.1983960"/>
   <trkpt lat="46.9749120" lon="7.1983530"/>
   <trkpt lat="46.9749310" lon="7.1983130"/>
   <trkpt lat="46.9749480" lon="7.1982700"/>
   <trkpt lat="46.9749680" lon="7.1982250"/>
   <trkpt lat="46.9749850" lon="7.1981790"/>
   <trkpt lat="46.9750000" lon="7.1981340"/>
   <trkpt lat="46.9750130" lon="7.1980920"/>
   <trkpt lat="46.9750290" lon="7.1980490"/>
   <trkpt lat="46.9750460" lon="7.1980100"/>
   <trkpt lat="46.9750640" lon="7.1979660"/>
   <trkpt lat="46.9750770" lon="7.1979200"/>
   <trkpt lat="46.9750890" lon="7.1978690"/>
   <trkpt lat="46.9750990" lon="7.1978130"/>
   <trkpt lat="46.9751050" lon="7.1977600"/>
   <trkpt lat="46.9751060" lon="7.1977030"/>
   <trkpt lat="46.9751050" lon="7.1976530"/>
   <trkpt lat="46.9751020" lon="7.1975940"/>
   <trkpt lat="46.9751000" lon="7.1975470"/>
   <trkpt lat="46.9750980" lon="7.1974910"/>
   <trkpt lat="46.9750950" lon="7.1974420"/>
   <trkpt lat="46.9750920" lon="7.1973900"/>
   <trkpt lat="46.9750910" lon="7.1973460"/>
  </trkseg>
 </trk>
</gpx>
