<?xml version="1.0" encoding="UTF-8"?>
<gpx creator="StravaGPX" version="1.1" xmlns="http://www.topografix.com/GPX/1/1" xmlns:xsi="http://www.w3.org/2001/XMLSchema-instance" xsi:schemaLocation="http://www.topografix.com/GPX/1/1 http://www.topografix.com/GPX/1/1/gpx.xsd http://www.garmin.com/xmlschemas/GpxExtensions/v3 http://www.garmin.com/xmlschemas/GpxExtensionsv3.xsd http://www.garmin.com/xmlschemas/TrackPointExtension/v1 http://www.garmin.com/xmlschemas/TrackPointExtensionv1.xsd" xmlns:gpxtpx="http://www.garmin.com/xmlschemas/TrackPointExtension/v1" xmlns:gpxx="http://www.garmin.com/xmlschemas/GpxExtensions/v3">
 <trk>
  <name>Silvesterlauf Zürich</name>
  <type>running</type>
  <trkseg>
   <trkpt lat="47.3681600" lon="8.5446240"/>
   <trkpt lat="47.3681760" lon="8.5445950"/>
   <trkpt lat="47.3681850" lon="8.5445800"/>
   <trkpt lat="47.3681940" lon="8.5445650"/>
   <trkpt lat="47.3682030" lon="8.5445500"/>
   <trkpt lat="47.3682120" lon="8.5445350"/>
   <trkpt lat="47.3682210" lon="8.5445210"/>
   <trkpt lat="47.3682300" lon="8.5445060"/>
   <trkpt lat="47.3682390" lon="8.5444910"/>
   <trkpt lat="47.3682480" lon="8.5444760"/>
   <trkpt lat="47.3682810" lon="8.5444370"/>
   <trkpt lat="47.3682950" lon="8.5444190"/>
   <trkpt lat="47.3683090" lon="8.5444010"/>
   <trkpt lat="47.3683450" lon="8.5443530"/>
   <trkpt lat="47.3683580" lon="8.5443370"/>
   <trkpt lat="47.3684010" lon="8.5442820"/>
   <trkpt lat="47.3684190" lon="8.5442600"/>
   <trkpt lat="47.3684370" lon="8.5442370"/>
   <trkpt lat="47.3684790" lon="8.5441860"/>
   <trkpt lat="47.3684940" lon="8.5441680"/>
   <trkpt lat="47.3685440" lon="8.5441070"/>
   <trkpt lat="47.3685640" lon="8.5440810"/>
   <trkpt lat="47.3685840" lon="8.5440560"/>
   <trkpt lat="47.3686330" lon="8.5439880"/>
   <trkpt lat="47.3686530" lon="8.5439610"/>
   <trkpt lat="47.3686730" lon="8.5439350"/>
   <trkpt lat="47.3687170" lon="8.5438760"/>
   <trkpt lat="47.3687320" lon="8.5438570"/>
   <trkpt lat="47.3687810" lon="8.5437950"/>
   <trkpt lat="47.3688010" lon="8.5437710"/>
   <trkpt lat="47.3688210" lon="8.5437470"/>
   <trkpt lat="47.3688660" lon="8.5436960"/>
   <trkpt lat="47.3688810" lon="8.5436800"/>
   <trkpt lat="47.3689270" lon="8.5436280"/>
   <trkpt lat="47.3689450" lon="8.5436090"/>
   <trkpt lat="47.3689630" lon="8.5435900"/>
   <trkpt lat="47.3690060" lon="8.5435580"/>
   <trkpt lat="47.3690220" lon="8.5435500"/>
   <trkpt lat="47.3690790" lon="8.5435310"/>
   <trkpt lat="47.3691030" lon="8.5435250"/>
   <trkpt lat="47.3691270" lon="8.5435190"/>
   <trkpt lat="47.3691850" lon="8.5435100"/>
   <trkpt lat="47.3692080" lon="8.5435070"/>
   <trkpt lat="47.3692320" lon="8.5435040"/>
   <trkpt lat="47.3692860" lon="8.5435000"/>
   <trkpt lat="47.3693050" lon="8.5434990"/>
   <trkpt lat="47.3693680" lon="8.5434980"/>
   <trkpt lat="47.3693930" lon="8.5434970"/>
   <trkpt lat="47.3694180" lon="8.5434970"/>
   <trkpt lat="47.3694710" lon="8.5435000"/>
   <trkpt lat="47.3694880" lon="8.5435000"/>
   <trkpt lat="47.3695470" lon="8.5435000"/>
   <trkpt lat="47.3695710" lon="8.5434990"/>
   <trkpt lat="47.3695950" lon="8.5434980"/>
   <trkpt lat="47.3696540" lon="8.5434910"/>
   <trkpt lat="47.3696730" lon="8.5434870"/>
   <trkpt lat="47.3697360" lon="8.5434670"/>
   <trkpt lat="47.3697590" lon="8.5434560"/>
   <trkpt lat="47.3697820" lon="8.5434440"/>
   <trkpt lat="47.3698350" lon="8.5434030"/>
   <trkpt lat="47.3698560" lon="8.5433860"/>
   <trkpt lat="47.3698770" lon="8.5433690"/>
   <trkpt lat="47.3699230" lon="8.5433350"/>
   <trkpt lat="47.3699390" lon="8.5433240"/>
   <trkpt lat="47.3699910" lon="8.5432940"/>
   <trkpt lat="47.3700120" lon="8.5432830"/>
   <trkpt lat="47.3700330" lon="8.5432720"/>
   <trkpt lat="47.3700830" lon="8.5432470"/>
   <trkpt lat="47.3701000" lon="8.5432390"/>
   <trkpt lat="47.3701580" lon="8.5432120"/>
   <trkpt lat="47.3701810" lon="8.5432020"/>
   <trkpt lat="47.3702040" lon="8.5431920"/>
   <trkpt lat="47.3702570" lon="8.5431770"/>
   <trkpt lat="47.3702750" lon="8.5431730"/>
   <trkpt lat="47.3703360" lon="8.5431530"/>
   <trkpt lat="47.3703600" lon="8.5431440"/>
   <trkpt lat="47.3703850" lon="8.5431350"/>
   <trkpt lat="47.3704450" lon="8.5431100"/>
   <trkpt lat="47.3704690" lon="8.5431000"/>
   <trkpt lat="47.3704930" lon="8.5430900"/>
   <trkpt lat="47.3705490" lon="8.5430670"/>
   <trkpt lat="47.3705670" lon="8.5430610"/>
   <trkpt lat="47.3706290" lon="8.5430390"/>
   <trkpt lat="47.3706540" lon="8.5430310"/>
   <trkpt lat="47.3706780" lon="8.5430230"/>
   <trkpt lat="47.3707320" lon="8.5430040"/>
   <trkpt lat="47.3707500" lon="8.5429980"/>
   <trkpt lat="47.3708090" lon="8.5429840"/>
   <trkpt lat="47.3708320" lon="8.5429790"/>
   <trkpt lat="47.3708560" lon="8.5429740"/>
   <trkpt lat="47.3709080" lon="8.5429620"/>
   <trkpt lat="47.3709250" lon="8.5429570"/>
   <trkpt lat="47.3709810" lon="8.5429440"/>
   <trkpt lat="47.3710040" lon="8.5429390"/>
   <trkpt lat="47.3710270" lon="8.5429330"/>
   <trkpt lat="47.3710860" lon="8.5429190"/>
   <trkpt lat="47.3711110" lon="8.5429130"/>
   <trkpt lat="47.3711350" lon="8.5429070"/>
   <trkpt lat="47.3711900" lon="8.5428970"/>
   <trkpt lat="47.3712080" lon="8.5428950"/>
   <trkpt lat="47.3712690" lon="8.5428920"/>
   <trkpt lat="47.3712940" lon="8.5428910"/>
   <trkpt lat="47.3713180" lon="8.5428900"/>
   <trkpt lat="47.3713750" lon="8.5428790"/>
   <trkpt lat="47.3713940" lon="8.5428740"/>
   <trkpt lat="47.3714570" lon="8.5428540"/>
   <trkpt lat="47.3714820" lon="8.5428450"/>
   <trkpt lat="47.3715070" lon="8.5428360"/>
   <trkpt lat="47.3715620" lon="8.5428160"/>
   <trkpt lat="47.3715800" lon="8.5428110"/>
   <trkpt lat="47.3716390" lon="8.5427980"/>
   <trkpt lat="47.3716620" lon="8.5427940"/>
   <trkpt lat="47.3716850" lon="8.5427890"/>
   <trkpt lat="47.3717410" lon="8.5427750"/>
   <trkpt lat="47.3717630" lon="8.5427690"/>
   <trkpt lat="47.3717850" lon="8.5427630"/>
   <trkpt lat="47.3718340" lon="8.5427510"/>
   <trkpt lat="47.3718500" lon="8.5427480"/>
   <trkpt lat="47.3718800" lon="8.5427420"/>
   <trkpt lat="47.3719080" lon="8.5427370"/>
   <trkpt lat="47.3719350" lon="8.5427340"/>
   <trkpt lat="47.3719790" lon="8.5427300"/>
   <trkpt lat="47.3719950" lon="8.5427290"/>
   <trkpt lat="47.3720520" lon="8.5427220"/>
   <trkpt lat="47.3720750" lon="8.5427190"/>
   <trkpt lat="47.3720990" lon="8.5427170"/>
   <trkpt lat="47.3721510" lon="8.5427130"/>
   <trkpt lat="47.3721690" lon="8.5427120"/>
   <trkpt lat="47.3722240" lon="8.5427100"/>
   <trkpt lat="47.3722460" lon="8.5427110"/>
   <trkpt lat="47.3722680" lon="8.5427110"/>
   <trkpt lat="47.3723260" lon="8.5427160"/>
   <trkpt lat="47.3723500" lon="8.5427180"/>
   <trkpt lat="47.3723750" lon="8.5427200"/>
   <trkpt lat="47.3724290" lon="8.5427220"/>
   <trkpt lat="47.3724470" lon="8.5427230"/>
   <trkpt lat="47.3725050" lon="8.5427260"/>
   <trkpt lat="47.3725280" lon="8.5427260"/>
   <trkpt lat="47.3725510" lon="8.5427270"/>
   <trkpt lat="47.3726010" lon="8.5427280"/>
   <trkpt lat="47.3726180" lon="8.5427290"/>
   <trkpt lat="47.3726740" lon="8.5427320"/>
   <trkpt lat="47.3726970" lon="8.5427340"/>
   <trkpt lat="47.3727200" lon="8.5427360"/>
   <trkpt lat="47.3727760" lon="8.5427420"/>
   <trkpt lat="47.3727990" lon="8.5427440"/>
   <trkpt lat="47.3728210" lon="8.5427460"/>
   <trkpt lat="47.3728740" lon="8.5427520"/>
   <trkpt lat="47.3728920" lon="8.5427540"/>
   <trkpt lat="47.3729470" lon="8.5427590"/>
   <trkpt lat="47.3729690" lon="8.5427590"/>
   <trkpt lat="47.3729900" lon="8.5427600"/>
   <trkpt lat="47.3730380" lon="8.5427570"/>
   <trkpt lat="47.3730550" lon="8.5427550"/>
   <trkpt lat="47.3731080" lon="8.5427520"/>
   <trkpt lat="47.3731300" lon="8.5427520"/>
   <trkpt lat="47.3731510" lon="8.5427520"/>
   <trkpt lat="47.3732000" lon="8.5427570"/>
   <trkpt lat="47.3732170" lon="8.5427590"/>
   <trkpt lat="47.3732720" lon="8.5427640"/>
   <trkpt lat="47.3732950" lon="8.5427660"/>
   <trkpt lat="47.3733170" lon="8.5427680"/>
   <trkpt lat="47.3733740" lon="8.5427690"/>
   <trkpt lat="47.3733970" lon="8.5427690"/>
   <trkpt lat="47.3734200" lon="8.5427690"/>
   <trkpt lat="47.3734700" lon="8.5427690"/>
   <trkpt lat="47.3734870" lon="8.5427690"/>
   <trkpt lat="47.3735450" lon="8.5427690"/>
   <trkpt lat="47.3735680" lon="8.5427690"/>
   <trkpt lat="47.3735910" lon="8.5427700"/>
   <trkpt lat="47.3736450" lon="8.5427690"/>
   <trkpt lat="47.3736620" lon="8.5427700"/>
   <trkpt lat="47.3737220" lon="8.5427760"/>
   <trkpt lat="47.3737460" lon="8.5427800"/>
   <trkpt lat="47.3737690" lon="8.5427850"/>
   <trkpt lat="47.3738210" lon="8.5427990"/>
   <trkpt lat="47.3738380" lon="8.5428040"/>
   <trkpt lat="47.3738930" lon="8.5428250"/>
   <trkpt lat="47.3739150" lon="8.5428330"/>
   <trkpt lat="47.3739380" lon="8.5428420"/>
   <trkpt lat="47.3739930" lon="8.5428610"/>
   <trkpt lat="47.3740150" lon="8.5428680"/>
   <trkpt lat="47.3740370" lon="8.5428750"/>
   <trkpt lat="47.3740850" lon="8.5428920"/>
   <trkpt lat="47.3741010" lon="8.5428970"/>
   <trkpt lat="47.3741540" lon="8.5429100"/>
   <trkpt lat="47.3741760" lon="8.5429130"/>
   <trkpt lat="47.3741970" lon="8.5429170"/>
   <trkpt lat="47.3742460" lon="8.5429260"/>
   <trkpt lat="47.3742620" lon="8.5429300"/>
   <trkpt lat="47.3743160" lon="8.5429510"/>
   <trkpt lat="47.3743380" lon="8.5429610"/>
   <trkpt lat="47.3743600" lon="8.5429720"/>
   <trkpt lat="47.3744060" lon="8.5429970"/>
   <trkpt lat="47.3744210" lon="8.5430050"/>
   <trkpt lat="47.3744720" lon="8.5430270"/>
   <trkpt lat="47.3744930" lon="8.5430340"/>
   <trkpt lat="47.3745130" lon="8.5430410"/>
   <trkpt lat="47.3745630" lon="8.5430660"/>
   <trkpt lat="47.3745830" lon="8.5430780"/>
   <trkpt lat="47.3746020" lon="8.5430900"/>
   <trkpt lat="47.3746490" lon="8.5431160"/>
   <trkpt lat="47.3746640" lon="8.5431240"/>
   <trkpt lat="47.3747190" lon="8.5431470"/>
   <trkpt lat="47.3747400" lon="8.5431550"/>
   <trkpt lat="47.3747620" lon="8.5431630"/>
   <trkpt lat="47.3748090" lon="8.5431810"/>
   <trkpt lat="47.3748250" lon="8.5431870"/>
   <trkpt lat="47.3748790" lon="8.5432050"/>
   <trkpt lat="47.3749010" lon="8.5432120"/>
   <trkpt lat="47.3749230" lon="8.5432190"/>
   <trkpt lat="47.3749720" lon="8.5432350"/>
   <trkpt lat="47.3749890" lon="8.5432400"/>
   <trkpt lat="47.3750440" lon="8.5432560"/>
   <trkpt lat="47.3750660" lon="8.5432620"/>
   <trkpt lat="47.3750870" lon="8.5432680"/>
   <trkpt lat="47.3751390" lon="8.5432870"/>
   <trkpt lat="47.3751600" lon="8.5432950"/>
   <trkpt lat="47.3751800" lon="8.5433020"/>
   <trkpt lat="47.3752300" lon="8.5433220"/>
   <trkpt lat="47.3752460" lon="8.5433290"/>
   <trkpt lat="47.3753010" lon="8.5433520"/>
   <trkpt lat="47.3753230" lon="8.5433620"/>
   <trkpt lat="47.3753440" lon="8.5433710"/>
   <trkpt lat="47.3753920" lon="8.5433940"/>
   <trkpt lat="47.3754070" lon="8.5434020"/>
   <trkpt lat="47.3754590" lon="8.5434310"/>
   <trkpt lat="47.3754800" lon="8.5434420"/>
   <trkpt lat="47.3755010" lon="8.5434530"/>
   <trkpt lat="47.3755490" lon="8.5434710"/>
   <trkpt lat="47.3755650" lon="8.5434770"/>
   <trkpt lat="47.3756200" lon="8.5434930"/>
   <trkpt lat="47.3756420" lon="8.5435000"/>
   <trkpt lat="47.3756630" lon="8.5435060"/>
   <trkpt lat="47.3757150" lon="8.5435220"/>
   <trkpt lat="47.3757350" lon="8.5435290"/>
   <trkpt lat="47.3757550" lon="8.5435350"/>
   <trkpt lat="47.3758020" lon="8.5435490"/>
   <trkpt lat="47.3758170" lon="8.5435540"/>
   <trkpt lat="47.3758700" lon="8.5435750"/>
   <trkpt lat="47.3758900" lon="8.5435830"/>
   <trkpt lat="47.3759110" lon="8.5435910"/>
   <trkpt lat="47.3759560" lon="8.5436040"/>
   <trkpt lat="47.3759710" lon="8.5436070"/>
   <trkpt lat="47.3760170" lon="8.5436170"/>
   <trkpt lat="47.3760340" lon="8.5436210"/>
   <trkpt lat="47.3760510" lon="8.5436250"/>
   <trkpt lat="47.3760800" lon="8.5436260"/>
   <trkpt lat="47.3760870" lon="8.5436260"/>
   <trkpt lat="47.3760730" lon="8.5436180"/>
   <trkpt lat="47.3760530" lon="8.5436140"/>
   <trkpt lat="47.3760330" lon="8.5436100"/>
   <trkpt lat="47.3760130" lon="8.5436060"/>
   <trkpt lat="47.3759930" lon="8.5436020"/>
   <trkpt lat="47.3759730" lon="8.5435980"/>
   <trkpt lat="47.3759170" lon="8.5435730"/>
   <trkpt lat="47.3758980" lon="8.5435640"/>
   <trkpt lat="47.3758360" lon="8.5435340"/>
   <trkpt lat="47.3758120" lon="8.5435230"/>
   <trkpt lat="47.3757880" lon="8.5435110"/>
   <trkpt lat="47.3757340" lon="8.5434890"/>
   <trkpt lat="47.3757160" lon="8.5434830"/>
   <trkpt lat="47.3756590" lon="8.5434590"/>
   <trkpt lat="47.3756370" lon="8.5434490"/>
   <trkpt lat="47.3756150" lon="8.5434390"/>
   <trkpt lat="47.3755600" lon="8.5434170"/>
   <trkpt lat="47.3755380" lon="8.5434090"/>
   <trkpt lat="47.3755160" lon="8.5434000"/>
   <trkpt lat="47.3754670" lon="8.5433810"/>
   <trkpt lat="47.3754500" lon="8.5433750"/>
   <trkpt lat="47.3753960" lon="8.5433550"/>
   <trkpt lat="47.3753740" lon="8.5433480"/>
   <trkpt lat="47.3753520" lon="8.5433410"/>
   <trkpt lat="47.3753030" lon="8.5433270"/>
   <trkpt lat="47.3752870" lon="8.5433220"/>
   <trkpt lat="47.3752330" lon="8.5433100"/>
   <trkpt lat="47.3752110" lon="8.5433060"/>
   <trkpt lat="47.3751890" lon="8.5433020"/>
   <trkpt lat="47.3751430" lon="8.5432950"/>
   <trkpt lat="47.3751280" lon="8.5432930"/>
   <trkpt lat="47.3750760" lon="8.5432820"/>
   <trkpt lat="47.3750550" lon="8.5432770"/>
   <trkpt lat="47.3750340" lon="8.5432720"/>
   <trkpt lat="47.3749780" lon="8.5432580"/>
   <trkpt lat="47.3749550" lon="8.5432530"/>
   <trkpt lat="47.3749320" lon="8.5432470"/>
   <trkpt lat="47.3748800" lon="8.5432360"/>
   <trkpt lat="47.3748630" lon="8.5432330"/>
   <trkpt lat="47.3748100" lon="8.5432210"/>
   <trkpt lat="47.3747890" lon="8.5432150"/>
   <trkpt lat="47.3747680" lon="8.5432090"/>
   <trkpt lat="47.3747240" lon="8.5431960"/>
   <trkpt lat="47.3747100" lon="8.5431920"/>
   <trkpt lat="47.3746590" lon="8.5431770"/>
   <trkpt lat="47.3746390" lon="8.5431710"/>
   <trkpt lat="47.3746180" lon="8.5431640"/>
   <trkpt lat="47.3745720" lon="8.5431490"/>
   <trkpt lat="47.3745570" lon="8.5431440"/>
   <trkpt lat="47.3745130" lon="8.5431260"/>
   <trkpt lat="47.3744970" lon="8.5431190"/>
   <trkpt lat="47.3744810" lon="8.5431110"/>
   <trkpt lat="47.3744640" lon="8.5430830"/>
   <trkpt lat="47.3744640" lon="8.5430690"/>
   <trkpt lat="47.3744650" lon="8.5430550"/>
   <trkpt lat="47.3744970" lon="8.5430230"/>
   <trkpt lat="47.3745190" lon="8.5430130"/>
   <trkpt lat="47.3747080" lon="8.5430260"/>
   <trkpt lat="47.3748240" lon="8.5430480"/>
   <trkpt lat="47.3749400" lon="8.5430690"/>
   <trkpt lat="47.3752800" lon="8.5431390"/>
   <trkpt lat="47.3754030" lon="8.5431620"/>
   <trkpt lat="47.3758100" lon="8.5432160"/>
   <trkpt lat="47.3759740" lon="8.5432290"/>
   <trkpt lat="47.3761380" lon="8.5432420"/>
   <trkpt lat="47.3764640" lon="8.5432500"/>
   <trkpt lat="47.3765600" lon="8.5432510"/>
   <trkpt lat="47.3767800" lon="8.5432370"/>
   <trkpt lat="47.3768060" lon="8.5432220"/>
   <trkpt lat="47.3768320" lon="8.5432080"/>
   <trkpt lat="47.3768820" lon="8.5431420"/>
   <trkpt lat="47.3769000" lon="8.5431090"/>
   <trkpt lat="47.3769190" lon="8.5430760"/>
   <trkpt lat="47.3769150" lon="8.5429720"/>
   <trkpt lat="47.3769060" lon="8.5429330"/>
   <trkpt lat="47.3768630" lon="8.5428030"/>
   <trkpt lat="47.3768400" lon="8.5427490"/>
   <trkpt lat="47.3768160" lon="8.5426950"/>
   <trkpt lat="47.3767630" lon="8.5425870"/>
   <trkpt lat="47.3767460" lon="8.5425550"/>
   <trkpt lat="47.3767000" lon="8.5424610"/>
   <trkpt lat="47.3766850" lon="8.5424290"/>
   <trkpt lat="47.3766700" lon="8.5423980"/>
   <trkpt lat="47.3766380" lon="8.5423420"/>
   <trkpt lat="47.3766280" lon="8.5423250"/>
   <trkpt lat="47.3765930" lon="8.5422860"/>
   <trkpt lat="47.3765770" lon="8.5422740"/>
   <trkpt lat="47.3765620" lon="8.5422610"/>
   <trkpt lat="47.3765300" lon="8.5422470"/>
   <trkpt lat="47.3765180" lon="8.5422430"/>
   <trkpt lat="47.3765070" lon="8.5422390"/>
   <trkpt lat="47.3764760" lon="8.5422270"/>
   <trkpt lat="47.3764660" lon="8.5422210"/>
   <trkpt lat="47.3764300" lon="8.5421900"/>
   <trkpt lat="47.3764150" lon="8.5421760"/>
   <trkpt lat="47.3764010" lon="8.5421610"/>
   <trkpt lat="47.3763650" lon="8.5421240"/>
   <trkpt lat="47.3763530" lon="8.5421120"/>
   <trkpt lat="47.3763050" lon="8.5420670"/>
   <trkpt lat="47.3762860" lon="8.5420500"/>
   <trkpt lat="47.3762670" lon="8.5420320"/>
   <trkpt lat="47.3762240" lon="8.5419820"/>
   <trkpt lat="47.3762100" lon="8.5419640"/>
   <trkpt lat="47.3761740" lon="8.5418960"/>
   <trkpt lat="47.3761610" lon="8.5418660"/>
   <trkpt lat="47.3761480" lon="8.5418360"/>
   <trkpt lat="47.3761190" lon="8.5417580"/>
   <trkpt lat="47.3761080" lon="8.5417270"/>
   <trkpt lat="47.3760970" lon="8.5416970"/>
   <trkpt lat="47.3760720" lon="8.5416290"/>
   <trkpt lat="47.3760630" lon="8.5416060"/>
   <trkpt lat="47.3760330" lon="8.5415210"/>
   <trkpt lat="47.3760210" lon="8.5414840"/>
   <trkpt lat="47.3760090" lon="8.5414480"/>
   <trkpt lat="47.3759850" lon="8.5413630"/>
   <trkpt lat="47.3759770" lon="8.5413340"/>
   <trkpt lat="47.3759600" lon="8.5412450"/>
   <trkpt lat="47.3759550" lon="8.5412110"/>
   <trkpt lat="47.3759510" lon="8.5411780"/>
   <trkpt lat="47.3759480" lon="8.5411180"/>
   <trkpt lat="47.3759470" lon="8.5410990"/>
   <trkpt lat="47.3759490" lon="8.5410350"/>
   <trkpt lat="47.3759490" lon="8.5410090"/>
   <trkpt lat="47.3759500" lon="8.5409830"/>
   <trkpt lat="47.3759540" lon="8.5409330"/>
   <trkpt lat="47.3759560" lon="8.5409160"/>
   <trkpt lat="47.3759590" lon="8.5409000"/>
   <trkpt lat="47.3759710" lon="8.5408810"/>
   <trkpt lat="47.3759760" lon="8.5408760"/>
   <trkpt lat="47.3759980" lon="8.5408670"/>
   <trkpt lat="47.3760070" lon="8.5408640"/>
   <trkpt lat="47.3760160" lon="8.5408610"/>
   <trkpt lat="47.3760380" lon="8.5408510"/>
   <trkpt lat="47.3760450" lon="8.5408480"/>
   <trkpt lat="47.3760660" lon="8.5408460"/>
   <trkpt lat="47.3760730" lon="8.5408470"/>
   <trkpt lat="47.3760810" lon="8.5408490"/>
   <trkpt lat="47.3760970" lon="8.5408510"/>
   <trkpt lat="47.3761040" lon="8.5408520"/>
   <trkpt lat="47.3761110" lon="8.5408530"/>
   <trkpt lat="47.3761320" lon="8.5408540"/>
   <trkpt lat="47.3761390" lon="8.5408540"/>
   <trkpt lat="47.3761610" lon="8.5408540"/>
   <trkpt lat="47.3761690" lon="8.5408540"/>
   <trkpt lat="47.3761780" lon="8.5408540"/>
   <trkpt lat="47.3761930" lon="8.5408610"/>
   <trkpt lat="47.3761970" lon="8.5408630"/>
   <trkpt lat="47.3762090" lon="8.5408740"/>
   <trkpt lat="47.3762130" lon="8.5408800"/>
   <trkpt lat="47.3762160" lon="8.5408850"/>
   <trkpt lat="47.3762180" lon="8.5409150"/>
   <trkpt lat="47.3762170" lon="8.5409280"/>
   <trkpt lat="47.3762110" lon="8.5409910"/>
   <trkpt lat="47.3762060" lon="8.5410190"/>
   <trkpt lat="47.3762010" lon="8.5410470"/>
   <trkpt lat="47.3761760" lon="8.5411170"/>
   <trkpt lat="47.3761650" lon="8.5411430"/>
   <trkpt lat="47.3761540" lon="8.5411700"/>
   <trkpt lat="47.3761330" lon="8.5412260"/>
   <trkpt lat="47.3761270" lon="8.5412430"/>
   <trkpt lat="47.3761230" lon="8.5412690"/>
   <trkpt lat="47.3761260" lon="8.5412830"/>
   <trkpt lat="47.3761360" lon="8.5412870"/>
   <trkpt lat="47.3761480" lon="8.5412870"/>
   <trkpt lat="47.3761630" lon="8.5412880"/>
   <trkpt lat="47.3761850" lon="8.5412930"/>
   <trkpt lat="47.3761930" lon="8.5412950"/>
   <trkpt lat="47.3762010" lon="8.5412980"/>
   <trkpt lat="47.3762130" lon="8.5413020"/>
   <trkpt lat="47.3762160" lon="8.5413030"/>
   <trkpt lat="47.3762220" lon="8.5413040"/>
   <trkpt lat="47.3762250" lon="8.5413060"/>
   <trkpt lat="47.3762260" lon="8.5413120"/>
   <trkpt lat="47.3762230" lon="8.5413330"/>
   <trkpt lat="47.3762220" lon="8.5413430"/>
   <trkpt lat="47.3762200" lon="8.5413540"/>
   <trkpt lat="47.3762130" lon="8.5413830"/>
   <trkpt lat="47.3762110" lon="8.5413940"/>
   <trkpt lat="47.3762060" lon="8.5414330"/>
   <trkpt lat="47.3762050" lon="8.5414460"/>
   <trkpt lat="47.3762040" lon="8.5414600"/>
   <trkpt lat="47.3762120" lon="8.5414730"/>
   <trkpt lat="47.3762170" lon="8.5414750"/>
   <trkpt lat="47.3762230" lon="8.5414760"/>
   <trkpt lat="47.3762280" lon="8.5414780"/>
   <trkpt lat="47.3762340" lon="8.5414790"/>
   <trkpt lat="47.3762470" lon="8.5415000"/>
   <trkpt lat="47.3762530" lon="8.5415170"/>
   <trkpt lat="47.3762590" lon="8.5415330"/>
   <trkpt lat="47.3762640" lon="8.5415490"/>
   <trkpt lat="47.3762700" lon="8.5415650"/>
   <trkpt lat="47.3762670" lon="8.5416150"/>
   <trkpt lat="47.3762640" lon="8.5416350"/>
   <trkpt lat="47.3762620" lon="8.5416540"/>
   <trkpt lat="47.3762500" lon="8.5416910"/>
   <trkpt lat="47.3762450" lon="8.5417030"/>
   <trkpt lat="47.3762260" lon="8.5417320"/>
   <trkpt lat="47.3762180" lon="8.5417410"/>
   <trkpt lat="47.3762100" lon="8.5417500"/>
   <trkpt lat="47.3762010" lon="8.5417570"/>
   <trkpt lat="47.3761950" lon="8.5417580"/>
   <trkpt lat="47.3761930" lon="8.5417530"/>
   <trkpt lat="47.3761950" lon="8.5417370"/>
   <trkpt lat="47.3761960" lon="8.5417080"/>
   <trkpt lat="47.3761980" lon="8.5416430"/>
   <trkpt lat="47.3761990" lon="8.5416180"/>
   <trkpt lat="47.3761980" lon="8.5415250"/>
   <trkpt lat="47.3761940" lon="8.5414870"/>
   <trkpt lat="47.3761910" lon="8.5414490"/>
   <trkpt lat="47.3761740" lon="8.5413570"/>
   <trkpt lat="47.3761660" lon="8.5413220"/>
   <trkpt lat="47.3761580" lon="8.5412860"/>
   <trkpt lat="47.3761460" lon="8.5412110"/>
   <trkpt lat="47.3761440" lon="8.5411870"/>
   <trkpt lat="47.3761380" lon="8.5411190"/>
   <trkpt lat="47.3761360" lon="8.5410940"/>
   <trkpt lat="47.3761340" lon="8.5410700"/>
   <trkpt lat="47.3761120" lon="8.5410280"/>
   <trkpt lat="47.3761020" lon="8.5410160"/>
   <trkpt lat="47.3760530" lon="8.5409940"/>
   <trkpt lat="47.3760320" lon="8.5409890"/>
   <trkpt lat="47.3760110" lon="8.5409830"/>
   <trkpt lat="47.3759660" lon="8.5409750"/>
   <trkpt lat="47.3759510" lon="8.5409720"/>
   <trkpt lat="47.3759010" lon="8.5409640"/>
   <trkpt lat="47.3758800" lon="8.5409620"/>
   <trkpt lat="47.3758590" lon="8.5409590"/>
   <trkpt lat="47.3758030" lon="8.5409590"/>
   <trkpt lat="47.3757810" lon="8.5409580"/>
   <trkpt lat="47.3757580" lon="8.5409570"/>
   <trkpt lat="47.3757110" lon="8.5409480"/>
   <trkpt lat="47.3756960" lon="8.5409440"/>
   <trkpt lat="47.3756480" lon="8.5409370"/>
   <trkpt lat="47.3756300" lon="8.5409360"/>
   <trkpt lat="47.3756110" lon="8.5409350"/>
   <trkpt lat="47.3755700" lon="8.5409360"/>
   <trkpt lat="47.3755560" lon="8.5409360"/>
   <trkpt lat="47.3755070" lon="8.5409440"/>
   <trkpt lat="47.3754870" lon="8.5409510"/>
   <trkpt lat="47.3754660" lon="8.5409570"/>
   <trkpt lat="47.3754190" lon="8.5409870"/>
   <trkpt lat="47.3754030" lon="8.5409980"/>
   <trkpt lat="47.3753480" lon="8.5410250"/>
   <trkpt lat="47.3753250" lon="8.5410330"/>
   <trkpt lat="47.3753020" lon="8.5410400"/>
   <trkpt lat="47.3752680" lon="8.5410370"/>
   <trkpt lat="47.3752370" lon="8.5410300"/>
   <trkpt lat="47.3752050" lon="8.5410190"/>
   <trkpt lat="47.3751750" lon="8.5410040"/>
   <trkpt lat="47.3751470" lon="8.5409840"/>
   <trkpt lat="47.3750990" lon="8.5409360"/>
   <trkpt lat="47.3750800" lon="8.5409140"/>
   <trkpt lat="47.3750620" lon="8.5408930"/>
   <trkpt lat="47.3750240" lon="8.5408330"/>
   <trkpt lat="47.3750150" lon="8.5408100"/>
   <trkpt lat="47.3749930" lon="8.5407280"/>
   <trkpt lat="47.3749920" lon="8.5406940"/>
   <trkpt lat="47.3749900" lon="8.5406590"/>
   <trkpt lat="47.3749910" lon="8.5405900"/>
   <trkpt lat="47.3749910" lon="8.5405700"/>
   <trkpt lat="47.3749710" lon="8.5405140"/>
   <trkpt lat="47.3749590" lon="8.5404940"/>
   <trkpt lat="47.3749470" lon="8.5404740"/>
   <trkpt lat="47.3749080" lon="8.5404270"/>
   <trkpt lat="47.3748930" lon="8.5404080"/>
   <trkpt lat="47.3748780" lon="8.5403890"/>
   <trkpt lat="47.3748400" lon="8.5403520"/>
   <trkpt lat="47.3748260" lon="8.5403410"/>
   <trkpt lat="47.3747770" lon="8.5403180"/>
   <trkpt lat="47.3747570" lon="8.5403120"/>
   <trkpt lat="47.3747370" lon="8.5403060"/>
   <trkpt lat="47.3746950" lon="8.5403020"/>
   <trkpt lat="47.3746810" lon="8.5403010"/>
   <trkpt lat="47.3746300" lon="8.5403040"/>
   <trkpt lat="47.3746090" lon="8.5403080"/>
   <trkpt lat="47.3745880" lon="8.5403120"/>
   <trkpt lat="47.3745350" lon="8.5403180"/>
   <trkpt lat="47.3745140" lon="8.5403180"/>
   <trkpt lat="47.3744930" lon="8.5403190"/>
   <trkpt lat="47.3744490" lon="8.5403110"/>
   <trkpt lat="47.3744350" lon="8.5403080"/>
   <trkpt lat="47.3743840" lon="8.5402970"/>
   <trkpt lat="47.3743630" lon="8.5402930"/>
   <trkpt lat="47.3743420" lon="8.5402890"/>
   <trkpt lat="47.3742980" lon="8.5402820"/>
   <trkpt lat="47.3742840" lon="8.5402790"/>
   <trkpt lat="47.3742370" lon="8.5402690"/>
   <trkpt lat="47.3742180" lon="8.5402650"/>
   <trkpt lat="47.3741980" lon="8.5402600"/>
   <trkpt lat="47.3741560" lon="8.5402470"/>
   <trkpt lat="47.3741420" lon="8.5402420"/>
   <trkpt lat="47.3740990" lon="8.5402170"/>
   <trkpt lat="47.3740830" lon="8.5402040"/>
   <trkpt lat="47.3740670" lon="8.5401910"/>
   <trkpt lat="47.3740480" lon="8.5401270"/>
   <trkpt lat="47.3740450" lon="8.5400960"/>
   <trkpt lat="47.3740430" lon="8.5400640"/>
   <trkpt lat="47.3740510" lon="8.5399920"/>
   <trkpt lat="47.3740540" lon="8.5399660"/>
   <trkpt lat="47.3740610" lon="8.5398860"/>
   <trkpt lat="47.3740630" lon="8.5398550"/>
   <trkpt lat="47.3740640" lon="8.5398240"/>
   <trkpt lat="47.3740600" lon="8.5397570"/>
   <trkpt lat="47.3740590" lon="8.5397350"/>
   <trkpt lat="47.3740520" lon="8.5396630"/>
   <trkpt lat="47.3740480" lon="8.5396340"/>
   <trkpt lat="47.3740450" lon="8.5396050"/>
   <trkpt lat="47.3740360" lon="8.5395380"/>
   <trkpt lat="47.3740320" lon="8.5395150"/>
   <trkpt lat="47.3740240" lon="8.5394440"/>
   <trkpt lat="47.3740220" lon="8.5394160"/>
   <trkpt lat="47.3740200" lon="8.5393890"/>
   <trkpt lat="47.3740220" lon="8.5393300"/>
   <trkpt lat="47.3740220" lon="8.5393080"/>
   <trkpt lat="47.3740220" lon="8.5392860"/>
   <trkpt lat="47.3740140" lon="8.5392330"/>
   <trkpt lat="47.3740100" lon="8.5392140"/>
   <trkpt lat="47.3739850" lon="8.5391490"/>
   <trkpt lat="47.3739720" lon="8.5391240"/>
   <trkpt lat="47.3739600" lon="8.5390990"/>
   <trkpt lat="47.3739250" lon="8.5390520"/>
   <trkpt lat="47.3739120" lon="8.5390390"/>
   <trkpt lat="47.3738540" lon="8.5390280"/>
   <trkpt lat="47.3738300" lon="8.5390310"/>
   <trkpt lat="47.3738050" lon="8.5390350"/>
   <trkpt lat="47.3737510" lon="8.5390590"/>
   <trkpt lat="47.3737340" lon="8.5390700"/>
   <trkpt lat="47.3736810" lon="8.5391010"/>
   <trkpt lat="47.3736610" lon="8.5391120"/>
   <trkpt lat="47.3736410" lon="8.5391230"/>
   <trkpt lat="47.3735900" lon="8.5391480"/>
   <trkpt lat="47.3735690" lon="8.5391590"/>
   <trkpt lat="47.3735490" lon="8.5391700"/>
   <trkpt lat="47.3735070" lon="8.5392000"/>
   <trkpt lat="47.3734930" lon="8.5392100"/>
   <trkpt lat="47.3734480" lon="8.5392470"/>
   <trkpt lat="47.3734310" lon="8.5392630"/>
   <trkpt lat="47.3734130" lon="8.5392780"/>
   <trkpt lat="47.3733750" lon="8.5393140"/>
   <trkpt lat="47.3733620" lon="8.5393260"/>
   <trkpt lat="47.3733170" lon="8.5393680"/>
   <trkpt lat="47.3732990" lon="8.5393870"/>
   <trkpt lat="47.3732810" lon="8.5394050"/>
   <trkpt lat="47.3732410" lon="8.5394510"/>
   <trkpt lat="47.3732280" lon="8.5394660"/>
   <trkpt lat="47.3731860" lon="8.5395160"/>
   <trkpt lat="47.3731690" lon="8.5395360"/>
   <trkpt lat="47.3731530" lon="8.5395560"/>
   <trkpt lat="47.3731120" lon="8.5396050"/>
   <trkpt lat="47.3730950" lon="8.5396240"/>
   <trkpt lat="47.3730780" lon="8.5396430"/>
   <trkpt lat="47.3730390" lon="8.5396780"/>
   <trkpt lat="47.3730270" lon="8.5396890"/>
   <trkpt lat="47.3729800" lon="8.5397210"/>
   <trkpt lat="47.3729610" lon="8.5397320"/>
   <trkpt lat="47.3729420" lon="8.5397440"/>
   <trkpt lat="47.3729000" lon="8.5397650"/>
   <trkpt lat="47.3728870" lon="8.5397720"/>
   <trkpt lat="47.3728390" lon="8.5397960"/>
   <trkpt lat="47.3728190" lon="8.5398060"/>
   <trkpt lat="47.3728000" lon="8.5398160"/>
   <trkpt lat="47.3727590" lon="8.5398410"/>
   <trkpt lat="47.3727460" lon="8.5398500"/>
   <trkpt lat="47.3727020" lon="8.5398870"/>
   <trkpt lat="47.3726850" lon="8.5399030"/>
   <trkpt lat="47.3726680" lon="8.5399190"/>
   <trkpt lat="47.3726270" lon="8.5399590"/>
   <trkpt lat="47.3726110" lon="8.5399750"/>
   <trkpt lat="47.3725960" lon="8.5399900"/>
   <trkpt lat="47.3725620" lon="8.5400260"/>
   <trkpt lat="47.3725500" lon="8.5400380"/>
   <trkpt lat="47.3725130" lon="8.5400860"/>
   <trkpt lat="47.3724980" lon="8.5401060"/>
   <trkpt lat="47.3724830" lon="8.5401250"/>
   <trkpt lat="47.3724480" lon="8.5401680"/>
   <trkpt lat="47.3724350" lon="8.5401820"/>
   <trkpt lat="47.3723940" lon="8.5402240"/>
   <trkpt lat="47.3723780" lon="8.5402390"/>
   <trkpt lat="47.3723620" lon="8.5402550"/>
   <trkpt lat="47.3723300" lon="8.5402850"/>
   <trkpt lat="47.3723200" lon="8.5402950"/>
   <trkpt lat="47.3722830" lon="8.5403190"/>
   <trkpt lat="47.3722670" lon="8.5403240"/>
   <trkpt lat="47.3722510" lon="8.5403300"/>
   <trkpt lat="47.3722020" lon="8.5403090"/>
   <trkpt lat="47.3721820" lon="8.5402940"/>
   <trkpt lat="47.3721630" lon="8.5402800"/>
   <trkpt lat="47.3721240" lon="8.5402230"/>
   <trkpt lat="47.3721130" lon="8.5402030"/>
   <trkpt lat="47.3720790" lon="8.5401430"/>
   <trkpt lat="47.3720670" lon="8.5401210"/>
   <trkpt lat="47.3720540" lon="8.5401000"/>
   <trkpt lat="47.3720320" lon="8.5400520"/>
   <trkpt lat="47.3720260" lon="8.5400350"/>
   <trkpt lat="47.3720260" lon="8.5399770"/>
   <trkpt lat="47.3720320" lon="8.5399550"/>
   <trkpt lat="47.3720370" lon="8.5399320"/>
   <trkpt lat="47.3720670" lon="8.5398840"/>
   <trkpt lat="47.3720780" lon="8.5398670"/>
   <trkpt lat="47.3721030" lon="8.5398040"/>
   <trkpt lat="47.3721090" lon="8.5397770"/>
   <trkpt lat="47.3721140" lon="8.5397500"/>
   <trkpt lat="47.3721190" lon="8.5396690"/>
   <trkpt lat="47.3721220" lon="8.5396360"/>
   <trkpt lat="47.3721250" lon="8.5396020"/>
   <trkpt lat="47.3721370" lon="8.5395280"/>
   <trkpt lat="47.3721410" lon="8.5395050"/>
   <trkpt lat="47.3721530" lon="8.5394280"/>
   <trkpt lat="47.3721570" lon="8.5393970"/>
   <trkpt lat="47.3721610" lon="8.5393660"/>
   <trkpt lat="47.3721730" lon="8.5392930"/>
   <trkpt lat="47.3721780" lon="8.5392690"/>
   <trkpt lat="47.3721990" lon="8.5391870"/>
   <trkpt lat="47.3722080" lon="8.5391540"/>
   <trkpt lat="47.3722170" lon="8.5391210"/>
   <trkpt lat="47.3722370" lon="8.5390330"/>
   <trkpt lat="47.3722450" lon="8.5389970"/>
   <trkpt lat="47.3722520" lon="8.5389610"/>
   <trkpt lat="47.3722680" lon="8.5388810"/>
   <trkpt lat="47.3722730" lon="8.5388560"/>
   <trkpt lat="47.3722890" lon="8.5387730"/>
   <trkpt lat="47.3722950" lon="8.5387420"/>
   <trkpt lat="47.3723020" lon="8.5387110"/>
   <trkpt lat="47.3723190" lon="8.5386470"/>
   <trkpt lat="47.3723250" lon="8.5386260"/>
   <trkpt lat="47.3723370" lon="8.5385610"/>
   <trkpt lat="47.3723390" lon="8.5385370"/>
   <trkpt lat="47.3723410" lon="8.5385130"/>
   <trkpt lat="47.3723280" lon="8.5384790"/>
   <trkpt lat="47.3723210" lon="8.5384700"/>
   <trkpt lat="47.3722720" lon="8.5384740"/>
   <trkpt lat="47.3722490" lon="8.5384830"/>
   <trkpt lat="47.3722260" lon="8.5384930"/>
   <trkpt lat="47.3721700" lon="8.5385380"/>
   <trkpt lat="47.3721490" lon="8.5385570"/>
   <trkpt lat="47.3721270" lon="8.5385760"/>
   <trkpt lat="47.3720810" lon="8.5386150"/>
   <trkpt lat="47.3720650" lon="8.5386270"/>
   <trkpt lat="47.3720090" lon="8.5386500"/>
   <trkpt lat="47.3719860" lon="8.5386560"/>
   <trkpt lat="47.3719630" lon="8.5386620"/>
   <trkpt lat="47.3719080" lon="8.5386690"/>
   <trkpt lat="47.3718900" lon="8.5386710"/>
   <trkpt lat="47.3718330" lon="8.5386870"/>
   <trkpt lat="47.3718110" lon="8.5386950"/>
   <trkpt lat="47.3717880" lon="8.5387030"/>
   <trkpt lat="47.3717400" lon="8.5387250"/>
   <trkpt lat="47.3717250" lon="8.5387330"/>
   <trkpt lat="47.3716730" lon="8.5387560"/>
   <trkpt lat="47.3716530" lon="8.5387650"/>
   <trkpt lat="47.3716320" lon="8.5387740"/>
   <trkpt lat="47.3715830" lon="8.5387990"/>
   <trkpt lat="47.3715650" lon="8.5388090"/>
   <trkpt lat="47.3715470" lon="8.5388180"/>
   <trkpt lat="47.3715070" lon="8.5388410"/>
   <trkpt lat="47.3714940" lon="8.5388480"/>
   <trkpt lat="47.3714460" lon="8.5388710"/>
   <trkpt lat="47.3714260" lon="8.5388800"/>
   <trkpt lat="47.3714070" lon="8.5388880"/>
   <trkpt lat="47.3713620" lon="8.5389050"/>
   <trkpt lat="47.3713470" lon="8.5389110"/>
   <trkpt lat="47.3712950" lon="8.5389280"/>
   <trkpt lat="47.3712730" lon="8.5389330"/>
   <trkpt lat="47.3712520" lon="8.5389380"/>
   <trkpt lat="47.3711990" lon="8.5389450"/>
   <trkpt lat="47.3711810" lon="8.5389480"/>
   <trkpt lat="47.3711220" lon="8.5389610"/>
   <trkpt lat="47.3710980" lon="8.5389680"/>
   <trkpt lat="47.3710750" lon="8.5389740"/>
   <trkpt lat="47.3710160" lon="8.5389900"/>
   <trkpt lat="47.3709930" lon="8.5389950"/>
   <trkpt lat="47.3709700" lon="8.5390010"/>
   <trkpt lat="47.3709200" lon="8.5390120"/>
   <trkpt lat="47.3709040" lon="8.5390150"/>
   <trkpt lat="47.3708500" lon="8.5390240"/>
   <trkpt lat="47.3708280" lon="8.5390280"/>
   <trkpt lat="47.3708070" lon="8.5390310"/>
   <trkpt lat="47.3707620" lon="8.5390480"/>
   <trkpt lat="47.3707480" lon="8.5390560"/>
   <trkpt lat="47.3707080" lon="8.5390960"/>
   <trkpt lat="47.3706930" lon="8.5391150"/>
   <trkpt lat="47.3706770" lon="8.5391340"/>
   <trkpt lat="47.3706430" lon="8.5391720"/>
   <trkpt lat="47.3706310" lon="8.5391840"/>
   <trkpt lat="47.3705890" lon="8.5392200"/>
   <trkpt lat="47.3705710" lon="8.5392330"/>
   <trkpt lat="47.3705530" lon="8.5392460"/>
   <trkpt lat="47.3705050" lon="8.5392710"/>
   <trkpt lat="47.3704860" lon="8.5392790"/>
   <trkpt lat="47.3704670" lon="8.5392870"/>
   <trkpt lat="47.3704180" lon="8.5393000"/>
   <trkpt lat="47.3704020" lon="8.5393040"/>
   <trkpt lat="47.3703490" lon="8.5393190"/>
   <trkpt lat="47.3703290" lon="8.5393260"/>
   <trkpt lat="47.3703100" lon="8.5393330"/>
   <trkpt lat="47.3702760" lon="8.5393570"/>
   <trkpt lat="47.3702680" lon="8.5393680"/>
   <trkpt lat="47.3702630" lon="8.5394130"/>
   <trkpt lat="47.3702630" lon="8.5394360"/>
   <trkpt lat="47.3702630" lon="8.5394590"/>
   <trkpt lat="47.3702630" lon="8.5394830"/>
   <trkpt lat="47.3702630" lon="8.5395060"/>
   <trkpt lat="47.3702630" lon="8.5395290"/>
   <trkpt lat="47.3702630" lon="8.5395520"/>
   <trkpt lat="47.3702620" lon="8.5395760"/>
   <trkpt lat="47.3702540" lon="8.5396600"/>
   <trkpt lat="47.3702520" lon="8.5396980"/>
   <trkpt lat="47.3702500" lon="8.5397350"/>
   <trkpt lat="47.3702490" lon="8.5398230"/>
   <trkpt lat="47.3702500" lon="8.5398510"/>
   <trkpt lat="47.3702570" lon="8.5399410"/>
   <trkpt lat="47.3702610" lon="8.5399750"/>
   <trkpt lat="47.3702650" lon="8.5400080"/>
   <trkpt lat="47.3702760" lon="8.5400770"/>
   <trkpt lat="47.3702780" lon="8.5400990"/>
   <trkpt lat="47.3702730" lon="8.5401680"/>
   <trkpt lat="47.3702670" lon="8.5401950"/>
   <trkpt lat="47.3702620" lon="8.5402220"/>
   <trkpt lat="47.3702410" lon="8.5402770"/>
   <trkpt lat="47.3702330" lon="8.5402950"/>
   <trkpt lat="47.3702030" lon="8.5403490"/>
   <trkpt lat="47.3701890" lon="8.5403700"/>
   <trkpt lat="47.3701760" lon="8.5403910"/>
   <trkpt lat="47.3701380" lon="8.5404450"/>
   <trkpt lat="47.3701240" lon="8.5404680"/>
   <trkpt lat="47.3701090" lon="8.5404910"/>
   <trkpt lat="47.3700830" lon="8.5405500"/>
   <trkpt lat="47.3700750" lon="8.5405710"/>
   <trkpt lat="47.3700600" lon="8.5406450"/>
   <trkpt lat="47.3700560" lon="8.5406750"/>
   <trkpt lat="47.3700510" lon="8.5407050"/>
   <trkpt lat="47.3700470" lon="8.5407730"/>
   <trkpt lat="47.3700450" lon="8.5407960"/>
   <trkpt lat="47.3700370" lon="8.5408740"/>
   <trkpt lat="47.3700320" lon="8.5409070"/>
   <trkpt lat="47.3700280" lon="8.5409390"/>
   <trkpt lat="47.3700140" lon="8.5410160"/>
   <trkpt lat="47.3700100" lon="8.5410420"/>
   <trkpt lat="47.3699950" lon="8.5411300"/>
   <trkpt lat="47.3699890" lon="8.5411650"/>
   <trkpt lat="47.3699830" lon="8.5412000"/>
   <trkpt lat="47.3699710" lon="8.5412870"/>
   <trkpt lat="47.3699670" lon="8.5413220"/>
   <trkpt lat="47.3699620" lon="8.5413560"/>
   <trkpt lat="47.3699530" lon="8.5414310"/>
   <trkpt lat="47.3699490" lon="8.5414550"/>
   <trkpt lat="47.3699380" lon="8.5415340"/>
   <trkpt lat="47.3699340" lon="8.5415660"/>
   <trkpt lat="47.3699310" lon="8.5415970"/>
   <trkpt lat="47.3699290" lon="8.5416720"/>
   <trkpt lat="47.3699290" lon="8.5416970"/>
   <trkpt lat="47.3699340" lon="8.5417770"/>
   <trkpt lat="47.3699350" lon="8.5418090"/>
   <trkpt lat="47.3699370" lon="8.5418400"/>
   <trkpt lat="47.3699400" lon="8.5419100"/>
   <trkpt lat="47.3699410" lon="8.5419370"/>
   <trkpt lat="47.3699420" lon="8.5419640"/>
   <trkpt lat="47.3699470" lon="8.5420260"/>
   <trkpt lat="47.3699490" lon="8.5420460"/>
   <trkpt lat="47.3699560" lon="8.5421110"/>
   <trkpt lat="47.3699590" lon="8.5421370"/>
   <trkpt lat="47.3699610" lon="8.5421620"/>
   <trkpt lat="47.3699660" lon="8.5422240"/>
   <trkpt lat="47.3699670" lon="8.5422450"/>
   <trkpt lat="47.3699700" lon="8.5423220"/>
   <trkpt lat="47.3699710" lon="8.5423530"/>
   <trkpt lat="47.3699730" lon="8.5423840"/>
   <trkpt lat="47.3699750" lon="8.5424530"/>
   <trkpt lat="47.3699760" lon="8.5424760"/>
   <trkpt lat="47.3699830" lon="8.5425540"/>
   <trkpt lat="47.3699860" lon="8.5425850"/>
   <trkpt lat="47.3699890" lon="8.5426170"/>
   <trkpt lat="47.3699960" lon="8.5426940"/>
   <trkpt lat="47.3700000" lon="8.5427250"/>
   <trkpt lat="47.3700040" lon="8.5427550"/>
   <trkpt lat="47.3700150" lon="8.5428240"/>
   <trkpt lat="47.3700180" lon="8.5428460"/>
   <trkpt lat="47.3700290" lon="8.5429200"/>
   <trkpt lat="47.3700330" lon="8.5429490"/>
   <trkpt lat="47.3700370" lon="8.5429780"/>
   <trkpt lat="47.3700470" lon="8.5430390"/>
   <trkpt lat="47.3700510" lon="8.5430590"/>
   <trkpt lat="47.3700710" lon="8.5431190"/>
   <trkpt lat="47.3700820" lon="8.5431400"/>
   <trkpt lat="47.3700920" lon="8.5431610"/>
   <trkpt lat="47.3701240" lon="8.5432040"/>
   <trkpt lat="47.3701340" lon="8.5432180"/>
   <trkpt lat="47.3701720" lon="8.5432460"/>
   <trkpt lat="47.3701890" lon="8.5432500"/>
   <trkpt lat="47.3702050" lon="8.5432540"/>
   <trkpt lat="47.3702550" lon="8.5432320"/>
   <trkpt lat="47.3702770" lon="8.5432210"/>
   <trkpt lat="47.3702980" lon="8.5432100"/>
   <trkpt lat="47.3703460" lon="8.5431850"/>
   <trkpt lat="47.3703610" lon="8.5431770"/>
   <trkpt lat="47.3704140" lon="8.5431470"/>
   <trkpt lat="47.3704350" lon="8.5431340"/>
   <trkpt lat="47.3704550" lon="8.5431210"/>
   <trkpt lat="47.3704990" lon="8.5430950"/>
   <trkpt lat="47.3705130" lon="8.5430880"/>
   <trkpt lat="47.3705610" lon="8.5430650"/>
   <trkpt lat="47.3705810" lon="8.5430560"/>
   <trkpt lat="47.3706010" lon="8.5430470"/>
   <trkpt lat="47.3706470" lon="8.5430300"/>
   <trkpt lat="47.3706630" lon="8.5430240"/>
   <trkpt lat="47.3707150" lon="8.5430060"/>
   <trkpt lat="47.3707350" lon="8.5430000"/>
   <trkpt lat="47.3707560" lon="8.5429940"/>
   <trkpt lat="47.3708090" lon="8.5429830"/>
   <trkpt lat="47.3708310" lon="8.5429780"/>
   <trkpt lat="47.3708520" lon="8.5429740"/>
   <trkpt lat="47.3708990" lon="8.5429580"/>
   <trkpt lat="47.3709150" lon="8.5429530"/>
   <trkpt lat="47.3709670" lon="8.5429380"/>
   <trkpt lat="47.3709880" lon="8.5429320"/>
   <trkpt lat="47.3710090" lon="8.5429260"/>
   <trkpt lat="47.3710580" lon="8.5429170"/>
   <trkpt lat="47.3710750" lon="8.5429140"/>
   <trkpt lat="47.3711290" lon="8.5429020"/>
   <trkpt lat="47.3711500" lon="8.5428960"/>
   <trkpt lat="47.3711710" lon="8.5428890"/>
   <trkpt lat="47.3712160" lon="8.5428770"/>
   <trkpt lat="47.3712310" lon="8.5428740"/>
   <trkpt lat="47.3712820" lon="8.5428620"/>
   <trkpt lat="47.3713030" lon="8.5428580"/>
   <trkpt lat="47.3713240" lon="8.5428530"/>
   <trkpt lat="47.3713730" lon="8.5428460"/>
   <trkpt lat="47.3713920" lon="8.5428440"/>
   <trkpt lat="47.3714110" lon="8.5428410"/>
   <trkpt lat="47.3714540" lon="8.5428320"/>
   <trkpt lat="47.3714690" lon="8.5428280"/>
   <trkpt lat="47.3715210" lon="8.5428160"/>
   <trkpt lat="47.3715420" lon="8.5428100"/>
   <trkpt lat="47.3715630" lon="8.5428050"/>
   <trkpt lat="47.3716100" lon="8.5427900"/>
   <trkpt lat="47.3716250" lon="8.5427850"/>
   <trkpt lat="47.3716770" lon="8.5427720"/>
   <trkpt lat="47.3716980" lon="8.5427680"/>
   <trkpt lat="47.3717190" lon="8.5427640"/>
   <trkpt lat="47.3717640" lon="8.5427650"/>
   <trkpt lat="47.3717790" lon="8.5427660"/>
   <trkpt lat="47.3718320" lon="8.5427650"/>
   <trkpt lat="47.3718540" lon="8.5427640"/>
   <trkpt lat="47.3718750" lon="8.5427630"/>
   <trkpt lat="47.3719300" lon="8.5427690"/>
   <trkpt lat="47.3719520" lon="8.5427720"/>
   <trkpt lat="47.3719750" lon="8.5427760"/>
   <trkpt lat="47.3720270" lon="8.5427810"/>
   <trkpt lat="47.3720450" lon="8.5427820"/>
   <trkpt lat="47.3721030" lon="8.5427780"/>
   <trkpt lat="47.3721250" lon="8.5427760"/>
   <trkpt lat="47.3721470" lon="8.5427740"/>
   <trkpt lat="47.3721970" lon="8.5427690"/>
   <trkpt lat="47.3722130" lon="8.5427670"/>
   <trkpt lat="47.3722680" lon="8.5427620"/>
   <trkpt lat="47.3722900" lon="8.5427610"/>
   <trkpt lat="47.3723110" lon="8.5427600"/>
   <trkpt lat="47.3723590" lon="8.5427550"/>
   <trkpt lat="47.3723740" lon="8.5427530"/>
   <trkpt lat="47.3724260" lon="8.5427480"/>
   <trkpt lat="47.3724460" lon="8.5427470"/>
   <trkpt lat="47.3724660" lon="8.5427450"/>
   <trkpt lat="47.3725210" lon="8.5427370"/>
   <trkpt lat="47.3725430" lon="8.5427340"/>
   <trkpt lat="47.3725650" lon="8.5427300"/>
   <trkpt lat="47.3726140" lon="8.5427260"/>
   <trkpt lat="47.3726310" lon="8.5427250"/>
   <trkpt lat="47.3726830" lon="8.5427260"/>
   <trkpt lat="47.3727040" lon="8.5427270"/>
   <trkpt lat="47.3727250" lon="8.5427280"/>
   <trkpt lat="47.3727700" lon="8.5427330"/>
   <trkpt lat="47.3727850" lon="8.5427340"/>
   <trkpt lat="47.3728340" lon="8.5427460"/>
   <trkpt lat="47.3728540" lon="8.5427520"/>
   <trkpt lat="47.3728730" lon="8.5427580"/>
   <trkpt lat="47.3729180" lon="8.5427670"/>
   <trkpt lat="47.3729330" lon="8.5427680"/>
   <trkpt lat="47.3729840" lon="8.5427650"/>
   <trkpt lat="47.3730030" lon="8.5427630"/>
   <trkpt lat="47.3730230" lon="8.5427610"/>
   <trkpt lat="47.3730730" lon="8.5427580"/>
   <trkpt lat="47.3730920" lon="8.5427570"/>
   <trkpt lat="47.3731120" lon="8.5427560"/>
   <trkpt lat="47.3731580" lon="8.5427560"/>
   <trkpt lat="47.3731730" lon="8.5427570"/>
   <trkpt lat="47.3732250" lon="8.5427600"/>
   <trkpt lat="47.3732460" lon="8.5427610"/>
   <trkpt lat="47.3732670" lon="8.5427630"/>
   <trkpt lat="47.3733150" lon="8.5427670"/>
   <trkpt lat="47.3733310" lon="8.5427690"/>
   <trkpt lat="47.3733840" lon="8.5427780"/>
   <trkpt lat="47.3734050" lon="8.5427820"/>
   <trkpt lat="47.3734260" lon="8.5427850"/>
   <trkpt lat="47.3734790" lon="8.5427900"/>
   <trkpt lat="47.3735000" lon="8.5427910"/>
   <trkpt lat="47.3735220" lon="8.5427920"/>
   <trkpt lat="47.3735700" lon="8.5427970"/>
   <trkpt lat="47.3735860" lon="8.5428000"/>
   <trkpt lat="47.3736390" lon="8.5428140"/>
   <trkpt lat="47.3736600" lon="8.5428210"/>
   <trkpt lat="47.3736810" lon="8.5428270"/>
   <trkpt lat="47.3737270" lon="8.5428410"/>
   <trkpt lat="47.3737420" lon="8.5428450"/>
   <trkpt lat="47.3737920" lon="8.5428540"/>
   <trkpt lat="47.3738120" lon="8.5428580"/>
   <trkpt lat="47.3738320" lon="8.5428620"/>
   <trkpt lat="47.3738790" lon="8.5428750"/>
   <trkpt lat="47.3738950" lon="8.5428790"/>
   <trkpt lat="47.3739470" lon="8.5428930"/>
   <trkpt lat="47.3739670" lon="8.5428970"/>
   <trkpt lat="47.3739870" lon="8.5429020"/>
   <trkpt lat="47.3740400" lon="8.5429140"/>
   <trkpt lat="47.3740610" lon="8.5429190"/>
   <trkpt lat="47.3740820" lon="8.5429240"/>
   <trkpt lat="47.3741290" lon="8.5429360"/>
   <trkpt lat="47.3741440" lon="8.5429400"/>
   <trkpt lat="47.3741940" lon="8.5429540"/>
   <trkpt lat="47.3742140" lon="8.5429610"/>
   <trkpt lat="47.3742330" lon="8.5429670"/>
   <trkpt lat="47.3742780" lon="8.5429850"/>
   <trkpt lat="47.3742930" lon="8.5429920"/>
   <trkpt lat="47.3743440" lon="8.5430130"/>
   <trkpt lat="47.3743650" lon="8.5430210"/>
   <trkpt lat="47.3743860" lon="8.5430300"/>
   <trkpt lat="47.3744330" lon="8.5430460"/>
   <trkpt lat="47.3744480" lon="8.5430500"/>
   <trkpt lat="47.3745010" lon="8.5430550"/>
   <trkpt lat="47.3745230" lon="8.5430560"/>
   <trkpt lat="47.3745440" lon="8.5430570"/>
   <trkpt lat="47.3746240" lon="8.5430800"/>
   <trkpt lat="47.3746430" lon="8.5430850"/>
   <trkpt lat="47.3746620" lon="8.5430890"/>
   <trkpt lat="47.3747070" lon="8.5431040"/>
   <trkpt lat="47.3747220" lon="8.5431090"/>
   <trkpt lat="47.3747740" lon="8.5431350"/>
   <trkpt lat="47.3747950" lon="8.5431460"/>
   <trkpt lat="47.3748160" lon="8.5431570"/>
   <trkpt lat="47.3748610" lon="8.5431790"/>
   <trkpt lat="47.3748750" lon="8.5431860"/>
   <trkpt lat="47.3749240" lon="8.5432100"/>
   <trkpt lat="47.3749440" lon="8.5432200"/>
   <trkpt lat="47.3749630" lon="8.5432290"/>
   <trkpt lat="47.3750070" lon="8.5432490"/>
   <trkpt lat="47.3750210" lon="8.5432560"/>
   <trkpt lat="47.3750680" lon="8.5432850"/>
   <trkpt lat="47.3750870" lon="8.5432970"/>
   <trkpt lat="47.3751060" lon="8.5433080"/>
   <trkpt lat="47.3751550" lon="8.5433300"/>
   <trkpt lat="47.3751750" lon="8.5433380"/>
   <trkpt lat="47.3751950" lon="8.5433460"/>
   <trkpt lat="47.3752420" lon="8.5433600"/>
   <trkpt lat="47.3752570" lon="8.5433640"/>
   <trkpt lat="47.3753060" lon="8.5433720"/>
   <trkpt lat="47.3753260" lon="8.5433750"/>
   <trkpt lat="47.3753450" lon="8.5433780"/>
   <trkpt lat="47.3753870" lon="8.5433870"/>
   <trkpt lat="47.3754010" lon="8.5433910"/>
   <trkpt lat="47.3754490" lon="8.5434060"/>
   <trkpt lat="47.3754690" lon="8.5434140"/>
   <trkpt lat="47.3754880" lon="8.5434210"/>
   <trkpt lat="47.3755300" lon="8.5434320"/>
   <trkpt lat="47.3755430" lon="8.5434350"/>
   <trkpt lat="47.3755890" lon="8.5434460"/>
   <trkpt lat="47.3756070" lon="8.5434510"/>
   <trkpt lat="47.3756260" lon="8.5434560"/>
   <trkpt lat="47.3756730" lon="8.5434740"/>
   <trkpt lat="47.3756920" lon="8.5434810"/>
   <trkpt lat="47.3757100" lon="8.5434880"/>
   <trkpt lat="47.3757550" lon="8.5435070"/>
   <trkpt lat="47.3757700" lon="8.5435140"/>
   <trkpt lat="47.3758190" lon="8.5435330"/>
   <trkpt lat="47.3758390" lon="8.5435400"/>
   <trkpt lat="47.3758580" lon="8.5435460"/>
   <trkpt lat="47.3759010" lon="8.5435570"/>
   <trkpt lat="47.3759140" lon="8.5435610"/>
   <trkpt lat="47.3759590" lon="8.5435740"/>
   <trkpt lat="47.3759760" lon="8.5435790"/>
   <trkpt lat="47.3759930" lon="8.5435840"/>
   <trkpt lat="47.3760250" lon="8.5435990"/>
   <trkpt lat="47.3760350" lon="8.5436030"/>
   <trkpt lat="47.3760530" lon="8.5435940"/>
   <trkpt lat="47.3760540" lon="8.5435840"/>
   <trkpt lat="47.3760560" lon="8.5435730"/>
   <trkpt lat="47.3760110" lon="8.5435460"/>
   <trkpt lat="47.3759880" lon="8.5435370"/>
   <trkpt lat="47.3759650" lon="8.5435290"/>
   <trkpt lat="47.3759150" lon="8.5435160"/>
   <trkpt lat="47.3758990" lon="8.5435120"/>
   <trkpt lat="47.3758470" lon="8.5435050"/>
   <trkpt lat="47.3758260" lon="8.5435030"/>
   <trkpt lat="47.3758050" lon="8.5435010"/>
   <trkpt lat="47.3757580" lon="8.5434970"/>
   <trkpt lat="47.3757420" lon="8.5434950"/>
   <trkpt lat="47.3756850" lon="8.5434920"/>
   <trkpt lat="47.3756610" lon="8.5434920"/>
   <trkpt lat="47.3756370" lon="8.5434910"/>
   <trkpt lat="47.3755840" lon="8.5434860"/>
   <trkpt lat="47.3755670" lon="8.5434840"/>
   <trkpt lat="47.3755120" lon="8.5434770"/>
   <trkpt lat="47.3754910" lon="8.5434740"/>
   <trkpt lat="47.3754690" lon="8.5434710"/>
   <trkpt lat="47.3754160" lon="8.5434630"/>
   <trkpt lat="47.3753940" lon="8.5434600"/>
   <trkpt lat="47.3753720" lon="8.5434570"/>
   <trkpt lat="47.3753230" lon="8.5434500"/>
   <trkpt lat="47.3753070" lon="8.5434480"/>
   <trkpt lat="47.3752570" lon="8.5434340"/>
   <trkpt lat="47.3752370" lon="8.5434280"/>
   <trkpt lat="47.3752170" lon="8.5434210"/>
   <trkpt lat="47.3751720" lon="8.5434100"/>
   <trkpt lat="47.3751570" lon="8.5434060"/>
   <trkpt lat="47.3751080" lon="8.5433920"/>
   <trkpt lat="47.3750880" lon="8.5433840"/>
   <trkpt lat="47.3750690" lon="8.5433760"/>
   <trkpt lat="47.3750270" lon="8.5433550"/>
   <trkpt lat="47.3750120" lon="8.5433480"/>
   <trkpt lat="47.3749620" lon="8.5433210"/>
   <trkpt lat="47.3749420" lon="8.5433090"/>
   <trkpt lat="47.3749220" lon="8.5432960"/>
   <trkpt lat="47.3748720" lon="8.5432690"/>
   <trkpt lat="47.3748520" lon="8.5432600"/>
   <trkpt lat="47.3748320" lon="8.5432500"/>
   <trkpt lat="47.3747860" lon="8.5432330"/>
   <trkpt lat="47.3747700" lon="8.5432270"/>
   <trkpt lat="47.3747180" lon="8.5432060"/>
   <trkpt lat="47.3746980" lon="8.5431980"/>
   <trkpt lat="47.3746780" lon="8.5431890"/>
   <trkpt lat="47.3746350" lon="8.5431650"/>
   <trkpt lat="47.3746210" lon="8.5431560"/>
   <trkpt lat="47.3745750" lon="8.5431310"/>
   <trkpt lat="47.3745560" lon="8.5431220"/>
   <trkpt lat="47.3745370" lon="8.5431120"/>
   <trkpt lat="47.3744880" lon="8.5430870"/>
   <trkpt lat="47.3744680" lon="8.5430780"/>
   <trkpt lat="47.3744480" lon="8.5430680"/>
   <trkpt lat="47.3744090" lon="8.5430400"/>
   <trkpt lat="47.3743970" lon="8.5430290"/>
   <trkpt lat="47.3743670" lon="8.5429650"/>
   <trkpt lat="47.3743580" lon="8.5429330"/>
   <trkpt lat="47.3743490" lon="8.5429010"/>
   <trkpt lat="47.3743450" lon="8.5428170"/>
   <trkpt lat="47.3743450" lon="8.5427890"/>
   <trkpt lat="47.3743450" lon="8.5426980"/>
   <trkpt lat="47.3743450" lon="8.5426640"/>
   <trkpt lat="47.3743450" lon="8.5426300"/>
   <trkpt lat="47.3743460" lon="8.5425570"/>
   <trkpt lat="47.3743470" lon="8.5425330"/>
   <trkpt lat="47.3743500" lon="8.5424520"/>
   <trkpt lat="47.3743510" lon="8.5424190"/>
   <trkpt lat="47.3743520" lon="8.5423870"/>
   <trkpt lat="47.3743510" lon="8.5423050"/>
   <trkpt lat="47.3743510" lon="8.5422720"/>
   <trkpt lat="47.3743510" lon="8.5422380"/>
   <trkpt lat="47.3743550" lon="8.5421660"/>
   <trkpt lat="47.3743570" lon="8.5421430"/>
   <trkpt lat="47.3743620" lon="8.5420690"/>
   <trkpt lat="47.3743640" lon="8.5420400"/>
   <trkpt lat="47.3743650" lon="8.5420110"/>
   <trkpt lat="47.3743650" lon="8.5419420"/>
   <trkpt lat="47.3743650" lon="8.5419190"/>
   <trkpt lat="47.3743610" lon="8.5418420"/>
   <trkpt lat="47.3743590" lon="8.5418130"/>
   <trkpt lat="47.3743570" lon="8.5417840"/>
   <trkpt lat="47.3743470" lon="8.5417230"/>
   <trkpt lat="47.3743430" lon="8.5417030"/>
   <trkpt lat="47.3743360" lon="8.5416390"/>
   <trkpt lat="47.3743330" lon="8.5416150"/>
   <trkpt lat="47.3743310" lon="8.5415910"/>
   <trkpt lat="47.3743220" lon="8.5415450"/>
   <trkpt lat="47.3743160" lon="8.5415300"/>
   <trkpt lat="47.3743090" lon="8.5415140"/>
   <trkpt lat="47.3742790" lon="8.5414940"/>
   <trkpt lat="47.3742670" lon="8.5414890"/>
   <trkpt lat="47.3742310" lon="8.5414750"/>
   <trkpt lat="47.3742170" lon="8.5414680"/>
   <trkpt lat="47.3742030" lon="8.5414620"/>
   <trkpt lat="47.3741690" lon="8.5414440"/>
   <trkpt lat="47.3741570" lon="8.5414380"/>
   <trkpt lat="47.3741250" lon="8.5414120"/>
   <trkpt lat="47.3741130" lon="8.5414000"/>
   <trkpt lat="47.3741010" lon="8.5413880"/>
   <trkpt lat="47.3740740" lon="8.5413590"/>
   <trkpt lat="47.3740650" lon="8.5413500"/>
   <trkpt lat="47.3740360" lon="8.5413180"/>
   <trkpt lat="47.3740250" lon="8.5413040"/>
   <trkpt lat="47.3740150" lon="8.5412900"/>
   <trkpt lat="47.3739930" lon="8.5412450"/>
   <trkpt lat="47.3739850" lon="8.5412250"/>
   <trkpt lat="47.3739770" lon="8.5412060"/>
   <trkpt lat="47.3739650" lon="8.5411590"/>
   <trkpt lat="47.3739610" lon="8.5411430"/>
   <trkpt lat="47.3739520" lon="8.5410920"/>
   <trkpt lat="47.3739490" lon="8.5410710"/>
   <trkpt lat="47.3739460" lon="8.5410500"/>
   <trkpt lat="47.3739410" lon="8.5410020"/>
   <trkpt lat="47.3739400" lon="8.5409850"/>
   <trkpt lat="47.3739390" lon="8.5409240"/>
   <trkpt lat="47.3739400" lon="8.5408970"/>
   <trkpt lat="47.3739400" lon="8.5408710"/>
   <trkpt lat="47.3739480" lon="8.5408070"/>
   <trkpt lat="47.3739510" lon="8.5407850"/>
   <trkpt lat="47.3739620" lon="8.5407120"/>
   <trkpt lat="47.3739660" lon="8.5406830"/>
   <trkpt lat="47.3739700" lon="8.5406540"/>
   <trkpt lat="47.3739810" lon="8.5405860"/>
   <trkpt lat="47.3739860" lon="8.5405600"/>
   <trkpt lat="47.3739910" lon="8.5405340"/>
   <trkpt lat="47.3740060" lon="8.5404800"/>
   <trkpt lat="47.3740110" lon="8.5404620"/>
   <trkpt lat="47.3740360" lon="8.5404080"/>
   <trkpt lat="47.3740470" lon="8.5403880"/>
   <trkpt lat="47.3740590" lon="8.5403670"/>
   <trkpt lat="47.3741000" lon="8.5403380"/>
   <trkpt lat="47.3741150" lon="8.5403310"/>
   <trkpt lat="47.3741710" lon="8.5403340"/>
   <trkpt lat="47.3741940" lon="8.5403390"/>
   <trkpt lat="47.3742160" lon="8.5403430"/>
   <trkpt lat="47.3742640" lon="8.5403490"/>
   <trkpt lat="47.3742790" lon="8.5403490"/>
   <trkpt lat="47.3743290" lon="8.5403490"/>
   <trkpt lat="47.3743500" lon="8.5403490"/>
   <trkpt lat="47.3743700" lon="8.5403500"/>
   <trkpt lat="47.3744210" lon="8.5403550"/>
   <trkpt lat="47.3744420" lon="8.5403590"/>
   <trkpt lat="47.3744630" lon="8.5403620"/>
   <trkpt lat="47.3745080" lon="8.5403690"/>
   <trkpt lat="47.3745230" lon="8.5403710"/>
   <trkpt lat="47.3745740" lon="8.5403760"/>
   <trkpt lat="47.3745950" lon="8.5403790"/>
   <trkpt lat="47.3746160" lon="8.5403810"/>
   <trkpt lat="47.3746620" lon="8.5403840"/>
   <trkpt lat="47.3746770" lon="8.5403850"/>
   <trkpt lat="47.3747260" lon="8.5403880"/>
   <trkpt lat="47.3747450" lon="8.5403890"/>
   <trkpt lat="47.3747640" lon="8.5403900"/>
   <trkpt lat="47.3748050" lon="8.5403930"/>
   <trkpt lat="47.3748180" lon="8.5403930"/>
   <trkpt lat="47.3748600" lon="8.5404050"/>
   <trkpt lat="47.3748760" lon="8.5404130"/>
   <trkpt lat="47.3748920" lon="8.5404210"/>
   <trkpt lat="47.3749200" lon="8.5404750"/>
   <trkpt lat="47.3749280" lon="8.5405010"/>
   <trkpt lat="47.3749370" lon="8.5405270"/>
   <trkpt lat="47.3749540" lon="8.5405930"/>
   <trkpt lat="47.3749600" lon="8.5406150"/>
   <trkpt lat="47.3749750" lon="8.5406860"/>
   <trkpt lat="47.3749810" lon="8.5407130"/>
   <trkpt lat="47.3749860" lon="8.5407410"/>
   <trkpt lat="47.3750010" lon="8.5407910"/>
   <trkpt lat="47.3750070" lon="8.5408060"/>
   <trkpt lat="47.3750420" lon="8.5408390"/>
   <trkpt lat="47.3750600" lon="8.5408470"/>
   <trkpt lat="47.3750780" lon="8.5408550"/>
   <trkpt lat="47.3751240" lon="8.5408610"/>
   <trkpt lat="47.3751400" lon="8.5408630"/>
   <trkpt lat="47.3751890" lon="8.5408710"/>
   <trkpt lat="47.3752080" lon="8.5408740"/>
   <trkpt lat="47.3752270" lon="8.5408760"/>
   <trkpt lat="47.3752740" lon="8.5408840"/>
   <trkpt lat="47.3752930" lon="8.5408880"/>
   <trkpt lat="47.3753130" lon="8.5408910"/>
   <trkpt lat="47.3753570" lon="8.5409010"/>
   <trkpt lat="47.3753720" lon="8.5409040"/>
   <trkpt lat="47.3754200" lon="8.5409130"/>
   <trkpt lat="47.3754400" lon="8.5409150"/>
   <trkpt lat="47.3754590" lon="8.5409180"/>
   <trkpt lat="47.3755000" lon="8.5409290"/>
   <trkpt lat="47.3755140" lon="8.5409340"/>
   <trkpt lat="47.3755590" lon="8.5409530"/>
   <trkpt lat="47.3755770" lon="8.5409610"/>
   <trkpt lat="47.3755950" lon="8.5409680"/>
   <trkpt lat="47.3756420" lon="8.5409740"/>
   <trkpt lat="47.3756610" lon="8.5409740"/>
   <trkpt lat="47.3756800" lon="8.5409740"/>
   <trkpt lat="47.3757230" lon="8.5409720"/>
   <trkpt lat="47.3757370" lon="8.5409720"/>
   <trkpt lat="47.3757770" lon="8.5409740"/>
   <trkpt lat="47.3757920" lon="8.5409750"/>
   <trkpt lat="47.3758070" lon="8.5409760"/>
   <trkpt lat="47.3758400" lon="8.5409900"/>
   <trkpt lat="47.3758510" lon="8.5409980"/>
   <trkpt lat="47.3758850" lon="8.5410510"/>
   <trkpt lat="47.3758970" lon="8.5410770"/>
   <trkpt lat="47.3759100" lon="8.5411030"/>
   <trkpt lat="47.3759300" lon="8.5411720"/>
   <trkpt lat="47.3759360" lon="8.5411960"/>
   <trkpt lat="47.3759540" lon="8.5412810"/>
   <trkpt lat="47.3759600" lon="8.5413160"/>
   <trkpt lat="47.3759660" lon="8.5413510"/>
   <trkpt lat="47.3759810" lon="8.5414380"/>
   <trkpt lat="47.3759870" lon="8.5414710"/>
   <trkpt lat="47.3759940" lon="8.5415030"/>
   <trkpt lat="47.3760130" lon="8.5415590"/>
   <trkpt lat="47.3760210" lon="8.5415700"/>
   <trkpt lat="47.3760490" lon="8.5415900"/>
   <trkpt lat="47.3760620" lon="8.5415860"/>
   <trkpt lat="47.3760740" lon="8.5415820"/>
   <trkpt lat="47.3760900" lon="8.5415550"/>
   <trkpt lat="47.3761000" lon="8.5415190"/>
   <trkpt lat="47.3761100" lon="8.5414490"/>
   <trkpt lat="47.3761120" lon="8.5414200"/>
   <trkpt lat="47.3761150" lon="8.5413910"/>
   <trkpt lat="47.3761110" lon="8.5413310"/>
   <trkpt lat="47.3761090" lon="8.5413110"/>
   <trkpt lat="47.3760990" lon="8.5412460"/>
   <trkpt lat="47.3760950" lon="8.5412200"/>
   <trkpt lat="47.3760910" lon="8.5411940"/>
   <trkpt lat="47.3760790" lon="8.5411300"/>
   <trkpt lat="47.3760730" lon="8.5411060"/>
   <trkpt lat="47.3760680" lon="8.5410810"/>
   <trkpt lat="47.3760470" lon="8.5410390"/>
   <trkpt lat="47.3760400" lon="8.5410270"/>
   <trkpt lat="47.3760080" lon="8.5410030"/>
   <trkpt lat="47.3759940" lon="8.5409960"/>
   <trkpt lat="47.3759800" lon="8.5409880"/>
   <trkpt lat="47.3759410" lon="8.5409810"/>
   <trkpt lat="47.3759280" lon="8.5409800"/>
   <trkpt lat="47.3758820" lon="8.5409800"/>
   <trkpt lat="47.3758640" lon="8.5409810"/>
   <trkpt lat="47.3758460" lon="8.5409820"/>
   <trkpt lat="47.3758010" lon="8.5409810"/>
   <trkpt lat="47.3757870" lon="8.5409800"/>
   <trkpt lat="47.3757370" lon="8.5409750"/>
   <trkpt lat="47.3757170" lon="8.5409730"/>
   <trkpt lat="47.3756970" lon="8.5409720"/>
   <trkpt lat="47.3756470" lon="8.5409660"/>
   <trkpt lat="47.3756270" lon="8.5409620"/>
   <trkpt lat="47.3756060" lon="8.5409590"/>
   <trkpt lat="47.3755600" lon="8.5409460"/>
   <trkpt lat="47.3755440" lon="8.5409420"/>
   <trkpt lat="47.3754910" lon="8.5409340"/>
   <trkpt lat="47.3754700" lon="8.5409310"/>
   <trkpt lat="47.3754490" lon="8.5409280"/>
   <trkpt lat="47.3754060" lon="8.5409240"/>
   <trkpt lat="47.3753920" lon="8.5409230"/>
   <trkpt lat="47.3753480" lon="8.5409290"/>
   <trkpt lat="47.3753310" lon="8.5409340"/>
   <trkpt lat="47.3753140" lon="8.5409390"/>
   <trkpt lat="47.3752750" lon="8.5409600"/>
   <trkpt lat="47.3752620" lon="8.5409680"/>
   <trkpt lat="47.3752150" lon="8.5409880"/>
   <trkpt lat="47.3751960" lon="8.5409930"/>
   <trkpt lat="47.3751760" lon="8.5409990"/>
   <trkpt lat="47.3751280" lon="8.5409860"/>
   <trkpt lat="47.3751100" lon="8.5409750"/>
   <trkpt lat="47.3750910" lon="8.5409650"/>
   <trkpt lat="47.3750540" lon="8.5409280"/>
   <trkpt lat="47.3750420" lon="8.5409120"/>
   <trkpt lat="47.3750090" lon="8.5408490"/>
   <trkpt lat="47.3749980" lon="8.5408210"/>
   <trkpt lat="47.3749870" lon="8.5407940"/>
   <trkpt lat="47.3749760" lon="8.5407200"/>
   <trkpt lat="47.3749730" lon="8.5406960"/>
   <trkpt lat="47.3749610" lon="8.5406180"/>
   <trkpt lat="47.3749540" lon="8.5405890"/>
   <trkpt lat="47.3749470" lon="8.5405610"/>
   <trkpt lat="47.3749260" lon="8.5405060"/>
   <trkpt lat="47.3749180" lon="8.5404880"/>
   <trkpt lat="47.3748890" lon="8.5404360"/>
   <trkpt lat="47.3748770" lon="8.5404170"/>
   <trkpt lat="47.3748640" lon="8.5403980"/>
   <trkpt lat="47.3748270" lon="8.5403690"/>
   <trkpt lat="47.3748110" lon="8.5403620"/>
   <trkpt lat="47.3747960" lon="8.5403560"/>
   <trkpt lat="47.3747600" lon="8.5403550"/>
   <trkpt lat="47.3747480" lon="8.5403550"/>
   <trkpt lat="47.3747080" lon="8.5403550"/>
   <trkpt lat="47.3746920" lon="8.5403560"/>
   <trkpt lat="47.3746760" lon="8.5403570"/>
   <trkpt lat="47.3746390" lon="8.5403560"/>
   <trkpt lat="47.3746270" lon="8.5403540"/>
   <trkpt lat="47.3745820" lon="8.5403480"/>
   <trkpt lat="47.3745640" lon="8.5403460"/>
   <trkpt lat="47.3745470" lon="8.5403440"/>
   <trkpt lat="47.3745060" lon="8.5403410"/>
   <trkpt lat="47.3744920" lon="8.5403400"/>
   <trkpt lat="47.3744460" lon="8.5403390"/>
   <trkpt lat="47.3744280" lon="8.5403380"/>
   <trkpt lat="47.3744090" lon="8.5403370"/>
   <trkpt lat="47.3743630" lon="8.5403320"/>
   <trkpt lat="47.3743440" lon="8.5403300"/>
   <trkpt lat="47.3743250" lon="8.5403270"/>
   <trkpt lat="47.3742830" lon="8.5403230"/>
   <trkpt lat="47.3742700" lon="8.5403220"/>
   <trkpt lat="47.3742240" lon="8.5403190"/>
   <trkpt lat="47.3742060" lon="8.5403170"/>
   <trkpt lat="47.3741880" lon="8.5403150"/>
   <trkpt lat="47.3741480" lon="8.5403010"/>
   <trkpt lat="47.3741350" lon="8.5402960"/>
   <trkpt lat="47.3740980" lon="8.5402670"/>
   <trkpt lat="47.3740840" lon="8.5402510"/>
   <trkpt lat="47.3740710" lon="8.5402360"/>
   <trkpt lat="47.3740540" lon="8.5401780"/>
   <trkpt lat="47.3740500" lon="8.5401570"/>
   <trkpt lat="47.3740470" lon="8.5400820"/>
   <trkpt lat="47.3740470" lon="8.5400520"/>
   <trkpt lat="47.3740470" lon="8.5400220"/>
   <trkpt lat="47.3740540" lon="8.5399470"/>
   <trkpt lat="47.3740570" lon="8.5399170"/>
   <trkpt lat="47.3740590" lon="8.5398870"/>
   <trkpt lat="47.3740600" lon="8.5398200"/>
   <trkpt lat="47.3740590" lon="8.5397980"/>
   <trkpt lat="47.3740540" lon="8.5397250"/>
   <trkpt lat="47.3740520" lon="8.5396960"/>
   <trkpt lat="47.3740490" lon="8.5396680"/>
   <trkpt lat="47.3740400" lon="8.5396060"/>
   <trkpt lat="47.3740360" lon="8.5395860"/>
   <trkpt lat="47.3740170" lon="8.5395160"/>
   <trkpt lat="47.3740090" lon="8.5394880"/>
   <trkpt lat="47.3740010" lon="8.5394600"/>
   <trkpt lat="47.3739890" lon="8.5393870"/>
   <trkpt lat="47.3739850" lon="8.5393590"/>
   <trkpt lat="47.3739820" lon="8.5393300"/>
   <trkpt lat="47.3739790" lon="8.5392690"/>
   <trkpt lat="47.3739770" lon="8.5392490"/>
   <trkpt lat="47.3739690" lon="8.5391820"/>
   <trkpt lat="47.3739650" lon="8.5391550"/>
   <trkpt lat="47.3739600" lon="8.5391270"/>
   <trkpt lat="47.3739470" lon="8.5390660"/>
   <trkpt lat="47.3739420" lon="8.5390470"/>
   <trkpt lat="47.3739130" lon="8.5390000"/>
   <trkpt lat="47.3738980" lon="8.5389870"/>
   <trkpt lat="47.3738830" lon="8.5389730"/>
   <trkpt lat="47.3738410" lon="8.5389740"/>
   <trkpt lat="47.3738270" lon="8.5389780"/>
   <trkpt lat="47.3737820" lon="8.5390020"/>
   <trkpt lat="47.3737640" lon="8.5390130"/>
   <trkpt lat="47.3737460" lon="8.5390230"/>
   <trkpt lat="47.3737010" lon="8.5390540"/>
   <trkpt lat="47.3736840" lon="8.5390690"/>
   <trkpt lat="47.3736660" lon="8.5390840"/>
   <trkpt lat="47.3736320" lon="8.5391150"/>
   <trkpt lat="47.3736210" lon="8.5391260"/>
   <trkpt lat="47.3735830" lon="8.5391600"/>
   <trkpt lat="47.3735670" lon="8.5391740"/>
   <trkpt lat="47.3735520" lon="8.5391880"/>
   <trkpt lat="47.3735180" lon="8.5392220"/>
   <trkpt lat="47.3735070" lon="8.5392330"/>
   <trkpt lat="47.3734700" lon="8.5392730"/>
   <trkpt lat="47.3734540" lon="8.5392890"/>
   <trkpt lat="47.3734390" lon="8.5393050"/>
   <trkpt lat="47.3734000" lon="8.5393390"/>
   <trkpt lat="47.3733870" lon="8.5393500"/>
   <trkpt lat="47.3733430" lon="8.5393900"/>
   <trkpt lat="47.3733250" lon="8.5394060"/>
   <trkpt lat="47.3733070" lon="8.5394220"/>
   <trkpt lat="47.3732600" lon="8.5394640"/>
   <trkpt lat="47.3732410" lon="8.5394820"/>
   <trkpt lat="47.3732210" lon="8.5394990"/>
   <trkpt lat="47.3731810" lon="8.5395380"/>
   <trkpt lat="47.3731680" lon="8.5395510"/>
   <trkpt lat="47.3731280" lon="8.5395930"/>
   <trkpt lat="47.3731120" lon="8.5396100"/>
   <trkpt lat="47.3730970" lon="8.5396260"/>
   <trkpt lat="47.3730620" lon="8.5396560"/>
   <trkpt lat="47.3730500" lon="8.5396650"/>
   <trkpt lat="47.3730060" lon="8.5396850"/>
   <trkpt lat="47.3729870" lon="8.5396930"/>
   <trkpt lat="47.3729680" lon="8.5397010"/>
   <trkpt lat="47.3729250" lon="8.5397240"/>
   <trkpt lat="47.3729100" lon="8.5397330"/>
   <trkpt lat="47.3728640" lon="8.5397660"/>
   <trkpt lat="47.3728450" lon="8.5397810"/>
   <trkpt lat="47.3728260" lon="8.5397950"/>
   <trkpt lat="47.3727800" lon="8.5398340"/>
   <trkpt lat="47.3727620" lon="8.5398500"/>
   <trkpt lat="47.3727450" lon="8.5398660"/>
   <trkpt lat="47.3727080" lon="8.5399030"/>
   <trkpt lat="47.3726960" lon="8.5399150"/>
   <trkpt lat="47.3726570" lon="8.5399540"/>
   <trkpt lat="47.3726410" lon="8.5399690"/>
   <trkpt lat="47.3726260" lon="8.5399840"/>
   <trkpt lat="47.3725890" lon="8.5400130"/>
   <trkpt lat="47.3725760" lon="8.5400240"/>
   <trkpt lat="47.3725350" lon="8.5400610"/>
   <trkpt lat="47.3725200" lon="8.5400770"/>
   <trkpt lat="47.3725040" lon="8.5400920"/>
   <trkpt lat="47.3724740" lon="8.5401250"/>
   <trkpt lat="47.3724650" lon="8.5401360"/>
   <trkpt lat="47.3724320" lon="8.5401690"/>
   <trkpt lat="47.3724190" lon="8.5401820"/>
   <trkpt lat="47.3724060" lon="8.5401950"/>
   <trkpt lat="47.3723760" lon="8.5402290"/>
   <trkpt lat="47.3723640" lon="8.5402430"/>
   <trkpt lat="47.3723520" lon="8.5402570"/>
   <trkpt lat="47.3723210" lon="8.5402830"/>
   <trkpt lat="47.3723100" lon="8.5402900"/>
   <trkpt lat="47.3722610" lon="8.5402930"/>
   <trkpt lat="47.3722380" lon="8.5402890"/>
   <trkpt lat="47.3722160" lon="8.5402840"/>
   <trkpt lat="47.3721600" lon="8.5402590"/>
   <trkpt lat="47.3721420" lon="8.5402490"/>
   <trkpt lat="47.3720870" lon="8.5402100"/>
   <trkpt lat="47.3720680" lon="8.5401910"/>
   <trkpt lat="47.3720480" lon="8.5401720"/>
   <trkpt lat="47.3720110" lon="8.5401250"/>
   <trkpt lat="47.3720000" lon="8.5401080"/>
   <trkpt lat="47.3719710" lon="8.5400460"/>
   <trkpt lat="47.3719640" lon="8.5400190"/>
   <trkpt lat="47.3719560" lon="8.5399930"/>
   <trkpt lat="47.3719570" lon="8.5399240"/>
   <trkpt lat="47.3719660" lon="8.5398970"/>
   <trkpt lat="47.3719740" lon="8.5398690"/>
   <trkpt lat="47.3720160" lon="8.5398200"/>
   <trkpt lat="47.3720310" lon="8.5398070"/>
   <trkpt lat="47.3720730" lon="8.5397600"/>
   <trkpt lat="47.3720840" lon="8.5397390"/>
   <trkpt lat="47.3720940" lon="8.5397180"/>
   <trkpt lat="47.3720980" lon="8.5396630"/>
   <trkpt lat="47.3720980" lon="8.5396450"/>
   <trkpt lat="47.3721060" lon="8.5395830"/>
   <trkpt lat="47.3721110" lon="8.5395570"/>
   <trkpt lat="47.3721170" lon="8.5395320"/>
   <trkpt lat="47.3721410" lon="8.5394820"/>
   <trkpt lat="47.3721500" lon="8.5394670"/>
   <trkpt lat="47.3721840" lon="8.5394300"/>
   <trkpt lat="47.3721990" lon="8.5394170"/>
   <trkpt lat="47.3722140" lon="8.5394030"/>
   <trkpt lat="47.3722540" lon="8.5393580"/>
   <trkpt lat="47.3722690" lon="8.5393350"/>
   <trkpt lat="47.3722850" lon="8.5393130"/>
   <trkpt lat="47.3723130" lon="8.5392470"/>
   <trkpt lat="47.3723220" lon="8.5392230"/>
   <trkpt lat="47.3723410" lon="8.5391290"/>
   <trkpt lat="47.3723460" lon="8.5390890"/>
   <trkpt lat="47.3723510" lon="8.5390480"/>
   <trkpt lat="47.3723570" lon="8.5389570"/>
   <trkpt lat="47.3723570" lon="8.5389280"/>
   <trkpt lat="47.3723550" lon="8.5388330"/>
   <trkpt lat="47.3723520" lon="8.5387970"/>
   <trkpt lat="47.3723490" lon="8.5387610"/>
   <trkpt lat="47.3723330" lon="8.5386780"/>
   <trkpt lat="47.3723260" lon="8.5386520"/>
   <trkpt lat="47.3723000" lon="8.5385710"/>
   <trkpt lat="47.3722870" lon="8.5385440"/>
   <trkpt lat="47.3722740" lon="8.5385160"/>
   <trkpt lat="47.3722350" lon="8.5384740"/>
   <trkpt lat="47.3722170" lon="8.5384670"/>
   <trkpt lat="47.3722000" lon="8.5384600"/>
   <trkpt lat="47.3721580" lon="8.5384750"/>
   <trkpt lat="47.3721440" lon="8.5384820"/>
   <trkpt lat="47.3720980" lon="8.5385060"/>
   <trkpt lat="47.3720800" lon="8.5385140"/>
   <trkpt lat="47.3720610" lon="8.5385230"/>
   <trkpt lat="47.3720200" lon="8.5385400"/>
   <trkpt lat="47.3720060" lon="8.5385450"/>
   <trkpt lat="47.3719560" lon="8.5385610"/>
   <trkpt lat="47.3719360" lon="8.5385670"/>
   <trkpt lat="47.3719170" lon="8.5385730"/>
   <trkpt lat="47.3718760" lon="8.5385930"/>
   <trkpt lat="47.3718620" lon="8.5386000"/>
   <trkpt lat="47.3718170" lon="8.5386240"/>
   <trkpt lat="47.3717980" lon="8.5386340"/>
   <trkpt lat="47.3717800" lon="8.5386430"/>
   <trkpt lat="47.3717340" lon="8.5386650"/>
   <trkpt lat="47.3717160" lon="8.5386740"/>
   <trkpt lat="47.3716980" lon="8.5386840"/>
   <trkpt lat="47.3716580" lon="8.5387100"/>
   <trkpt lat="47.3716460" lon="8.5387200"/>
   <trkpt lat="47.3716040" lon="8.5387400"/>
   <trkpt lat="47.3715880" lon="8.5387440"/>
   <trkpt lat="47.3715720" lon="8.5387490"/>
   <trkpt lat="47.3715340" lon="8.5387440"/>
   <trkpt lat="47.3715210" lon="8.5387420"/>
   <trkpt lat="47.3714740" lon="8.5387350"/>
   <trkpt lat="47.3714540" lon="8.5387330"/>
   <trkpt lat="47.3714350" lon="8.5387320"/>
   <trkpt lat="47.3713860" lon="8.5387470"/>
   <trkpt lat="47.3713660" lon="8.5387550"/>
   <trkpt lat="47.3713460" lon="8.5387630"/>
   <trkpt lat="47.3713000" lon="8.5387760"/>
   <trkpt lat="47.3712850" lon="8.5387800"/>
   <trkpt lat="47.3712360" lon="8.5387980"/>
   <trkpt lat="47.3712160" lon="8.5388070"/>
   <trkpt lat="47.3711970" lon="8.5388160"/>
   <trkpt lat="47.3711530" lon="8.5388410"/>
   <trkpt lat="47.3711380" lon="8.5388490"/>
   <trkpt lat="47.3710910" lon="8.5388750"/>
   <trkpt lat="47.3710720" lon="8.5388860"/>
   <trkpt lat="47.3710530" lon="8.5388960"/>
   <trkpt lat="47.3710120" lon="8.5389190"/>
   <trkpt lat="47.3709980" lon="8.5389260"/>
   <trkpt lat="47.3709530" lon="8.5389540"/>
   <trkpt lat="47.3709350" lon="8.5389660"/>
   <trkpt lat="47.3709160" lon="8.5389780"/>
   <trkpt lat="47.3708710" lon="8.5390060"/>
   <trkpt lat="47.3708530" lon="8.5390160"/>
   <trkpt lat="47.3708340" lon="8.5390270"/>
   <trkpt lat="47.3707920" lon="8.5390500"/>
   <trkpt lat="47.3707770" lon="8.5390570"/>
   <trkpt lat="47.3707280" lon="8.5390800"/>
   <trkpt lat="47.3707090" lon="8.5390880"/>
   <trkpt lat="47.3706890" lon="8.5390970"/>
   <trkpt lat="47.3706460" lon="8.5391180"/>
   <trkpt lat="47.3706320" lon="8.5391260"/>
   <trkpt lat="47.3705860" lon="8.5391600"/>
   <trkpt lat="47.3705680" lon="8.5391750"/>
   <trkpt lat="47.3705500" lon="8.5391900"/>
   <trkpt lat="47.3705070" lon="8.5392190"/>
   <trkpt lat="47.3704920" lon="8.5392280"/>
   <trkpt lat="47.3704400" lon="8.5392440"/>
   <trkpt lat="47.3704190" lon="8.5392490"/>
   <trkpt lat="47.3703980" lon="8.5392530"/>
   <trkpt lat="47.3703520" lon="8.5392650"/>
   <trkpt lat="47.3703360" lon="8.5392710"/>
   <trkpt lat="47.3703200" lon="8.5392780"/>
   <trkpt lat="47.3702930" lon="8.5393090"/>
   <trkpt lat="47.3702850" lon="8.5393220"/>
   <trkpt lat="47.3702710" lon="8.5393690"/>
   <trkpt lat="47.3702680" lon="8.5393860"/>
   <trkpt lat="47.3702650" lon="8.5394030"/>
   <trkpt lat="47.3702640" lon="8.5394210"/>
   <trkpt lat="47.3702670" lon="8.5394340"/>
   <trkpt lat="47.3702710" lon="8.5394400"/>
   <trkpt lat="47.3702770" lon="8.5394390"/>
   <trkpt lat="47.3702840" lon="8.5394360"/>
   <trkpt lat="47.3702940" lon="8.5394440"/>
   <trkpt lat="47.3702970" lon="8.5394500"/>
   <trkpt lat="47.3703170" lon="8.5395110"/>
   <trkpt lat="47.3703270" lon="8.5395410"/>
   <trkpt lat="47.3703370" lon="8.5395720"/>
   <trkpt lat="47.3703710" lon="8.5396480"/>
   <trkpt lat="47.3703830" lon="8.5396770"/>
   <trkpt lat="47.3703960" lon="8.5397050"/>
   <trkpt lat="47.3704230" lon="8.5397630"/>
   <trkpt lat="47.3704310" lon="8.5397810"/>
   <trkpt lat="47.3704560" lon="8.5398360"/>
   <trkpt lat="47.3704660" lon="8.5398580"/>
   <trkpt lat="47.3704750" lon="8.5398790"/>
   <trkpt lat="47.3704870" lon="8.5399280"/>
   <trkpt lat="47.3704900" lon="8.5399450"/>
   <trkpt lat="47.3704890" lon="8.5400090"/>
   <trkpt lat="47.3704870" lon="8.5400370"/>
   <trkpt lat="47.3704840" lon="8.5400640"/>
   <trkpt lat="47.3704630" lon="8.5401360"/>
   <trkpt lat="47.3704540" lon="8.5401610"/>
   <trkpt lat="47.3704150" lon="8.5402470"/>
   <trkpt lat="47.3703980" lon="8.5402810"/>
   <trkpt lat="47.3703810" lon="8.5403150"/>
   <trkpt lat="47.3703370" lon="8.5404020"/>
   <trkpt lat="47.3703180" lon="8.5404380"/>
   <trkpt lat="47.3702990" lon="8.5404730"/>
   <trkpt lat="47.3702520" lon="8.5405510"/>
   <trkpt lat="47.3702340" lon="8.5405760"/>
   <trkpt lat="47.3701780" lon="8.5406600"/>
   <trkpt lat="47.3701570" lon="8.5406930"/>
   <trkpt lat="47.3701360" lon="8.5407270"/>
   <trkpt lat="47.3700980" lon="8.5408060"/>
   <trkpt lat="47.3700880" lon="8.5408340"/>
   <trkpt lat="47.3700600" lon="8.5409270"/>
   <trkpt lat="47.3700510" lon="8.5409630"/>
   <trkpt lat="47.3700420" lon="8.5410000"/>
   <trkpt lat="47.3700240" lon="8.5410810"/>
   <trkpt lat="47.3700190" lon="8.5411070"/>
   <trkpt lat="47.3700030" lon="8.5411940"/>
   <trkpt lat="47.3699990" lon="8.5412280"/>
   <trkpt lat="47.3699940" lon="8.5412620"/>
   <trkpt lat="47.3699870" lon="8.5413470"/>
   <trkpt lat="47.3699850" lon="8.5413810"/>
   <trkpt lat="47.3699820" lon="8.5414150"/>
   <trkpt lat="47.3699780" lon="8.5414890"/>
   <trkpt lat="47.3699760" lon="8.5415130"/>
   <trkpt lat="47.3699710" lon="8.5415870"/>
   <trkpt lat="47.3699680" lon="8.5416140"/>
   <trkpt lat="47.3699660" lon="8.5416420"/>
   <trkpt lat="47.3699620" lon="8.5417000"/>
   <trkpt lat="47.3699610" lon="8.5417200"/>
   <trkpt lat="47.3699630" lon="8.5417900"/>
   <trkpt lat="47.3699640" lon="8.5418180"/>
   <trkpt lat="47.3699660" lon="8.5418460"/>
   <trkpt lat="47.3699740" lon="8.5419110"/>
   <trkpt lat="47.3699770" lon="8.5419320"/>
   <trkpt lat="47.3699830" lon="8.5420030"/>
   <trkpt lat="47.3699850" lon="8.5420310"/>
   <trkpt lat="47.3699870" lon="8.5420590"/>
   <trkpt lat="47.3699910" lon="8.5421280"/>
   <trkpt lat="47.3699930" lon="8.5421550"/>
   <trkpt lat="47.3699950" lon="8.5421830"/>
   <trkpt lat="47.3700020" lon="8.5422480"/>
   <trkpt lat="47.3700040" lon="8.5422710"/>
   <trkpt lat="47.3700100" lon="8.5423480"/>
   <trkpt lat="47.3700130" lon="8.5423790"/>
   <trkpt lat="47.3700150" lon="8.5424100"/>
   <trkpt lat="47.3700190" lon="8.5424790"/>
   <trkpt lat="47.3700200" lon="8.5425020"/>
   <trkpt lat="47.3700230" lon="8.5425800"/>
   <trkpt lat="47.3700250" lon="8.5426110"/>
   <trkpt lat="47.3700260" lon="8.5426420"/>
   <trkpt lat="47.3700290" lon="8.5427110"/>
   <trkpt lat="47.3700290" lon="8.5427350"/>
   <trkpt lat="47.3700330" lon="8.5428120"/>
   <trkpt lat="47.3700340" lon="8.5428430"/>
   <trkpt lat="47.3700350" lon="8.5428730"/>
   <trkpt lat="47.3700420" lon="8.5429460"/>
   <trkpt lat="47.3700470" lon="8.5429750"/>
   <trkpt lat="47.3700510" lon="8.5430040"/>
   <trkpt lat="47.3700630" lon="8.5430680"/>
   <trkpt lat="47.3700670" lon="8.5430890"/>
   <trkpt lat="47.3700850" lon="8.5431480"/>
   <trkpt lat="47.3700940" lon="8.5431700"/>
   <trkpt lat="47.3701030" lon="8.5431930"/>
   <trkpt lat="47.3701280" lon="8.5432330"/>
   <trkpt lat="47.3701370" lon="8.5432450"/>
   <trkpt lat="47.3701720" lon="8.5432630"/>
   <trkpt lat="47.3701880" lon="8.5432650"/>
   <trkpt lat="47.3702030" lon="8.5432670"/>
   <trkpt lat="47.3702450" lon="8.5432420"/>
   <trkpt lat="47.3702610" lon="8.5432300"/>
   <trkpt lat="47.3702780" lon="8.5432180"/>
   <trkpt lat="47.3703150" lon="8.5431920"/>
   <trkpt lat="47.3703280" lon="8.5431840"/>
   <trkpt lat="47.3703730" lon="8.5431570"/>
   <trkpt lat="47.3703920" lon="8.5431460"/>
   <trkpt lat="47.3704110" lon="8.5431360"/>
   <trkpt lat="47.3704540" lon="8.5431140"/>
   <trkpt lat="47.3704690" lon="8.5431070"/>
   <trkpt lat="47.3705180" lon="8.5430850"/>
   <trkpt lat="47.3705370" lon="8.5430770"/>
   <trkpt lat="47.3705570" lon="8.5430690"/>
   <trkpt lat="47.3706030" lon="8.5430560"/>
   <trkpt lat="47.3706190" lon="8.5430520"/>
   <trkpt lat="47.3706690" lon="8.5430410"/>
   <trkpt lat="47.3706890" lon="8.5430370"/>
   <trkpt lat="47.3707080" lon="8.5430320"/>
   <trkpt lat="47.3707560" lon="8.5430180"/>
   <trkpt lat="47.3707760" lon="8.5430110"/>
   <trkpt lat="47.3707950" lon="8.5430040"/>
   <trkpt lat="47.3708410" lon="8.5429890"/>
   <trkpt lat="47.3708560" lon="8.5429850"/>
   <trkpt lat="47.3709060" lon="8.5429720"/>
   <trkpt lat="47.3709250" lon="8.5429680"/>
   <trkpt lat="47.3709440" lon="8.5429640"/>
   <trkpt lat="47.3709870" lon="8.5429570"/>
   <trkpt lat="47.3710010" lon="8.5429550"/>
   <trkpt lat="47.3710490" lon="8.5429450"/>
   <trkpt lat="47.3710680" lon="8.5429410"/>
   <trkpt lat="47.3710870" lon="8.5429370"/>
   <trkpt lat="47.3711310" lon="8.5429300"/>
   <trkpt lat="47.3711450" lon="8.5429290"/>
   <trkpt lat="47.3711920" lon="8.5429280"/>
   <trkpt lat="47.3712110" lon="8.5429270"/>
   <trkpt lat="47.3712300" lon="8.5429270"/>
   <trkpt lat="47.3712780" lon="8.5429160"/>
   <trkpt lat="47.3712960" lon="8.5429100"/>
   <trkpt lat="47.3713150" lon="8.5429030"/>
   <trkpt lat="47.3713580" lon="8.5428840"/>
   <trkpt lat="47.3713730" lon="8.5428770"/>
   <trkpt lat="47.3714220" lon="8.5428580"/>
   <trkpt lat="47.3714430" lon="8.5428530"/>
   <trkpt lat="47.3714630" lon="8.5428480"/>
   <trkpt lat="47.3715100" lon="8.5428520"/>
   <trkpt lat="47.3715260" lon="8.5428540"/>
   <trkpt lat="47.3715750" lon="8.5428670"/>
   <trkpt lat="47.3715940" lon="8.5428710"/>
   <trkpt lat="47.3716130" lon="8.5428760"/>
   <trkpt lat="47.3716550" lon="8.5428760"/>
   <trkpt lat="47.3716690" lon="8.5428740"/>
   <trkpt lat="47.3717180" lon="8.5428550"/>
   <trkpt lat="47.3717380" lon="8.5428450"/>
   <trkpt lat="47.3717580" lon="8.5428360"/>
   <trkpt lat="47.3718090" lon="8.5428180"/>
   <trkpt lat="47.3718290" lon="8.5428120"/>
   <trkpt lat="47.3718500" lon="8.5428060"/>
   <trkpt lat="47.3718980" lon="8.5428000"/>
   <trkpt lat="47.3719140" lon="8.5427990"/>
   <trkpt lat="47.3719670" lon="8.5427920"/>
   <trkpt lat="47.3719890" lon="8.5427900"/>
   <trkpt lat="47.3720100" lon="8.5427870"/>
   <trkpt lat="47.3720550" lon="8.5427830"/>
   <trkpt lat="47.3720700" lon="8.5427820"/>
   <trkpt lat="47.3721200" lon="8.5427760"/>
   <trkpt lat="47.3721400" lon="8.5427730"/>
   <trkpt lat="47.3721600" lon="8.5427700"/>
   <trkpt lat="47.3722040" lon="8.5427640"/>
   <trkpt lat="47.3722180" lon="8.5427620"/>
   <trkpt lat="47.3722630" lon="8.5427600"/>
   <trkpt lat="47.3722810" lon="8.5427600"/>
   <trkpt lat="47.3722990" lon="8.5427600"/>
   <trkpt lat="47.3723440" lon="8.5427550"/>
   <trkpt lat="47.3723630" lon="8.5427520"/>
   <trkpt lat="47.3723810" lon="8.5427490"/>
   <trkpt lat="47.3724240" lon="8.5427450"/>
   <trkpt lat="47.3724390" lon="8.5427440"/>
   <trkpt lat="47.3724870" lon="8.5427400"/>
   <trkpt lat="47.3725050" lon="8.5427380"/>
   <trkpt lat="47.3725240" lon="8.5427360"/>
   <trkpt lat="47.3725660" lon="8.5427320"/>
   <trkpt lat="47.3725800" lon="8.5427300"/>
   <trkpt lat="47.3726310" lon="8.5427260"/>
   <trkpt lat="47.3726520" lon="8.5427250"/>
   <trkpt lat="47.3726730" lon="8.5427240"/>
   <trkpt lat="47.3727210" lon="8.5427220"/>
   <trkpt lat="47.3727370" lon="8.5427220"/>
   <trkpt lat="47.3727860" lon="8.5427270"/>
   <trkpt lat="47.3728050" lon="8.5427300"/>
   <trkpt lat="47.3728250" lon="8.5427320"/>
   <trkpt lat="47.3728730" lon="8.5427380"/>
   <trkpt lat="47.3728920" lon="8.5427400"/>
   <trkpt lat="47.3729110" lon="8.5427420"/>
   <trkpt lat="47.3729540" lon="8.5427390"/>
   <trkpt lat="47.3729680" lon="8.5427370"/>
   <trkpt lat="47.3730170" lon="8.5427300"/>
   <trkpt lat="47.3730370" lon="8.5427280"/>
   <trkpt lat="47.3730570" lon="8.5427260"/>
   <trkpt lat="47.3731010" lon="8.5427260"/>
   <trkpt lat="47.3731160" lon="8.5427260"/>
   <trkpt lat="47.3731640" lon="8.5427270"/>
   <trkpt lat="47.3731840" lon="8.5427280"/>
   <trkpt lat="47.3732030" lon="8.5427290"/>
   <trkpt lat="47.3732480" lon="8.5427380"/>
   <trkpt lat="47.3732630" lon="8.5427410"/>
   <trkpt lat="47.3733110" lon="8.5427540"/>
   <trkpt lat="47.3733300" lon="8.5427590"/>
   <trkpt lat="47.3733480" lon="8.5427630"/>
   <trkpt lat="47.3733980" lon="8.5427710"/>
   <trkpt lat="47.3734180" lon="8.5427740"/>
   <trkpt lat="47.3734380" lon="8.5427770"/>
   <trkpt lat="47.3734810" lon="8.5427830"/>
   <trkpt lat="47.3734950" lon="8.5427840"/>
   <trkpt lat="47.3735420" lon="8.5427900"/>
   <trkpt lat="47.3735610" lon="8.5427920"/>
   <trkpt lat="47.3735800" lon="8.5427940"/>
   <trkpt lat="47.3736240" lon="8.5427990"/>
   <trkpt lat="47.3736390" lon="8.5428010"/>
   <trkpt lat="47.3736910" lon="8.5428060"/>
   <trkpt lat="47.3737120" lon="8.5428080"/>
   <trkpt lat="47.3737330" lon="8.5428100"/>
   <trkpt lat="47.3737830" lon="8.5428200"/>
   <trkpt lat="47.3738000" lon="8.5428240"/>
   <trkpt lat="47.3738530" lon="8.5428450"/>
   <trkpt lat="47.3738730" lon="8.5428540"/>
   <trkpt lat="47.3738940" lon="8.5428640"/>
   <trkpt lat="47.3739450" lon="8.5428800"/>
   <trkpt lat="47.3739650" lon="8.5428860"/>
   <trkpt lat="47.3739860" lon="8.5428910"/>
   <trkpt lat="47.3740280" lon="8.5429020"/>
   <trkpt lat="47.3740410" lon="8.5429070"/>
   <trkpt lat="47.3740890" lon="8.5429210"/>
   <trkpt lat="47.3741090" lon="8.5429260"/>
   <trkpt lat="47.3741290" lon="8.5429310"/>
   <trkpt lat="47.3741720" lon="8.5429380"/>
   <trkpt lat="47.3741870" lon="8.5429400"/>
   <trkpt lat="47.3742360" lon="8.5429510"/>
   <trkpt lat="47.3742560" lon="8.5429560"/>
   <trkpt lat="47.3742760" lon="8.5429620"/>
   <trkpt lat="47.3743230" lon="8.5429900"/>
   <trkpt lat="47.3743420" lon="8.5430020"/>
   <trkpt lat="47.3743610" lon="8.5430150"/>
   <trkpt lat="47.3744070" lon="8.5430390"/>
   <trkpt lat="47.3744230" lon="8.5430470"/>
   <trkpt lat="47.3744740" lon="8.5430720"/>
   <trkpt lat="47.3744930" lon="8.5430820"/>
   <trkpt lat="47.3745120" lon="8.5430910"/>
   <trkpt lat="47.3745540" lon="8.5431090"/>
   <trkpt lat="47.3745690" lon="8.5431140"/>
   <trkpt lat="47.3746200" lon="8.5431270"/>
   <trkpt lat="47.3746410" lon="8.5431310"/>
   <trkpt lat="47.3746620" lon="8.5431350"/>
   <trkpt lat="47.3747090" lon="8.5431410"/>
   <trkpt lat="47.3747240" lon="8.5431430"/>
   <trkpt lat="47.3747730" lon="8.5431520"/>
   <trkpt lat="47.3747930" lon="8.5431550"/>
   <trkpt lat="47.3748120" lon="8.5431590"/>
   <trkpt lat="47.3748620" lon="8.5431750"/>
   <trkpt lat="47.3748820" lon="8.5431840"/>
   <trkpt lat="47.3749020" lon="8.5431920"/>
   <trkpt lat="47.3749470" lon="8.5432120"/>
   <trkpt lat="47.3749620" lon="8.5432180"/>
   <trkpt lat="47.3750110" lon="8.5432340"/>
   <trkpt lat="47.3750310" lon="8.5432390"/>
   <trkpt lat="47.3750500" lon="8.5432450"/>
   <trkpt lat="47.3750950" lon="8.5432570"/>
   <trkpt lat="47.3751100" lon="8.5432620"/>
   <trkpt lat="47.3751620" lon="8.5432760"/>
   <trkpt lat="47.3751810" lon="8.5432810"/>
   <trkpt lat="47.3752010" lon="8.5432860"/>
   <trkpt lat="47.3752430" lon="8.5433010"/>
   <trkpt lat="47.3752570" lon="8.5433070"/>
   <trkpt lat="47.3753000" lon="8.5433230"/>
   <trkpt lat="47.3753170" lon="8.5433300"/>
   <trkpt lat="47.3753350" lon="8.5433360"/>
   <trkpt lat="47.3753790" lon="8.5433520"/>
   <trkpt lat="47.3753980" lon="8.5433600"/>
   <trkpt lat="47.3754170" lon="8.5433670"/>
   <trkpt lat="47.3754600" lon="8.5433880"/>
   <trkpt lat="47.3754740" lon="8.5433950"/>
   <trkpt lat="47.3755210" lon="8.5434150"/>
   <trkpt lat="47.3755410" lon="8.5434230"/>
   <trkpt lat="47.3755610" lon="8.5434300"/>
   <trkpt lat="47.3756050" lon="8.5434410"/>
   <trkpt lat="47.3756200" lon="8.5434450"/>
   <trkpt lat="47.3756700" lon="8.5434650"/>
   <trkpt lat="47.3756890" lon="8.5434740"/>
   <trkpt lat="47.3757090" lon="8.5434830"/>
   <trkpt lat="47.3757550" lon="8.5435000"/>
   <trkpt lat="47.3757710" lon="8.5435050"/>
   <trkpt lat="47.3758230" lon="8.5435200"/>
   <trkpt lat="47.3758430" lon="8.5435260"/>
   <trkpt lat="47.3758630" lon="8.5435310"/>
   <trkpt lat="47.3759080" lon="8.5435450"/>
   <trkpt lat="47.3759260" lon="8.5435500"/>
   <trkpt lat="47.3759440" lon="8.5435560"/>
   <trkpt lat="47.3759810" lon="8.5435660"/>
   <trkpt lat="47.3759930" lon="8.5435690"/>
   <trkpt lat="47.3760280" lon="8.5435750"/>
   <trkpt lat="47.3760400" lon="8.5435760"/>
   <trkpt lat="47.3760520" lon="8.5435780"/>
   <trkpt lat="47.3760570" lon="8.5435660"/>
   <trkpt lat="47.3760540" lon="8.5435600"/>
   <trkpt lat="47.3760320" lon="8.5435460"/>
   <trkpt lat="47.3759970" lon="8.5435360"/>
   <trkpt lat="47.3759580" lon="8.5435280"/>
   <trkpt lat="47.3759030" lon="8.5435160"/>
   <trkpt lat="47.3758860" lon="8.5435120"/>
   <trkpt lat="47.3758370" lon="8.5434960"/>
   <trkpt lat="47.3758180" lon="8.5434890"/>
   <trkpt lat="47.3757980" lon="8.5434830"/>
   <trkpt lat="47.3757450" lon="8.5434720"/>
   <trkpt lat="47.3757220" lon="8.5434700"/>
   <trkpt lat="47.3757000" lon="8.5434670"/>
   <trkpt lat="47.3756480" lon="8.5434620"/>
   <trkpt lat="47.3756310" lon="8.5434610"/>
   <trkpt lat="47.3755730" lon="8.5434560"/>
   <trkpt lat="47.3755490" lon="8.5434560"/>
   <trkpt lat="47.3755250" lon="8.5434550"/>
   <trkpt lat="47.3754730" lon="8.5434490"/>
   <trkpt lat="47.3754560" lon="8.5434450"/>
   <trkpt lat="47.3754030" lon="8.5434340"/>
   <trkpt lat="47.3753820" lon="8.5434290"/>
   <trkpt lat="47.3753620" lon="8.5434240"/>
   <trkpt lat="47.3753200" lon="8.5434090"/>
   <trkpt lat="47.3753050" lon="8.5434040"/>
   <trkpt lat="47.3752550" lon="8.5433920"/>
   <trkpt lat="47.3752350" lon="8.5433870"/>
   <trkpt lat="47.3752150" lon="8.5433820"/>
   <trkpt lat="47.3751660" lon="8.5433690"/>
   <trkpt lat="47.3751460" lon="8.5433640"/>
   <trkpt lat="47.3751270" lon="8.5433590"/>
   <trkpt lat="47.3750820" lon="8.5433490"/>
   <trkpt lat="47.3750670" lon="8.5433450"/>
   <trkpt lat="47.3750160" lon="8.5433300"/>
   <trkpt lat="47.3749950" lon="8.5433240"/>
   <trkpt lat="47.3749750" lon="8.5433190"/>
   <trkpt lat="47.3749300" lon="8.5433060"/>
   <trkpt lat="47.3749150" lon="8.5433020"/>
   <trkpt lat="47.3748680" lon="8.5432880"/>
   <trkpt lat="47.3748500" lon="8.5432830"/>
   <trkpt lat="47.3748310" lon="8.5432790"/>
   <trkpt lat="47.3747900" lon="8.5432690"/>
   <trkpt lat="47.3747760" lon="8.5432650"/>
   <trkpt lat="47.3747290" lon="8.5432510"/>
   <trkpt lat="47.3747100" lon="8.5432450"/>
   <trkpt lat="47.3746920" lon="8.5432400"/>
   <trkpt lat="47.3746470" lon="8.5432290"/>
   <trkpt lat="47.3746300" lon="8.5432240"/>
   <trkpt lat="47.3746120" lon="8.5432200"/>
   <trkpt lat="47.3745690" lon="8.5432050"/>
   <trkpt lat="47.3745540" lon="8.5432000"/>
   <trkpt lat="47.3745020" lon="8.5431830"/>
   <trkpt lat="47.3744820" lon="8.5431760"/>
   <trkpt lat="47.3744610" lon="8.5431690"/>
   <trkpt lat="47.3744200" lon="8.5431490"/>
   <trkpt lat="47.3744070" lon="8.5431420"/>
   <trkpt lat="47.3743690" lon="8.5431030"/>
   <trkpt lat="47.3743560" lon="8.5430820"/>
   <trkpt lat="47.3743420" lon="8.5430620"/>
   <trkpt lat="47.3743270" lon="8.5429850"/>
   <trkpt lat="47.3743240" lon="8.5429570"/>
   <trkpt lat="47.3743290" lon="8.5428610"/>
   <trkpt lat="47.3743330" lon="8.5428240"/>
   <trkpt lat="47.3743360" lon="8.5427870"/>
   <trkpt lat="47.3743450" lon="8.5426980"/>
   <trkpt lat="47.3743470" lon="8.5426630"/>
   <trkpt lat="47.3743490" lon="8.5426280"/>
   <trkpt lat="47.3743520" lon="8.5425500"/>
   <trkpt lat="47.3743520" lon="8.5425230"/>
   <trkpt lat="47.3743550" lon="8.5424350"/>
   <trkpt lat="47.3743570" lon="8.5424010"/>
   <trkpt lat="47.3743590" lon="8.5423670"/>
   <trkpt lat="47.3743630" lon="8.5422930"/>
   <trkpt lat="47.3743640" lon="8.5422700"/>
   <trkpt lat="47.3743680" lon="8.5421930"/>
   <trkpt lat="47.3743690" lon="8.5421630"/>
   <trkpt lat="47.3743700" lon="8.5421330"/>
   <trkpt lat="47.3743710" lon="8.5420570"/>
   <trkpt lat="47.3743710" lon="8.5420260"/>
   <trkpt lat="47.3743720" lon="8.5419960"/>
   <trkpt lat="47.3743690" lon="8.5419320"/>
   <trkpt lat="47.3743680" lon="8.5419110"/>
   <trkpt lat="47.3743630" lon="8.5418390"/>
   <trkpt lat="47.3743610" lon="8.5418100"/>
   <trkpt lat="47.3743580" lon="8.5417810"/>
   <trkpt lat="47.3743550" lon="8.5417190"/>
   <trkpt lat="47.3743540" lon="8.5416990"/>
   <trkpt lat="47.3743570" lon="8.5416380"/>
   <trkpt lat="47.3743590" lon="8.5416150"/>
   <trkpt lat="47.3743610" lon="8.5415930"/>
   <trkpt lat="47.3743560" lon="8.5415560"/>
   <trkpt lat="47.3743530" lon="8.5415450"/>
   <trkpt lat="47.3743250" lon="8.5415180"/>
   <trkpt lat="47.3743110" lon="8.5415110"/>
   <trkpt lat="47.3742960" lon="8.5415050"/>
   <trkpt lat="47.3742530" lon="8.5415050"/>
   <trkpt lat="47.3742370" lon="8.5415040"/>
   <trkpt lat="47.3742210" lon="8.5415040"/>
   <trkpt lat="47.3741900" lon="8.5414900"/>
   <trkpt lat="47.3741800" lon="8.5414840"/>
   <trkpt lat="47.3741430" lon="8.5414560"/>
   <trkpt lat="47.3741280" lon="8.5414430"/>
   <trkpt lat="47.3741120" lon="8.5414310"/>
   <trkpt lat="47.3740790" lon="8.5413990"/>
   <trkpt lat="47.3740690" lon="8.5413890"/>
   <trkpt lat="47.3740360" lon="8.5413540"/>
   <trkpt lat="47.3740240" lon="8.5413390"/>
   <trkpt lat="47.3740120" lon="8.5413250"/>
   <trkpt lat="47.3739880" lon="8.5412900"/>
   <trkpt lat="47.3739800" lon="8.5412770"/>
   <trkpt lat="47.3739650" lon="8.5412250"/>
   <trkpt lat="47.3739610" lon="8.5412020"/>
   <trkpt lat="47.3739570" lon="8.5411800"/>
   <trkpt lat="47.3739590" lon="8.5411180"/>
   <trkpt lat="47.3739610" lon="8.5410930"/>
   <trkpt lat="47.3739640" lon="8.5410680"/>
   <trkpt lat="47.3739730" lon="8.5410100"/>
   <trkpt lat="47.3739760" lon="8.5409910"/>
   <trkpt lat="47.3739800" lon="8.5409280"/>
   <trkpt lat="47.3739800" lon="8.5409030"/>
   <trkpt lat="47.3739800" lon="8.5408770"/>
   <trkpt lat="47.3739780" lon="8.5408190"/>
   <trkpt lat="47.3739770" lon="8.5407990"/>
   <trkpt lat="47.3739820" lon="8.5407300"/>
   <trkpt lat="47.3739850" lon="8.5407020"/>
   <trkpt lat="47.3739870" lon="8.5406740"/>
   <trkpt lat="47.3739940" lon="8.5406100"/>
   <trkpt lat="47.3739960" lon="8.5405880"/>
   <trkpt lat="47.3740050" lon="8.5405200"/>
   <trkpt lat="47.3740100" lon="8.5404940"/>
   <trkpt lat="47.3740140" lon="8.5404670"/>
   <trkpt lat="47.3740310" lon="8.5404100"/>
   <trkpt lat="47.3740390" lon="8.5403880"/>
   <trkpt lat="47.3740470" lon="8.5403660"/>
   <trkpt lat="47.3740770" lon="8.5403360"/>
   <trkpt lat="47.3740890" lon="8.5403290"/>
   <trkpt lat="47.3741340" lon="8.5403320"/>
   <trkpt lat="47.3741530" lon="8.5403360"/>
   <trkpt lat="47.3741720" lon="8.5403400"/>
   <trkpt lat="47.3742180" lon="8.5403450"/>
   <trkpt lat="47.3742330" lon="8.5403450"/>
   <trkpt lat="47.3742810" lon="8.5403290"/>
   <trkpt lat="47.3742990" lon="8.5403210"/>
   <trkpt lat="47.3743170" lon="8.5403130"/>
   <trkpt lat="47.3743620" lon="8.5403010"/>
   <trkpt lat="47.3743780" lon="8.5402990"/>
   <trkpt lat="47.3744330" lon="8.5403060"/>
   <trkpt lat="47.3744550" lon="8.5403100"/>
   <trkpt lat="47.3744770" lon="8.5403150"/>
   <trkpt lat="47.3745300" lon="8.5403270"/>
   <trkpt lat="47.3745510" lon="8.5403310"/>
   <trkpt lat="47.3745710" lon="8.5403360"/>
   <trkpt lat="47.3746180" lon="8.5403450"/>
   <trkpt lat="47.3746330" lon="8.5403480"/>
   <trkpt lat="47.3746840" lon="8.5403570"/>
   <trkpt lat="47.3747040" lon="8.5403600"/>
   <trkpt lat="47.3747240" lon="8.5403630"/>
   <trkpt lat="47.3747680" lon="8.5403720"/>
   <trkpt lat="47.3747820" lon="8.5403750"/>
   <trkpt lat="47.3748290" lon="8.5403880"/>
   <trkpt lat="47.3748480" lon="8.5403940"/>
   <trkpt lat="47.3748660" lon="8.5404000"/>
   <trkpt lat="47.3749050" lon="8.5404240"/>
   <trkpt lat="47.3749170" lon="8.5404330"/>
   <trkpt lat="47.3749520" lon="8.5404770"/>
   <trkpt lat="47.3749640" lon="8.5404980"/>
   <trkpt lat="47.3749760" lon="8.5405200"/>
   <trkpt lat="47.3749990" lon="8.5405880"/>
   <trkpt lat="47.3750080" lon="8.5406160"/>
   <trkpt lat="47.3750170" lon="8.5406440"/>
   <trkpt lat="47.3750380" lon="8.5407080"/>
   <trkpt lat="47.3750450" lon="8.5407280"/>
   <trkpt lat="47.3750740" lon="8.5407790"/>
   <trkpt lat="47.3750860" lon="8.5407940"/>
   <trkpt lat="47.3750990" lon="8.5408090"/>
   <trkpt lat="47.3751350" lon="8.5408230"/>
   <trkpt lat="47.3751480" lon="8.5408270"/>
   <trkpt lat="47.3751920" lon="8.5408370"/>
   <trkpt lat="47.3752110" lon="8.5408430"/>
   <trkpt lat="47.3752300" lon="8.5408490"/>
   <trkpt lat="47.3752770" lon="8.5408660"/>
   <trkpt lat="47.3752930" lon="8.5408720"/>
   <trkpt lat="47.3753450" lon="8.5408890"/>
   <trkpt lat="47.3753650" lon="8.5408960"/>
   <trkpt lat="47.3753850" lon="8.5409030"/>
   <trkpt lat="47.3754270" lon="8.5409270"/>
   <trkpt lat="47.3754430" lon="8.5409390"/>
   <trkpt lat="47.3754590" lon="8.5409500"/>
   <trkpt lat="47.3754910" lon="8.5409800"/>
   <trkpt lat="47.3755010" lon="8.5409910"/>
   <trkpt lat="47.3755430" lon="8.5410320"/>
   <trkpt lat="47.3755610" lon="8.5410470"/>
   <trkpt lat="47.3755800" lon="8.5410630"/>
   <trkpt lat="47.3756230" lon="8.5410910"/>
   <trkpt lat="47.3756380" lon="8.5410980"/>
   <trkpt lat="47.3756830" lon="8.5411200"/>
   <trkpt lat="47.3757010" lon="8.5411270"/>
   <trkpt lat="47.3757190" lon="8.5411350"/>
   <trkpt lat="47.3757600" lon="8.5411420"/>
   <trkpt lat="47.3757740" lon="8.5411420"/>
   <trkpt lat="47.3758210" lon="8.5411370"/>
   <trkpt lat="47.3758400" lon="8.5411340"/>
   <trkpt lat="47.3758580" lon="8.5411320"/>
   <trkpt lat="47.3759000" lon="8.5411290"/>
   <trkpt lat="47.3759160" lon="8.5411310"/>
   <trkpt lat="47.3759320" lon="8.5411320"/>
   <trkpt lat="47.3759600" lon="8.5411520"/>
   <trkpt lat="47.3759690" lon="8.5411600"/>
   <trkpt lat="47.3759990" lon="8.5411940"/>
   <trkpt lat="47.3760110" lon="8.5412100"/>
   <trkpt lat="47.3760230" lon="8.5412260"/>
   <trkpt lat="47.3760450" lon="8.5412750"/>
   <trkpt lat="47.3760520" lon="8.5412930"/>
   <trkpt lat="47.3760700" lon="8.5413670"/>
   <trkpt lat="47.3760760" lon="8.5413980"/>
   <trkpt lat="47.3760830" lon="8.5414290"/>
   <trkpt lat="47.3760920" lon="8.5414990"/>
   <trkpt lat="47.3760950" lon="8.5415230"/>
   <trkpt lat="47.3760980" lon="8.5415480"/>
   <trkpt lat="47.3761030" lon="8.5415900"/>
   <trkpt lat="47.3761050" lon="8.5415990"/>
   <trkpt lat="47.3761080" lon="8.5416070"/>
   <trkpt lat="47.3761100" lon="8.5416010"/>
   <trkpt lat="47.3761120" lon="8.5415800"/>
   <trkpt lat="47.3761150" lon="8.5415100"/>
   <trkpt lat="47.3761140" lon="8.5414760"/>
   <trkpt lat="47.3761140" lon="8.5414410"/>
   <trkpt lat="47.3761130" lon="8.5414070"/>
   <trkpt lat="47.3761130" lon="8.5413730"/>
   <trkpt lat="47.3761070" lon="8.5413140"/>
   <trkpt lat="47.3761050" lon="8.5412940"/>
   <trkpt lat="47.3760950" lon="8.5412310"/>
   <trkpt lat="47.3760890" lon="8.5412060"/>
   <trkpt lat="47.3760840" lon="8.5411820"/>
   <trkpt lat="47.3760620" lon="8.5411280"/>
   <trkpt lat="47.3760530" lon="8.5411080"/>
   <trkpt lat="47.3760440" lon="8.5410870"/>
   <trkpt lat="47.3760180" lon="8.5410510"/>
   <trkpt lat="47.3760080" lon="8.5410400"/>
   <trkpt lat="47.3759690" lon="8.5410240"/>
   <trkpt lat="47.3759530" lon="8.5410210"/>
   <trkpt lat="47.3759360" lon="8.5410190"/>
   <trkpt lat="47.3758980" lon="8.5410200"/>
   <trkpt lat="47.3758850" lon="8.5410200"/>
   <trkpt lat="47.3758430" lon="8.5410120"/>
   <trkpt lat="47.3758250" lon="8.5410090"/>
   <trkpt lat="47.3758080" lon="8.5410050"/>
   <trkpt lat="47.3757680" lon="8.5409980"/>
   <trkpt lat="47.3757550" lon="8.5409970"/>
   <trkpt lat="47.3757050" lon="8.5410020"/>
   <trkpt lat="47.3756850" lon="8.5410050"/>
   <trkpt lat="47.3756640" lon="8.5410080"/>
   <trkpt lat="47.3756150" lon="8.5410080"/>
   <trkpt lat="47.3755960" lon="8.5410060"/>
   <trkpt lat="47.3755770" lon="8.5410040"/>
   <trkpt lat="47.3755370" lon="8.5409910"/>
   <trkpt lat="47.3755240" lon="8.5409860"/>
   <trkpt lat="47.3754800" lon="8.5409730"/>
   <trkpt lat="47.3754620" lon="8.5409690"/>
   <trkpt lat="47.3754440" lon="8.5409640"/>
   <trkpt lat="47.3754010" lon="8.5409640"/>
   <trkpt lat="47.3753870" lon="8.5409660"/>
   <trkpt lat="47.3753400" lon="8.5409910"/>
   <trkpt lat="47.3753230" lon="8.5410050"/>
   <trkpt lat="47.3753050" lon="8.5410190"/>
   <trkpt lat="47.3752680" lon="8.5410480"/>
   <trkpt lat="47.3752560" lon="8.5410560"/>
   <trkpt lat="47.3752150" lon="8.5410660"/>
   <trkpt lat="47.3751990" lon="8.5410670"/>
   <trkpt lat="47.3751820" lon="8.5410680"/>
   <trkpt lat="47.3751440" lon="8.5410550"/>
   <trkpt lat="47.3751300" lon="8.5410480"/>
   <trkpt lat="47.3751150" lon="8.5410400"/>
   <trkpt lat="47.3750850" lon="8.5410160"/>
   <trkpt lat="47.3750750" lon="8.5410070"/>
   <trkpt lat="47.3750450" lon="8.5409630"/>
   <trkpt lat="47.3750330" lon="8.5409420"/>
   <trkpt lat="47.3750210" lon="8.5409220"/>
   <trkpt lat="47.3749960" lon="8.5408600"/>
   <trkpt lat="47.3749890" lon="8.5408370"/>
   <trkpt lat="47.3749770" lon="8.5407510"/>
   <trkpt lat="47.3749740" lon="8.5407170"/>
   <trkpt lat="47.3749720" lon="8.5406830"/>
   <trkpt lat="47.3749680" lon="8.5406140"/>
   <trkpt lat="47.3749660" lon="8.5405940"/>
   <trkpt lat="47.3749510" lon="8.5405350"/>
   <trkpt lat="47.3749430" lon="8.5405130"/>
   <trkpt lat="47.3749350" lon="8.5404910"/>
   <trkpt lat="47.3749080" lon="8.5404450"/>
   <trkpt lat="47.3748960" lon="8.5404290"/>
   <trkpt lat="47.3748850" lon="8.5404120"/>
   <trkpt lat="47.3748580" lon="8.5403830"/>
   <trkpt lat="47.3748490" lon="8.5403750"/>
   <trkpt lat="47.3748120" lon="8.5403610"/>
   <trkpt lat="47.3747960" lon="8.5403570"/>
   <trkpt lat="47.3747800" lon="8.5403540"/>
   <trkpt lat="47.3747450" lon="8.5403490"/>
   <trkpt lat="47.3747330" lon="8.5403470"/>
   <trkpt lat="47.3746940" lon="8.5403430"/>
   <trkpt lat="47.3746780" lon="8.5403410"/>
   <trkpt lat="47.3746620" lon="8.5403400"/>
   <trkpt lat="47.3746240" lon="8.5403410"/>
   <trkpt lat="47.3746110" lon="8.5403410"/>
   <trkpt lat="47.3745650" lon="8.5403410"/>
   <trkpt lat="47.3745460" lon="8.5403410"/>
   <trkpt lat="47.3745270" lon="8.5403410"/>
   <trkpt lat="47.3744790" lon="8.5403430"/>
   <trkpt lat="47.3744600" lon="8.5403430"/>
   <trkpt lat="47.3744410" lon="8.5403440"/>
   <trkpt lat="47.3744000" lon="8.5403470"/>
   <trkpt lat="47.3743860" lon="8.5403480"/>
   <trkpt lat="47.3743410" lon="8.5403500"/>
   <trkpt lat="47.3743220" lon="8.5403490"/>
   <trkpt lat="47.3743040" lon="8.5403490"/>
   <trkpt lat="47.3742620" lon="8.5403450"/>
   <trkpt lat="47.3742490" lon="8.5403440"/>
   <trkpt lat="47.3742050" lon="8.5403380"/>
   <trkpt lat="47.3741890" lon="8.5403350"/>
   <trkpt lat="47.3741720" lon="8.5403310"/>
   <trkpt lat="47.3741350" lon="8.5403250"/>
   <trkpt lat="47.3741230" lon="8.5403220"/>
   <trkpt lat="47.3740840" lon="8.5403010"/>
   <trkpt lat="47.3740690" lon="8.5402890"/>
   <trkpt lat="47.3740550" lon="8.5402760"/>
   <trkpt lat="47.3740380" lon="8.5402070"/>
   <trkpt lat="47.3740350" lon="8.5401750"/>
   <trkpt lat="47.3740320" lon="8.5401440"/>
   <trkpt lat="47.3740380" lon="8.5400720"/>
   <trkpt lat="47.3740400" lon="8.5400480"/>
   <trkpt lat="47.3740460" lon="8.5399750"/>
   <trkpt lat="47.3740470" lon="8.5399460"/>
   <trkpt lat="47.3740480" lon="8.5399170"/>
   <trkpt lat="47.3740440" lon="8.5398530"/>
   <trkpt lat="47.3740420" lon="8.5398320"/>
   <trkpt lat="47.3740380" lon="8.5397600"/>
   <trkpt lat="47.3740370" lon="8.5397320"/>
   <trkpt lat="47.3740370" lon="8.5397040"/>
   <trkpt lat="47.3740380" lon="8.5396380"/>
   <trkpt lat="47.3740380" lon="8.5396160"/>
   <trkpt lat="47.3740380" lon="8.5395410"/>
   <trkpt lat="47.3740380" lon="8.5395110"/>
   <trkpt lat="47.3740380" lon="8.5394810"/>
   <trkpt lat="47.3740360" lon="8.5394090"/>
   <trkpt lat="47.3740350" lon="8.5393810"/>
   <trkpt lat="47.3740350" lon="8.5393530"/>
   <trkpt lat="47.3740450" lon="8.5392920"/>
   <trkpt lat="47.3740480" lon="8.5392710"/>
   <trkpt lat="47.3740560" lon="8.5392060"/>
   <trkpt lat="47.3740570" lon="8.5391800"/>
   <trkpt lat="47.3740590" lon="8.5391550"/>
   <trkpt lat="47.3740540" lon="8.5391010"/>
   <trkpt lat="47.3740520" lon="8.5390830"/>
   <trkpt lat="47.3740340" lon="8.5390260"/>
   <trkpt lat="47.3740240" lon="8.5390050"/>
   <trkpt lat="47.3740140" lon="8.5389840"/>
   <trkpt lat="47.3739700" lon="8.5389470"/>
   <trkpt lat="47.3739490" lon="8.5389360"/>
   <trkpt lat="47.3739270" lon="8.5389260"/>
   <trkpt lat="47.3738710" lon="8.5389230"/>
   <trkpt lat="47.3738520" lon="8.5389260"/>
   <trkpt lat="47.3737950" lon="8.5389410"/>
   <trkpt lat="47.3737740" lon="8.5389520"/>
   <trkpt lat="47.3737540" lon="8.5389630"/>
   <trkpt lat="47.3737140" lon="8.5389930"/>
   <trkpt lat="47.3737020" lon="8.5390040"/>
   <trkpt lat="47.3736620" lon="8.5390480"/>
   <trkpt lat="47.3736470" lon="8.5390670"/>
   <trkpt lat="47.3736310" lon="8.5390860"/>
   <trkpt lat="47.3735970" lon="8.5391330"/>
   <trkpt lat="47.3735860" lon="8.5391490"/>
   <trkpt lat="47.3735480" lon="8.5392030"/>
   <trkpt lat="47.3735330" lon="8.5392230"/>
   <trkpt lat="47.3735170" lon="8.5392430"/>
   <trkpt lat="47.3734760" lon="8.5392880"/>
   <trkpt lat="47.3734600" lon="8.5393060"/>
   <trkpt lat="47.3734450" lon="8.5393230"/>
   <trkpt lat="47.3734100" lon="8.5393620"/>
   <trkpt lat="47.3733980" lon="8.5393740"/>
   <trkpt lat="47.3733580" lon="8.5394140"/>
   <trkpt lat="47.3733410" lon="8.5394280"/>
   <trkpt lat="47.3733240" lon="8.5394430"/>
   <trkpt lat="47.3732840" lon="8.5394720"/>
   <trkpt lat="47.3732700" lon="8.5394810"/>
   <trkpt lat="47.3732230" lon="8.5395130"/>
   <trkpt lat="47.3732040" lon="8.5395260"/>
   <trkpt lat="47.3731850" lon="8.5395380"/>
   <trkpt lat="47.3731430" lon="8.5395680"/>
   <trkpt lat="47.3731290" lon="8.5395780"/>
   <trkpt lat="47.3730840" lon="8.5396130"/>
   <trkpt lat="47.3730670" lon="8.5396270"/>
   <trkpt lat="47.3730490" lon="8.5396410"/>
   <trkpt lat="47.3730060" lon="8.5396790"/>
   <trkpt lat="47.3729880" lon="8.5396940"/>
   <trkpt lat="47.3729710" lon="8.5397100"/>
   <trkpt lat="47.3729320" lon="8.5397530"/>
   <trkpt lat="47.3729190" lon="8.5397690"/>
   <trkpt lat="47.3728780" lon="8.5398230"/>
   <trkpt lat="47.3728610" lon="8.5398450"/>
   <trkpt lat="47.3728440" lon="8.5398660"/>
   <trkpt lat="47.3728050" lon="8.5399100"/>
   <trkpt lat="47.3727900" lon="8.5399240"/>
   <trkpt lat="47.3727400" lon="8.5399580"/>
   <trkpt lat="47.3727200" lon="8.5399700"/>
   <trkpt lat="47.3727000" lon="8.5399820"/>
   <trkpt lat="47.3726560" lon="8.5400030"/>
   <trkpt lat="47.3726410" lon="8.5400100"/>
   <trkpt lat="47.3725970" lon="8.5400310"/>
   <trkpt lat="47.3725800" lon="8.5400400"/>
   <trkpt lat="47.3725630" lon="8.5400490"/>
   <trkpt lat="47.3725230" lon="8.5400780"/>
   <trkpt lat="47.3725080" lon="8.5400910"/>
   <trkpt lat="47.3724930" lon="8.5401040"/>
   <trkpt lat="47.3724630" lon="8.5401380"/>
   <trkpt lat="47.3724530" lon="8.5401490"/>
   <trkpt lat="47.3724250" lon="8.5401850"/>
   <trkpt lat="47.3724140" lon="8.5402000"/>
   <trkpt lat="47.3724030" lon="8.5402140"/>
   <trkpt lat="47.3723780" lon="8.5402430"/>
   <trkpt lat="47.3723690" lon="8.5402530"/>
   <trkpt lat="47.3723360" lon="8.5402820"/>
   <trkpt lat="47.3723210" lon="8.5402920"/>
   <trkpt lat="47.3723060" lon="8.5403020"/>
   <trkpt lat="47.3722620" lon="8.5403080"/>
   <trkpt lat="47.3722470" lon="8.5403080"/>
   <trkpt lat="47.3722010" lon="8.5402850"/>
   <trkpt lat="47.3721840" lon="8.5402720"/>
   <trkpt lat="47.3721680" lon="8.5402600"/>
   <trkpt lat="47.3721420" lon="8.5402030"/>
   <trkpt lat="47.3721340" lon="8.5401760"/>
   <trkpt lat="47.3721260" lon="8.5401490"/>
   <trkpt lat="47.3721120" lon="8.5400870"/>
   <trkpt lat="47.3721080" lon="8.5400670"/>
   <trkpt lat="47.3720850" lon="8.5400100"/>
   <trkpt lat="47.3720750" lon="8.5399880"/>
   <trkpt lat="47.3720650" lon="8.5399660"/>
   <trkpt lat="47.3720540" lon="8.5399150"/>
   <trkpt lat="47.3720550" lon="8.5399000"/>
   <trkpt lat="47.3720570" lon="8.5398690"/>
   <trkpt lat="47.3720760" lon="8.5398460"/>
   <trkpt lat="47.3721000" lon="8.5398210"/>
   <trkpt lat="47.3721290" lon="8.5397680"/>
   <trkpt lat="47.3721360" lon="8.5397470"/>
   <trkpt lat="47.3721420" lon="8.5396630"/>
   <trkpt lat="47.3721410" lon="8.5396270"/>
   <trkpt lat="47.3721400" lon="8.5395900"/>
   <trkpt lat="47.3721400" lon="8.5395110"/>
   <trkpt lat="47.3721430" lon="8.5394830"/>
   <trkpt lat="47.3721450" lon="8.5394550"/>
   <trkpt lat="47.3721640" lon="8.5394070"/>
   <trkpt lat="47.3721710" lon="8.5393930"/>
   <trkpt lat="47.3721950" lon="8.5393490"/>
   <trkpt lat="47.3722040" lon="8.5393310"/>
   <trkpt lat="47.3722140" lon="8.5393120"/>
   <trkpt lat="47.3722340" lon="8.5392640"/>
   <trkpt lat="47.3722400" lon="8.5392470"/>
   <trkpt lat="47.3722590" lon="8.5391890"/>
   <trkpt lat="47.3722660" lon="8.5391660"/>
   <trkpt lat="47.3722740" lon="8.5391430"/>
   <trkpt lat="47.3722930" lon="8.5390920"/>
   <trkpt lat="47.3723000" lon="8.5390740"/>
   <trkpt lat="47.3723200" lon="8.5390100"/>
   <trkpt lat="47.3723270" lon="8.5389830"/>
   <trkpt lat="47.3723330" lon="8.5389560"/>
   <trkpt lat="47.3723410" lon="8.5388800"/>
   <trkpt lat="47.3723430" lon="8.5388480"/>
   <trkpt lat="47.3723450" lon="8.5388170"/>
   <trkpt lat="47.3723410" lon="8.5387420"/>
   <trkpt lat="47.3723390" lon="8.5387160"/>
   <trkpt lat="47.3723230" lon="8.5386350"/>
   <trkpt lat="47.3723150" lon="8.5386050"/>
   <trkpt lat="47.3723080" lon="8.5385750"/>
   <trkpt lat="47.3722850" lon="8.5385220"/>
   <trkpt lat="47.3722760" lon="8.5385080"/>
   <trkpt lat="47.3722360" lon="8.5384960"/>
   <trkpt lat="47.3722190" lon="8.5384980"/>
   <trkpt lat="47.3722020" lon="8.5384990"/>
   <trkpt lat="47.3721600" lon="8.5385180"/>
   <trkpt lat="47.3721460" lon="8.5385250"/>
   <trkpt lat="47.3720970" lon="8.5385480"/>
   <trkpt lat="47.3720770" lon="8.5385570"/>
   <trkpt lat="47.3720570" lon="8.5385660"/>
   <trkpt lat="47.3720060" lon="8.5385930"/>
   <trkpt lat="47.3719860" lon="8.5386040"/>
   <trkpt lat="47.3719660" lon="8.5386150"/>
   <trkpt lat="47.3719210" lon="8.5386370"/>
   <trkpt lat="47.3719070" lon="8.5386440"/>
   <trkpt lat="47.3718540" lon="8.5386600"/>
   <trkpt lat="47.3718330" lon="8.5386650"/>
   <trkpt lat="47.3718110" lon="8.5386700"/>
   <trkpt lat="47.3717630" lon="8.5386790"/>
   <trkpt lat="47.3717470" lon="8.5386830"/>
   <trkpt lat="47.3716950" lon="8.5387020"/>
   <trkpt lat="47.3716750" lon="8.5387110"/>
   <trkpt lat="47.3716540" lon="8.5387200"/>
   <trkpt lat="47.3716060" lon="8.5387470"/>
   <trkpt lat="47.3715870" lon="8.5387560"/>
   <trkpt lat="47.3715680" lon="8.5387660"/>
   <trkpt lat="47.3715290" lon="8.5387790"/>
   <trkpt lat="47.3715170" lon="8.5387820"/>
   <trkpt lat="47.3714740" lon="8.5387880"/>
   <trkpt lat="47.3714570" lon="8.5387910"/>
   <trkpt lat="47.3714390" lon="8.5387930"/>
   <trkpt lat="47.3714000" lon="8.5388040"/>
   <trkpt lat="47.3713870" lon="8.5388090"/>
   <trkpt lat="47.3713430" lon="8.5388320"/>
   <trkpt lat="47.3713260" lon="8.5388430"/>
   <trkpt lat="47.3713080" lon="8.5388530"/>
   <trkpt lat="47.3712690" lon="8.5388790"/>
   <trkpt lat="47.3712550" lon="8.5388870"/>
   <trkpt lat="47.3712080" lon="8.5389110"/>
   <trkpt lat="47.3711890" lon="8.5389190"/>
   <trkpt lat="47.3711690" lon="8.5389280"/>
   <trkpt lat="47.3711240" lon="8.5389450"/>
   <trkpt lat="47.3711070" lon="8.5389520"/>
   <trkpt lat="47.3710900" lon="8.5389590"/>
   <trkpt lat="47.3710520" lon="8.5389780"/>
   <trkpt lat="47.3710400" lon="8.5389840"/>
   <trkpt lat="47.3709960" lon="8.5390100"/>
   <trkpt lat="47.3709780" lon="8.5390210"/>
   <trkpt lat="47.3709610" lon="8.5390320"/>
   <trkpt lat="47.3709200" lon="8.5390610"/>
   <trkpt lat="47.3709060" lon="8.5390700"/>
   <trkpt lat="47.3708590" lon="8.5390940"/>
   <trkpt lat="47.3708400" lon="8.5391020"/>
   <trkpt lat="47.3708210" lon="8.5391100"/>
   <trkpt lat="47.3707780" lon="8.5391300"/>
   <trkpt lat="47.3707630" lon="8.5391370"/>
   <trkpt lat="47.3707150" lon="8.5391680"/>
   <trkpt lat="47.3706960" lon="8.5391810"/>
   <trkpt lat="47.3706770" lon="8.5391950"/>
   <trkpt lat="47.3706300" lon="8.5392300"/>
   <trkpt lat="47.3706110" lon="8.5392440"/>
   <trkpt lat="47.3705920" lon="8.5392580"/>
   <trkpt lat="47.3705520" lon="8.5392880"/>
   <trkpt lat="47.3705390" lon="8.5392990"/>
   <trkpt lat="47.3704950" lon="8.5393290"/>
   <trkpt lat="47.3704770" lon="8.5393390"/>
   <trkpt lat="47.3704590" lon="8.5393500"/>
   <trkpt lat="47.3704180" lon="8.5393610"/>
   <trkpt lat="47.3704040" lon="8.5393640"/>
   <trkpt lat="47.3703590" lon="8.5393840"/>
   <trkpt lat="47.3703430" lon="8.5393960"/>
   <trkpt lat="47.3703270" lon="8.5394080"/>
   <trkpt lat="47.3703030" lon="8.5394470"/>
   <trkpt lat="47.3702960" lon="8.5394600"/>
   <trkpt lat="47.3702830" lon="8.5395040"/>
   <trkpt lat="47.3702780" lon="8.5395200"/>
   <trkpt lat="47.3702740" lon="8.5395360"/>
   <trkpt lat="47.3702610" lon="8.5395670"/>
   <trkpt lat="47.3702560" lon="8.5395790"/>
   <trkpt lat="47.3702510" lon="8.5395900"/>
   <trkpt lat="47.3702450" lon="8.5396070"/>
   <trkpt lat="47.3702410" lon="8.5396270"/>
   <trkpt lat="47.3702390" lon="8.5396540"/>
   <trkpt lat="47.3702400" lon="8.5396890"/>
   <trkpt lat="47.3702430" lon="8.5397310"/>
   <trkpt lat="47.3702490" lon="8.5397980"/>
   <trkpt lat="47.3702510" lon="8.5398210"/>
   <trkpt lat="47.3702560" lon="8.5398930"/>
   <trkpt lat="47.3702570" lon="8.5399210"/>
   <trkpt lat="47.3702590" lon="8.5399480"/>
   <trkpt lat="47.3702510" lon="8.5400020"/>
   <trkpt lat="47.3702470" lon="8.5400180"/>
   <trkpt lat="47.3702200" lon="8.5400670"/>
   <trkpt lat="47.3702070" lon="8.5400860"/>
   <trkpt lat="47.3701940" lon="8.5401050"/>
   <trkpt lat="47.3701610" lon="8.5401580"/>
   <trkpt lat="47.3701490" lon="8.5401820"/>
   <trkpt lat="47.3701370" lon="8.5402060"/>
   <trkpt lat="47.3701190" lon="8.5402740"/>
   <trkpt lat="47.3701140" lon="8.5402980"/>
   <trkpt lat="47.3701000" lon="8.5403800"/>
   <trkpt lat="47.3700940" lon="8.5404130"/>
   <trkpt lat="47.3700880" lon="8.5404450"/>
   <trkpt lat="47.3700740" lon="8.5405180"/>
   <trkpt lat="47.3700690" lon="8.5405420"/>
   <trkpt lat="47.3700510" lon="8.5406230"/>
   <trkpt lat="47.3700430" lon="8.5406550"/>
   <trkpt lat="47.3700350" lon="8.5406870"/>
   <trkpt lat="47.3700130" lon="8.5407540"/>
   <trkpt lat="47.3700060" lon="8.5407760"/>
   <trkpt lat="47.3699840" lon="8.5408530"/>
   <trkpt lat="47.3699760" lon="8.5408840"/>
   <trkpt lat="47.3699690" lon="8.5409160"/>
   <trkpt lat="47.3699540" lon="8.5409980"/>
   <trkpt lat="47.3699500" lon="8.5410320"/>
   <trkpt lat="47.3699450" lon="8.5410670"/>
   <trkpt lat="47.3699370" lon="8.5411440"/>
   <trkpt lat="47.3699350" lon="8.5411700"/>
   <trkpt lat="47.3699250" lon="8.5412540"/>
   <trkpt lat="47.3699190" lon="8.5412870"/>
   <trkpt lat="47.3699140" lon="8.5413190"/>
   <trkpt lat="47.3699050" lon="8.5413890"/>
   <trkpt lat="47.3699020" lon="8.5414120"/>
   <trkpt lat="47.3698980" lon="8.5414880"/>
   <trkpt lat="47.3698970" lon="8.5415190"/>
   <trkpt lat="47.3698970" lon="8.5415500"/>
   <trkpt lat="47.3698980" lon="8.5416190"/>
   <trkpt lat="47.3698980" lon="8.5416430"/>
   <trkpt lat="47.3698980" lon="8.5417150"/>
   <trkpt lat="47.3698970" lon="8.5417420"/>
   <trkpt lat="47.3698960" lon="8.5417690"/>
   <trkpt lat="47.3698720" lon="8.5418100"/>
   <trkpt lat="47.3698560" lon="8.5418200"/>
   <trkpt lat="47.3698400" lon="8.5418300"/>
   <trkpt lat="47.3697880" lon="8.5418280"/>
   <trkpt lat="47.3697700" lon="8.5418240"/>
   <trkpt lat="47.3697110" lon="8.5418070"/>
   <trkpt lat="47.3696890" lon="8.5418010"/>
   <trkpt lat="47.3696660" lon="8.5417940"/>
   <trkpt lat="47.3696150" lon="8.5417870"/>
   <trkpt lat="47.3695970" lon="8.5417860"/>
   <trkpt lat="47.3695380" lon="8.5417870"/>
   <trkpt lat="47.3695150" lon="8.5417880"/>
   <trkpt lat="47.3694910" lon="8.5417890"/>
   <trkpt lat="47.3694430" lon="8.5417850"/>
   <trkpt lat="47.3694280" lon="8.5417820"/>
   <trkpt lat="47.3693800" lon="8.5417690"/>
   <trkpt lat="47.3693610" lon="8.5417640"/>
   <trkpt lat="47.3693420" lon="8.5417590"/>
   <trkpt lat="47.3692920" lon="8.5417480"/>
   <trkpt lat="47.3692720" lon="8.5417430"/>
   <trkpt lat="47.3692520" lon="8.5417380"/>
   <trkpt lat="47.3692110" lon="8.5417190"/>
   <trkpt lat="47.3691970" lon="8.5417110"/>
   <trkpt lat="47.3691630" lon="8.5416560"/>
   <trkpt lat="47.3691520" lon="8.5416260"/>
   <trkpt lat="47.3691420" lon="8.5415960"/>
   <trkpt lat="47.3691400" lon="8.5415070"/>
   <trkpt lat="47.3691420" lon="8.5414770"/>
   <trkpt lat="47.3691460" lon="8.5413820"/>
   <trkpt lat="47.3691470" lon="8.5413470"/>
   <trkpt lat="47.3691490" lon="8.5413110"/>
   <trkpt lat="47.3691440" lon="8.5412230"/>
   <trkpt lat="47.3691410" lon="8.5411890"/>
   <trkpt lat="47.3691380" lon="8.5411540"/>
   <trkpt lat="47.3691280" lon="8.5410800"/>
   <trkpt lat="47.3691250" lon="8.5410550"/>
   <trkpt lat="47.3691030" lon="8.5409780"/>
   <trkpt lat="47.3690910" lon="8.5409480"/>
   <trkpt lat="47.3690790" lon="8.5409190"/>
   <trkpt lat="47.3690340" lon="8.5408730"/>
   <trkpt lat="47.3690160" lon="8.5408600"/>
   <trkpt lat="47.3689460" lon="8.5408520"/>
   <trkpt lat="47.3689150" lon="8.5408560"/>
   <trkpt lat="47.3688840" lon="8.5408610"/>
   <trkpt lat="47.3688160" lon="8.5408850"/>
   <trkpt lat="47.3687950" lon="8.5408950"/>
   <trkpt lat="47.3687270" lon="8.5409250"/>
   <trkpt lat="47.3687020" lon="8.5409340"/>
   <trkpt lat="47.3686770" lon="8.5409440"/>
   <trkpt lat="47.3686210" lon="8.5409650"/>
   <trkpt lat="47.3686020" lon="8.5409740"/>
   <trkpt lat="47.3685820" lon="8.5409830"/>
   <trkpt lat="47.3685440" lon="8.5410020"/>
   <trkpt lat="47.3685330" lon="8.5410080"/>
   <trkpt lat="47.3685130" lon="8.5410190"/>
   <trkpt lat="47.3684950" lon="8.5410300"/>
   <trkpt lat="47.3684780" lon="8.5410390"/>
  </trkseg>
 </trk>
</gpx>
