<?xml version="1.0" encoding="UTF-8"?>
<gpx creator="StravaGPX" version="1.1" xmlns="http://www.topografix.com/GPX/1/1" xmlns:xsi="http://www.w3.org/2001/XMLSchema-instance" xsi:schemaLocation="http://www.topografix.com/GPX/1/1 http://www.topografix.com/GPX/1/1/gpx.xsd http://www.garmin.com/xmlschemas/GpxExtensions/v3 http://www.garmin.com/xmlschemas/GpxExtensionsv3.xsd http://www.garmin.com/xmlschemas/TrackPointExtension/v1 http://www.garmin.com/xmlschemas/TrackPointExtensionv1.xsd" xmlns:gpxtpx="http://www.garmin.com/xmlschemas/TrackPointExtension/v1" xmlns:gpxx="http://www.garmin.com/xmlschemas/GpxExtensions/v3">
 <trk>
  <name>GP Bern 2025</name>
  <type>running</type>
  <trkseg>
   <trkpt lat="46.9583670" lon="7.4631250"/>
   <trkpt lat="46.9583340" lon="7.4631090"/>
   <trkpt lat="46.9583100" lon="7.4630940"/>
   <trkpt lat="46.9582820" lon="7.4630780"/>
   <trkpt lat="46.9582450" lon="7.4630450"/>
   <trkpt lat="46.9582190" lon="7.4630220"/>
   <trkpt lat="46.9581910" lon="7.4629960"/>
   <trkpt lat="46.9581650" lon="7.4629730"/>
   <trkpt lat="46.9581380" lon="7.4629550"/>
   <trkpt lat="46.9581050" lon="7.4629290"/>
   <trkpt lat="46.9580760" lon="7.4629100"/>
   <trkpt lat="46.9580430" lon="7.4628870"/>
   <trkpt lat="46.9580150" lon="7.4628580"/>
   <trkpt lat="46.9579880" lon="7.4628340"/>
   <trkpt lat="46.9579610" lon="7.4628070"/>
   <trkpt lat="46.9579320" lon="7.4627800"/>
   <trkpt lat="46.9579050" lon="7.4627560"/>
   <trkpt lat="46.9578810" lon="7.4627360"/>
   <trkpt lat="46.9578560" lon="7.4627160"/>
   <trkpt lat="46.9578340" lon="7.4626990"/>
   <trkpt lat="46.9578090" lon="7.4626840"/>
   <trkpt lat="46.9577860" lon="7.4626650"/>
   <trkpt lat="46.9577590" lon="7.4626480"/>
   <trkpt lat="46.9577290" lon="7.4626230"/>
   <trkpt lat="46.9577020" lon="7.4625960"/>
   <trkpt lat="46.9576780" lon="7.4625750"/>
   <trkpt lat="46.9576460" lon="7.4625430"/>
   <trkpt lat="46.9576190" lon="7.4625290"/>
   <trkpt lat="46.9575950" lon="7.4625100"/>
   <trkpt lat="46.9575660" lon="7.4624840"/>
   <trkpt lat="46.9575450" lon="7.4624700"/>
   <trkpt lat="46.9575150" lon="7.4624480"/>
   <trkpt lat="46.9574930" lon="7.4624270"/>
   <trkpt lat="46.9574670" lon="7.4624050"/>
   <trkpt lat="46.9574360" lon="7.4623830"/>
   <trkpt lat="46.9574110" lon="7.4623650"/>
   <trkpt lat="46.9573770" lon="7.4623380"/>
   <trkpt lat="46.9573490" lon="7.4623160"/>
   <trkpt lat="46.9573170" lon="7.4623000"/>
   <trkpt lat="46.9572870" lon="7.4622750"/>
   <trkpt lat="46.9572550" lon="7.4622530"/>
   <trkpt lat="46.9572230" lon="7.4622240"/>
   <trkpt lat="46.9571980" lon="7.4622050"/>
   <trkpt lat="46.9571670" lon="7.4621740"/>
   <trkpt lat="46.9571420" lon="7.4621510"/>
   <trkpt lat="46.9571130" lon="7.4621320"/>
   <trkpt lat="46.9570860" lon="7.4621110"/>
   <trkpt lat="46.9570610" lon="7.4620960"/>
   <trkpt lat="46.9570310" lon="7.4620770"/>
   <trkpt lat="46.9570000" lon="7.4620610"/>
   <trkpt lat="46.9569680" lon="7.4620420"/>
   <trkpt lat="46.9569390" lon="7.4620210"/>
   <trkpt lat="46.9569130" lon="7.4620010"/>
   <trkpt lat="46.9568840" lon="7.4619760"/>
   <trkpt lat="46.9568650" lon="7.4619560"/>
   <trkpt lat="46.9568350" lon="7.4619350"/>
   <trkpt lat="46.9568080" lon="7.4619130"/>
   <trkpt lat="46.9567830" lon="7.4618890"/>
   <trkpt lat="46.9567500" lon="7.4618710"/>
   <trkpt lat="46.9567220" lon="7.4618550"/>
   <trkpt lat="46.9566910" lon="7.4618350"/>
   <trkpt lat="46.9566640" lon="7.4618190"/>
   <trkpt lat="46.9566340" lon="7.4617940"/>
   <trkpt lat="46.9566050" lon="7.4617680"/>
   <trkpt lat="46.9565770" lon="7.4617400"/>
   <trkpt lat="46.9565450" lon="7.4617160"/>
   <trkpt lat="46.9565140" lon="7.4617010"/>
   <trkpt lat="46.9564890" lon="7.4616790"/>
   <trkpt lat="46.9564580" lon="7.4616560"/>
   <trkpt lat="46.9564290" lon="7.4616340"/>
   <trkpt lat="46.9564010" lon="7.4616110"/>
   <trkpt lat="46.9563730" lon="7.4615930"/>
   <trkpt lat="46.9563380" lon="7.4615610"/>
   <trkpt lat="46.9563120" lon="7.4615360"/>
   <trkpt lat="46.9562800" lon="7.4615090"/>
   <trkpt lat="46.9562500" lon="7.4614860"/>
   <trkpt lat="46.9562170" lon="7.4614690"/>
   <trkpt lat="46.9561820" lon="7.4614390"/>
   <trkpt lat="46.9561510" lon="7.4614180"/>
   <trkpt lat="46.9561210" lon="7.4613920"/>
   <trkpt lat="46.9560970" lon="7.4613690"/>
   <trkpt lat="46.9560730" lon="7.4613450"/>
   <trkpt lat="46.9560440" lon="7.4613340"/>
   <trkpt lat="46.9560170" lon="7.4613190"/>
   <trkpt lat="46.9559840" lon="7.4612940"/>
   <trkpt lat="46.9559560" lon="7.4612720"/>
   <trkpt lat="46.9559230" lon="7.4612510"/>
   <trkpt lat="46.9558900" lon="7.4612230"/>
   <trkpt lat="46.9558620" lon="7.4612070"/>
   <trkpt lat="46.9558280" lon="7.4611770"/>
   <trkpt lat="46.9558040" lon="7.4611570"/>
   <trkpt lat="46.9557720" lon="7.4611250"/>
   <trkpt lat="46.9557430" lon="7.4611070"/>
   <trkpt lat="46.9557110" lon="7.4610840"/>
   <trkpt lat="46.9556780" lon="7.4610600"/>
   <trkpt lat="46.9556490" lon="7.4610400"/>
   <trkpt lat="46.9556140" lon="7.4610110"/>
   <trkpt lat="46.9555910" lon="7.4609910"/>
   <trkpt lat="46.9555570" lon="7.4609620"/>
   <trkpt lat="46.9555250" lon="7.4609400"/>
   <trkpt lat="46.9554940" lon="7.4609250"/>
   <trkpt lat="46.9554630" lon="7.4609010"/>
   <trkpt lat="46.9554390" lon="7.4608860"/>
   <trkpt lat="46.9554050" lon="7.4608620"/>
   <trkpt lat="46.9553780" lon="7.4608470"/>
   <trkpt lat="46.9553450" lon="7.4608240"/>
   <trkpt lat="46.9553180" lon="7.4607990"/>
   <trkpt lat="46.9552900" lon="7.4607740"/>
   <trkpt lat="46.9552620" lon="7.4607500"/>
   <trkpt lat="46.9552420" lon="7.4607330"/>
   <trkpt lat="46.9552070" lon="7.4607030"/>
   <trkpt lat="46.9551870" lon="7.4606810"/>
   <trkpt lat="46.9551570" lon="7.4606600"/>
   <trkpt lat="46.9551260" lon="7.4606370"/>
   <trkpt lat="46.9551050" lon="7.4606190"/>
   <trkpt lat="46.9550720" lon="7.4605880"/>
   <trkpt lat="46.9550500" lon="7.4605630"/>
   <trkpt lat="46.9550180" lon="7.4605390"/>
   <trkpt lat="46.9549840" lon="7.4605170"/>
   <trkpt lat="46.9549600" lon="7.4604960"/>
   <trkpt lat="46.9549280" lon="7.4604650"/>
   <trkpt lat="46.9549080" lon="7.4604460"/>
   <trkpt lat="46.9548770" lon="7.4604220"/>
   <trkpt lat="46.9548500" lon="7.4604000"/>
   <trkpt lat="46.9548180" lon="7.4603860"/>
   <trkpt lat="46.9547850" lon="7.4603570"/>
   <trkpt lat="46.9547630" lon="7.4603390"/>
   <trkpt lat="46.9547320" lon="7.4603140"/>
   <trkpt lat="46.9547020" lon="7.4602940"/>
   <trkpt lat="46.9546790" lon="7.4602840"/>
   <trkpt lat="46.9546500" lon="7.4602570"/>
   <trkpt lat="46.9546230" lon="7.4602410"/>
   <trkpt lat="46.9545960" lon="7.4602190"/>
   <trkpt lat="46.9545690" lon="7.4601980"/>
   <trkpt lat="46.9545390" lon="7.4601750"/>
   <trkpt lat="46.9545100" lon="7.4601470"/>
   <trkpt lat="46.9544830" lon="7.4601270"/>
   <trkpt lat="46.9544490" lon="7.4601020"/>
   <trkpt lat="46.9544160" lon="7.4600890"/>
   <trkpt lat="46.9543890" lon="7.4600720"/>
   <trkpt lat="46.9543610" lon="7.4600490"/>
   <trkpt lat="46.9543330" lon="7.4600290"/>
   <trkpt lat="46.9543000" lon="7.4600030"/>
   <trkpt lat="46.9542720" lon="7.4599840"/>
   <trkpt lat="46.9542450" lon="7.4599620"/>
   <trkpt lat="46.9542180" lon="7.4599360"/>
   <trkpt lat="46.9541830" lon="7.4599130"/>
   <trkpt lat="46.9541530" lon="7.4598870"/>
   <trkpt lat="46.9541260" lon="7.4598660"/>
   <trkpt lat="46.9540930" lon="7.4598350"/>
   <trkpt lat="46.9540680" lon="7.4598160"/>
   <trkpt lat="46.9540330" lon="7.4597890"/>
   <trkpt lat="46.9540080" lon="7.4597680"/>
   <trkpt lat="46.9539790" lon="7.4597460"/>
   <trkpt lat="46.9539520" lon="7.4597160"/>
   <trkpt lat="46.9539270" lon="7.4596930"/>
   <trkpt lat="46.9538940" lon="7.4596660"/>
   <trkpt lat="46.9538700" lon="7.4596450"/>
   <trkpt lat="46.9538370" lon="7.4596220"/>
   <trkpt lat="46.9538080" lon="7.4595930"/>
   <trkpt lat="46.9537780" lon="7.4595720"/>
   <trkpt lat="46.9537440" lon="7.4595460"/>
   <trkpt lat="46.9537180" lon="7.4595280"/>
   <trkpt lat="46.9536860" lon="7.4595060"/>
   <trkpt lat="46.9536610" lon="7.4594840"/>
   <trkpt lat="46.9536300" lon="7.4594620"/>
   <trkpt lat="46.9536000" lon="7.4594330"/>
   <trkpt lat="46.9535740" lon="7.4594140"/>
   <trkpt lat="46.9535420" lon="7.4593830"/>
   <trkpt lat="46.9535160" lon="7.4593690"/>
   <trkpt lat="46.9534720" lon="7.4593470"/>
   <trkpt lat="46.9534440" lon="7.4593350"/>
   <trkpt lat="46.9534070" lon="7.4593220"/>
   <trkpt lat="46.9533780" lon="7.4592920"/>
   <trkpt lat="46.9533540" lon="7.4592700"/>
   <trkpt lat="46.9533220" lon="7.4592340"/>
   <trkpt lat="46.9532970" lon="7.4592140"/>
   <trkpt lat="46.9532640" lon="7.4591950"/>
   <trkpt lat="46.9532330" lon="7.4591710"/>
   <trkpt lat="46.9532110" lon="7.4591550"/>
   <trkpt lat="46.9531760" lon="7.4591290"/>
   <trkpt lat="46.9531470" lon="7.4591080"/>
   <trkpt lat="46.9531190" lon="7.4590870"/>
   <trkpt lat="46.9530890" lon="7.4590550"/>
   <trkpt lat="46.9530610" lon="7.4590390"/>
   <trkpt lat="46.9530260" lon="7.4590100"/>
   <trkpt lat="46.9530000" lon="7.4589930"/>
   <trkpt lat="46.9529710" lon="7.4589720"/>
   <trkpt lat="46.9529420" lon="7.4589480"/>
   <trkpt lat="46.9529120" lon="7.4589270"/>
   <trkpt lat="46.9528840" lon="7.4589080"/>
   <trkpt lat="46.9528500" lon="7.4588890"/>
   <trkpt lat="46.9528190" lon="7.4588660"/>
   <trkpt lat="46.9527940" lon="7.4588450"/>
   <trkpt lat="46.9527700" lon="7.4588290"/>
   <trkpt lat="46.9527410" lon="7.4588070"/>
   <trkpt lat="46.9527140" lon="7.4587890"/>
   <trkpt lat="46.9526860" lon="7.4587690"/>
   <trkpt lat="46.9526550" lon="7.4587380"/>
   <trkpt lat="46.9526300" lon="7.4587190"/>
   <trkpt lat="46.9525960" lon="7.4586990"/>
   <trkpt lat="46.9525650" lon="7.4586900"/>
   <trkpt lat="46.9525240" lon="7.4586830"/>
   <trkpt lat="46.9524850" lon="7.4586760"/>
   <trkpt lat="46.9524500" lon="7.4586760"/>
   <trkpt lat="46.9524090" lon="7.4586720"/>
   <trkpt lat="46.9523750" lon="7.4586800"/>
   <trkpt lat="46.9523330" lon="7.4586850"/>
   <trkpt lat="46.9522990" lon="7.4586910"/>
   <trkpt lat="46.9522600" lon="7.4586970"/>
   <trkpt lat="46.9522230" lon="7.4587040"/>
   <trkpt lat="46.9521890" lon="7.4587120"/>
   <trkpt lat="46.9521510" lon="7.4587180"/>
   <trkpt lat="46.9521220" lon="7.4587270"/>
   <trkpt lat="46.9520800" lon="7.4587370"/>
   <trkpt lat="46.9520430" lon="7.4587490"/>
   <trkpt lat="46.9520120" lon="7.4587650"/>
   <trkpt lat="46.9519750" lon="7.4587810"/>
   <trkpt lat="46.9519460" lon="7.4587910"/>
   <trkpt lat="46.9519090" lon="7.4588080"/>
   <trkpt lat="46.9518760" lon="7.4588240"/>
   <trkpt lat="46.9518470" lon="7.4588500"/>
   <trkpt lat="46.9518170" lon="7.4588770"/>
   <trkpt lat="46.9517880" lon="7.4589040"/>
   <trkpt lat="46.9517580" lon="7.4589340"/>
   <trkpt lat="46.9517270" lon="7.4589580"/>
   <trkpt lat="46.9516950" lon="7.4589900"/>
   <trkpt lat="46.9516610" lon="7.4590110"/>
   <trkpt lat="46.9516300" lon="7.4590400"/>
   <trkpt lat="46.9515990" lon="7.4590580"/>
   <trkpt lat="46.9515700" lon="7.4590820"/>
   <trkpt lat="46.9515370" lon="7.4591100"/>
   <trkpt lat="46.9515100" lon="7.4591290"/>
   <trkpt lat="46.9514770" lon="7.4591560"/>
   <trkpt lat="46.9514440" lon="7.4591800"/>
   <trkpt lat="46.9514140" lon="7.4591980"/>
   <trkpt lat="46.9513780" lon="7.4592220"/>
   <trkpt lat="46.9513520" lon="7.4592490"/>
   <trkpt lat="46.9513180" lon="7.4592790"/>
   <trkpt lat="46.9512850" lon="7.4593040"/>
   <trkpt lat="46.9512570" lon="7.4593320"/>
   <trkpt lat="46.9512300" lon="7.4593590"/>
   <trkpt lat="46.9512080" lon="7.4593790"/>
   <trkpt lat="46.9511750" lon="7.4594050"/>
   <trkpt lat="46.9511470" lon="7.4594280"/>
   <trkpt lat="46.9511200" lon="7.4594540"/>
   <trkpt lat="46.9510810" lon="7.4594810"/>
   <trkpt lat="46.9510540" lon="7.4595070"/>
   <trkpt lat="46.9510200" lon="7.4595330"/>
   <trkpt lat="46.9509890" lon="7.4595570"/>
   <trkpt lat="46.9509550" lon="7.4595870"/>
   <trkpt lat="46.9509200" lon="7.4596090"/>
   <trkpt lat="46.9508890" lon="7.4596370"/>
   <trkpt lat="46.9508530" lon="7.4596680"/>
   <trkpt lat="46.9508240" lon="7.4596920"/>
   <trkpt lat="46.9507890" lon="7.4597230"/>
   <trkpt lat="46.9507580" lon="7.4597500"/>
   <trkpt lat="46.9507260" lon="7.4597770"/>
   <trkpt lat="46.9506890" lon="7.4598030"/>
   <trkpt lat="46.9506640" lon="7.4598270"/>
   <trkpt lat="46.9506250" lon="7.4598470"/>
   <trkpt lat="46.9505970" lon="7.4598580"/>
   <trkpt lat="46.9505610" lon="7.4598820"/>
   <trkpt lat="46.9505300" lon="7.4599000"/>
   <trkpt lat="46.9504990" lon="7.4599250"/>
   <trkpt lat="46.9504660" lon="7.4599430"/>
   <trkpt lat="46.9504400" lon="7.4599580"/>
   <trkpt lat="46.9504070" lon="7.4599750"/>
   <trkpt lat="46.9503770" lon="7.4599920"/>
   <trkpt lat="46.9503430" lon="7.4600110"/>
   <trkpt lat="46.9503080" lon="7.4600230"/>
   <trkpt lat="46.9502780" lon="7.4600370"/>
   <trkpt lat="46.9502380" lon="7.4600430"/>
   <trkpt lat="46.9502090" lon="7.4600480"/>
   <trkpt lat="46.9501710" lon="7.4600610"/>
   <trkpt lat="46.9501390" lon="7.4600670"/>
   <trkpt lat="46.9501070" lon="7.4600840"/>
   <trkpt lat="46.9500690" lon="7.4600950"/>
   <trkpt lat="46.9500390" lon="7.4601040"/>
   <trkpt lat="46.9499980" lon="7.4601150"/>
   <trkpt lat="46.9499680" lon="7.4601230"/>
   <trkpt lat="46.9499300" lon="7.4601340"/>
   <trkpt lat="46.9498930" lon="7.4601380"/>
   <trkpt lat="46.9498630" lon="7.4601500"/>
   <trkpt lat="46.9498240" lon="7.4601570"/>
   <trkpt lat="46.9497980" lon="7.4601630"/>
   <trkpt lat="46.9497610" lon="7.4601770"/>
   <trkpt lat="46.9497260" lon="7.4601850"/>
   <trkpt lat="46.9496920" lon="7.4601970"/>
   <trkpt lat="46.9496510" lon="7.4602020"/>
   <trkpt lat="46.9496250" lon="7.4602040"/>
   <trkpt lat="46.9495870" lon="7.4602140"/>
   <trkpt lat="46.9495560" lon="7.4602220"/>
   <trkpt lat="46.9495270" lon="7.4602430"/>
   <trkpt lat="46.9494920" lon="7.4602500"/>
   <trkpt lat="46.9494660" lon="7.4602690"/>
   <trkpt lat="46.9494220" lon="7.4602840"/>
   <trkpt lat="46.9493950" lon="7.4602890"/>
   <trkpt lat="46.9493540" lon="7.4603040"/>
   <trkpt lat="46.9493200" lon="7.4603180"/>
   <trkpt lat="46.9492870" lon="7.4603330"/>
   <trkpt lat="46.9492460" lon="7.4603430"/>
   <trkpt lat="46.9492150" lon="7.4603570"/>
   <trkpt lat="46.9491780" lon="7.4603710"/>
   <trkpt lat="46.9491490" lon="7.4603770"/>
   <trkpt lat="46.9491190" lon="7.4603950"/>
   <trkpt lat="46.9490850" lon="7.4604050"/>
   <trkpt lat="46.9490570" lon="7.4604240"/>
   <trkpt lat="46.9490190" lon="7.4604360"/>
   <trkpt lat="46.9489880" lon="7.4604520"/>
   <trkpt lat="46.9489550" lon="7.4604630"/>
   <trkpt lat="46.9489200" lon="7.4604630"/>
   <trkpt lat="46.9488890" lon="7.4604680"/>
   <trkpt lat="46.9488500" lon="7.4604600"/>
   <trkpt lat="46.9488200" lon="7.4604500"/>
   <trkpt lat="46.9487850" lon="7.4604390"/>
   <trkpt lat="46.9487520" lon="7.4604180"/>
   <trkpt lat="46.9487260" lon="7.4604040"/>
   <trkpt lat="46.9486950" lon="7.4603700"/>
   <trkpt lat="46.9486730" lon="7.4603430"/>
   <trkpt lat="46.9486450" lon="7.4603180"/>
   <trkpt lat="46.9486210" lon="7.4602770"/>
   <trkpt lat="46.9485980" lon="7.4602460"/>
   <trkpt lat="46.9485700" lon="7.4602000"/>
   <trkpt lat="46.9485490" lon="7.4601690"/>
   <trkpt lat="46.9485180" lon="7.4601400"/>
   <trkpt lat="46.9484950" lon="7.4601000"/>
   <trkpt lat="46.9484710" lon="7.4600750"/>
   <trkpt lat="46.9484420" lon="7.4600320"/>
   <trkpt lat="46.9484290" lon="7.4600020"/>
   <trkpt lat="46.9484200" lon="7.4599550"/>
   <trkpt lat="46.9484240" lon="7.4599080"/>
   <trkpt lat="46.9484240" lon="7.4598590"/>
   <trkpt lat="46.9484290" lon="7.4597980"/>
   <trkpt lat="46.9484210" lon="7.4597550"/>
   <trkpt lat="46.9484260" lon="7.4596910"/>
   <trkpt lat="46.9484280" lon="7.4596450"/>
   <trkpt lat="46.9484270" lon="7.4595950"/>
   <trkpt lat="46.9484260" lon="7.4595520"/>
   <trkpt lat="46.9484150" lon="7.4594950"/>
   <trkpt lat="46.9484070" lon="7.4594580"/>
   <trkpt lat="46.9484050" lon="7.4594130"/>
   <trkpt lat="46.9484140" lon="7.4593650"/>
   <trkpt lat="46.9484150" lon="7.4593300"/>
   <trkpt lat="46.9484250" lon="7.4592740"/>
   <trkpt lat="46.9484270" lon="7.4592380"/>
   <trkpt lat="46.9484310" lon="7.4591850"/>
   <trkpt lat="46.9484360" lon="7.4591360"/>
   <trkpt lat="46.9484410" lon="7.4590900"/>
   <trkpt lat="46.9484540" lon="7.4590390"/>
   <trkpt lat="46.9484570" lon="7.4589970"/>
   <trkpt lat="46.9484650" lon="7.4589440"/>
   <trkpt lat="46.9484670" lon="7.4589010"/>
   <trkpt lat="46.9484700" lon="7.4588410"/>
   <trkpt lat="46.9484720" lon="7.4587900"/>
   <trkpt lat="46.9484740" lon="7.4587390"/>
   <trkpt lat="46.9484810" lon="7.4586820"/>
   <trkpt lat="46.9484870" lon="7.4586340"/>
   <trkpt lat="46.9484960" lon="7.4585730"/>
   <trkpt lat="46.9484970" lon="7.4585320"/>
   <trkpt lat="46.9485010" lon="7.4584670"/>
   <trkpt lat="46.9484990" lon="7.4584250"/>
   <trkpt lat="46.9485060" lon="7.4583650"/>
   <trkpt lat="46.9485090" lon="7.4583170"/>
   <trkpt lat="46.9485110" lon="7.4582740"/>
   <trkpt lat="46.9485190" lon="7.4582250"/>
   <trkpt lat="46.9485160" lon="7.4581850"/>
   <trkpt lat="46.9485250" lon="7.4581260"/>
   <trkpt lat="46.9485250" lon="7.4580880"/>
   <trkpt lat="46.9485280" lon="7.4580310"/>
   <trkpt lat="46.9485300" lon="7.4579850"/>
   <trkpt lat="46.9485320" lon="7.4579320"/>
   <trkpt lat="46.9485370" lon="7.4578790"/>
   <trkpt lat="46.9485410" lon="7.4578260"/>
   <trkpt lat="46.9485490" lon="7.4577770"/>
   <trkpt lat="46.9485510" lon="7.4577350"/>
   <trkpt lat="46.9485570" lon="7.4576810"/>
   <trkpt lat="46.9485580" lon="7.4576400"/>
   <trkpt lat="46.9485620" lon="7.4575820"/>
   <trkpt lat="46.9485690" lon="7.4575340"/>
   <trkpt lat="46.9485720" lon="7.4574910"/>
   <trkpt lat="46.9485800" lon="7.4574380"/>
   <trkpt lat="46.9485820" lon="7.4574000"/>
   <trkpt lat="46.9485890" lon="7.4573480"/>
   <trkpt lat="46.9485970" lon="7.4573100"/>
   <trkpt lat="46.9486030" lon="7.4572640"/>
   <trkpt lat="46.9486110" lon="7.4572210"/>
   <trkpt lat="46.9486160" lon="7.4571770"/>
   <trkpt lat="46.9486190" lon="7.4571290"/>
   <trkpt lat="46.9486130" lon="7.4570920"/>
   <trkpt lat="46.9486190" lon="7.4570370"/>
   <trkpt lat="46.9486110" lon="7.4569890"/>
   <trkpt lat="46.9486110" lon="7.4569380"/>
   <trkpt lat="46.9486080" lon="7.4568860"/>
   <trkpt lat="46.9486060" lon="7.4568390"/>
   <trkpt lat="46.9486120" lon="7.4567810"/>
   <trkpt lat="46.9486060" lon="7.4567400"/>
   <trkpt lat="46.9486100" lon="7.4566840"/>
   <trkpt lat="46.9486090" lon="7.4566340"/>
   <trkpt lat="46.9486140" lon="7.4565860"/>
   <trkpt lat="46.9486210" lon="7.4565390"/>
   <trkpt lat="46.9486210" lon="7.4564970"/>
   <trkpt lat="46.9486190" lon="7.4564440"/>
   <trkpt lat="46.9486150" lon="7.4564100"/>
   <trkpt lat="46.9486170" lon="7.4563600"/>
   <trkpt lat="46.9486210" lon="7.4563200"/>
   <trkpt lat="46.9486210" lon="7.4562780"/>
   <trkpt lat="46.9486260" lon="7.4562270"/>
   <trkpt lat="46.9486290" lon="7.4561820"/>
   <trkpt lat="46.9486370" lon="7.4561290"/>
   <trkpt lat="46.9486390" lon="7.4560890"/>
   <trkpt lat="46.9486410" lon="7.4560390"/>
   <trkpt lat="46.9486470" lon="7.4559970"/>
   <trkpt lat="46.9486450" lon="7.4559560"/>
   <trkpt lat="46.9486470" lon="7.4559080"/>
   <trkpt lat="46.9486440" lon="7.4558690"/>
   <trkpt lat="46.9486410" lon="7.4558100"/>
   <trkpt lat="46.9486330" lon="7.4557730"/>
   <trkpt lat="46.9486220" lon="7.4557180"/>
   <trkpt lat="46.9486260" lon="7.4556840"/>
   <trkpt lat="46.9486240" lon="7.4556400"/>
   <trkpt lat="46.9486180" lon="7.4555880"/>
   <trkpt lat="46.9486200" lon="7.4555420"/>
   <trkpt lat="46.9486220" lon="7.4554850"/>
   <trkpt lat="46.9486180" lon="7.4554470"/>
   <trkpt lat="46.9486140" lon="7.4554020"/>
   <trkpt lat="46.9486120" lon="7.4553620"/>
   <trkpt lat="46.9486120" lon="7.4553280"/>
   <trkpt lat="46.9486040" lon="7.4552810"/>
   <trkpt lat="46.9486000" lon="7.4552500"/>
   <trkpt lat="46.9485920" lon="7.4552090"/>
   <trkpt lat="46.9485880" lon="7.4551720"/>
   <trkpt lat="46.9485790" lon="7.4551320"/>
   <trkpt lat="46.9485680" lon="7.4550860"/>
   <trkpt lat="46.9485590" lon="7.4550600"/>
   <trkpt lat="46.9485430" lon="7.4550200"/>
   <trkpt lat="46.9485260" lon="7.4549860"/>
   <trkpt lat="46.9485110" lon="7.4549540"/>
   <trkpt lat="46.9484940" lon="7.4549110"/>
   <trkpt lat="46.9484790" lon="7.4548840"/>
   <trkpt lat="46.9484650" lon="7.4548370"/>
   <trkpt lat="46.9484540" lon="7.4547990"/>
   <trkpt lat="46.9484410" lon="7.4547680"/>
   <trkpt lat="46.9484310" lon="7.4547320"/>
   <trkpt lat="46.9484300" lon="7.4547100"/>
   <trkpt lat="46.9484160" lon="7.4546620"/>
   <trkpt lat="46.9484100" lon="7.4546330"/>
   <trkpt lat="46.9483980" lon="7.4545950"/>
   <trkpt lat="46.9483880" lon="7.4545490"/>
   <trkpt lat="46.9483830" lon="7.4545170"/>
   <trkpt lat="46.9483750" lon="7.4544700"/>
   <trkpt lat="46.9483700" lon="7.4544360"/>
   <trkpt lat="46.9483570" lon="7.4544050"/>
   <trkpt lat="46.9483450" lon="7.4543580"/>
   <trkpt lat="46.9483400" lon="7.4543280"/>
   <trkpt lat="46.9483280" lon="7.4542770"/>
   <trkpt lat="46.9483250" lon="7.4542450"/>
   <trkpt lat="46.9483170" lon="7.4542050"/>
   <trkpt lat="46.9483090" lon="7.4541630"/>
   <trkpt lat="46.9483040" lon="7.4541220"/>
   <trkpt lat="46.9482930" lon="7.4540650"/>
   <trkpt lat="46.9482900" lon="7.4540370"/>
   <trkpt lat="46.9482740" lon="7.4539840"/>
   <trkpt lat="46.9482660" lon="7.4539440"/>
   <trkpt lat="46.9482580" lon="7.4538970"/>
   <trkpt lat="46.9482460" lon="7.4538500"/>
   <trkpt lat="46.9482440" lon="7.4538180"/>
   <trkpt lat="46.9482290" lon="7.4537680"/>
   <trkpt lat="46.9482190" lon="7.4537330"/>
   <trkpt lat="46.9482070" lon="7.4536890"/>
   <trkpt lat="46.9481980" lon="7.4536410"/>
   <trkpt lat="46.9481930" lon="7.4536040"/>
   <trkpt lat="46.9481810" lon="7.4535540"/>
   <trkpt lat="46.9481780" lon="7.4535180"/>
   <trkpt lat="46.9481700" lon="7.4534740"/>
   <trkpt lat="46.9481640" lon="7.4534350"/>
   <trkpt lat="46.9481600" lon="7.4533950"/>
   <trkpt lat="46.9481500" lon="7.4533420"/>
   <trkpt lat="46.9481480" lon="7.4533020"/>
   <trkpt lat="46.9481420" lon="7.4532530"/>
   <trkpt lat="46.9481390" lon="7.4532070"/>
   <trkpt lat="46.9481300" lon="7.4531630"/>
   <trkpt lat="46.9481280" lon="7.4531160"/>
   <trkpt lat="46.9481320" lon="7.4530810"/>
   <trkpt lat="46.9481290" lon="7.4530340"/>
   <trkpt lat="46.9481260" lon="7.4529920"/>
   <trkpt lat="46.9481200" lon="7.4529500"/>
   <trkpt lat="46.9481160" lon="7.4528970"/>
   <trkpt lat="46.9481170" lon="7.4528570"/>
   <trkpt lat="46.9481120" lon="7.4528070"/>
   <trkpt lat="46.9481070" lon="7.4527680"/>
   <trkpt lat="46.9480980" lon="7.4527240"/>
   <trkpt lat="46.9480940" lon="7.4526710"/>
   <trkpt lat="46.9480930" lon="7.4526350"/>
   <trkpt lat="46.9480920" lon="7.4525800"/>
   <trkpt lat="46.9480870" lon="7.4525460"/>
   <trkpt lat="46.9480810" lon="7.4525020"/>
   <trkpt lat="46.9480820" lon="7.4524570"/>
   <trkpt lat="46.9480820" lon="7.4524260"/>
   <trkpt lat="46.9480750" lon="7.4523690"/>
   <trkpt lat="46.9480690" lon="7.4523270"/>
   <trkpt lat="46.9480660" lon="7.4522870"/>
   <trkpt lat="46.9480590" lon="7.4522400"/>
   <trkpt lat="46.9480540" lon="7.4522030"/>
   <trkpt lat="46.9480570" lon="7.4521570"/>
   <trkpt lat="46.9480580" lon="7.4521250"/>
   <trkpt lat="46.9480580" lon="7.4520820"/>
   <trkpt lat="46.9480570" lon="7.4520340"/>
   <trkpt lat="46.9480510" lon="7.4520030"/>
   <trkpt lat="46.9480440" lon="7.4519480"/>
   <trkpt lat="46.9480410" lon="7.4519070"/>
   <trkpt lat="46.9480300" lon="7.4518410"/>
   <trkpt lat="46.9480230" lon="7.4517980"/>
   <trkpt lat="46.9480170" lon="7.4517470"/>
   <trkpt lat="46.9480140" lon="7.4516890"/>
   <trkpt lat="46.9480140" lon="7.4516540"/>
   <trkpt lat="46.9480130" lon="7.4516090"/>
   <trkpt lat="46.9480150" lon="7.4515740"/>
   <trkpt lat="46.9480160" lon="7.4515210"/>
   <trkpt lat="46.9480180" lon="7.4514720"/>
   <trkpt lat="46.9480180" lon="7.4514270"/>
   <trkpt lat="46.9480240" lon="7.4513790"/>
   <trkpt lat="46.9480290" lon="7.4513410"/>
   <trkpt lat="46.9480400" lon="7.4512930"/>
   <trkpt lat="46.9480470" lon="7.4512530"/>
   <trkpt lat="46.9480520" lon="7.4511990"/>
   <trkpt lat="46.9480570" lon="7.4511460"/>
   <trkpt lat="46.9480590" lon="7.4511020"/>
   <trkpt lat="46.9480620" lon="7.4510460"/>
   <trkpt lat="46.9480670" lon="7.4510090"/>
   <trkpt lat="46.9480720" lon="7.4509520"/>
   <trkpt lat="46.9480750" lon="7.4509060"/>
   <trkpt lat="46.9480750" lon="7.4508650"/>
   <trkpt lat="46.9480790" lon="7.4508180"/>
   <trkpt lat="46.9480770" lon="7.4507820"/>
   <trkpt lat="46.9480830" lon="7.4507290"/>
   <trkpt lat="46.9480860" lon="7.4506900"/>
   <trkpt lat="46.9480850" lon="7.4506390"/>
   <trkpt lat="46.9480850" lon="7.4505890"/>
   <trkpt lat="46.9480830" lon="7.4505430"/>
   <trkpt lat="46.9480870" lon="7.4505000"/>
   <trkpt lat="46.9480880" lon="7.4504640"/>
   <trkpt lat="46.9480880" lon="7.4504150"/>
   <trkpt lat="46.9480850" lon="7.4503690"/>
   <trkpt lat="46.9480760" lon="7.4503230"/>
   <trkpt lat="46.9480700" lon="7.4502730"/>
   <trkpt lat="46.9480670" lon="7.4502420"/>
   <trkpt lat="46.9480640" lon="7.4501850"/>
   <trkpt lat="46.9480650" lon="7.4501480"/>
   <trkpt lat="46.9480630" lon="7.4500960"/>
   <trkpt lat="46.9480620" lon="7.4500600"/>
   <trkpt lat="46.9480540" lon="7.4500120"/>
   <trkpt lat="46.9480470" lon="7.4499580"/>
   <trkpt lat="46.9480460" lon="7.4499160"/>
   <trkpt lat="46.9480410" lon="7.4498560"/>
   <trkpt lat="46.9480360" lon="7.4498110"/>
   <trkpt lat="46.9480320" lon="7.4497580"/>
   <trkpt lat="46.9480280" lon="7.4497110"/>
   <trkpt lat="46.9480220" lon="7.4496680"/>
   <trkpt lat="46.9480250" lon="7.4496130"/>
   <trkpt lat="46.9480300" lon="7.4495720"/>
   <trkpt lat="46.9480300" lon="7.4495290"/>
   <trkpt lat="46.9480290" lon="7.4494860"/>
   <trkpt lat="46.9480300" lon="7.4494500"/>
   <trkpt lat="46.9480310" lon="7.4494030"/>
   <trkpt lat="46.9480330" lon="7.4493670"/>
   <trkpt lat="46.9480310" lon="7.4493230"/>
   <trkpt lat="46.9480320" lon="7.4492830"/>
   <trkpt lat="46.9480310" lon="7.4492460"/>
   <trkpt lat="46.9480280" lon="7.4491980"/>
   <trkpt lat="46.9480260" lon="7.4491530"/>
   <trkpt lat="46.9480250" lon="7.4491040"/>
   <trkpt lat="46.9480240" lon="7.4490660"/>
   <trkpt lat="46.9480240" lon="7.4490100"/>
   <trkpt lat="46.9480270" lon="7.4489780"/>
   <trkpt lat="46.9480260" lon="7.4489400"/>
   <trkpt lat="46.9480300" lon="7.4488990"/>
   <trkpt lat="46.9480270" lon="7.4488600"/>
   <trkpt lat="46.9480320" lon="7.4488030"/>
   <trkpt lat="46.9480300" lon="7.4487710"/>
   <trkpt lat="46.9480340" lon="7.4487230"/>
   <trkpt lat="46.9480270" lon="7.4486780"/>
   <trkpt lat="46.9480250" lon="7.4486250"/>
   <trkpt lat="46.9480290" lon="7.4485690"/>
   <trkpt lat="46.9480270" lon="7.4485210"/>
   <trkpt lat="46.9480360" lon="7.4484580"/>
   <trkpt lat="46.9480420" lon="7.4484140"/>
   <trkpt lat="46.9480490" lon="7.4483500"/>
   <trkpt lat="46.9480550" lon="7.4483050"/>
   <trkpt lat="46.9480730" lon="7.4482530"/>
   <trkpt lat="46.9480980" lon="7.4482220"/>
   <trkpt lat="46.9481240" lon="7.4481940"/>
   <trkpt lat="46.9481550" lon="7.4481710"/>
   <trkpt lat="46.9481820" lon="7.4481550"/>
   <trkpt lat="46.9482080" lon="7.4481470"/>
   <trkpt lat="46.9482380" lon="7.4481400"/>
   <trkpt lat="46.9482650" lon="7.4481350"/>
   <trkpt lat="46.9483000" lon="7.4481320"/>
   <trkpt lat="46.9483270" lon="7.4481410"/>
   <trkpt lat="46.9483630" lon="7.4481460"/>
   <trkpt lat="46.9483950" lon="7.4481580"/>
   <trkpt lat="46.9484220" lon="7.4481710"/>
   <trkpt lat="46.9484590" lon="7.4482140"/>
   <trkpt lat="46.9484850" lon="7.4482380"/>
   <trkpt lat="46.9484920" lon="7.4483160"/>
   <trkpt lat="46.9485100" lon="7.4483650"/>
   <trkpt lat="46.9485300" lon="7.4484170"/>
   <trkpt lat="46.9485390" lon="7.4484580"/>
   <trkpt lat="46.9485480" lon="7.4484940"/>
   <trkpt lat="46.9485510" lon="7.4485460"/>
   <trkpt lat="46.9485530" lon="7.4485870"/>
   <trkpt lat="46.9485550" lon="7.4486370"/>
   <trkpt lat="46.9485540" lon="7.4486850"/>
   <trkpt lat="46.9485550" lon="7.4487310"/>
   <trkpt lat="46.9485560" lon="7.4487810"/>
   <trkpt lat="46.9485590" lon="7.4488270"/>
   <trkpt lat="46.9485620" lon="7.4488770"/>
   <trkpt lat="46.9485560" lon="7.4489160"/>
   <trkpt lat="46.9485530" lon="7.4489650"/>
   <trkpt lat="46.9485520" lon="7.4490160"/>
   <trkpt lat="46.9485500" lon="7.4490610"/>
   <trkpt lat="46.9485540" lon="7.4491140"/>
   <trkpt lat="46.9485520" lon="7.4491660"/>
   <trkpt lat="46.9485490" lon="7.4492130"/>
   <trkpt lat="46.9485470" lon="7.4492580"/>
   <trkpt lat="46.9485480" lon="7.4493030"/>
   <trkpt lat="46.9485480" lon="7.4493540"/>
   <trkpt lat="46.9485490" lon="7.4493930"/>
   <trkpt lat="46.9485480" lon="7.4494400"/>
   <trkpt lat="46.9485470" lon="7.4494780"/>
   <trkpt lat="46.9485490" lon="7.4495200"/>
   <trkpt lat="46.9485480" lon="7.4495640"/>
   <trkpt lat="46.9485520" lon="7.4496110"/>
   <trkpt lat="46.9485510" lon="7.4496620"/>
   <trkpt lat="46.9485490" lon="7.4497140"/>
   <trkpt lat="46.9485440" lon="7.4497700"/>
   <trkpt lat="46.9485450" lon="7.4498220"/>
   <trkpt lat="46.9485470" lon="7.4498720"/>
   <trkpt lat="46.9485470" lon="7.4499260"/>
   <trkpt lat="46.9485490" lon="7.4499640"/>
   <trkpt lat="46.9485460" lon="7.4500170"/>
   <trkpt lat="46.9485450" lon="7.4500610"/>
   <trkpt lat="46.9485460" lon="7.4501050"/>
   <trkpt lat="46.9485450" lon="7.4501530"/>
   <trkpt lat="46.9485460" lon="7.4501940"/>
   <trkpt lat="46.9485490" lon="7.4502410"/>
   <trkpt lat="46.9485450" lon="7.4502740"/>
   <trkpt lat="46.9485440" lon="7.4503250"/>
   <trkpt lat="46.9485470" lon="7.4503800"/>
   <trkpt lat="46.9485490" lon="7.4504290"/>
   <trkpt lat="46.9485450" lon="7.4504910"/>
   <trkpt lat="46.9485430" lon="7.4505370"/>
   <trkpt lat="46.9485360" lon="7.4505960"/>
   <trkpt lat="46.9485290" lon="7.4506450"/>
   <trkpt lat="46.9485250" lon="7.4506900"/>
   <trkpt lat="46.9485150" lon="7.4507340"/>
   <trkpt lat="46.9485140" lon="7.4507750"/>
   <trkpt lat="46.9485160" lon="7.4508310"/>
   <trkpt lat="46.9485160" lon="7.4508690"/>
   <trkpt lat="46.9485140" lon="7.4509200"/>
   <trkpt lat="46.9485120" lon="7.4509610"/>
   <trkpt lat="46.9485100" lon="7.4510080"/>
   <trkpt lat="46.9485070" lon="7.4510570"/>
   <trkpt lat="46.9485030" lon="7.4510950"/>
   <trkpt lat="46.9484990" lon="7.4511500"/>
   <trkpt lat="46.9484980" lon="7.4511920"/>
   <trkpt lat="46.9484970" lon="7.4512410"/>
   <trkpt lat="46.9484940" lon="7.4512810"/>
   <trkpt lat="46.9484930" lon="7.4513220"/>
   <trkpt lat="46.9485000" lon="7.4513740"/>
   <trkpt lat="46.9485030" lon="7.4514260"/>
   <trkpt lat="46.9485010" lon="7.4514720"/>
   <trkpt lat="46.9484960" lon="7.4515090"/>
   <trkpt lat="46.9485030" lon="7.4515580"/>
   <trkpt lat="46.9485070" lon="7.4516060"/>
   <trkpt lat="46.9485140" lon="7.4516580"/>
   <trkpt lat="46.9485200" lon="7.4517140"/>
   <trkpt lat="46.9485250" lon="7.4517640"/>
   <trkpt lat="46.9485300" lon="7.4518350"/>
   <trkpt lat="46.9485340" lon="7.4518900"/>
   <trkpt lat="46.9485420" lon="7.4519580"/>
   <trkpt lat="46.9485500" lon="7.4520170"/>
   <trkpt lat="46.9485570" lon="7.4520770"/>
   <trkpt lat="46.9485630" lon="7.4521350"/>
   <trkpt lat="46.9485680" lon="7.4521780"/>
   <trkpt lat="46.9485740" lon="7.4522320"/>
   <trkpt lat="46.9485820" lon="7.4522740"/>
   <trkpt lat="46.9485880" lon="7.4523230"/>
   <trkpt lat="46.9485860" lon="7.4523570"/>
   <trkpt lat="46.9485930" lon="7.4524140"/>
   <trkpt lat="46.9485950" lon="7.4524640"/>
   <trkpt lat="46.9485970" lon="7.4525170"/>
   <trkpt lat="46.9486030" lon="7.4525620"/>
   <trkpt lat="46.9486120" lon="7.4526000"/>
   <trkpt lat="46.9486160" lon="7.4526520"/>
   <trkpt lat="46.9486150" lon="7.4526800"/>
   <trkpt lat="46.9486200" lon="7.4527240"/>
   <trkpt lat="46.9486200" lon="7.4527620"/>
   <trkpt lat="46.9486240" lon="7.4528170"/>
   <trkpt lat="46.9486260" lon="7.4528590"/>
   <trkpt lat="46.9486330" lon="7.4529060"/>
   <trkpt lat="46.9486390" lon="7.4529600"/>
   <trkpt lat="46.9486490" lon="7.4530030"/>
   <trkpt lat="46.9486580" lon="7.4530610"/>
   <trkpt lat="46.9486600" lon="7.4531110"/>
   <trkpt lat="46.9486640" lon="7.4531630"/>
   <trkpt lat="46.9486650" lon="7.4532030"/>
   <trkpt lat="46.9486730" lon="7.4532550"/>
   <trkpt lat="46.9486800" lon="7.4533060"/>
   <trkpt lat="46.9486950" lon="7.4533550"/>
   <trkpt lat="46.9487100" lon="7.4534100"/>
   <trkpt lat="46.9487250" lon="7.4534560"/>
   <trkpt lat="46.9487440" lon="7.4535190"/>
   <trkpt lat="46.9487550" lon="7.4535640"/>
   <trkpt lat="46.9487730" lon="7.4536320"/>
   <trkpt lat="46.9487790" lon="7.4536790"/>
   <trkpt lat="46.9487930" lon="7.4537290"/>
   <trkpt lat="46.9488010" lon="7.4537710"/>
   <trkpt lat="46.9488080" lon="7.4538160"/>
   <trkpt lat="46.9488230" lon="7.4538710"/>
   <trkpt lat="46.9488350" lon="7.4539100"/>
   <trkpt lat="46.9488530" lon="7.4539710"/>
   <trkpt lat="46.9488650" lon="7.4540170"/>
   <trkpt lat="46.9488810" lon="7.4540730"/>
   <trkpt lat="46.9488930" lon="7.4541120"/>
   <trkpt lat="46.9489050" lon="7.4541550"/>
   <trkpt lat="46.9489150" lon="7.4542020"/>
   <trkpt lat="46.9489210" lon="7.4542410"/>
   <trkpt lat="46.9489350" lon="7.4542940"/>
   <trkpt lat="46.9489470" lon="7.4543330"/>
   <trkpt lat="46.9489580" lon="7.4543810"/>
   <trkpt lat="46.9489700" lon="7.4544240"/>
   <trkpt lat="46.9489840" lon="7.4544690"/>
   <trkpt lat="46.9489970" lon="7.4545280"/>
   <trkpt lat="46.9490100" lon="7.4545710"/>
   <trkpt lat="46.9490200" lon="7.4546290"/>
   <trkpt lat="46.9490300" lon="7.4546730"/>
   <trkpt lat="46.9490450" lon="7.4547350"/>
   <trkpt lat="46.9490550" lon="7.4547790"/>
   <trkpt lat="46.9490650" lon="7.4548430"/>
   <trkpt lat="46.9490800" lon="7.4548890"/>
   <trkpt lat="46.9490910" lon="7.4549320"/>
   <trkpt lat="46.9491020" lon="7.4549760"/>
   <trkpt lat="46.9491080" lon="7.4550190"/>
   <trkpt lat="46.9491140" lon="7.4550670"/>
   <trkpt lat="46.9491170" lon="7.4551090"/>
   <trkpt lat="46.9491210" lon="7.4551600"/>
   <trkpt lat="46.9491260" lon="7.4552020"/>
   <trkpt lat="46.9491270" lon="7.4552480"/>
   <trkpt lat="46.9491300" lon="7.4552960"/>
   <trkpt lat="46.9491310" lon="7.4553290"/>
   <trkpt lat="46.9491280" lon="7.4553720"/>
   <trkpt lat="46.9491140" lon="7.4554010"/>
   <trkpt lat="46.9491070" lon="7.4554390"/>
   <trkpt lat="46.9490880" lon="7.4554870"/>
   <trkpt lat="46.9490680" lon="7.4555450"/>
   <trkpt lat="46.9490370" lon="7.4555660"/>
   <trkpt lat="46.9490090" lon="7.4555820"/>
   <trkpt lat="46.9489770" lon="7.4556000"/>
   <trkpt lat="46.9489490" lon="7.4556170"/>
   <trkpt lat="46.9489180" lon="7.4556380"/>
   <trkpt lat="46.9488900" lon="7.4556570"/>
   <trkpt lat="46.9488640" lon="7.4556850"/>
   <trkpt lat="46.9488350" lon="7.4557290"/>
   <trkpt lat="46.9488300" lon="7.4557790"/>
   <trkpt lat="46.9488240" lon="7.4558450"/>
   <trkpt lat="46.9488160" lon="7.4558920"/>
   <trkpt lat="46.9488120" lon="7.4559440"/>
   <trkpt lat="46.9488050" lon="7.4560050"/>
   <trkpt lat="46.9488040" lon="7.4560480"/>
   <trkpt lat="46.9488020" lon="7.4560970"/>
   <trkpt lat="46.9488030" lon="7.4561490"/>
   <trkpt lat="46.9488050" lon="7.4562000"/>
   <trkpt lat="46.9488150" lon="7.4562440"/>
   <trkpt lat="46.9488250" lon="7.4562800"/>
   <trkpt lat="46.9488370" lon="7.4563410"/>
   <trkpt lat="46.9488470" lon="7.4563860"/>
   <trkpt lat="46.9488620" lon="7.4564390"/>
   <trkpt lat="46.9488750" lon="7.4564780"/>
   <trkpt lat="46.9488930" lon="7.4565230"/>
   <trkpt lat="46.9489100" lon="7.4565680"/>
   <trkpt lat="46.9489300" lon="7.4565980"/>
   <trkpt lat="46.9489560" lon="7.4566430"/>
   <trkpt lat="46.9489810" lon="7.4566750"/>
   <trkpt lat="46.9490030" lon="7.4566840"/>
   <trkpt lat="46.9490320" lon="7.4567010"/>
   <trkpt lat="46.9490530" lon="7.4567140"/>
   <trkpt lat="46.9490870" lon="7.4567410"/>
   <trkpt lat="46.9491090" lon="7.4567520"/>
   <trkpt lat="46.9491360" lon="7.4567700"/>
   <trkpt lat="46.9491650" lon="7.4567860"/>
   <trkpt lat="46.9491900" lon="7.4568080"/>
   <trkpt lat="46.9492230" lon="7.4568370"/>
   <trkpt lat="46.9492410" lon="7.4568610"/>
   <trkpt lat="46.9492720" lon="7.4569010"/>
   <trkpt lat="46.9492990" lon="7.4569360"/>
   <trkpt lat="46.9493340" lon="7.4569790"/>
   <trkpt lat="46.9493670" lon="7.4570250"/>
   <trkpt lat="46.9493930" lon="7.4570650"/>
   <trkpt lat="46.9494140" lon="7.4571150"/>
   <trkpt lat="46.9494230" lon="7.4571560"/>
   <trkpt lat="46.9494310" lon="7.4572070"/>
   <trkpt lat="46.9494320" lon="7.4572550"/>
   <trkpt lat="46.9494350" lon="7.4573010"/>
   <trkpt lat="46.9494350" lon="7.4573540"/>
   <trkpt lat="46.9494390" lon="7.4573910"/>
   <trkpt lat="46.9494190" lon="7.4574460"/>
   <trkpt lat="46.9494090" lon="7.4574930"/>
   <trkpt lat="46.9493930" lon="7.4575490"/>
   <trkpt lat="46.9493710" lon="7.4575960"/>
   <trkpt lat="46.9493470" lon="7.4576390"/>
   <trkpt lat="46.9493160" lon="7.4576770"/>
   <trkpt lat="46.9492940" lon="7.4577140"/>
   <trkpt lat="46.9492620" lon="7.4577570"/>
   <trkpt lat="46.9492330" lon="7.4577880"/>
   <trkpt lat="46.9492040" lon="7.4578190"/>
   <trkpt lat="46.9491740" lon="7.4578460"/>
   <trkpt lat="46.9491410" lon="7.4578760"/>
   <trkpt lat="46.9491030" lon="7.4578960"/>
   <trkpt lat="46.9490760" lon="7.4579150"/>
   <trkpt lat="46.9490340" lon="7.4579260"/>
   <trkpt lat="46.9490020" lon="7.4579310"/>
   <trkpt lat="46.9489670" lon="7.4579420"/>
   <trkpt lat="46.9489360" lon="7.4579480"/>
   <trkpt lat="46.9489050" lon="7.4579500"/>
   <trkpt lat="46.9488690" lon="7.4579510"/>
   <trkpt lat="46.9488380" lon="7.4579420"/>
   <trkpt lat="46.9488030" lon="7.4579400"/>
   <trkpt lat="46.9487760" lon="7.4579330"/>
   <trkpt lat="46.9487430" lon="7.4579270"/>
   <trkpt lat="46.9487170" lon="7.4579300"/>
   <trkpt lat="46.9486900" lon="7.4579230"/>
   <trkpt lat="46.9486680" lon="7.4579080"/>
   <trkpt lat="46.9486520" lon="7.4579090"/>
   <trkpt lat="46.9486230" lon="7.4579010"/>
   <trkpt lat="46.9485940" lon="7.4578920"/>
   <trkpt lat="46.9485570" lon="7.4578730"/>
   <trkpt lat="46.9485390" lon="7.4578720"/>
   <trkpt lat="46.9485110" lon="7.4578560"/>
   <trkpt lat="46.9484850" lon="7.4578380"/>
   <trkpt lat="46.9484560" lon="7.4578240"/>
   <trkpt lat="46.9484250" lon="7.4578060"/>
   <trkpt lat="46.9483970" lon="7.4577930"/>
   <trkpt lat="46.9483590" lon="7.4577670"/>
   <trkpt lat="46.9483320" lon="7.4577480"/>
   <trkpt lat="46.9483010" lon="7.4577210"/>
   <trkpt lat="46.9482680" lon="7.4576930"/>
   <trkpt lat="46.9482350" lon="7.4576650"/>
   <trkpt lat="46.9482080" lon="7.4576330"/>
   <trkpt lat="46.9481840" lon="7.4576220"/>
   <trkpt lat="46.9481540" lon="7.4575940"/>
   <trkpt lat="46.9481280" lon="7.4575720"/>
   <trkpt lat="46.9480990" lon="7.4575400"/>
   <trkpt lat="46.9480710" lon="7.4575080"/>
   <trkpt lat="46.9480410" lon="7.4574890"/>
   <trkpt lat="46.9480050" lon="7.4574460"/>
   <trkpt lat="46.9479790" lon="7.4574120"/>
   <trkpt lat="46.9479460" lon="7.4573720"/>
   <trkpt lat="46.9479170" lon="7.4573380"/>
   <trkpt lat="46.9478790" lon="7.4573050"/>
   <trkpt lat="46.9478440" lon="7.4572580"/>
   <trkpt lat="46.9478190" lon="7.4572300"/>
   <trkpt lat="46.9477840" lon="7.4571890"/>
   <trkpt lat="46.9477610" lon="7.4571570"/>
   <trkpt lat="46.9477290" lon="7.4571170"/>
   <trkpt lat="46.9476970" lon="7.4570760"/>
   <trkpt lat="46.9476720" lon="7.4570530"/>
   <trkpt lat="46.9476470" lon="7.4570040"/>
   <trkpt lat="46.9476370" lon="7.4569720"/>
   <trkpt lat="46.9476110" lon="7.4569290"/>
   <trkpt lat="46.9475950" lon="7.4569000"/>
   <trkpt lat="46.9475830" lon="7.4568760"/>
   <trkpt lat="46.9475710" lon="7.4568290"/>
   <trkpt lat="46.9475540" lon="7.4567880"/>
   <trkpt lat="46.9475360" lon="7.4567370"/>
   <trkpt lat="46.9475200" lon="7.4566970"/>
   <trkpt lat="46.9474960" lon="7.4566550"/>
   <trkpt lat="46.9474800" lon="7.4566210"/>
   <trkpt lat="46.9474620" lon="7.4565840"/>
   <trkpt lat="46.9474440" lon="7.4565320"/>
   <trkpt lat="46.9474260" lon="7.4565020"/>
   <trkpt lat="46.9474020" lon="7.4564550"/>
   <trkpt lat="46.9473850" lon="7.4564250"/>
   <trkpt lat="46.9473550" lon="7.4563740"/>
   <trkpt lat="46.9473340" lon="7.4563390"/>
   <trkpt lat="46.9473080" lon="7.4562990"/>
   <trkpt lat="46.9472820" lon="7.4562510"/>
   <trkpt lat="46.9472600" lon="7.4562200"/>
   <trkpt lat="46.9472290" lon="7.4561660"/>
   <trkpt lat="46.9472120" lon="7.4561380"/>
   <trkpt lat="46.9471870" lon="7.4561090"/>
   <trkpt lat="46.9471690" lon="7.4560750"/>
   <trkpt lat="46.9471510" lon="7.4560390"/>
   <trkpt lat="46.9471240" lon="7.4559780"/>
   <trkpt lat="46.9471070" lon="7.4559450"/>
   <trkpt lat="46.9470810" lon="7.4558980"/>
   <trkpt lat="46.9470700" lon="7.4558670"/>
   <trkpt lat="46.9470490" lon="7.4558270"/>
   <trkpt lat="46.9470260" lon="7.4557850"/>
   <trkpt lat="46.9470100" lon="7.4557520"/>
   <trkpt lat="46.9469850" lon="7.4556980"/>
   <trkpt lat="46.9469720" lon="7.4556700"/>
   <trkpt lat="46.9469450" lon="7.4556300"/>
   <trkpt lat="46.9469290" lon="7.4555990"/>
   <trkpt lat="46.9469050" lon="7.4555660"/>
   <trkpt lat="46.9468850" lon="7.4555220"/>
   <trkpt lat="46.9468680" lon="7.4554980"/>
   <trkpt lat="46.9468430" lon="7.4554590"/>
   <trkpt lat="46.9468290" lon="7.4554310"/>
   <trkpt lat="46.9468120" lon="7.4554010"/>
   <trkpt lat="46.9467890" lon="7.4553550"/>
   <trkpt lat="46.9467670" lon="7.4553240"/>
   <trkpt lat="46.9467370" lon="7.4552750"/>
   <trkpt lat="46.9467130" lon="7.4552410"/>
   <trkpt lat="46.9466980" lon="7.4552020"/>
   <trkpt lat="46.9466840" lon="7.4551680"/>
   <trkpt lat="46.9466630" lon="7.4551370"/>
   <trkpt lat="46.9466360" lon="7.4550970"/>
   <trkpt lat="46.9466140" lon="7.4550700"/>
   <trkpt lat="46.9465900" lon="7.4550320"/>
   <trkpt lat="46.9465800" lon="7.4550040"/>
   <trkpt lat="46.9465590" lon="7.4549620"/>
   <trkpt lat="46.9465460" lon="7.4549290"/>
   <trkpt lat="46.9465240" lon="7.4548920"/>
   <trkpt lat="46.9465000" lon="7.4548440"/>
   <trkpt lat="46.9464820" lon="7.4548090"/>
   <trkpt lat="46.9464530" lon="7.4547550"/>
   <trkpt lat="46.9464420" lon="7.4547210"/>
   <trkpt lat="46.9464230" lon="7.4546690"/>
   <trkpt lat="46.9464150" lon="7.4546260"/>
   <trkpt lat="46.9464010" lon="7.4545780"/>
   <trkpt lat="46.9463930" lon="7.4545210"/>
   <trkpt lat="46.9463800" lon="7.4544880"/>
   <trkpt lat="46.9463630" lon="7.4544340"/>
   <trkpt lat="46.9463610" lon="7.4544040"/>
   <trkpt lat="46.9463470" lon="7.4543600"/>
   <trkpt lat="46.9463410" lon="7.4543080"/>
   <trkpt lat="46.9463340" lon="7.4542720"/>
   <trkpt lat="46.9463270" lon="7.4542230"/>
   <trkpt lat="46.9463220" lon="7.4541880"/>
   <trkpt lat="46.9463110" lon="7.4541510"/>
   <trkpt lat="46.9463100" lon="7.4541080"/>
   <trkpt lat="46.9463000" lon="7.4540700"/>
   <trkpt lat="46.9462950" lon="7.4540110"/>
   <trkpt lat="46.9462910" lon="7.4539750"/>
   <trkpt lat="46.9462850" lon="7.4539240"/>
   <trkpt lat="46.9462840" lon="7.4538830"/>
   <trkpt lat="46.9462770" lon="7.4538410"/>
   <trkpt lat="46.9462770" lon="7.4537880"/>
   <trkpt lat="46.9462680" lon="7.4537550"/>
   <trkpt lat="46.9462580" lon="7.4536980"/>
   <trkpt lat="46.9462510" lon="7.4536610"/>
   <trkpt lat="46.9462420" lon="7.4536180"/>
   <trkpt lat="46.9462420" lon="7.4535750"/>
   <trkpt lat="46.9462320" lon="7.4535390"/>
   <trkpt lat="46.9462310" lon="7.4534870"/>
   <trkpt lat="46.9462300" lon="7.4534510"/>
   <trkpt lat="46.9462250" lon="7.4534140"/>
   <trkpt lat="46.9462250" lon="7.4533760"/>
   <trkpt lat="46.9462150" lon="7.4533410"/>
   <trkpt lat="46.9462130" lon="7.4532820"/>
   <trkpt lat="46.9462140" lon="7.4532450"/>
   <trkpt lat="46.9462090" lon="7.4531940"/>
   <trkpt lat="46.9462050" lon="7.4531420"/>
   <trkpt lat="46.9461930" lon="7.4530990"/>
   <trkpt lat="46.9461910" lon="7.4530430"/>
   <trkpt lat="46.9461900" lon="7.4530110"/>
   <trkpt lat="46.9461840" lon="7.4529640"/>
   <trkpt lat="46.9461840" lon="7.4529250"/>
   <trkpt lat="46.9461760" lon="7.4528790"/>
   <trkpt lat="46.9461720" lon="7.4528210"/>
   <trkpt lat="46.9461670" lon="7.4527750"/>
   <trkpt lat="46.9461660" lon="7.4527250"/>
   <trkpt lat="46.9461650" lon="7.4526860"/>
   <trkpt lat="46.9461570" lon="7.4526440"/>
   <trkpt lat="46.9461550" lon="7.4526030"/>
   <trkpt lat="46.9461490" lon="7.4525590"/>
   <trkpt lat="46.9461500" lon="7.4525010"/>
   <trkpt lat="46.9461490" lon="7.4524650"/>
   <trkpt lat="46.9461490" lon="7.4524100"/>
   <trkpt lat="46.9461480" lon="7.4523720"/>
   <trkpt lat="46.9461490" lon="7.4523220"/>
   <trkpt lat="46.9461500" lon="7.4522760"/>
   <trkpt lat="46.9461490" lon="7.4522390"/>
   <trkpt lat="46.9461590" lon="7.4521850"/>
   <trkpt lat="46.9461570" lon="7.4521410"/>
   <trkpt lat="46.9461660" lon="7.4520800"/>
   <trkpt lat="46.9461670" lon="7.4520330"/>
   <trkpt lat="46.9461700" lon="7.4519760"/>
   <trkpt lat="46.9461730" lon="7.4519270"/>
   <trkpt lat="46.9461680" lon="7.4518740"/>
   <trkpt lat="46.9461680" lon="7.4518310"/>
   <trkpt lat="46.9461650" lon="7.4517960"/>
   <trkpt lat="46.9461670" lon="7.4517440"/>
   <trkpt lat="46.9461670" lon="7.4517090"/>
   <trkpt lat="46.9461660" lon="7.4516610"/>
   <trkpt lat="46.9461670" lon="7.4516150"/>
   <trkpt lat="46.9461620" lon="7.4515710"/>
   <trkpt lat="46.9461660" lon="7.4515170"/>
   <trkpt lat="46.9461660" lon="7.4514760"/>
   <trkpt lat="46.9461660" lon="7.4514200"/>
   <trkpt lat="46.9461660" lon="7.4513860"/>
   <trkpt lat="46.9461610" lon="7.4513310"/>
   <trkpt lat="46.9461590" lon="7.4512780"/>
   <trkpt lat="46.9461550" lon="7.4512250"/>
   <trkpt lat="46.9461600" lon="7.4511740"/>
   <trkpt lat="46.9461570" lon="7.4511280"/>
   <trkpt lat="46.9461570" lon="7.4510620"/>
   <trkpt lat="46.9461550" lon="7.4510300"/>
   <trkpt lat="46.9461520" lon="7.4509690"/>
   <trkpt lat="46.9461510" lon="7.4509290"/>
   <trkpt lat="46.9461450" lon="7.4508830"/>
   <trkpt lat="46.9461520" lon="7.4508320"/>
   <trkpt lat="46.9461490" lon="7.4507890"/>
   <trkpt lat="46.9461530" lon="7.4507320"/>
   <trkpt lat="46.9461500" lon="7.4506950"/>
   <trkpt lat="46.9461480" lon="7.4506420"/>
   <trkpt lat="46.9461480" lon="7.4506010"/>
   <trkpt lat="46.9461460" lon="7.4505490"/>
   <trkpt lat="46.9461460" lon="7.4505010"/>
   <trkpt lat="46.9461390" lon="7.4504560"/>
   <trkpt lat="46.9461440" lon="7.4503980"/>
   <trkpt lat="46.9461400" lon="7.4503590"/>
   <trkpt lat="46.9461390" lon="7.4502980"/>
   <trkpt lat="46.9461360" lon="7.4502620"/>
   <trkpt lat="46.9461310" lon="7.4502100"/>
   <trkpt lat="46.9461360" lon="7.4501560"/>
   <trkpt lat="46.9461330" lon="7.4501080"/>
   <trkpt lat="46.9461360" lon="7.4500550"/>
   <trkpt lat="46.9461320" lon="7.4500100"/>
   <trkpt lat="46.9461360" lon="7.4499460"/>
   <trkpt lat="46.9461410" lon="7.4498970"/>
   <trkpt lat="46.9461360" lon="7.4498400"/>
   <trkpt lat="46.9461330" lon="7.4498000"/>
   <trkpt lat="46.9461280" lon="7.4497550"/>
   <trkpt lat="46.9461310" lon="7.4497010"/>
   <trkpt lat="46.9461270" lon="7.4496600"/>
   <trkpt lat="46.9461300" lon="7.4496050"/>
   <trkpt lat="46.9461280" lon="7.4495700"/>
   <trkpt lat="46.9461270" lon="7.4495270"/>
   <trkpt lat="46.9461330" lon="7.4494830"/>
   <trkpt lat="46.9461350" lon="7.4494370"/>
   <trkpt lat="46.9461350" lon="7.4493810"/>
   <trkpt lat="46.9461350" lon="7.4493410"/>
   <trkpt lat="46.9461360" lon="7.4492800"/>
   <trkpt lat="46.9461370" lon="7.4492430"/>
   <trkpt lat="46.9461310" lon="7.4491920"/>
   <trkpt lat="46.9461320" lon="7.4491450"/>
   <trkpt lat="46.9461250" lon="7.4491010"/>
   <trkpt lat="46.9461320" lon="7.4490440"/>
   <trkpt lat="46.9461320" lon="7.4490070"/>
   <trkpt lat="46.9461330" lon="7.4489580"/>
   <trkpt lat="46.9461330" lon="7.4489240"/>
   <trkpt lat="46.9461260" lon="7.4488800"/>
   <trkpt lat="46.9461310" lon="7.4488330"/>
   <trkpt lat="46.9461310" lon="7.4487980"/>
   <trkpt lat="46.9461330" lon="7.4487430"/>
   <trkpt lat="46.9461340" lon="7.4487100"/>
   <trkpt lat="46.9461320" lon="7.4486550"/>
   <trkpt lat="46.9461340" lon="7.4486100"/>
   <trkpt lat="46.9461340" lon="7.4485570"/>
   <trkpt lat="46.9461380" lon="7.4484950"/>
   <trkpt lat="46.9461400" lon="7.4484530"/>
   <trkpt lat="46.9461360" lon="7.4483950"/>
   <trkpt lat="46.9461330" lon="7.4483530"/>
   <trkpt lat="46.9461310" lon="7.4483040"/>
   <trkpt lat="46.9461340" lon="7.4482590"/>
   <trkpt lat="46.9461290" lon="7.4482190"/>
   <trkpt lat="46.9461350" lon="7.4481630"/>
   <trkpt lat="46.9461310" lon="7.4481240"/>
   <trkpt lat="46.9461290" lon="7.4480660"/>
   <trkpt lat="46.9461260" lon="7.4480230"/>
   <trkpt lat="46.9461220" lon="7.4479700"/>
   <trkpt lat="46.9461200" lon="7.4479290"/>
   <trkpt lat="46.9461130" lon="7.4478840"/>
   <trkpt lat="46.9461160" lon="7.4478340"/>
   <trkpt lat="46.9461130" lon="7.4477920"/>
   <trkpt lat="46.9461060" lon="7.4477330"/>
   <trkpt lat="46.9461020" lon="7.4476970"/>
   <trkpt lat="46.9460950" lon="7.4476570"/>
   <trkpt lat="46.9460930" lon="7.4476120"/>
   <trkpt lat="46.9460850" lon="7.4475680"/>
   <trkpt lat="46.9460790" lon="7.4475150"/>
   <trkpt lat="46.9460720" lon="7.4474790"/>
   <trkpt lat="46.9460600" lon="7.4474270"/>
   <trkpt lat="46.9460560" lon="7.4473860"/>
   <trkpt lat="46.9460440" lon="7.4473340"/>
   <trkpt lat="46.9460330" lon="7.4472780"/>
   <trkpt lat="46.9460220" lon="7.4472450"/>
   <trkpt lat="46.9460160" lon="7.4471880"/>
   <trkpt lat="46.9460070" lon="7.4471490"/>
   <trkpt lat="46.9460000" lon="7.4470860"/>
   <trkpt lat="46.9459940" lon="7.4470450"/>
   <trkpt lat="46.9459840" lon="7.4469910"/>
   <trkpt lat="46.9459830" lon="7.4469490"/>
   <trkpt lat="46.9459730" lon="7.4469000"/>
   <trkpt lat="46.9459680" lon="7.4468500"/>
   <trkpt lat="46.9459570" lon="7.4468160"/>
   <trkpt lat="46.9459470" lon="7.4467680"/>
   <trkpt lat="46.9459360" lon="7.4467250"/>
   <trkpt lat="46.9459220" lon="7.4466680"/>
   <trkpt lat="46.9459140" lon="7.4466330"/>
   <trkpt lat="46.9459030" lon="7.4465850"/>
   <trkpt lat="46.9458950" lon="7.4465410"/>
   <trkpt lat="46.9458830" lon="7.4464880"/>
   <trkpt lat="46.9458710" lon="7.4464330"/>
   <trkpt lat="46.9458560" lon="7.4463970"/>
   <trkpt lat="46.9458360" lon="7.4463450"/>
   <trkpt lat="46.9458220" lon="7.4463100"/>
   <trkpt lat="46.9458010" lon="7.4462670"/>
   <trkpt lat="46.9457820" lon="7.4462260"/>
   <trkpt lat="46.9457580" lon="7.4461920"/>
   <trkpt lat="46.9457320" lon="7.4461510"/>
   <trkpt lat="46.9457050" lon="7.4461190"/>
   <trkpt lat="46.9456770" lon="7.4460710"/>
   <trkpt lat="46.9456580" lon="7.4460380"/>
   <trkpt lat="46.9456240" lon="7.4459870"/>
   <trkpt lat="46.9456100" lon="7.4459560"/>
   <trkpt lat="46.9455840" lon="7.4459130"/>
   <trkpt lat="46.9455660" lon="7.4458690"/>
   <trkpt lat="46.9455440" lon="7.4458330"/>
   <trkpt lat="46.9455250" lon="7.4457950"/>
   <trkpt lat="46.9455060" lon="7.4457780"/>
   <trkpt lat="46.9454820" lon="7.4457440"/>
   <trkpt lat="46.9454700" lon="7.4457230"/>
   <trkpt lat="46.9454460" lon="7.4456890"/>
   <trkpt lat="46.9454300" lon="7.4456510"/>
   <trkpt lat="46.9454090" lon="7.4456150"/>
   <trkpt lat="46.9453870" lon="7.4455640"/>
   <trkpt lat="46.9453650" lon="7.4455290"/>
   <trkpt lat="46.9453400" lon="7.4454810"/>
   <trkpt lat="46.9453160" lon="7.4454450"/>
   <trkpt lat="46.9452920" lon="7.4454070"/>
   <trkpt lat="46.9452710" lon="7.4453670"/>
   <trkpt lat="46.9452430" lon="7.4453380"/>
   <trkpt lat="46.9452230" lon="7.4452940"/>
   <trkpt lat="46.9452030" lon="7.4452760"/>
   <trkpt lat="46.9451800" lon="7.4452450"/>
   <trkpt lat="46.9451580" lon="7.4452230"/>
   <trkpt lat="46.9451350" lon="7.4452020"/>
   <trkpt lat="46.9451190" lon="7.4451780"/>
   <trkpt lat="46.9450960" lon="7.4451530"/>
   <trkpt lat="46.9450660" lon="7.4451170"/>
   <trkpt lat="46.9450410" lon="7.4450850"/>
   <trkpt lat="46.9450060" lon="7.4450410"/>
   <trkpt lat="46.9449820" lon="7.4450270"/>
   <trkpt lat="46.9449490" lon="7.4449960"/>
   <trkpt lat="46.9449170" lon="7.4449690"/>
   <trkpt lat="46.9448820" lon="7.4449480"/>
   <trkpt lat="46.9448550" lon="7.4449090"/>
   <trkpt lat="46.9448280" lon="7.4448780"/>
   <trkpt lat="46.9447990" lon="7.4448140"/>
   <trkpt lat="46.9447870" lon="7.4447740"/>
   <trkpt lat="46.9447720" lon="7.4447270"/>
   <trkpt lat="46.9447690" lon="7.4446880"/>
   <trkpt lat="46.9447570" lon="7.4446460"/>
   <trkpt lat="46.9447490" lon="7.4445940"/>
   <trkpt lat="46.9447370" lon="7.4445540"/>
   <trkpt lat="46.9447280" lon="7.4444980"/>
   <trkpt lat="46.9447230" lon="7.4444610"/>
   <trkpt lat="46.9447160" lon="7.4444130"/>
   <trkpt lat="46.9447090" lon="7.4443770"/>
   <trkpt lat="46.9446990" lon="7.4443320"/>
   <trkpt lat="46.9446960" lon="7.4442850"/>
   <trkpt lat="46.9446900" lon="7.4442560"/>
   <trkpt lat="46.9446840" lon="7.4442080"/>
   <trkpt lat="46.9446770" lon="7.4441660"/>
   <trkpt lat="46.9446690" lon="7.4441200"/>
   <trkpt lat="46.9446650" lon="7.4440750"/>
   <trkpt lat="46.9446560" lon="7.4440370"/>
   <trkpt lat="46.9446560" lon="7.4439840"/>
   <trkpt lat="46.9446560" lon="7.4439540"/>
   <trkpt lat="46.9446490" lon="7.4439010"/>
   <trkpt lat="46.9446430" lon="7.4438570"/>
   <trkpt lat="46.9446330" lon="7.4438140"/>
   <trkpt lat="46.9446330" lon="7.4437670"/>
   <trkpt lat="46.9446240" lon="7.4437260"/>
   <trkpt lat="46.9446220" lon="7.4436760"/>
   <trkpt lat="46.9446190" lon="7.4436370"/>
   <trkpt lat="46.9446140" lon="7.4435750"/>
   <trkpt lat="46.9446160" lon="7.4435330"/>
   <trkpt lat="46.9446090" lon="7.4434850"/>
   <trkpt lat="46.9446030" lon="7.4434390"/>
   <trkpt lat="46.9445950" lon="7.4433990"/>
   <trkpt lat="46.9445890" lon="7.4433380"/>
   <trkpt lat="46.9445900" lon="7.4432940"/>
   <trkpt lat="46.9445750" lon="7.4432440"/>
   <trkpt lat="46.9445680" lon="7.4432070"/>
   <trkpt lat="46.9445520" lon="7.4431650"/>
   <trkpt lat="46.9445380" lon="7.4431250"/>
   <trkpt lat="46.9445240" lon="7.4430880"/>
   <trkpt lat="46.9445060" lon="7.4430490"/>
   <trkpt lat="46.9444890" lon="7.4430150"/>
   <trkpt lat="46.9444640" lon="7.4429780"/>
   <trkpt lat="46.9444530" lon="7.4429470"/>
   <trkpt lat="46.9444300" lon="7.4429130"/>
   <trkpt lat="46.9444120" lon="7.4428760"/>
   <trkpt lat="46.9443950" lon="7.4428310"/>
   <trkpt lat="46.9443780" lon="7.4427780"/>
   <trkpt lat="46.9443610" lon="7.4427450"/>
   <trkpt lat="46.9443380" lon="7.4426940"/>
   <trkpt lat="46.9443260" lon="7.4426540"/>
   <trkpt lat="46.9442990" lon="7.4426070"/>
   <trkpt lat="46.9442750" lon="7.4425650"/>
   <trkpt lat="46.9442530" lon="7.4425260"/>
   <trkpt lat="46.9442330" lon="7.4424750"/>
   <trkpt lat="46.9442110" lon="7.4424420"/>
   <trkpt lat="46.9441820" lon="7.4423990"/>
   <trkpt lat="46.9441640" lon="7.4423670"/>
   <trkpt lat="46.9441410" lon="7.4423260"/>
   <trkpt lat="46.9441190" lon="7.4422860"/>
   <trkpt lat="46.9440950" lon="7.4422480"/>
   <trkpt lat="46.9440700" lon="7.4421990"/>
   <trkpt lat="46.9440480" lon="7.4421700"/>
   <trkpt lat="46.9440260" lon="7.4421320"/>
   <trkpt lat="46.9440080" lon="7.4421020"/>
   <trkpt lat="46.9439850" lon="7.4420810"/>
   <trkpt lat="46.9439640" lon="7.4420550"/>
   <trkpt lat="46.9439380" lon="7.4420330"/>
   <trkpt lat="46.9439150" lon="7.4419950"/>
   <trkpt lat="46.9439000" lon="7.4419710"/>
   <trkpt lat="46.9438750" lon="7.4419360"/>
   <trkpt lat="46.9438580" lon="7.4419040"/>
   <trkpt lat="46.9438300" lon="7.4418790"/>
   <trkpt lat="46.9438080" lon="7.4418440"/>
   <trkpt lat="46.9437870" lon="7.4418200"/>
   <trkpt lat="46.9437600" lon="7.4417830"/>
   <trkpt lat="46.9437460" lon="7.4417610"/>
   <trkpt lat="46.9437230" lon="7.4417330"/>
   <trkpt lat="46.9437010" lon="7.4417050"/>
   <trkpt lat="46.9436780" lon="7.4416770"/>
   <trkpt lat="46.9436580" lon="7.4416350"/>
   <trkpt lat="46.9436370" lon="7.4416130"/>
   <trkpt lat="46.9436070" lon="7.4415690"/>
   <trkpt lat="46.9435880" lon="7.4415370"/>
   <trkpt lat="46.9435570" lon="7.4414990"/>
   <trkpt lat="46.9435400" lon="7.4414680"/>
   <trkpt lat="46.9435180" lon="7.4414450"/>
   <trkpt lat="46.9434890" lon="7.4414150"/>
   <trkpt lat="46.9434660" lon="7.4413940"/>
   <trkpt lat="46.9434440" lon="7.4413560"/>
   <trkpt lat="46.9434360" lon="7.4413220"/>
   <trkpt lat="46.9434160" lon="7.4412900"/>
   <trkpt lat="46.9433960" lon="7.4412610"/>
   <trkpt lat="46.9433770" lon="7.4412340"/>
   <trkpt lat="46.9433550" lon="7.4411990"/>
   <trkpt lat="46.9433400" lon="7.4411800"/>
   <trkpt lat="46.9433180" lon="7.4411460"/>
   <trkpt lat="46.9432970" lon="7.4411180"/>
   <trkpt lat="46.9432670" lon="7.4410850"/>
   <trkpt lat="46.9432430" lon="7.4410570"/>
   <trkpt lat="46.9432170" lon="7.4410300"/>
   <trkpt lat="46.9431880" lon="7.4409990"/>
   <trkpt lat="46.9431690" lon="7.4409720"/>
   <trkpt lat="46.9431390" lon="7.4409390"/>
   <trkpt lat="46.9431220" lon="7.4409050"/>
   <trkpt lat="46.9431000" lon="7.4408820"/>
   <trkpt lat="46.9430730" lon="7.4408440"/>
   <trkpt lat="46.9430500" lon="7.4408190"/>
   <trkpt lat="46.9430240" lon="7.4407840"/>
   <trkpt lat="46.9430010" lon="7.4407580"/>
   <trkpt lat="46.9429700" lon="7.4407240"/>
   <trkpt lat="46.9429480" lon="7.4406910"/>
   <trkpt lat="46.9429260" lon="7.4406590"/>
   <trkpt lat="46.9429060" lon="7.4406220"/>
   <trkpt lat="46.9428890" lon="7.4405930"/>
   <trkpt lat="46.9428590" lon="7.4405580"/>
   <trkpt lat="46.9428410" lon="7.4405320"/>
   <trkpt lat="46.9428180" lon="7.4405010"/>
   <trkpt lat="46.9427940" lon="7.4404740"/>
   <trkpt lat="46.9427710" lon="7.4404450"/>
   <trkpt lat="46.9427540" lon="7.4404140"/>
   <trkpt lat="46.9427320" lon="7.4403890"/>
   <trkpt lat="46.9427110" lon="7.4403550"/>
   <trkpt lat="46.9426890" lon="7.4403340"/>
   <trkpt lat="46.9426620" lon="7.4403060"/>
   <trkpt lat="46.9426430" lon="7.4402870"/>
   <trkpt lat="46.9426160" lon="7.4402600"/>
   <trkpt lat="46.9425900" lon="7.4402350"/>
   <trkpt lat="46.9425740" lon="7.4402080"/>
   <trkpt lat="46.9425480" lon="7.4401780"/>
   <trkpt lat="46.9425340" lon="7.4401570"/>
   <trkpt lat="46.9425080" lon="7.4401240"/>
   <trkpt lat="46.9424880" lon="7.4400980"/>
   <trkpt lat="46.9424620" lon="7.4400740"/>
   <trkpt lat="46.9424310" lon="7.4400370"/>
   <trkpt lat="46.9424050" lon="7.4400170"/>
   <trkpt lat="46.9423730" lon="7.4399850"/>
   <trkpt lat="46.9423480" lon="7.4399680"/>
   <trkpt lat="46.9423210" lon="7.4399460"/>
   <trkpt lat="46.9422990" lon="7.4399240"/>
   <trkpt lat="46.9422750" lon="7.4399010"/>
   <trkpt lat="46.9422560" lon="7.4398690"/>
   <trkpt lat="46.9422310" lon="7.4398480"/>
   <trkpt lat="46.9422080" lon="7.4398170"/>
   <trkpt lat="46.9421890" lon="7.4398000"/>
   <trkpt lat="46.9421610" lon="7.4397680"/>
   <trkpt lat="46.9421390" lon="7.4397460"/>
   <trkpt lat="46.9421100" lon="7.4397180"/>
   <trkpt lat="46.9420830" lon="7.4396760"/>
   <trkpt lat="46.9420560" lon="7.4396520"/>
   <trkpt lat="46.9420300" lon="7.4396140"/>
   <trkpt lat="46.9420050" lon="7.4395910"/>
   <trkpt lat="46.9419720" lon="7.4395550"/>
   <trkpt lat="46.9419430" lon="7.4395210"/>
   <trkpt lat="46.9419140" lon="7.4395010"/>
   <trkpt lat="46.9418850" lon="7.4394720"/>
   <trkpt lat="46.9418600" lon="7.4394580"/>
   <trkpt lat="46.9418300" lon="7.4394350"/>
   <trkpt lat="46.9418060" lon="7.4394140"/>
   <trkpt lat="46.9417730" lon="7.4393950"/>
   <trkpt lat="46.9417410" lon="7.4393710"/>
   <trkpt lat="46.9417120" lon="7.4393610"/>
   <trkpt lat="46.9416780" lon="7.4393440"/>
   <trkpt lat="46.9416530" lon="7.4393450"/>
   <trkpt lat="46.9416240" lon="7.4393470"/>
   <trkpt lat="46.9416000" lon="7.4393460"/>
   <trkpt lat="46.9415670" lon="7.4393470"/>
   <trkpt lat="46.9415440" lon="7.4393480"/>
   <trkpt lat="46.9415180" lon="7.4393600"/>
   <trkpt lat="46.9414930" lon="7.4393620"/>
   <trkpt lat="46.9414660" lon="7.4393710"/>
   <trkpt lat="46.9414340" lon="7.4393780"/>
   <trkpt lat="46.9414110" lon="7.4393860"/>
   <trkpt lat="46.9413750" lon="7.4393970"/>
   <trkpt lat="46.9413420" lon="7.4393990"/>
   <trkpt lat="46.9413080" lon="7.4394080"/>
   <trkpt lat="46.9412640" lon="7.4394080"/>
   <trkpt lat="46.9412370" lon="7.4394160"/>
   <trkpt lat="46.9412000" lon="7.4394210"/>
   <trkpt lat="46.9411740" lon="7.4394330"/>
   <trkpt lat="46.9411480" lon="7.4394430"/>
   <trkpt lat="46.9411230" lon="7.4394470"/>
   <trkpt lat="46.9410980" lon="7.4394570"/>
   <trkpt lat="46.9410710" lon="7.4394620"/>
   <trkpt lat="46.9410460" lon="7.4394720"/>
   <trkpt lat="46.9410260" lon="7.4394730"/>
   <trkpt lat="46.9410090" lon="7.4394740"/>
   <trkpt lat="46.9409790" lon="7.4394680"/>
   <trkpt lat="46.9409450" lon="7.4394610"/>
   <trkpt lat="46.9409110" lon="7.4394700"/>
   <trkpt lat="46.9408730" lon="7.4394930"/>
   <trkpt lat="46.9408530" lon="7.4395260"/>
   <trkpt lat="46.9408320" lon="7.4395780"/>
   <trkpt lat="46.9408200" lon="7.4396160"/>
   <trkpt lat="46.9408170" lon="7.4396660"/>
   <trkpt lat="46.9408130" lon="7.4397150"/>
   <trkpt lat="46.9408130" lon="7.4397640"/>
   <trkpt lat="46.9408140" lon="7.4398190"/>
   <trkpt lat="46.9408140" lon="7.4398640"/>
   <trkpt lat="46.9408150" lon="7.4399100"/>
   <trkpt lat="46.9408190" lon="7.4399540"/>
   <trkpt lat="46.9408340" lon="7.4400090"/>
   <trkpt lat="46.9408360" lon="7.4400570"/>
   <trkpt lat="46.9408430" lon="7.4400990"/>
   <trkpt lat="46.9408440" lon="7.4401550"/>
   <trkpt lat="46.9408510" lon="7.4401940"/>
   <trkpt lat="46.9408580" lon="7.4402510"/>
   <trkpt lat="46.9408650" lon="7.4402900"/>
   <trkpt lat="46.9408700" lon="7.4403480"/>
   <trkpt lat="46.9408700" lon="7.4403860"/>
   <trkpt lat="46.9408730" lon="7.4404390"/>
   <trkpt lat="46.9408710" lon="7.4404850"/>
   <trkpt lat="46.9408730" lon="7.4405320"/>
   <trkpt lat="46.9408740" lon="7.4405820"/>
   <trkpt lat="46.9408810" lon="7.4406130"/>
   <trkpt lat="46.9408850" lon="7.4406700"/>
   <trkpt lat="46.9408830" lon="7.4407080"/>
   <trkpt lat="46.9408830" lon="7.4407600"/>
   <trkpt lat="46.9408790" lon="7.4408090"/>
   <trkpt lat="46.9408760" lon="7.4408630"/>
   <trkpt lat="46.9408720" lon="7.4409130"/>
   <trkpt lat="46.9408670" lon="7.4409580"/>
   <trkpt lat="46.9408580" lon="7.4410100"/>
   <trkpt lat="46.9408590" lon="7.4410530"/>
   <trkpt lat="46.9408540" lon="7.4410980"/>
   <trkpt lat="46.9408540" lon="7.4411330"/>
   <trkpt lat="46.9408510" lon="7.4411830"/>
   <trkpt lat="46.9408390" lon="7.4412330"/>
   <trkpt lat="46.9408340" lon="7.4412820"/>
   <trkpt lat="46.9408230" lon="7.4413450"/>
   <trkpt lat="46.9408150" lon="7.4413890"/>
   <trkpt lat="46.9408120" lon="7.4414380"/>
   <trkpt lat="46.9408080" lon="7.4414790"/>
   <trkpt lat="46.9408150" lon="7.4415170"/>
   <trkpt lat="46.9408220" lon="7.4415570"/>
   <trkpt lat="46.9408260" lon="7.4415910"/>
   <trkpt lat="46.9408370" lon="7.4416430"/>
   <trkpt lat="46.9408380" lon="7.4416900"/>
   <trkpt lat="46.9408510" lon="7.4417460"/>
   <trkpt lat="46.9408640" lon="7.4417950"/>
   <trkpt lat="46.9408830" lon="7.4418220"/>
   <trkpt lat="46.9409100" lon="7.4418510"/>
   <trkpt lat="46.9409290" lon="7.4418640"/>
   <trkpt lat="46.9409580" lon="7.4418920"/>
   <trkpt lat="46.9409810" lon="7.4419200"/>
   <trkpt lat="46.9410080" lon="7.4419490"/>
   <trkpt lat="46.9410360" lon="7.4419790"/>
   <trkpt lat="46.9410590" lon="7.4419970"/>
   <trkpt lat="46.9410900" lon="7.4420310"/>
   <trkpt lat="46.9411110" lon="7.4420520"/>
   <trkpt lat="46.9411420" lon="7.4420810"/>
   <trkpt lat="46.9411690" lon="7.4421080"/>
   <trkpt lat="46.9411990" lon="7.4421310"/>
   <trkpt lat="46.9412280" lon="7.4421590"/>
   <trkpt lat="46.9412490" lon="7.4421780"/>
   <trkpt lat="46.9412760" lon="7.4422110"/>
   <trkpt lat="46.9412960" lon="7.4422310"/>
   <trkpt lat="46.9413300" lon="7.4422570"/>
   <trkpt lat="46.9413530" lon="7.4422760"/>
   <trkpt lat="46.9413810" lon="7.4422980"/>
   <trkpt lat="46.9414010" lon="7.4423300"/>
   <trkpt lat="46.9414260" lon="7.4423480"/>
   <trkpt lat="46.9414600" lon="7.4423770"/>
   <trkpt lat="46.9414840" lon="7.4423950"/>
   <trkpt lat="46.9415160" lon="7.4424160"/>
   <trkpt lat="46.9415440" lon="7.4424420"/>
   <trkpt lat="46.9415660" lon="7.4424620"/>
   <trkpt lat="46.9415950" lon="7.4424920"/>
   <trkpt lat="46.9416180" lon="7.4425100"/>
   <trkpt lat="46.9416480" lon="7.4425410"/>
   <trkpt lat="46.9416780" lon="7.4425680"/>
   <trkpt lat="46.9417100" lon="7.4425930"/>
   <trkpt lat="46.9417340" lon="7.4426080"/>
   <trkpt lat="46.9417600" lon="7.4426260"/>
   <trkpt lat="46.9417880" lon="7.4426530"/>
   <trkpt lat="46.9418090" lon="7.4426680"/>
   <trkpt lat="46.9418380" lon="7.4426900"/>
   <trkpt lat="46.9418620" lon="7.4427070"/>
   <trkpt lat="46.9418930" lon="7.4427300"/>
   <trkpt lat="46.9419150" lon="7.4427490"/>
   <trkpt lat="46.9419440" lon="7.4427680"/>
   <trkpt lat="46.9419720" lon="7.4427960"/>
   <trkpt lat="46.9420060" lon="7.4428180"/>
   <trkpt lat="46.9420420" lon="7.4428480"/>
   <trkpt lat="46.9420700" lon="7.4428670"/>
   <trkpt lat="46.9421060" lon="7.4428910"/>
   <trkpt lat="46.9421310" lon="7.4429060"/>
   <trkpt lat="46.9421690" lon="7.4429340"/>
   <trkpt lat="46.9422000" lon="7.4429550"/>
   <trkpt lat="46.9422340" lon="7.4429730"/>
   <trkpt lat="46.9422680" lon="7.4430080"/>
   <trkpt lat="46.9422970" lon="7.4430320"/>
   <trkpt lat="46.9423310" lon="7.4430600"/>
   <trkpt lat="46.9423550" lon="7.4430830"/>
   <trkpt lat="46.9423840" lon="7.4431050"/>
   <trkpt lat="46.9424120" lon="7.4431350"/>
   <trkpt lat="46.9424350" lon="7.4431520"/>
   <trkpt lat="46.9424650" lon="7.4431820"/>
   <trkpt lat="46.9424870" lon="7.4432040"/>
   <trkpt lat="46.9425180" lon="7.4432310"/>
   <trkpt lat="46.9425460" lon="7.4432530"/>
   <trkpt lat="46.9425770" lon="7.4432730"/>
   <trkpt lat="46.9426070" lon="7.4433020"/>
   <trkpt lat="46.9426340" lon="7.4433230"/>
   <trkpt lat="46.9426660" lon="7.4433490"/>
   <trkpt lat="46.9426920" lon="7.4433620"/>
   <trkpt lat="46.9427250" lon="7.4433850"/>
   <trkpt lat="46.9427500" lon="7.4434050"/>
   <trkpt lat="46.9427790" lon="7.4434290"/>
   <trkpt lat="46.9428020" lon="7.4434550"/>
   <trkpt lat="46.9428250" lon="7.4434720"/>
   <trkpt lat="46.9428560" lon="7.4435010"/>
   <trkpt lat="46.9428740" lon="7.4435220"/>
   <trkpt lat="46.9429010" lon="7.4435510"/>
   <trkpt lat="46.9429270" lon="7.4435830"/>
   <trkpt lat="46.9429500" lon="7.4436100"/>
   <trkpt lat="46.9429790" lon="7.4436470"/>
   <trkpt lat="46.9430000" lon="7.4436630"/>
   <trkpt lat="46.9430330" lon="7.4436910"/>
   <trkpt lat="46.9430540" lon="7.4437110"/>
   <trkpt lat="46.9430840" lon="7.4437340"/>
   <trkpt lat="46.9431120" lon="7.4437650"/>
   <trkpt lat="46.9431390" lon="7.4437870"/>
   <trkpt lat="46.9431720" lon="7.4438170"/>
   <trkpt lat="46.9431950" lon="7.4438320"/>
   <trkpt lat="46.9432270" lon="7.4438500"/>
   <trkpt lat="46.9432510" lon="7.4438560"/>
   <trkpt lat="46.9432870" lon="7.4438700"/>
   <trkpt lat="46.9433160" lon="7.4438910"/>
   <trkpt lat="46.9433430" lon="7.4439050"/>
   <trkpt lat="46.9433810" lon="7.4439280"/>
   <trkpt lat="46.9434080" lon="7.4439420"/>
   <trkpt lat="46.9434440" lon="7.4439690"/>
   <trkpt lat="46.9434710" lon="7.4439900"/>
   <trkpt lat="46.9435040" lon="7.4440080"/>
   <trkpt lat="46.9435360" lon="7.4440340"/>
   <trkpt lat="46.9435680" lon="7.4440500"/>
   <trkpt lat="46.9436100" lon="7.4440840"/>
   <trkpt lat="46.9436380" lon="7.4440970"/>
   <trkpt lat="46.9436740" lon="7.4441190"/>
   <trkpt lat="46.9437010" lon="7.4441450"/>
   <trkpt lat="46.9437320" lon="7.4441660"/>
   <trkpt lat="46.9437620" lon="7.4441870"/>
   <trkpt lat="46.9437900" lon="7.4441980"/>
   <trkpt lat="46.9438200" lon="7.4442210"/>
   <trkpt lat="46.9438390" lon="7.4442390"/>
   <trkpt lat="46.9438680" lon="7.4442650"/>
   <trkpt lat="46.9438900" lon="7.4442900"/>
   <trkpt lat="46.9439180" lon="7.4443080"/>
   <trkpt lat="46.9439520" lon="7.4443290"/>
   <trkpt lat="46.9439770" lon="7.4443410"/>
   <trkpt lat="46.9440070" lon="7.4443630"/>
   <trkpt lat="46.9440300" lon="7.4443840"/>
   <trkpt lat="46.9440640" lon="7.4444070"/>
   <trkpt lat="46.9440880" lon="7.4444230"/>
   <trkpt lat="46.9441160" lon="7.4444360"/>
   <trkpt lat="46.9441510" lon="7.4444620"/>
   <trkpt lat="46.9441750" lon="7.4444730"/>
   <trkpt lat="46.9442090" lon="7.4444960"/>
   <trkpt lat="46.9442290" lon="7.4445120"/>
   <trkpt lat="46.9442650" lon="7.4445350"/>
   <trkpt lat="46.9442940" lon="7.4445570"/>
   <trkpt lat="46.9443220" lon="7.4445710"/>
   <trkpt lat="46.9443580" lon="7.4445980"/>
   <trkpt lat="46.9443790" lon="7.4446170"/>
   <trkpt lat="46.9444100" lon="7.4446400"/>
   <trkpt lat="46.9444300" lon="7.4446630"/>
   <trkpt lat="46.9444590" lon="7.4446880"/>
   <trkpt lat="46.9444850" lon="7.4447150"/>
   <trkpt lat="46.9445130" lon="7.4447250"/>
   <trkpt lat="46.9445450" lon="7.4447470"/>
   <trkpt lat="46.9445640" lon="7.4447620"/>
   <trkpt lat="46.9445930" lon="7.4447880"/>
   <trkpt lat="46.9446200" lon="7.4448090"/>
   <trkpt lat="46.9446420" lon="7.4448240"/>
   <trkpt lat="46.9446610" lon="7.4448660"/>
   <trkpt lat="46.9446820" lon="7.4448870"/>
   <trkpt lat="46.9447040" lon="7.4449320"/>
   <trkpt lat="46.9447180" lon="7.4449750"/>
   <trkpt lat="46.9447260" lon="7.4450170"/>
   <trkpt lat="46.9447220" lon="7.4450650"/>
   <trkpt lat="46.9447180" lon="7.4451010"/>
   <trkpt lat="46.9447050" lon="7.4451490"/>
   <trkpt lat="46.9446960" lon="7.4451860"/>
   <trkpt lat="46.9446800" lon="7.4452320"/>
   <trkpt lat="46.9446680" lon="7.4452710"/>
   <trkpt lat="46.9446560" lon="7.4453080"/>
   <trkpt lat="46.9446360" lon="7.4453390"/>
   <trkpt lat="46.9446240" lon="7.4453760"/>
   <trkpt lat="46.9446050" lon="7.4454180"/>
   <trkpt lat="46.9446010" lon="7.4454520"/>
   <trkpt lat="46.9445870" lon="7.4454920"/>
   <trkpt lat="46.9445720" lon="7.4455280"/>
   <trkpt lat="46.9445570" lon="7.4455700"/>
   <trkpt lat="46.9445380" lon="7.4456120"/>
   <trkpt lat="46.9445290" lon="7.4456470"/>
   <trkpt lat="46.9445130" lon="7.4456890"/>
   <trkpt lat="46.9445020" lon="7.4457260"/>
   <trkpt lat="46.9444890" lon="7.4457680"/>
   <trkpt lat="46.9444720" lon="7.4458110"/>
   <trkpt lat="46.9444590" lon="7.4458540"/>
   <trkpt lat="46.9444450" lon="7.4459050"/>
   <trkpt lat="46.9444370" lon="7.4459430"/>
   <trkpt lat="46.9444220" lon="7.4459870"/>
   <trkpt lat="46.9444140" lon="7.4460280"/>
   <trkpt lat="46.9444020" lon="7.4460740"/>
   <trkpt lat="46.9443840" lon="7.4461150"/>
   <trkpt lat="46.9443750" lon="7.4461560"/>
   <trkpt lat="46.9443580" lon="7.4461960"/>
   <trkpt lat="46.9443470" lon="7.4462280"/>
   <trkpt lat="46.9443210" lon="7.4462540"/>
   <trkpt lat="46.9442920" lon="7.4462700"/>
   <trkpt lat="46.9442610" lon="7.4462830"/>
   <trkpt lat="46.9442250" lon="7.4462790"/>
   <trkpt lat="46.9441980" lon="7.4462820"/>
   <trkpt lat="46.9441720" lon="7.4462790"/>
   <trkpt lat="46.9441450" lon="7.4462700"/>
   <trkpt lat="46.9441160" lon="7.4462630"/>
   <trkpt lat="46.9440800" lon="7.4462580"/>
   <trkpt lat="46.9440500" lon="7.4462530"/>
   <trkpt lat="46.9440140" lon="7.4462480"/>
   <trkpt lat="46.9439810" lon="7.4462370"/>
   <trkpt lat="46.9439450" lon="7.4462300"/>
   <trkpt lat="46.9439070" lon="7.4462190"/>
   <trkpt lat="46.9438750" lon="7.4462170"/>
   <trkpt lat="46.9438370" lon="7.4462100"/>
   <trkpt lat="46.9438100" lon="7.4462070"/>
   <trkpt lat="46.9437740" lon="7.4461970"/>
   <trkpt lat="46.9437480" lon="7.4461920"/>
   <trkpt lat="46.9437190" lon="7.4461890"/>
   <trkpt lat="46.9436880" lon="7.4461830"/>
   <trkpt lat="46.9436600" lon="7.4461760"/>
   <trkpt lat="46.9436230" lon="7.4461630"/>
   <trkpt lat="46.9435970" lon="7.4461590"/>
   <trkpt lat="46.9435600" lon="7.4461470"/>
   <trkpt lat="46.9435350" lon="7.4461470"/>
   <trkpt lat="46.9434960" lon="7.4461360"/>
   <trkpt lat="46.9434630" lon="7.4461310"/>
   <trkpt lat="46.9434320" lon="7.4461260"/>
   <trkpt lat="46.9433950" lon="7.4461160"/>
   <trkpt lat="46.9433660" lon="7.4461150"/>
   <trkpt lat="46.9433240" lon="7.4461040"/>
   <trkpt lat="46.9432960" lon="7.4460940"/>
   <trkpt lat="46.9432610" lon="7.4460840"/>
   <trkpt lat="46.9432260" lon="7.4460730"/>
   <trkpt lat="46.9431950" lon="7.4460700"/>
   <trkpt lat="46.9431560" lon="7.4460600"/>
   <trkpt lat="46.9431280" lon="7.4460570"/>
   <trkpt lat="46.9430940" lon="7.4460500"/>
   <trkpt lat="46.9430630" lon="7.4460400"/>
   <trkpt lat="46.9430330" lon="7.4460360"/>
   <trkpt lat="46.9430020" lon="7.4460280"/>
   <trkpt lat="46.9429740" lon="7.4460200"/>
   <trkpt lat="46.9429430" lon="7.4460120"/>
   <trkpt lat="46.9429170" lon="7.4460070"/>
   <trkpt lat="46.9428840" lon="7.4460050"/>
   <trkpt lat="46.9428590" lon="7.4459970"/>
   <trkpt lat="46.9428260" lon="7.4459930"/>
   <trkpt lat="46.9427980" lon="7.4459850"/>
   <trkpt lat="46.9427690" lon="7.4459820"/>
   <trkpt lat="46.9427330" lon="7.4459750"/>
   <trkpt lat="46.9427030" lon="7.4459700"/>
   <trkpt lat="46.9426730" lon="7.4459640"/>
   <trkpt lat="46.9426480" lon="7.4459600"/>
   <trkpt lat="46.9426150" lon="7.4459550"/>
   <trkpt lat="46.9425830" lon="7.4459420"/>
   <trkpt lat="46.9425470" lon="7.4459340"/>
   <trkpt lat="46.9425090" lon="7.4459260"/>
   <trkpt lat="46.9424740" lon="7.4459170"/>
   <trkpt lat="46.9424300" lon="7.4459080"/>
   <trkpt lat="46.9424000" lon="7.4459080"/>
   <trkpt lat="46.9423700" lon="7.4458980"/>
   <trkpt lat="46.9423400" lon="7.4458860"/>
   <trkpt lat="46.9423120" lon="7.4458790"/>
   <trkpt lat="46.9422750" lon="7.4458730"/>
   <trkpt lat="46.9422480" lon="7.4458650"/>
   <trkpt lat="46.9422150" lon="7.4458580"/>
   <trkpt lat="46.9421880" lon="7.4458440"/>
   <trkpt lat="46.9421560" lon="7.4458310"/>
   <trkpt lat="46.9421280" lon="7.4458170"/>
   <trkpt lat="46.9420980" lon="7.4458080"/>
   <trkpt lat="46.9420680" lon="7.4457980"/>
   <trkpt lat="46.9420460" lon="7.4457980"/>
   <trkpt lat="46.9420150" lon="7.4457900"/>
   <trkpt lat="46.9419890" lon="7.4457850"/>
   <trkpt lat="46.9419480" lon="7.4457740"/>
   <trkpt lat="46.9419180" lon="7.4457640"/>
   <trkpt lat="46.9418850" lon="7.4457560"/>
   <trkpt lat="46.9418550" lon="7.4457480"/>
   <trkpt lat="46.9418300" lon="7.4457480"/>
   <trkpt lat="46.9418010" lon="7.4457440"/>
   <trkpt lat="46.9417740" lon="7.4457440"/>
   <trkpt lat="46.9417420" lon="7.4457390"/>
   <trkpt lat="46.9417120" lon="7.4457390"/>
   <trkpt lat="46.9416730" lon="7.4457360"/>
   <trkpt lat="46.9416340" lon="7.4457270"/>
   <trkpt lat="46.9416020" lon="7.4457240"/>
   <trkpt lat="46.9415620" lon="7.4457110"/>
   <trkpt lat="46.9415320" lon="7.4457040"/>
   <trkpt lat="46.9414960" lon="7.4456900"/>
   <trkpt lat="46.9414690" lon="7.4456780"/>
   <trkpt lat="46.9414420" lon="7.4456660"/>
   <trkpt lat="46.9414160" lon="7.4456520"/>
   <trkpt lat="46.9413880" lon="7.4456470"/>
   <trkpt lat="46.9413570" lon="7.4456370"/>
   <trkpt lat="46.9413290" lon="7.4456320"/>
   <trkpt lat="46.9412950" lon="7.4456260"/>
   <trkpt lat="46.9412660" lon="7.4456170"/>
   <trkpt lat="46.9412310" lon="7.4456130"/>
   <trkpt lat="46.9411950" lon="7.4456040"/>
   <trkpt lat="46.9411610" lon="7.4456010"/>
   <trkpt lat="46.9411250" lon="7.4455920"/>
   <trkpt lat="46.9410950" lon="7.4455900"/>
   <trkpt lat="46.9410590" lon="7.4455800"/>
   <trkpt lat="46.9410350" lon="7.4455800"/>
   <trkpt lat="46.9410010" lon="7.4455750"/>
   <trkpt lat="46.9409690" lon="7.4455660"/>
   <trkpt lat="46.9409400" lon="7.4455610"/>
   <trkpt lat="46.9409020" lon="7.4455570"/>
   <trkpt lat="46.9408710" lon="7.4455570"/>
   <trkpt lat="46.9408350" lon="7.4455520"/>
   <trkpt lat="46.9408050" lon="7.4455470"/>
   <trkpt lat="46.9407720" lon="7.4455390"/>
   <trkpt lat="46.9407380" lon="7.4455260"/>
   <trkpt lat="46.9407080" lon="7.4455190"/>
   <trkpt lat="46.9406710" lon="7.4455100"/>
   <trkpt lat="46.9406440" lon="7.4455100"/>
   <trkpt lat="46.9406090" lon="7.4455050"/>
   <trkpt lat="46.9405870" lon="7.4455010"/>
   <trkpt lat="46.9405570" lon="7.4454970"/>
   <trkpt lat="46.9405280" lon="7.4454950"/>
   <trkpt lat="46.9404970" lon="7.4454900"/>
   <trkpt lat="46.9404660" lon="7.4454820"/>
   <trkpt lat="46.9404410" lon="7.4454750"/>
   <trkpt lat="46.9404100" lon="7.4454650"/>
   <trkpt lat="46.9403780" lon="7.4454550"/>
   <trkpt lat="46.9403470" lon="7.4454460"/>
   <trkpt lat="46.9403080" lon="7.4454330"/>
   <trkpt lat="46.9402770" lon="7.4454300"/>
   <trkpt lat="46.9402400" lon="7.4454230"/>
   <trkpt lat="46.9402130" lon="7.4454230"/>
   <trkpt lat="46.9401770" lon="7.4454160"/>
   <trkpt lat="46.9401490" lon="7.4454100"/>
   <trkpt lat="46.9401180" lon="7.4454040"/>
   <trkpt lat="46.9400840" lon="7.4453950"/>
   <trkpt lat="46.9400550" lon="7.4453930"/>
   <trkpt lat="46.9400380" lon="7.4453930"/>
   <trkpt lat="46.9400160" lon="7.4453960"/>
   <trkpt lat="46.9399800" lon="7.4453940"/>
   <trkpt lat="46.9399490" lon="7.4453870"/>
   <trkpt lat="46.9399110" lon="7.4453760"/>
   <trkpt lat="46.9398770" lon="7.4453670"/>
   <trkpt lat="46.9398460" lon="7.4453660"/>
   <trkpt lat="46.9398160" lon="7.4453550"/>
   <trkpt lat="46.9397890" lon="7.4453480"/>
   <trkpt lat="46.9397560" lon="7.4453430"/>
   <trkpt lat="46.9397300" lon="7.4453470"/>
   <trkpt lat="46.9396970" lon="7.4453490"/>
   <trkpt lat="46.9396640" lon="7.4453370"/>
   <trkpt lat="46.9396360" lon="7.4453310"/>
   <trkpt lat="46.9396000" lon="7.4453240"/>
   <trkpt lat="46.9395750" lon="7.4453190"/>
   <trkpt lat="46.9395400" lon="7.4453140"/>
   <trkpt lat="46.9395080" lon="7.4453030"/>
   <trkpt lat="46.9394600" lon="7.4452850"/>
   <trkpt lat="46.9394230" lon="7.4452660"/>
   <trkpt lat="46.9393960" lon="7.4452620"/>
   <trkpt lat="46.9393590" lon="7.4452510"/>
   <trkpt lat="46.9393320" lon="7.4452390"/>
   <trkpt lat="46.9393010" lon="7.4452260"/>
   <trkpt lat="46.9392760" lon="7.4452190"/>
   <trkpt lat="46.9392470" lon="7.4452130"/>
   <trkpt lat="46.9392180" lon="7.4451940"/>
   <trkpt lat="46.9391920" lon="7.4451830"/>
   <trkpt lat="46.9391550" lon="7.4451670"/>
   <trkpt lat="46.9391310" lon="7.4451660"/>
   <trkpt lat="46.9390950" lon="7.4451590"/>
   <trkpt lat="46.9390650" lon="7.4451560"/>
   <trkpt lat="46.9390280" lon="7.4451600"/>
   <trkpt lat="46.9389890" lon="7.4451450"/>
   <trkpt lat="46.9389620" lon="7.4451430"/>
   <trkpt lat="46.9389200" lon="7.4451230"/>
   <trkpt lat="46.9388940" lon="7.4451130"/>
   <trkpt lat="46.9388570" lon="7.4451000"/>
   <trkpt lat="46.9388300" lon="7.4450880"/>
   <trkpt lat="46.9387960" lon="7.4450810"/>
   <trkpt lat="46.9387630" lon="7.4450700"/>
   <trkpt lat="46.9387340" lon="7.4450660"/>
   <trkpt lat="46.9387020" lon="7.4450540"/>
   <trkpt lat="46.9386810" lon="7.4450520"/>
   <trkpt lat="46.9386460" lon="7.4450460"/>
   <trkpt lat="46.9386230" lon="7.4450430"/>
   <trkpt lat="46.9385850" lon="7.4450380"/>
   <trkpt lat="46.9385480" lon="7.4450300"/>
   <trkpt lat="46.9385180" lon="7.4450290"/>
   <trkpt lat="46.9384860" lon="7.4450180"/>
   <trkpt lat="46.9384590" lon="7.4450140"/>
   <trkpt lat="46.9384240" lon="7.4450060"/>
   <trkpt lat="46.9383950" lon="7.4450020"/>
   <trkpt lat="46.9383600" lon="7.4449940"/>
   <trkpt lat="46.9383220" lon="7.4449810"/>
   <trkpt lat="46.9382950" lon="7.4449750"/>
   <trkpt lat="46.9382600" lon="7.4449630"/>
   <trkpt lat="46.9382380" lon="7.4449570"/>
   <trkpt lat="46.9382080" lon="7.4449470"/>
   <trkpt lat="46.9381740" lon="7.4449380"/>
   <trkpt lat="46.9381430" lon="7.4449290"/>
   <trkpt lat="46.9381090" lon="7.4449210"/>
   <trkpt lat="46.9380780" lon="7.4449180"/>
   <trkpt lat="46.9380420" lon="7.4449130"/>
   <trkpt lat="46.9380110" lon="7.4449060"/>
   <trkpt lat="46.9379740" lon="7.4448990"/>
   <trkpt lat="46.9379430" lon="7.4448940"/>
   <trkpt lat="46.9379160" lon="7.4448890"/>
   <trkpt lat="46.9378880" lon="7.4448850"/>
   <trkpt lat="46.9378630" lon="7.4448820"/>
   <trkpt lat="46.9378290" lon="7.4448760"/>
   <trkpt lat="46.9378000" lon="7.4448700"/>
   <trkpt lat="46.9377740" lon="7.4448640"/>
   <trkpt lat="46.9377450" lon="7.4448500"/>
   <trkpt lat="46.9377140" lon="7.4448400"/>
   <trkpt lat="46.9376810" lon="7.4448350"/>
   <trkpt lat="46.9376470" lon="7.4448320"/>
   <trkpt lat="46.9376070" lon="7.4448240"/>
   <trkpt lat="46.9375740" lon="7.4448180"/>
   <trkpt lat="46.9375400" lon="7.4448160"/>
   <trkpt lat="46.9375090" lon="7.4448130"/>
   <trkpt lat="46.9374770" lon="7.4448200"/>
   <trkpt lat="46.9374430" lon="7.4448200"/>
   <trkpt lat="46.9374110" lon="7.4448210"/>
   <trkpt lat="46.9373750" lon="7.4448160"/>
   <trkpt lat="46.9373470" lon="7.4448210"/>
   <trkpt lat="46.9373080" lon="7.4448220"/>
   <trkpt lat="46.9372810" lon="7.4448250"/>
   <trkpt lat="46.9372470" lon="7.4448280"/>
   <trkpt lat="46.9372190" lon="7.4448300"/>
   <trkpt lat="46.9371870" lon="7.4448300"/>
   <trkpt lat="46.9371520" lon="7.4448280"/>
   <trkpt lat="46.9371240" lon="7.4448290"/>
   <trkpt lat="46.9370940" lon="7.4448290"/>
   <trkpt lat="46.9370680" lon="7.4448340"/>
   <trkpt lat="46.9370330" lon="7.4448430"/>
   <trkpt lat="46.9370040" lon="7.4448450"/>
   <trkpt lat="46.9369690" lon="7.4448500"/>
   <trkpt lat="46.9369360" lon="7.4448550"/>
   <trkpt lat="46.9369060" lon="7.4448620"/>
   <trkpt lat="46.9368710" lon="7.4448700"/>
   <trkpt lat="46.9368380" lon="7.4448780"/>
   <trkpt lat="46.9368050" lon="7.4448870"/>
   <trkpt lat="46.9367730" lon="7.4448930"/>
   <trkpt lat="46.9367360" lon="7.4449040"/>
   <trkpt lat="46.9367030" lon="7.4449100"/>
   <trkpt lat="46.9366720" lon="7.4449190"/>
   <trkpt lat="46.9366370" lon="7.4449230"/>
   <trkpt lat="46.9366100" lon="7.4449310"/>
   <trkpt lat="46.9365760" lon="7.4449370"/>
   <trkpt lat="46.9365490" lon="7.4449450"/>
   <trkpt lat="46.9365170" lon="7.4449560"/>
   <trkpt lat="46.9364900" lon="7.4449620"/>
   <trkpt lat="46.9364580" lon="7.4449710"/>
   <trkpt lat="46.9364300" lon="7.4449820"/>
   <trkpt lat="46.9364000" lon="7.4449930"/>
   <trkpt lat="46.9363710" lon="7.4450090"/>
   <trkpt lat="46.9363420" lon="7.4450200"/>
   <trkpt lat="46.9363060" lon="7.4450290"/>
   <trkpt lat="46.9362780" lon="7.4450380"/>
   <trkpt lat="46.9362460" lon="7.4450550"/>
   <trkpt lat="46.9362110" lon="7.4450670"/>
   <trkpt lat="46.9361820" lon="7.4450810"/>
   <trkpt lat="46.9361470" lon="7.4450930"/>
   <trkpt lat="46.9361210" lon="7.4451020"/>
   <trkpt lat="46.9360870" lon="7.4451130"/>
   <trkpt lat="46.9360590" lon="7.4451240"/>
   <trkpt lat="46.9360280" lon="7.4451400"/>
   <trkpt lat="46.9359990" lon="7.4451510"/>
   <trkpt lat="46.9359730" lon="7.4451720"/>
   <trkpt lat="46.9359420" lon="7.4451870"/>
   <trkpt lat="46.9359170" lon="7.4452020"/>
   <trkpt lat="46.9358820" lon="7.4452210"/>
   <trkpt lat="46.9358570" lon="7.4452390"/>
   <trkpt lat="46.9358230" lon="7.4452680"/>
   <trkpt lat="46.9357940" lon="7.4452900"/>
   <trkpt lat="46.9357630" lon="7.4453090"/>
   <trkpt lat="46.9357310" lon="7.4453230"/>
   <trkpt lat="46.9356990" lon="7.4453400"/>
   <trkpt lat="46.9356740" lon="7.4453560"/>
   <trkpt lat="46.9356460" lon="7.4453710"/>
   <trkpt lat="46.9356120" lon="7.4453900"/>
   <trkpt lat="46.9355830" lon="7.4454030"/>
   <trkpt lat="46.9355470" lon="7.4454200"/>
   <trkpt lat="46.9355180" lon="7.4454380"/>
   <trkpt lat="46.9354830" lon="7.4454590"/>
   <trkpt lat="46.9354540" lon="7.4454750"/>
   <trkpt lat="46.9354260" lon="7.4454890"/>
   <trkpt lat="46.9353970" lon="7.4455060"/>
   <trkpt lat="46.9353740" lon="7.4455220"/>
   <trkpt lat="46.9353400" lon="7.4455440"/>
   <trkpt lat="46.9353170" lon="7.4455610"/>
   <trkpt lat="46.9352830" lon="7.4455810"/>
   <trkpt lat="46.9352480" lon="7.4456020"/>
   <trkpt lat="46.9352110" lon="7.4456450"/>
   <trkpt lat="46.9351870" lon="7.4456880"/>
   <trkpt lat="46.9351810" lon="7.4457320"/>
   <trkpt lat="46.9351840" lon="7.4457850"/>
   <trkpt lat="46.9351940" lon="7.4458180"/>
   <trkpt lat="46.9352150" lon="7.4458470"/>
   <trkpt lat="46.9352420" lon="7.4458650"/>
   <trkpt lat="46.9352780" lon="7.4458750"/>
   <trkpt lat="46.9353080" lon="7.4458790"/>
   <trkpt lat="46.9353380" lon="7.4458830"/>
   <trkpt lat="46.9353720" lon="7.4458930"/>
   <trkpt lat="46.9353990" lon="7.4459000"/>
   <trkpt lat="46.9354340" lon="7.4459050"/>
   <trkpt lat="46.9354630" lon="7.4459070"/>
   <trkpt lat="46.9354950" lon="7.4459180"/>
   <trkpt lat="46.9355200" lon="7.4459260"/>
   <trkpt lat="46.9355500" lon="7.4459420"/>
   <trkpt lat="46.9355710" lon="7.4459670"/>
   <trkpt lat="46.9355950" lon="7.4459850"/>
   <trkpt lat="46.9356220" lon="7.4460230"/>
   <trkpt lat="46.9356380" lon="7.4460480"/>
   <trkpt lat="46.9356650" lon="7.4460890"/>
   <trkpt lat="46.9356850" lon="7.4461200"/>
   <trkpt lat="46.9357100" lon="7.4461530"/>
   <trkpt lat="46.9357300" lon="7.4461820"/>
   <trkpt lat="46.9357530" lon="7.4462060"/>
   <trkpt lat="46.9357710" lon="7.4462480"/>
   <trkpt lat="46.9357870" lon="7.4462700"/>
   <trkpt lat="46.9358130" lon="7.4463150"/>
   <trkpt lat="46.9358300" lon="7.4463390"/>
   <trkpt lat="46.9358530" lon="7.4463750"/>
   <trkpt lat="46.9358740" lon="7.4464020"/>
   <trkpt lat="46.9358950" lon="7.4464290"/>
   <trkpt lat="46.9359200" lon="7.4464650"/>
   <trkpt lat="46.9359390" lon="7.4464840"/>
   <trkpt lat="46.9359630" lon="7.4465200"/>
   <trkpt lat="46.9359780" lon="7.4465450"/>
   <trkpt lat="46.9360010" lon="7.4465810"/>
   <trkpt lat="46.9360180" lon="7.4466070"/>
   <trkpt lat="46.9360470" lon="7.4466380"/>
   <trkpt lat="46.9360700" lon="7.4466730"/>
   <trkpt lat="46.9360880" lon="7.4466960"/>
   <trkpt lat="46.9361090" lon="7.4467350"/>
   <trkpt lat="46.9361250" lon="7.4467650"/>
   <trkpt lat="46.9361480" lon="7.4468010"/>
   <trkpt lat="46.9361620" lon="7.4468420"/>
   <trkpt lat="46.9361790" lon="7.4468630"/>
   <trkpt lat="46.9362020" lon="7.4469030"/>
   <trkpt lat="46.9362130" lon="7.4469280"/>
   <trkpt lat="46.9362330" lon="7.4469660"/>
   <trkpt lat="46.9362520" lon="7.4470000"/>
   <trkpt lat="46.9362710" lon="7.4470240"/>
   <trkpt lat="46.9362910" lon="7.4470610"/>
   <trkpt lat="46.9363040" lon="7.4470870"/>
   <trkpt lat="46.9363240" lon="7.4471290"/>
   <trkpt lat="46.9363360" lon="7.4471510"/>
   <trkpt lat="46.9363610" lon="7.4471900"/>
   <trkpt lat="46.9363770" lon="7.4472230"/>
   <trkpt lat="46.9363970" lon="7.4472500"/>
   <trkpt lat="46.9364200" lon="7.4472860"/>
   <trkpt lat="46.9364340" lon="7.4473020"/>
   <trkpt lat="46.9364580" lon="7.4473400"/>
   <trkpt lat="46.9364700" lon="7.4473700"/>
   <trkpt lat="46.9364890" lon="7.4473940"/>
   <trkpt lat="46.9365050" lon="7.4474310"/>
   <trkpt lat="46.9365130" lon="7.4474570"/>
   <trkpt lat="46.9365290" lon="7.4474930"/>
   <trkpt lat="46.9365390" lon="7.4475270"/>
   <trkpt lat="46.9365580" lon="7.4475580"/>
   <trkpt lat="46.9365730" lon="7.4476000"/>
   <trkpt lat="46.9365890" lon="7.4476260"/>
   <trkpt lat="46.9366100" lon="7.4476760"/>
   <trkpt lat="46.9366230" lon="7.4477040"/>
   <trkpt lat="46.9366400" lon="7.4477370"/>
   <trkpt lat="46.9366570" lon="7.4477690"/>
   <trkpt lat="46.9366780" lon="7.4477940"/>
   <trkpt lat="46.9366980" lon="7.4478320"/>
   <trkpt lat="46.9367090" lon="7.4478520"/>
   <trkpt lat="46.9367350" lon="7.4478880"/>
   <trkpt lat="46.9367510" lon="7.4479170"/>
   <trkpt lat="46.9367760" lon="7.4479460"/>
   <trkpt lat="46.9367960" lon="7.4479830"/>
   <trkpt lat="46.9368090" lon="7.4480040"/>
   <trkpt lat="46.9368290" lon="7.4480430"/>
   <trkpt lat="46.9368420" lon="7.4480700"/>
   <trkpt lat="46.9368670" lon="7.4481000"/>
   <trkpt lat="46.9368880" lon="7.4481400"/>
   <trkpt lat="46.9369100" lon="7.4481640"/>
   <trkpt lat="46.9369350" lon="7.4482070"/>
   <trkpt lat="46.9369490" lon="7.4482340"/>
   <trkpt lat="46.9369750" lon="7.4482670"/>
   <trkpt lat="46.9369970" lon="7.4483000"/>
   <trkpt lat="46.9370130" lon="7.4483230"/>
   <trkpt lat="46.9370360" lon="7.4483590"/>
   <trkpt lat="46.9370500" lon="7.4483800"/>
   <trkpt lat="46.9370740" lon="7.4484140"/>
   <trkpt lat="46.9370840" lon="7.4484440"/>
   <trkpt lat="46.9371070" lon="7.4484780"/>
   <trkpt lat="46.9371300" lon="7.4485080"/>
   <trkpt lat="46.9371490" lon="7.4485250"/>
   <trkpt lat="46.9371720" lon="7.4485570"/>
   <trkpt lat="46.9371820" lon="7.4485820"/>
   <trkpt lat="46.9372030" lon="7.4486140"/>
   <trkpt lat="46.9372210" lon="7.4486500"/>
   <trkpt lat="46.9372400" lon="7.4486740"/>
   <trkpt lat="46.9372620" lon="7.4487060"/>
   <trkpt lat="46.9372820" lon="7.4487330"/>
   <trkpt lat="46.9373050" lon="7.4487700"/>
   <trkpt lat="46.9373270" lon="7.4488020"/>
   <trkpt lat="46.9373460" lon="7.4488270"/>
   <trkpt lat="46.9373690" lon="7.4488620"/>
   <trkpt lat="46.9373870" lon="7.4488820"/>
   <trkpt lat="46.9374090" lon="7.4489130"/>
   <trkpt lat="46.9374280" lon="7.4489440"/>
   <trkpt lat="46.9374470" lon="7.4489700"/>
   <trkpt lat="46.9374630" lon="7.4490050"/>
   <trkpt lat="46.9374830" lon="7.4490320"/>
   <trkpt lat="46.9375040" lon="7.4490710"/>
   <trkpt lat="46.9375150" lon="7.4491000"/>
   <trkpt lat="46.9375350" lon="7.4491400"/>
   <trkpt lat="46.9375470" lon="7.4491730"/>
   <trkpt lat="46.9375700" lon="7.4492050"/>
   <trkpt lat="46.9375880" lon="7.4492400"/>
   <trkpt lat="46.9376020" lon="7.4492580"/>
   <trkpt lat="46.9376220" lon="7.4492960"/>
   <trkpt lat="46.9376310" lon="7.4493240"/>
   <trkpt lat="46.9376520" lon="7.4493570"/>
   <trkpt lat="46.9376700" lon="7.4493910"/>
   <trkpt lat="46.9376840" lon="7.4494120"/>
   <trkpt lat="46.9377040" lon="7.4494490"/>
   <trkpt lat="46.9377170" lon="7.4494790"/>
   <trkpt lat="46.9377370" lon="7.4495090"/>
   <trkpt lat="46.9377580" lon="7.4495470"/>
   <trkpt lat="46.9377740" lon="7.4495730"/>
   <trkpt lat="46.9377920" lon="7.4496130"/>
   <trkpt lat="46.9378090" lon="7.4496410"/>
   <trkpt lat="46.9378280" lon="7.4496820"/>
   <trkpt lat="46.9378440" lon="7.4497100"/>
   <trkpt lat="46.9378620" lon="7.4497370"/>
   <trkpt lat="46.9378840" lon="7.4497730"/>
   <trkpt lat="46.9379030" lon="7.4497970"/>
   <trkpt lat="46.9379260" lon="7.4498320"/>
   <trkpt lat="46.9379420" lon="7.4498590"/>
   <trkpt lat="46.9379620" lon="7.4498860"/>
   <trkpt lat="46.9379830" lon="7.4499180"/>
   <trkpt lat="46.9379980" lon="7.4499430"/>
   <trkpt lat="46.9380160" lon="7.4499790"/>
   <trkpt lat="46.9380360" lon="7.4500030"/>
   <trkpt lat="46.9380560" lon="7.4500430"/>
   <trkpt lat="46.9380690" lon="7.4500800"/>
   <trkpt lat="46.9380900" lon="7.4501110"/>
   <trkpt lat="46.9381070" lon="7.4501410"/>
   <trkpt lat="46.9381250" lon="7.4501600"/>
   <trkpt lat="46.9381460" lon="7.4501980"/>
   <trkpt lat="46.9381640" lon="7.4502220"/>
   <trkpt lat="46.9381870" lon="7.4502590"/>
   <trkpt lat="46.9381990" lon="7.4502930"/>
   <trkpt lat="46.9382200" lon="7.4503330"/>
   <trkpt lat="46.9382260" lon="7.4503710"/>
   <trkpt lat="46.9382360" lon="7.4504120"/>
   <trkpt lat="46.9382350" lon="7.4504570"/>
   <trkpt lat="46.9382320" lon="7.4504980"/>
   <trkpt lat="46.9382160" lon="7.4505470"/>
   <trkpt lat="46.9382020" lon="7.4505830"/>
   <trkpt lat="46.9381780" lon="7.4506030"/>
   <trkpt lat="46.9381360" lon="7.4506010"/>
   <trkpt lat="46.9381080" lon="7.4506120"/>
   <trkpt lat="46.9380740" lon="7.4506190"/>
   <trkpt lat="46.9380440" lon="7.4506330"/>
   <trkpt lat="46.9380110" lon="7.4506490"/>
   <trkpt lat="46.9379840" lon="7.4506620"/>
   <trkpt lat="46.9379540" lon="7.4506730"/>
   <trkpt lat="46.9379280" lon="7.4506800"/>
   <trkpt lat="46.9379040" lon="7.4506930"/>
   <trkpt lat="46.9378690" lon="7.4506860"/>
   <trkpt lat="46.9378500" lon="7.4506900"/>
   <trkpt lat="46.9378170" lon="7.4506990"/>
   <trkpt lat="46.9377910" lon="7.4507050"/>
   <trkpt lat="46.9377630" lon="7.4507110"/>
   <trkpt lat="46.9377310" lon="7.4507140"/>
   <trkpt lat="46.9377050" lon="7.4507230"/>
   <trkpt lat="46.9376720" lon="7.4507250"/>
   <trkpt lat="46.9376450" lon="7.4507220"/>
   <trkpt lat="46.9376110" lon="7.4507270"/>
   <trkpt lat="46.9375820" lon="7.4507310"/>
   <trkpt lat="46.9375510" lon="7.4507400"/>
   <trkpt lat="46.9375190" lon="7.4507450"/>
   <trkpt lat="46.9374950" lon="7.4507520"/>
   <trkpt lat="46.9374580" lon="7.4507560"/>
   <trkpt lat="46.9374310" lon="7.4507630"/>
   <trkpt lat="46.9373950" lon="7.4507800"/>
   <trkpt lat="46.9373710" lon="7.4507930"/>
   <trkpt lat="46.9373410" lon="7.4508050"/>
   <trkpt lat="46.9373070" lon="7.4508070"/>
   <trkpt lat="46.9372810" lon="7.4508150"/>
   <trkpt lat="46.9372510" lon="7.4508200"/>
   <trkpt lat="46.9372290" lon="7.4508270"/>
   <trkpt lat="46.9371960" lon="7.4508370"/>
   <trkpt lat="46.9371690" lon="7.4508390"/>
   <trkpt lat="46.9371370" lon="7.4508490"/>
   <trkpt lat="46.9371060" lon="7.4508490"/>
   <trkpt lat="46.9370780" lon="7.4508560"/>
   <trkpt lat="46.9370430" lon="7.4508570"/>
   <trkpt lat="46.9370200" lon="7.4508620"/>
   <trkpt lat="46.9369860" lon="7.4508760"/>
   <trkpt lat="46.9369570" lon="7.4508850"/>
   <trkpt lat="46.9369290" lon="7.4509000"/>
   <trkpt lat="46.9368960" lon="7.4509190"/>
   <trkpt lat="46.9368760" lon="7.4509420"/>
   <trkpt lat="46.9368460" lon="7.4509660"/>
   <trkpt lat="46.9368200" lon="7.4509810"/>
   <trkpt lat="46.9367920" lon="7.4510010"/>
   <trkpt lat="46.9367590" lon="7.4510170"/>
   <trkpt lat="46.9367390" lon="7.4510430"/>
   <trkpt lat="46.9367060" lon="7.4510780"/>
   <trkpt lat="46.9366810" lon="7.4511070"/>
   <trkpt lat="46.9366450" lon="7.4511550"/>
   <trkpt lat="46.9366230" lon="7.4511850"/>
   <trkpt lat="46.9366010" lon="7.4512280"/>
   <trkpt lat="46.9365810" lon="7.4512680"/>
   <trkpt lat="46.9365800" lon="7.4513200"/>
   <trkpt lat="46.9365870" lon="7.4513680"/>
   <trkpt lat="46.9366010" lon="7.4513960"/>
   <trkpt lat="46.9366210" lon="7.4514240"/>
   <trkpt lat="46.9366370" lon="7.4514480"/>
   <trkpt lat="46.9366640" lon="7.4514740"/>
   <trkpt lat="46.9366880" lon="7.4514970"/>
   <trkpt lat="46.9367160" lon="7.4515150"/>
   <trkpt lat="46.9367410" lon="7.4515460"/>
   <trkpt lat="46.9367620" lon="7.4515660"/>
   <trkpt lat="46.9367930" lon="7.4515960"/>
   <trkpt lat="46.9368170" lon="7.4516160"/>
   <trkpt lat="46.9368430" lon="7.4516440"/>
   <trkpt lat="46.9368600" lon="7.4516660"/>
   <trkpt lat="46.9368810" lon="7.4516880"/>
   <trkpt lat="46.9369020" lon="7.4517160"/>
   <trkpt lat="46.9369260" lon="7.4517360"/>
   <trkpt lat="46.9369550" lon="7.4517610"/>
   <trkpt lat="46.9369810" lon="7.4517780"/>
   <trkpt lat="46.9370090" lon="7.4517990"/>
   <trkpt lat="46.9370330" lon="7.4518200"/>
   <trkpt lat="46.9370680" lon="7.4518500"/>
   <trkpt lat="46.9370950" lon="7.4518670"/>
   <trkpt lat="46.9371230" lon="7.4518860"/>
   <trkpt lat="46.9371470" lon="7.4519170"/>
   <trkpt lat="46.9371660" lon="7.4519390"/>
   <trkpt lat="46.9371920" lon="7.4519740"/>
   <trkpt lat="46.9372170" lon="7.4519990"/>
   <trkpt lat="46.9372460" lon="7.4520350"/>
   <trkpt lat="46.9372710" lon="7.4520610"/>
   <trkpt lat="46.9372980" lon="7.4520850"/>
   <trkpt lat="46.9373240" lon="7.4521170"/>
   <trkpt lat="46.9373480" lon="7.4521470"/>
   <trkpt lat="46.9373750" lon="7.4521860"/>
   <trkpt lat="46.9373950" lon="7.4522190"/>
   <trkpt lat="46.9374200" lon="7.4522610"/>
   <trkpt lat="46.9374350" lon="7.4522860"/>
   <trkpt lat="46.9374550" lon="7.4523120"/>
   <trkpt lat="46.9374710" lon="7.4523490"/>
   <trkpt lat="46.9374900" lon="7.4523770"/>
   <trkpt lat="46.9375070" lon="7.4524120"/>
   <trkpt lat="46.9375240" lon="7.4524430"/>
   <trkpt lat="46.9375450" lon="7.4524810"/>
   <trkpt lat="46.9375610" lon="7.4525120"/>
   <trkpt lat="46.9375770" lon="7.4525410"/>
   <trkpt lat="46.9375900" lon="7.4525680"/>
   <trkpt lat="46.9376070" lon="7.4525930"/>
   <trkpt lat="46.9376260" lon="7.4526260"/>
   <trkpt lat="46.9376380" lon="7.4526480"/>
   <trkpt lat="46.9376610" lon="7.4526910"/>
   <trkpt lat="46.9376810" lon="7.4527240"/>
   <trkpt lat="46.9377050" lon="7.4527560"/>
   <trkpt lat="46.9377320" lon="7.4527930"/>
   <trkpt lat="46.9377520" lon="7.4528260"/>
   <trkpt lat="46.9377730" lon="7.4528680"/>
   <trkpt lat="46.9377970" lon="7.4528970"/>
   <trkpt lat="46.9378320" lon="7.4529310"/>
   <trkpt lat="46.9378560" lon="7.4529610"/>
   <trkpt lat="46.9378870" lon="7.4529890"/>
   <trkpt lat="46.9379160" lon="7.4530180"/>
   <trkpt lat="46.9379410" lon="7.4530400"/>
   <trkpt lat="46.9379700" lon="7.4530670"/>
   <trkpt lat="46.9379990" lon="7.4530900"/>
   <trkpt lat="46.9380310" lon="7.4531140"/>
   <trkpt lat="46.9380530" lon="7.4531320"/>
   <trkpt lat="46.9380750" lon="7.4531570"/>
   <trkpt lat="46.9380940" lon="7.4531810"/>
   <trkpt lat="46.9381230" lon="7.4532010"/>
   <trkpt lat="46.9381490" lon="7.4532160"/>
   <trkpt lat="46.9381790" lon="7.4532280"/>
   <trkpt lat="46.9382100" lon="7.4532480"/>
   <trkpt lat="46.9382400" lon="7.4532650"/>
   <trkpt lat="46.9382730" lon="7.4532860"/>
   <trkpt lat="46.9382900" lon="7.4532960"/>
   <trkpt lat="46.9383210" lon="7.4533250"/>
   <trkpt lat="46.9383430" lon="7.4533440"/>
   <trkpt lat="46.9383700" lon="7.4533700"/>
   <trkpt lat="46.9383890" lon="7.4533930"/>
   <trkpt lat="46.9384150" lon="7.4534190"/>
   <trkpt lat="46.9384420" lon="7.4534500"/>
   <trkpt lat="46.9384600" lon="7.4534690"/>
   <trkpt lat="46.9384850" lon="7.4535010"/>
   <trkpt lat="46.9385000" lon="7.4535220"/>
   <trkpt lat="46.9385220" lon="7.4535460"/>
   <trkpt lat="46.9385420" lon="7.4535710"/>
   <trkpt lat="46.9385630" lon="7.4535940"/>
   <trkpt lat="46.9385840" lon="7.4536250"/>
   <trkpt lat="46.9386050" lon="7.4536420"/>
   <trkpt lat="46.9386260" lon="7.4536690"/>
   <trkpt lat="46.9386440" lon="7.4536900"/>
   <trkpt lat="46.9386670" lon="7.4537150"/>
   <trkpt lat="46.9386810" lon="7.4537320"/>
   <trkpt lat="46.9387020" lon="7.4537540"/>
   <trkpt lat="46.9387200" lon="7.4537720"/>
   <trkpt lat="46.9387460" lon="7.4538020"/>
   <trkpt lat="46.9387780" lon="7.4538400"/>
   <trkpt lat="46.9388030" lon="7.4538690"/>
   <trkpt lat="46.9388260" lon="7.4539090"/>
   <trkpt lat="46.9388500" lon="7.4539440"/>
   <trkpt lat="46.9388680" lon="7.4539750"/>
   <trkpt lat="46.9388840" lon="7.4540150"/>
   <trkpt lat="46.9388920" lon="7.4540540"/>
   <trkpt lat="46.9388910" lon="7.4540960"/>
   <trkpt lat="46.9388880" lon="7.4541370"/>
   <trkpt lat="46.9388780" lon="7.4541760"/>
   <trkpt lat="46.9388710" lon="7.4542200"/>
   <trkpt lat="46.9388570" lon="7.4542570"/>
   <trkpt lat="46.9388440" lon="7.4542960"/>
   <trkpt lat="46.9388290" lon="7.4543370"/>
   <trkpt lat="46.9388180" lon="7.4543720"/>
   <trkpt lat="46.9388130" lon="7.4544040"/>
   <trkpt lat="46.9388080" lon="7.4544370"/>
   <trkpt lat="46.9387990" lon="7.4544820"/>
   <trkpt lat="46.9387960" lon="7.4545180"/>
   <trkpt lat="46.9387880" lon="7.4545660"/>
   <trkpt lat="46.9387810" lon="7.4546120"/>
   <trkpt lat="46.9387780" lon="7.4546600"/>
   <trkpt lat="46.9387640" lon="7.4547090"/>
   <trkpt lat="46.9387480" lon="7.4547510"/>
   <trkpt lat="46.9387280" lon="7.4547990"/>
   <trkpt lat="46.9387190" lon="7.4548350"/>
   <trkpt lat="46.9387030" lon="7.4548840"/>
   <trkpt lat="46.9386890" lon="7.4549250"/>
   <trkpt lat="46.9386710" lon="7.4549720"/>
   <trkpt lat="46.9386490" lon="7.4550080"/>
   <trkpt lat="46.9386360" lon="7.4550410"/>
   <trkpt lat="46.9386130" lon="7.4550770"/>
   <trkpt lat="46.9385950" lon="7.4551060"/>
   <trkpt lat="46.9385710" lon="7.4551370"/>
   <trkpt lat="46.9385440" lon="7.4551670"/>
   <trkpt lat="46.9385190" lon="7.4551950"/>
   <trkpt lat="46.9384910" lon="7.4552290"/>
   <trkpt lat="46.9384740" lon="7.4552610"/>
   <trkpt lat="46.9384460" lon="7.4553020"/>
   <trkpt lat="46.9384250" lon="7.4553300"/>
   <trkpt lat="46.9384000" lon="7.4553670"/>
   <trkpt lat="46.9383760" lon="7.4554000"/>
   <trkpt lat="46.9383570" lon="7.4554410"/>
   <trkpt lat="46.9383280" lon="7.4554790"/>
   <trkpt lat="46.9383040" lon="7.4555130"/>
   <trkpt lat="46.9382740" lon="7.4555550"/>
   <trkpt lat="46.9382580" lon="7.4555850"/>
   <trkpt lat="46.9382300" lon="7.4556290"/>
   <trkpt lat="46.9382150" lon="7.4556560"/>
   <trkpt lat="46.9381850" lon="7.4557020"/>
   <trkpt lat="46.9381620" lon="7.4557340"/>
   <trkpt lat="46.9381350" lon="7.4557660"/>
   <trkpt lat="46.9381080" lon="7.4557970"/>
   <trkpt lat="46.9380830" lon="7.4558150"/>
   <trkpt lat="46.9380530" lon="7.4558410"/>
   <trkpt lat="46.9380310" lon="7.4558620"/>
   <trkpt lat="46.9380000" lon="7.4558860"/>
   <trkpt lat="46.9379790" lon="7.4559030"/>
   <trkpt lat="46.9379520" lon="7.4559280"/>
   <trkpt lat="46.9379340" lon="7.4559530"/>
   <trkpt lat="46.9379110" lon="7.4559760"/>
   <trkpt lat="46.9378840" lon="7.4560030"/>
   <trkpt lat="46.9378660" lon="7.4560310"/>
   <trkpt lat="46.9378440" lon="7.4560670"/>
   <trkpt lat="46.9378260" lon="7.4561020"/>
   <trkpt lat="46.9378030" lon="7.4561350"/>
   <trkpt lat="46.9377800" lon="7.4561640"/>
   <trkpt lat="46.9377520" lon="7.4562030"/>
   <trkpt lat="46.9377270" lon="7.4562370"/>
   <trkpt lat="46.9377030" lon="7.4562810"/>
   <trkpt lat="46.9376800" lon="7.4563210"/>
   <trkpt lat="46.9376630" lon="7.4563600"/>
   <trkpt lat="46.9376440" lon="7.4563970"/>
   <trkpt lat="46.9376340" lon="7.4564290"/>
   <trkpt lat="46.9376260" lon="7.4564700"/>
   <trkpt lat="46.9376160" lon="7.4565000"/>
   <trkpt lat="46.9376040" lon="7.4565460"/>
   <trkpt lat="46.9375960" lon="7.4565880"/>
   <trkpt lat="46.9375970" lon="7.4566220"/>
   <trkpt lat="46.9375930" lon="7.4566710"/>
   <trkpt lat="46.9375940" lon="7.4567090"/>
   <trkpt lat="46.9375860" lon="7.4567620"/>
   <trkpt lat="46.9375830" lon="7.4568010"/>
   <trkpt lat="46.9375830" lon="7.4568520"/>
   <trkpt lat="46.9375820" lon="7.4568960"/>
   <trkpt lat="46.9375800" lon="7.4569390"/>
   <trkpt lat="46.9375760" lon="7.4569840"/>
   <trkpt lat="46.9375800" lon="7.4570310"/>
   <trkpt lat="46.9375820" lon="7.4570800"/>
   <trkpt lat="46.9375870" lon="7.4571210"/>
   <trkpt lat="46.9375890" lon="7.4571720"/>
   <trkpt lat="46.9375900" lon="7.4572120"/>
   <trkpt lat="46.9375890" lon="7.4572590"/>
   <trkpt lat="46.9375840" lon="7.4573020"/>
   <trkpt lat="46.9375810" lon="7.4573430"/>
   <trkpt lat="46.9375740" lon="7.4573870"/>
   <trkpt lat="46.9375690" lon="7.4574310"/>
   <trkpt lat="46.9375640" lon="7.4574840"/>
   <trkpt lat="46.9375600" lon="7.4575290"/>
   <trkpt lat="46.9375560" lon="7.4575850"/>
   <trkpt lat="46.9375540" lon="7.4576280"/>
   <trkpt lat="46.9375530" lon="7.4576730"/>
   <trkpt lat="46.9375510" lon="7.4577140"/>
   <trkpt lat="46.9375480" lon="7.4577560"/>
   <trkpt lat="46.9375480" lon="7.4578000"/>
   <trkpt lat="46.9375490" lon="7.4578380"/>
   <trkpt lat="46.9375560" lon="7.4578920"/>
   <trkpt lat="46.9375570" lon="7.4579380"/>
   <trkpt lat="46.9375540" lon="7.4579920"/>
   <trkpt lat="46.9375540" lon="7.4580340"/>
   <trkpt lat="46.9375520" lon="7.4580770"/>
   <trkpt lat="46.9375500" lon="7.4581160"/>
   <trkpt lat="46.9375520" lon="7.4581570"/>
   <trkpt lat="46.9375440" lon="7.4582000"/>
   <trkpt lat="46.9375330" lon="7.4582350"/>
   <trkpt lat="46.9375220" lon="7.4582860"/>
   <trkpt lat="46.9375190" lon="7.4583260"/>
   <trkpt lat="46.9375210" lon="7.4583730"/>
   <trkpt lat="46.9375250" lon="7.4584100"/>
   <trkpt lat="46.9375210" lon="7.4584610"/>
   <trkpt lat="46.9375170" lon="7.4585000"/>
   <trkpt lat="46.9375200" lon="7.4585480"/>
   <trkpt lat="46.9375190" lon="7.4585900"/>
   <trkpt lat="46.9375140" lon="7.4586320"/>
   <trkpt lat="46.9375100" lon="7.4586790"/>
   <trkpt lat="46.9375050" lon="7.4587190"/>
   <trkpt lat="46.9374940" lon="7.4587630"/>
   <trkpt lat="46.9374900" lon="7.4587970"/>
   <trkpt lat="46.9374860" lon="7.4588420"/>
   <trkpt lat="46.9374860" lon="7.4588770"/>
   <trkpt lat="46.9374830" lon="7.4589220"/>
   <trkpt lat="46.9374760" lon="7.4589660"/>
   <trkpt lat="46.9374670" lon="7.4590100"/>
   <trkpt lat="46.9374570" lon="7.4590520"/>
   <trkpt lat="46.9374520" lon="7.4590860"/>
   <trkpt lat="46.9374430" lon="7.4591330"/>
   <trkpt lat="46.9374390" lon="7.4591700"/>
   <trkpt lat="46.9374350" lon="7.4592150"/>
   <trkpt lat="46.9374300" lon="7.4592540"/>
   <trkpt lat="46.9374240" lon="7.4592950"/>
   <trkpt lat="46.9374220" lon="7.4593370"/>
   <trkpt lat="46.9374190" lon="7.4593720"/>
   <trkpt lat="46.9374110" lon="7.4594170"/>
   <trkpt lat="46.9374040" lon="7.4594480"/>
   <trkpt lat="46.9373990" lon="7.4594850"/>
   <trkpt lat="46.9373940" lon="7.4595250"/>
   <trkpt lat="46.9373940" lon="7.4595610"/>
   <trkpt lat="46.9373990" lon="7.4596140"/>
   <trkpt lat="46.9374010" lon="7.4596530"/>
   <trkpt lat="46.9373980" lon="7.4597040"/>
   <trkpt lat="46.9373980" lon="7.4597490"/>
   <trkpt lat="46.9373930" lon="7.4597950"/>
   <trkpt lat="46.9373900" lon="7.4598410"/>
   <trkpt lat="46.9373910" lon="7.4598760"/>
   <trkpt lat="46.9373920" lon="7.4599250"/>
   <trkpt lat="46.9373920" lon="7.4599640"/>
   <trkpt lat="46.9373940" lon="7.4600120"/>
   <trkpt lat="46.9373960" lon="7.4600570"/>
   <trkpt lat="46.9374030" lon="7.4601010"/>
   <trkpt lat="46.9374040" lon="7.4601500"/>
   <trkpt lat="46.9374010" lon="7.4601890"/>
   <trkpt lat="46.9373960" lon="7.4602340"/>
   <trkpt lat="46.9373930" lon="7.4602710"/>
   <trkpt lat="46.9373890" lon="7.4603080"/>
   <trkpt lat="46.9373820" lon="7.4603460"/>
   <trkpt lat="46.9373770" lon="7.4603890"/>
   <trkpt lat="46.9373730" lon="7.4604320"/>
   <trkpt lat="46.9373740" lon="7.4604690"/>
   <trkpt lat="46.9373690" lon="7.4605190"/>
   <trkpt lat="46.9373720" lon="7.4605640"/>
   <trkpt lat="46.9373720" lon="7.4606160"/>
   <trkpt lat="46.9373720" lon="7.4606570"/>
   <trkpt lat="46.9373780" lon="7.4607100"/>
   <trkpt lat="46.9373840" lon="7.4607530"/>
   <trkpt lat="46.9373950" lon="7.4607940"/>
   <trkpt lat="46.9374100" lon="7.4608290"/>
   <trkpt lat="46.9374250" lon="7.4608590"/>
   <trkpt lat="46.9374500" lon="7.4608780"/>
   <trkpt lat="46.9374640" lon="7.4608810"/>
   <trkpt lat="46.9374960" lon="7.4608880"/>
   <trkpt lat="46.9375210" lon="7.4608900"/>
   <trkpt lat="46.9375430" lon="7.4608910"/>
   <trkpt lat="46.9375700" lon="7.4608850"/>
   <trkpt lat="46.9375970" lon="7.4608810"/>
   <trkpt lat="46.9376280" lon="7.4608770"/>
   <trkpt lat="46.9376520" lon="7.4608720"/>
   <trkpt lat="46.9376790" lon="7.4608580"/>
   <trkpt lat="46.9377070" lon="7.4608450"/>
   <trkpt lat="46.9377320" lon="7.4608240"/>
   <trkpt lat="46.9377630" lon="7.4608040"/>
   <trkpt lat="46.9377880" lon="7.4607860"/>
   <trkpt lat="46.9378200" lon="7.4607680"/>
   <trkpt lat="46.9378440" lon="7.4607610"/>
   <trkpt lat="46.9378780" lon="7.4607460"/>
   <trkpt lat="46.9379050" lon="7.4607300"/>
   <trkpt lat="46.9379320" lon="7.4607140"/>
   <trkpt lat="46.9379630" lon="7.4606960"/>
   <trkpt lat="46.9379900" lon="7.4606790"/>
   <trkpt lat="46.9380230" lon="7.4606570"/>
   <trkpt lat="46.9380430" lon="7.4606380"/>
   <trkpt lat="46.9380720" lon="7.4606140"/>
   <trkpt lat="46.9380980" lon="7.4605980"/>
   <trkpt lat="46.9381200" lon="7.4605780"/>
   <trkpt lat="46.9381470" lon="7.4605620"/>
   <trkpt lat="46.9381710" lon="7.4605420"/>
   <trkpt lat="46.9381990" lon="7.4605170"/>
   <trkpt lat="46.9382200" lon="7.4604860"/>
   <trkpt lat="46.9382500" lon="7.4604530"/>
   <trkpt lat="46.9382700" lon="7.4604330"/>
   <trkpt lat="46.9382930" lon="7.4603980"/>
   <trkpt lat="46.9383100" lon="7.4603670"/>
   <trkpt lat="46.9383230" lon="7.4603330"/>
   <trkpt lat="46.9383480" lon="7.4602990"/>
   <trkpt lat="46.9383650" lon="7.4602750"/>
   <trkpt lat="46.9383860" lon="7.4602440"/>
   <trkpt lat="46.9383980" lon="7.4602140"/>
   <trkpt lat="46.9384130" lon="7.4601860"/>
   <trkpt lat="46.9384280" lon="7.4601550"/>
   <trkpt lat="46.9384440" lon="7.4601340"/>
   <trkpt lat="46.9384630" lon="7.4601020"/>
   <trkpt lat="46.9384760" lon="7.4600780"/>
   <trkpt lat="46.9384970" lon="7.4600520"/>
   <trkpt lat="46.9385180" lon="7.4600280"/>
   <trkpt lat="46.9385370" lon="7.4600030"/>
   <trkpt lat="46.9385560" lon="7.4599850"/>
   <trkpt lat="46.9385680" lon="7.4599660"/>
   <trkpt lat="46.9385930" lon="7.4599360"/>
   <trkpt lat="46.9386130" lon="7.4599170"/>
   <trkpt lat="46.9386390" lon="7.4598920"/>
   <trkpt lat="46.9386650" lon="7.4598670"/>
   <trkpt lat="46.9386870" lon="7.4598410"/>
   <trkpt lat="46.9387160" lon="7.4598100"/>
   <trkpt lat="46.9387390" lon="7.4597880"/>
   <trkpt lat="46.9387640" lon="7.4597580"/>
   <trkpt lat="46.9387880" lon="7.4597380"/>
   <trkpt lat="46.9388080" lon="7.4597160"/>
   <trkpt lat="46.9388370" lon="7.4596980"/>
   <trkpt lat="46.9388530" lon="7.4596820"/>
   <trkpt lat="46.9388770" lon="7.4596570"/>
   <trkpt lat="46.9388910" lon="7.4596310"/>
   <trkpt lat="46.9389130" lon="7.4595990"/>
   <trkpt lat="46.9389320" lon="7.4595630"/>
   <trkpt lat="46.9389510" lon="7.4595420"/>
   <trkpt lat="46.9389700" lon="7.4595220"/>
   <trkpt lat="46.9389900" lon="7.4594990"/>
   <trkpt lat="46.9390230" lon="7.4594730"/>
   <trkpt lat="46.9390440" lon="7.4594570"/>
   <trkpt lat="46.9390670" lon="7.4594370"/>
   <trkpt lat="46.9390930" lon="7.4594200"/>
   <trkpt lat="46.9391160" lon="7.4593900"/>
   <trkpt lat="46.9391410" lon="7.4593700"/>
   <trkpt lat="46.9391620" lon="7.4593530"/>
   <trkpt lat="46.9391960" lon="7.4593320"/>
   <trkpt lat="46.9392280" lon="7.4593150"/>
   <trkpt lat="46.9392600" lon="7.4593010"/>
   <trkpt lat="46.9392900" lon="7.4592880"/>
   <trkpt lat="46.9393240" lon="7.4592730"/>
   <trkpt lat="46.9393540" lon="7.4592570"/>
   <trkpt lat="46.9393780" lon="7.4592390"/>
   <trkpt lat="46.9394120" lon="7.4592160"/>
   <trkpt lat="46.9394310" lon="7.4591930"/>
   <trkpt lat="46.9394580" lon="7.4591720"/>
   <trkpt lat="46.9394840" lon="7.4591490"/>
   <trkpt lat="46.9395070" lon="7.4591340"/>
   <trkpt lat="46.9395390" lon="7.4591120"/>
   <trkpt lat="46.9395650" lon="7.4590960"/>
   <trkpt lat="46.9395890" lon="7.4590780"/>
   <trkpt lat="46.9396170" lon="7.4590600"/>
   <trkpt lat="46.9396450" lon="7.4590390"/>
   <trkpt lat="46.9396770" lon="7.4590170"/>
   <trkpt lat="46.9397090" lon="7.4590010"/>
   <trkpt lat="46.9397410" lon="7.4589810"/>
   <trkpt lat="46.9397650" lon="7.4589650"/>
   <trkpt lat="46.9397940" lon="7.4589470"/>
   <trkpt lat="46.9398220" lon="7.4589280"/>
   <trkpt lat="46.9398500" lon="7.4589030"/>
   <trkpt lat="46.9398770" lon="7.4588850"/>
   <trkpt lat="46.9399000" lon="7.4588670"/>
   <trkpt lat="46.9399340" lon="7.4588460"/>
   <trkpt lat="46.9399580" lon="7.4588250"/>
   <trkpt lat="46.9399910" lon="7.4588020"/>
   <trkpt lat="46.9400180" lon="7.4587860"/>
   <trkpt lat="46.9400460" lon="7.4587630"/>
   <trkpt lat="46.9400740" lon="7.4587420"/>
   <trkpt lat="46.9401000" lon="7.4587190"/>
   <trkpt lat="46.9401190" lon="7.4586900"/>
   <trkpt lat="46.9401390" lon="7.4586710"/>
   <trkpt lat="46.9401590" lon="7.4586460"/>
   <trkpt lat="46.9401760" lon="7.4586250"/>
   <trkpt lat="46.9401960" lon="7.4585930"/>
   <trkpt lat="46.9402190" lon="7.4585630"/>
   <trkpt lat="46.9402410" lon="7.4585320"/>
   <trkpt lat="46.9402650" lon="7.4584970"/>
   <trkpt lat="46.9402860" lon="7.4584600"/>
   <trkpt lat="46.9403090" lon="7.4584180"/>
   <trkpt lat="46.9403300" lon="7.4583830"/>
   <trkpt lat="46.9403530" lon="7.4583270"/>
   <trkpt lat="46.9403690" lon="7.4582840"/>
   <trkpt lat="46.9403870" lon="7.4582300"/>
   <trkpt lat="46.9404100" lon="7.4581830"/>
   <trkpt lat="46.9404250" lon="7.4581360"/>
   <trkpt lat="46.9404420" lon="7.4580820"/>
   <trkpt lat="46.9404470" lon="7.4580340"/>
   <trkpt lat="46.9404500" lon="7.4579920"/>
   <trkpt lat="46.9404510" lon="7.4579440"/>
   <trkpt lat="46.9404460" lon="7.4578840"/>
   <trkpt lat="46.9404470" lon="7.4578340"/>
   <trkpt lat="46.9404450" lon="7.4577860"/>
   <trkpt lat="46.9404470" lon="7.4577280"/>
   <trkpt lat="46.9404430" lon="7.4576860"/>
   <trkpt lat="46.9404400" lon="7.4576250"/>
   <trkpt lat="46.9404360" lon="7.4575870"/>
   <trkpt lat="46.9404340" lon="7.4575330"/>
   <trkpt lat="46.9404310" lon="7.4574950"/>
   <trkpt lat="46.9404290" lon="7.4574450"/>
   <trkpt lat="46.9404260" lon="7.4574010"/>
   <trkpt lat="46.9404160" lon="7.4573510"/>
   <trkpt lat="46.9404140" lon="7.4572950"/>
   <trkpt lat="46.9404100" lon="7.4572520"/>
   <trkpt lat="46.9404060" lon="7.4571970"/>
   <trkpt lat="46.9404050" lon="7.4571550"/>
   <trkpt lat="46.9404050" lon="7.4571100"/>
   <trkpt lat="46.9404050" lon="7.4570630"/>
   <trkpt lat="46.9404010" lon="7.4570180"/>
   <trkpt lat="46.9404010" lon="7.4569650"/>
   <trkpt lat="46.9403970" lon="7.4569250"/>
   <trkpt lat="46.9403900" lon="7.4568690"/>
   <trkpt lat="46.9403870" lon="7.4568210"/>
   <trkpt lat="46.9403790" lon="7.4567720"/>
   <trkpt lat="46.9403800" lon="7.4567240"/>
   <trkpt lat="46.9403790" lon="7.4566810"/>
   <trkpt lat="46.9403760" lon="7.4566220"/>
   <trkpt lat="46.9403720" lon="7.4565820"/>
   <trkpt lat="46.9403720" lon="7.4565300"/>
   <trkpt lat="46.9403740" lon="7.4564910"/>
   <trkpt lat="46.9403700" lon="7.4564470"/>
   <trkpt lat="46.9403730" lon="7.4564000"/>
   <trkpt lat="46.9403670" lon="7.4563560"/>
   <trkpt lat="46.9403700" lon="7.4563060"/>
   <trkpt lat="46.9403660" lon="7.4562680"/>
   <trkpt lat="46.9403650" lon="7.4562100"/>
   <trkpt lat="46.9403570" lon="7.4561710"/>
   <trkpt lat="46.9403570" lon="7.4561190"/>
   <trkpt lat="46.9403570" lon="7.4560720"/>
   <trkpt lat="46.9403540" lon="7.4560220"/>
   <trkpt lat="46.9403520" lon="7.4559620"/>
   <trkpt lat="46.9403450" lon="7.4559250"/>
   <trkpt lat="46.9403380" lon="7.4558600"/>
   <trkpt lat="46.9403300" lon="7.4558230"/>
   <trkpt lat="46.9403240" lon="7.4557640"/>
   <trkpt lat="46.9403240" lon="7.4557240"/>
   <trkpt lat="46.9403210" lon="7.4556720"/>
   <trkpt lat="46.9403220" lon="7.4556260"/>
   <trkpt lat="46.9403150" lon="7.4555830"/>
   <trkpt lat="46.9403140" lon="7.4555260"/>
   <trkpt lat="46.9403070" lon="7.4554860"/>
   <trkpt lat="46.9403080" lon="7.4554250"/>
   <trkpt lat="46.9403130" lon="7.4553830"/>
   <trkpt lat="46.9403100" lon="7.4553300"/>
   <trkpt lat="46.9403090" lon="7.4552900"/>
   <trkpt lat="46.9403060" lon="7.4552380"/>
   <trkpt lat="46.9403100" lon="7.4551900"/>
   <trkpt lat="46.9403040" lon="7.4551410"/>
   <trkpt lat="46.9403060" lon="7.4550920"/>
   <trkpt lat="46.9403040" lon="7.4550500"/>
   <trkpt lat="46.9403010" lon="7.4549960"/>
   <trkpt lat="46.9402920" lon="7.4549580"/>
   <trkpt lat="46.9402870" lon="7.4549080"/>
   <trkpt lat="46.9402880" lon="7.4548640"/>
   <trkpt lat="46.9402880" lon="7.4548130"/>
   <trkpt lat="46.9402940" lon="7.4547550"/>
   <trkpt lat="46.9402910" lon="7.4547100"/>
   <trkpt lat="46.9402940" lon="7.4546590"/>
   <trkpt lat="46.9403000" lon="7.4546220"/>
   <trkpt lat="46.9403000" lon="7.4545660"/>
   <trkpt lat="46.9403040" lon="7.4545260"/>
   <trkpt lat="46.9403070" lon="7.4544760"/>
   <trkpt lat="46.9403090" lon="7.4544280"/>
   <trkpt lat="46.9403080" lon="7.4543750"/>
   <trkpt lat="46.9403100" lon="7.4543190"/>
   <trkpt lat="46.9402980" lon="7.4542750"/>
   <trkpt lat="46.9402940" lon="7.4542210"/>
   <trkpt lat="46.9402900" lon="7.4541750"/>
   <trkpt lat="46.9402840" lon="7.4541180"/>
   <trkpt lat="46.9402820" lon="7.4540690"/>
   <trkpt lat="46.9402710" lon="7.4540160"/>
   <trkpt lat="46.9402690" lon="7.4539640"/>
   <trkpt lat="46.9402580" lon="7.4539180"/>
   <trkpt lat="46.9402560" lon="7.4538600"/>
   <trkpt lat="46.9402490" lon="7.4538140"/>
   <trkpt lat="46.9402510" lon="7.4537530"/>
   <trkpt lat="46.9402480" lon="7.4537110"/>
   <trkpt lat="46.9402440" lon="7.4536570"/>
   <trkpt lat="46.9402420" lon="7.4536130"/>
   <trkpt lat="46.9402410" lon="7.4535700"/>
   <trkpt lat="46.9402420" lon="7.4535150"/>
   <trkpt lat="46.9402390" lon="7.4534760"/>
   <trkpt lat="46.9402410" lon="7.4534190"/>
   <trkpt lat="46.9402400" lon="7.4533720"/>
   <trkpt lat="46.9402290" lon="7.4533210"/>
   <trkpt lat="46.9402170" lon="7.4532680"/>
   <trkpt lat="46.9402010" lon="7.4532290"/>
   <trkpt lat="46.9401740" lon="7.4531910"/>
   <trkpt lat="46.9401580" lon="7.4531630"/>
   <trkpt lat="46.9401250" lon="7.4531380"/>
   <trkpt lat="46.9400990" lon="7.4531190"/>
   <trkpt lat="46.9400670" lon="7.4530990"/>
   <trkpt lat="46.9400320" lon="7.4530930"/>
   <trkpt lat="46.9400000" lon="7.4530840"/>
   <trkpt lat="46.9399670" lon="7.4530700"/>
   <trkpt lat="46.9399370" lon="7.4530600"/>
   <trkpt lat="46.9399050" lon="7.4530300"/>
   <trkpt lat="46.9398830" lon="7.4530040"/>
   <trkpt lat="46.9398490" lon="7.4529670"/>
   <trkpt lat="46.9398250" lon="7.4529340"/>
   <trkpt lat="46.9397960" lon="7.4529020"/>
   <trkpt lat="46.9397700" lon="7.4528630"/>
   <trkpt lat="46.9397460" lon="7.4528310"/>
   <trkpt lat="46.9397230" lon="7.4527960"/>
   <trkpt lat="46.9397040" lon="7.4527660"/>
   <trkpt lat="46.9396780" lon="7.4527240"/>
   <trkpt lat="46.9396580" lon="7.4526920"/>
   <trkpt lat="46.9396340" lon="7.4526580"/>
   <trkpt lat="46.9396120" lon="7.4526210"/>
   <trkpt lat="46.9395930" lon="7.4525940"/>
   <trkpt lat="46.9395670" lon="7.4525520"/>
   <trkpt lat="46.9395460" lon="7.4525260"/>
   <trkpt lat="46.9395180" lon="7.4524910"/>
   <trkpt lat="46.9394950" lon="7.4524610"/>
   <trkpt lat="46.9394730" lon="7.4524260"/>
   <trkpt lat="46.9394520" lon="7.4523870"/>
   <trkpt lat="46.9394310" lon="7.4523530"/>
   <trkpt lat="46.9394100" lon="7.4523110"/>
   <trkpt lat="46.9393890" lon="7.4522790"/>
   <trkpt lat="46.9393690" lon="7.4522410"/>
   <trkpt lat="46.9393490" lon="7.4522050"/>
   <trkpt lat="46.9393260" lon="7.4521700"/>
   <trkpt lat="46.9393060" lon="7.4521350"/>
   <trkpt lat="46.9392810" lon="7.4520940"/>
   <trkpt lat="46.9392580" lon="7.4520480"/>
   <trkpt lat="46.9392370" lon="7.4520120"/>
   <trkpt lat="46.9392150" lon="7.4519700"/>
   <trkpt lat="46.9391910" lon="7.4519390"/>
   <trkpt lat="46.9391710" lon="7.4519060"/>
   <trkpt lat="46.9391480" lon="7.4518690"/>
   <trkpt lat="46.9391280" lon="7.4518370"/>
   <trkpt lat="46.9391050" lon="7.4517950"/>
   <trkpt lat="46.9390830" lon="7.4517630"/>
   <trkpt lat="46.9390570" lon="7.4517270"/>
   <trkpt lat="46.9390390" lon="7.4516850"/>
   <trkpt lat="46.9390220" lon="7.4516520"/>
   <trkpt lat="46.9390010" lon="7.4516100"/>
   <trkpt lat="46.9389850" lon="7.4515770"/>
   <trkpt lat="46.9389600" lon="7.4515380"/>
   <trkpt lat="46.9389390" lon="7.4515070"/>
   <trkpt lat="46.9389110" lon="7.4514670"/>
   <trkpt lat="46.9388940" lon="7.4514320"/>
   <trkpt lat="46.9388690" lon="7.4513980"/>
   <trkpt lat="46.9388500" lon="7.4513570"/>
   <trkpt lat="46.9388260" lon="7.4513230"/>
   <trkpt lat="46.9388060" lon="7.4512780"/>
   <trkpt lat="46.9387880" lon="7.4512450"/>
   <trkpt lat="46.9387630" lon="7.4512040"/>
   <trkpt lat="46.9387420" lon="7.4511710"/>
   <trkpt lat="46.9387210" lon="7.4511390"/>
   <trkpt lat="46.9386980" lon="7.4510980"/>
   <trkpt lat="46.9386780" lon="7.4510670"/>
   <trkpt lat="46.9386510" lon="7.4510280"/>
   <trkpt lat="46.9386310" lon="7.4509970"/>
   <trkpt lat="46.9386010" lon="7.4509610"/>
   <trkpt lat="46.9385800" lon="7.4509290"/>
   <trkpt lat="46.9385530" lon="7.4508890"/>
   <trkpt lat="46.9385270" lon="7.4508530"/>
   <trkpt lat="46.9385020" lon="7.4508230"/>
   <trkpt lat="46.9384780" lon="7.4507800"/>
   <trkpt lat="46.9384580" lon="7.4507500"/>
   <trkpt lat="46.9384300" lon="7.4507130"/>
   <trkpt lat="46.9384090" lon="7.4506860"/>
   <trkpt lat="46.9383870" lon="7.4506530"/>
   <trkpt lat="46.9383680" lon="7.4506170"/>
   <trkpt lat="46.9383510" lon="7.4505860"/>
   <trkpt lat="46.9383290" lon="7.4505490"/>
   <trkpt lat="46.9383050" lon="7.4505260"/>
   <trkpt lat="46.9382850" lon="7.4504780"/>
   <trkpt lat="46.9382660" lon="7.4504440"/>
   <trkpt lat="46.9382410" lon="7.4504060"/>
   <trkpt lat="46.9382220" lon="7.4503760"/>
   <trkpt lat="46.9382030" lon="7.4503450"/>
   <trkpt lat="46.9381910" lon="7.4503080"/>
   <trkpt lat="46.9381700" lon="7.4502830"/>
   <trkpt lat="46.9381530" lon="7.4502390"/>
   <trkpt lat="46.9381320" lon="7.4502100"/>
   <trkpt lat="46.9381040" lon="7.4501680"/>
   <trkpt lat="46.9380870" lon="7.4501380"/>
   <trkpt lat="46.9380620" lon="7.4501020"/>
   <trkpt lat="46.9380400" lon="7.4500630"/>
   <trkpt lat="46.9380150" lon="7.4500340"/>
   <trkpt lat="46.9379910" lon="7.4499910"/>
   <trkpt lat="46.9379740" lon="7.4499610"/>
   <trkpt lat="46.9379500" lon="7.4499180"/>
   <trkpt lat="46.9379380" lon="7.4498800"/>
   <trkpt lat="46.9379130" lon="7.4498480"/>
   <trkpt lat="46.9378910" lon="7.4498090"/>
   <trkpt lat="46.9378710" lon="7.4497780"/>
   <trkpt lat="46.9378480" lon="7.4497340"/>
   <trkpt lat="46.9378310" lon="7.4497050"/>
   <trkpt lat="46.9378080" lon="7.4496680"/>
   <trkpt lat="46.9377940" lon="7.4496260"/>
   <trkpt lat="46.9377760" lon="7.4495880"/>
   <trkpt lat="46.9377570" lon="7.4495410"/>
   <trkpt lat="46.9377360" lon="7.4495130"/>
   <trkpt lat="46.9377070" lon="7.4494700"/>
   <trkpt lat="46.9376870" lon="7.4494440"/>
   <trkpt lat="46.9376620" lon="7.4494120"/>
   <trkpt lat="46.9376480" lon="7.4493680"/>
   <trkpt lat="46.9376300" lon="7.4493370"/>
   <trkpt lat="46.9376060" lon="7.4492970"/>
   <trkpt lat="46.9375880" lon="7.4492760"/>
   <trkpt lat="46.9375630" lon="7.4492450"/>
   <trkpt lat="46.9375440" lon="7.4492090"/>
   <trkpt lat="46.9375250" lon="7.4491810"/>
   <trkpt lat="46.9375060" lon="7.4491350"/>
   <trkpt lat="46.9374910" lon="7.4491040"/>
   <trkpt lat="46.9374670" lon="7.4490590"/>
   <trkpt lat="46.9374560" lon="7.4490210"/>
   <trkpt lat="46.9374330" lon="7.4489830"/>
   <trkpt lat="46.9374170" lon="7.4489420"/>
   <trkpt lat="46.9373950" lon="7.4489040"/>
   <trkpt lat="46.9373750" lon="7.4488580"/>
   <trkpt lat="46.9373570" lon="7.4488260"/>
   <trkpt lat="46.9373260" lon="7.4487810"/>
   <trkpt lat="46.9373080" lon="7.4487490"/>
   <trkpt lat="46.9372840" lon="7.4487120"/>
   <trkpt lat="46.9372600" lon="7.4486770"/>
   <trkpt lat="46.9372370" lon="7.4486490"/>
   <trkpt lat="46.9372110" lon="7.4486100"/>
   <trkpt lat="46.9371880" lon="7.4485850"/>
   <trkpt lat="46.9371610" lon="7.4485450"/>
   <trkpt lat="46.9371450" lon="7.4485110"/>
   <trkpt lat="46.9371200" lon="7.4484730"/>
   <trkpt lat="46.9370970" lon="7.4484330"/>
   <trkpt lat="46.9370740" lon="7.4484040"/>
   <trkpt lat="46.9370520" lon="7.4483610"/>
   <trkpt lat="46.9370350" lon="7.4483310"/>
   <trkpt lat="46.9370120" lon="7.4482870"/>
   <trkpt lat="46.9369970" lon="7.4482570"/>
   <trkpt lat="46.9369730" lon="7.4482270"/>
   <trkpt lat="46.9369540" lon="7.4481910"/>
   <trkpt lat="46.9369340" lon="7.4481510"/>
   <trkpt lat="46.9369180" lon="7.4481020"/>
   <trkpt lat="46.9368970" lon="7.4480750"/>
   <trkpt lat="46.9368720" lon="7.4480340"/>
   <trkpt lat="46.9368500" lon="7.4480110"/>
   <trkpt lat="46.9368240" lon="7.4479770"/>
   <trkpt lat="46.9368050" lon="7.4479410"/>
   <trkpt lat="46.9367830" lon="7.4479050"/>
   <trkpt lat="46.9367640" lon="7.4478590"/>
   <trkpt lat="46.9367430" lon="7.4478330"/>
   <trkpt lat="46.9367180" lon="7.4477930"/>
   <trkpt lat="46.9366980" lon="7.4477630"/>
   <trkpt lat="46.9366790" lon="7.4477280"/>
   <trkpt lat="46.9366690" lon="7.4476880"/>
   <trkpt lat="46.9366640" lon="7.4476470"/>
   <trkpt lat="46.9366720" lon="7.4475980"/>
   <trkpt lat="46.9366800" lon="7.4475640"/>
   <trkpt lat="46.9367050" lon="7.4475280"/>
   <trkpt lat="46.9367320" lon="7.4475090"/>
   <trkpt lat="46.9367570" lon="7.4474890"/>
   <trkpt lat="46.9367800" lon="7.4474840"/>
   <trkpt lat="46.9368170" lon="7.4474790"/>
   <trkpt lat="46.9368540" lon="7.4474860"/>
   <trkpt lat="46.9368900" lon="7.4474750"/>
   <trkpt lat="46.9369240" lon="7.4474700"/>
   <trkpt lat="46.9369580" lon="7.4474670"/>
   <trkpt lat="46.9370010" lon="7.4474810"/>
   <trkpt lat="46.9370330" lon="7.4474800"/>
   <trkpt lat="46.9370790" lon="7.4474790"/>
   <trkpt lat="46.9371060" lon="7.4474740"/>
   <trkpt lat="46.9371440" lon="7.4474670"/>
   <trkpt lat="46.9371760" lon="7.4474660"/>
   <trkpt lat="46.9372100" lon="7.4474640"/>
   <trkpt lat="46.9372420" lon="7.4474680"/>
   <trkpt lat="46.9372690" lon="7.4474660"/>
   <trkpt lat="46.9373040" lon="7.4474660"/>
   <trkpt lat="46.9373320" lon="7.4474620"/>
   <trkpt lat="46.9373620" lon="7.4474630"/>
   <trkpt lat="46.9373820" lon="7.4474610"/>
   <trkpt lat="46.9374100" lon="7.4474590"/>
   <trkpt lat="46.9374280" lon="7.4474540"/>
   <trkpt lat="46.9374580" lon="7.4474510"/>
   <trkpt lat="46.9374890" lon="7.4474500"/>
   <trkpt lat="46.9375200" lon="7.4474440"/>
   <trkpt lat="46.9375470" lon="7.4474470"/>
   <trkpt lat="46.9375730" lon="7.4474470"/>
   <trkpt lat="46.9376120" lon="7.4474590"/>
   <trkpt lat="46.9376420" lon="7.4474610"/>
   <trkpt lat="46.9376840" lon="7.4474680"/>
   <trkpt lat="46.9377050" lon="7.4474710"/>
   <trkpt lat="46.9377250" lon="7.4474730"/>
   <trkpt lat="46.9377340" lon="7.4474630"/>
   <trkpt lat="46.9377490" lon="7.4474520"/>
   <trkpt lat="46.9377640" lon="7.4474450"/>
   <trkpt lat="46.9377760" lon="7.4474420"/>
   <trkpt lat="46.9377840" lon="7.4474370"/>
   <trkpt lat="46.9377970" lon="7.4474290"/>
   <trkpt lat="46.9378190" lon="7.4474280"/>
   <trkpt lat="46.9378370" lon="7.4474250"/>
   <trkpt lat="46.9378620" lon="7.4474350"/>
   <trkpt lat="46.9378840" lon="7.4474310"/>
   <trkpt lat="46.9379150" lon="7.4474210"/>
   <trkpt lat="46.9379460" lon="7.4474260"/>
   <trkpt lat="46.9379690" lon="7.4474290"/>
   <trkpt lat="46.9380080" lon="7.4474440"/>
   <trkpt lat="46.9380340" lon="7.4474430"/>
   <trkpt lat="46.9380680" lon="7.4474550"/>
   <trkpt lat="46.9380940" lon="7.4474590"/>
   <trkpt lat="46.9381280" lon="7.4474740"/>
   <trkpt lat="46.9381490" lon="7.4474790"/>
   <trkpt lat="46.9381790" lon="7.4474850"/>
   <trkpt lat="46.9382040" lon="7.4474810"/>
   <trkpt lat="46.9382370" lon="7.4474770"/>
   <trkpt lat="46.9382700" lon="7.4474770"/>
   <trkpt lat="46.9383000" lon="7.4474730"/>
   <trkpt lat="46.9383360" lon="7.4474670"/>
   <trkpt lat="46.9383620" lon="7.4474630"/>
   <trkpt lat="46.9383990" lon="7.4474680"/>
   <trkpt lat="46.9384310" lon="7.4474630"/>
   <trkpt lat="46.9384650" lon="7.4474700"/>
   <trkpt lat="46.9384880" lon="7.4474690"/>
   <trkpt lat="46.9385200" lon="7.4474780"/>
   <trkpt lat="46.9385410" lon="7.4474750"/>
   <trkpt lat="46.9385810" lon="7.4474840"/>
   <trkpt lat="46.9386100" lon="7.4474910"/>
   <trkpt lat="46.9386490" lon="7.4474900"/>
   <trkpt lat="46.9386800" lon="7.4474880"/>
   <trkpt lat="46.9387210" lon="7.4474820"/>
   <trkpt lat="46.9387560" lon="7.4474870"/>
   <trkpt lat="46.9387890" lon="7.4474830"/>
   <trkpt lat="46.9388250" lon="7.4474820"/>
   <trkpt lat="46.9388510" lon="7.4474760"/>
   <trkpt lat="46.9388840" lon="7.4474710"/>
   <trkpt lat="46.9389070" lon="7.4474610"/>
   <trkpt lat="46.9389460" lon="7.4474500"/>
   <trkpt lat="46.9389750" lon="7.4474420"/>
   <trkpt lat="46.9390130" lon="7.4474360"/>
   <trkpt lat="46.9390410" lon="7.4474380"/>
   <trkpt lat="46.9390760" lon="7.4474370"/>
   <trkpt lat="46.9391050" lon="7.4474410"/>
   <trkpt lat="46.9391400" lon="7.4474390"/>
   <trkpt lat="46.9391720" lon="7.4474390"/>
   <trkpt lat="46.9392020" lon="7.4474260"/>
   <trkpt lat="46.9392350" lon="7.4474240"/>
   <trkpt lat="46.9392630" lon="7.4474160"/>
   <trkpt lat="46.9393000" lon="7.4474180"/>
   <trkpt lat="46.9393310" lon="7.4474180"/>
   <trkpt lat="46.9393640" lon="7.4474220"/>
   <trkpt lat="46.9393940" lon="7.4474170"/>
   <trkpt lat="46.9394290" lon="7.4474150"/>
   <trkpt lat="46.9394580" lon="7.4474120"/>
   <trkpt lat="46.9394900" lon="7.4474160"/>
   <trkpt lat="46.9395140" lon="7.4474200"/>
   <trkpt lat="46.9395420" lon="7.4474190"/>
   <trkpt lat="46.9395760" lon="7.4474240"/>
   <trkpt lat="46.9396080" lon="7.4474110"/>
   <trkpt lat="46.9396410" lon="7.4474210"/>
   <trkpt lat="46.9396720" lon="7.4474180"/>
   <trkpt lat="46.9397070" lon="7.4474220"/>
   <trkpt lat="46.9397260" lon="7.4474150"/>
   <trkpt lat="46.9397650" lon="7.4474160"/>
   <trkpt lat="46.9397900" lon="7.4474080"/>
   <trkpt lat="46.9398240" lon="7.4474060"/>
   <trkpt lat="46.9398530" lon="7.4474090"/>
   <trkpt lat="46.9398880" lon="7.4474020"/>
   <trkpt lat="46.9399170" lon="7.4474150"/>
   <trkpt lat="46.9399390" lon="7.4474110"/>
   <trkpt lat="46.9399700" lon="7.4473910"/>
   <trkpt lat="46.9399810" lon="7.4473620"/>
   <trkpt lat="46.9399930" lon="7.4473130"/>
   <trkpt lat="46.9399950" lon="7.4472770"/>
   <trkpt lat="46.9399920" lon="7.4472260"/>
   <trkpt lat="46.9399860" lon="7.4471830"/>
   <trkpt lat="46.9399790" lon="7.4471350"/>
   <trkpt lat="46.9399800" lon="7.4470800"/>
   <trkpt lat="46.9399760" lon="7.4470370"/>
   <trkpt lat="46.9399770" lon="7.4469820"/>
   <trkpt lat="46.9399690" lon="7.4469450"/>
   <trkpt lat="46.9399650" lon="7.4468880"/>
   <trkpt lat="46.9399610" lon="7.4468390"/>
   <trkpt lat="46.9399570" lon="7.4467870"/>
   <trkpt lat="46.9399550" lon="7.4467460"/>
   <trkpt lat="46.9399490" lon="7.4466990"/>
   <trkpt lat="46.9399510" lon="7.4466510"/>
   <trkpt lat="46.9399450" lon="7.4466070"/>
   <trkpt lat="46.9399410" lon="7.4465490"/>
   <trkpt lat="46.9399340" lon="7.4465120"/>
   <trkpt lat="46.9399320" lon="7.4464550"/>
   <trkpt lat="46.9399300" lon="7.4464150"/>
   <trkpt lat="46.9399280" lon="7.4463620"/>
   <trkpt lat="46.9399240" lon="7.4463210"/>
   <trkpt lat="46.9399180" lon="7.4462700"/>
   <trkpt lat="46.9399210" lon="7.4462190"/>
   <trkpt lat="46.9399130" lon="7.4461750"/>
   <trkpt lat="46.9399160" lon="7.4461230"/>
   <trkpt lat="46.9399100" lon="7.4460840"/>
   <trkpt lat="46.9399100" lon="7.4460280"/>
   <trkpt lat="46.9399040" lon="7.4459940"/>
   <trkpt lat="46.9399010" lon="7.4459400"/>
   <trkpt lat="46.9399000" lon="7.4458990"/>
   <trkpt lat="46.9398940" lon="7.4458490"/>
   <trkpt lat="46.9399020" lon="7.4458030"/>
   <trkpt lat="46.9399010" lon="7.4457620"/>
   <trkpt lat="46.9399080" lon="7.4457130"/>
   <trkpt lat="46.9399010" lon="7.4456760"/>
   <trkpt lat="46.9399010" lon="7.4456190"/>
   <trkpt lat="46.9398950" lon="7.4455860"/>
   <trkpt lat="46.9398920" lon="7.4455320"/>
   <trkpt lat="46.9398890" lon="7.4454840"/>
   <trkpt lat="46.9398870" lon="7.4454290"/>
   <trkpt lat="46.9398860" lon="7.4453830"/>
   <trkpt lat="46.9398780" lon="7.4453400"/>
   <trkpt lat="46.9398830" lon="7.4452870"/>
   <trkpt lat="46.9398770" lon="7.4452460"/>
   <trkpt lat="46.9398810" lon="7.4451900"/>
   <trkpt lat="46.9398740" lon="7.4451540"/>
   <trkpt lat="46.9398740" lon="7.4451000"/>
   <trkpt lat="46.9398680" lon="7.4450510"/>
   <trkpt lat="46.9398650" lon="7.4450020"/>
   <trkpt lat="46.9398610" lon="7.4449570"/>
   <trkpt lat="46.9398600" lon="7.4449150"/>
   <trkpt lat="46.9398610" lon="7.4448730"/>
   <trkpt lat="46.9398600" lon="7.4448290"/>
   <trkpt lat="46.9398630" lon="7.4447780"/>
   <trkpt lat="46.9398570" lon="7.4447400"/>
   <trkpt lat="46.9398590" lon="7.4446880"/>
   <trkpt lat="46.9398540" lon="7.4446510"/>
   <trkpt lat="46.9398540" lon="7.4445970"/>
   <trkpt lat="46.9398500" lon="7.4445570"/>
   <trkpt lat="46.9398460" lon="7.4445050"/>
   <trkpt lat="46.9398510" lon="7.4444620"/>
   <trkpt lat="46.9398470" lon="7.4444120"/>
   <trkpt lat="46.9398440" lon="7.4443590"/>
   <trkpt lat="46.9398420" lon="7.4443230"/>
   <trkpt lat="46.9398390" lon="7.4442710"/>
   <trkpt lat="46.9398390" lon="7.4442390"/>
   <trkpt lat="46.9398410" lon="7.4441900"/>
   <trkpt lat="46.9398410" lon="7.4441480"/>
   <trkpt lat="46.9398380" lon="7.4440940"/>
   <trkpt lat="46.9398370" lon="7.4440460"/>
   <trkpt lat="46.9398310" lon="7.4440000"/>
   <trkpt lat="46.9398280" lon="7.4439480"/>
   <trkpt lat="46.9398280" lon="7.4439100"/>
   <trkpt lat="46.9398310" lon="7.4438580"/>
   <trkpt lat="46.9398290" lon="7.4438190"/>
   <trkpt lat="46.9398330" lon="7.4437660"/>
   <trkpt lat="46.9398290" lon="7.4437230"/>
   <trkpt lat="46.9398230" lon="7.4436760"/>
   <trkpt lat="46.9398280" lon="7.4436250"/>
   <trkpt lat="46.9398240" lon="7.4435810"/>
   <trkpt lat="46.9398230" lon="7.4435290"/>
   <trkpt lat="46.9398130" lon="7.4434900"/>
   <trkpt lat="46.9398080" lon="7.4434390"/>
   <trkpt lat="46.9398070" lon="7.4433950"/>
   <trkpt lat="46.9398030" lon="7.4433450"/>
   <trkpt lat="46.9398080" lon="7.4433010"/>
   <trkpt lat="46.9398080" lon="7.4432540"/>
   <trkpt lat="46.9398120" lon="7.4432010"/>
   <trkpt lat="46.9398090" lon="7.4431580"/>
   <trkpt lat="46.9398080" lon="7.4431050"/>
   <trkpt lat="46.9398000" lon="7.4430700"/>
   <trkpt lat="46.9398030" lon="7.4430170"/>
   <trkpt lat="46.9398010" lon="7.4429800"/>
   <trkpt lat="46.9398060" lon="7.4429370"/>
   <trkpt lat="46.9398130" lon="7.4428900"/>
   <trkpt lat="46.9398110" lon="7.4428460"/>
   <trkpt lat="46.9398110" lon="7.4427940"/>
   <trkpt lat="46.9398060" lon="7.4427440"/>
   <trkpt lat="46.9398050" lon="7.4426920"/>
   <trkpt lat="46.9397990" lon="7.4426590"/>
   <trkpt lat="46.9397970" lon="7.4426050"/>
   <trkpt lat="46.9397990" lon="7.4425630"/>
   <trkpt lat="46.9397960" lon="7.4425120"/>
   <trkpt lat="46.9398000" lon="7.4424650"/>
   <trkpt lat="46.9397970" lon="7.4424150"/>
   <trkpt lat="46.9397980" lon="7.4423630"/>
   <trkpt lat="46.9397920" lon="7.4423240"/>
   <trkpt lat="46.9397950" lon="7.4422700"/>
   <trkpt lat="46.9397920" lon="7.4422410"/>
   <trkpt lat="46.9397880" lon="7.4421880"/>
   <trkpt lat="46.9397850" lon="7.4421500"/>
   <trkpt lat="46.9397810" lon="7.4420980"/>
   <trkpt lat="46.9397820" lon="7.4420510"/>
   <trkpt lat="46.9397750" lon="7.4420060"/>
   <trkpt lat="46.9397720" lon="7.4419520"/>
   <trkpt lat="46.9397650" lon="7.4419160"/>
   <trkpt lat="46.9397630" lon="7.4418570"/>
   <trkpt lat="46.9397610" lon="7.4418280"/>
   <trkpt lat="46.9397580" lon="7.4417710"/>
   <trkpt lat="46.9397570" lon="7.4417310"/>
   <trkpt lat="46.9397530" lon="7.4416830"/>
   <trkpt lat="46.9397540" lon="7.4416340"/>
   <trkpt lat="46.9397490" lon="7.4415890"/>
   <trkpt lat="46.9397480" lon="7.4415350"/>
   <trkpt lat="46.9397400" lon="7.4415030"/>
   <trkpt lat="46.9397390" lon="7.4414490"/>
   <trkpt lat="46.9397330" lon="7.4414090"/>
   <trkpt lat="46.9397280" lon="7.4413600"/>
   <trkpt lat="46.9397250" lon="7.4413080"/>
   <trkpt lat="46.9397240" lon="7.4412570"/>
   <trkpt lat="46.9397250" lon="7.4412100"/>
   <trkpt lat="46.9397170" lon="7.4411670"/>
   <trkpt lat="46.9397270" lon="7.4411120"/>
   <trkpt lat="46.9397220" lon="7.4410780"/>
   <trkpt lat="46.9397230" lon="7.4410250"/>
   <trkpt lat="46.9397240" lon="7.4409830"/>
   <trkpt lat="46.9397200" lon="7.4409370"/>
   <trkpt lat="46.9397210" lon="7.4408940"/>
   <trkpt lat="46.9397160" lon="7.4408510"/>
   <trkpt lat="46.9397140" lon="7.4407980"/>
   <trkpt lat="46.9397120" lon="7.4407660"/>
   <trkpt lat="46.9397100" lon="7.4407100"/>
   <trkpt lat="46.9397080" lon="7.4406830"/>
   <trkpt lat="46.9397090" lon="7.4406350"/>
   <trkpt lat="46.9397080" lon="7.4405980"/>
   <trkpt lat="46.9397030" lon="7.4405520"/>
   <trkpt lat="46.9397000" lon="7.4405110"/>
   <trkpt lat="46.9396940" lon="7.4404700"/>
   <trkpt lat="46.9396930" lon="7.4404170"/>
   <trkpt lat="46.9396880" lon="7.4403840"/>
   <trkpt lat="46.9396850" lon="7.4403290"/>
   <trkpt lat="46.9396880" lon="7.4402930"/>
   <trkpt lat="46.9396840" lon="7.4402400"/>
   <trkpt lat="46.9396820" lon="7.4401930"/>
   <trkpt lat="46.9396700" lon="7.4401440"/>
   <trkpt lat="46.9396560" lon="7.4400900"/>
   <trkpt lat="46.9396380" lon="7.4400480"/>
   <trkpt lat="46.9396100" lon="7.4400190"/>
   <trkpt lat="46.9395860" lon="7.4400030"/>
   <trkpt lat="46.9395510" lon="7.4399930"/>
   <trkpt lat="46.9395280" lon="7.4399920"/>
   <trkpt lat="46.9395030" lon="7.4399950"/>
   <trkpt lat="46.9394760" lon="7.4399970"/>
   <trkpt lat="46.9394510" lon="7.4400020"/>
   <trkpt lat="46.9394230" lon="7.4400070"/>
   <trkpt lat="46.9394010" lon="7.4400100"/>
   <trkpt lat="46.9393740" lon="7.4400150"/>
   <trkpt lat="46.9393450" lon="7.4400090"/>
   <trkpt lat="46.9393210" lon="7.4400100"/>
   <trkpt lat="46.9392890" lon="7.4400090"/>
   <trkpt lat="46.9392710" lon="7.4400210"/>
   <trkpt lat="46.9392400" lon="7.4400270"/>
   <trkpt lat="46.9392070" lon="7.4400310"/>
   <trkpt lat="46.9391770" lon="7.4400360"/>
   <trkpt lat="46.9391470" lon="7.4400270"/>
   <trkpt lat="46.9391240" lon="7.4400310"/>
   <trkpt lat="46.9390940" lon="7.4400260"/>
   <trkpt lat="46.9390710" lon="7.4400180"/>
   <trkpt lat="46.9390380" lon="7.4400200"/>
   <trkpt lat="46.9390060" lon="7.4400190"/>
   <trkpt lat="46.9389750" lon="7.4400230"/>
   <trkpt lat="46.9389420" lon="7.4400280"/>
   <trkpt lat="46.9389140" lon="7.4400370"/>
   <trkpt lat="46.9388790" lon="7.4400350"/>
   <trkpt lat="46.9388540" lon="7.4400320"/>
   <trkpt lat="46.9388100" lon="7.4400280"/>
   <trkpt lat="46.9387820" lon="7.4400200"/>
   <trkpt lat="46.9387450" lon="7.4400130"/>
   <trkpt lat="46.9387110" lon="7.4400070"/>
   <trkpt lat="46.9386830" lon="7.4400120"/>
   <trkpt lat="46.9386510" lon="7.4400120"/>
   <trkpt lat="46.9386260" lon="7.4400180"/>
   <trkpt lat="46.9385930" lon="7.4400220"/>
   <trkpt lat="46.9385620" lon="7.4400260"/>
   <trkpt lat="46.9385290" lon="7.4400290"/>
   <trkpt lat="46.9384960" lon="7.4400270"/>
   <trkpt lat="46.9384680" lon="7.4400370"/>
   <trkpt lat="46.9384310" lon="7.4400350"/>
   <trkpt lat="46.9384060" lon="7.4400440"/>
   <trkpt lat="46.9383690" lon="7.4400490"/>
   <trkpt lat="46.9383410" lon="7.4400430"/>
   <trkpt lat="46.9383080" lon="7.4400460"/>
   <trkpt lat="46.9382780" lon="7.4400440"/>
   <trkpt lat="46.9382550" lon="7.4400570"/>
   <trkpt lat="46.9382220" lon="7.4400530"/>
   <trkpt lat="46.9381970" lon="7.4400560"/>
   <trkpt lat="46.9381610" lon="7.4400450"/>
   <trkpt lat="46.9381390" lon="7.4400360"/>
   <trkpt lat="46.9381030" lon="7.4400290"/>
   <trkpt lat="46.9380770" lon="7.4400280"/>
   <trkpt lat="46.9380440" lon="7.4400300"/>
   <trkpt lat="46.9380160" lon="7.4400150"/>
   <trkpt lat="46.9379830" lon="7.4400020"/>
   <trkpt lat="46.9379530" lon="7.4399840"/>
   <trkpt lat="46.9379250" lon="7.4399740"/>
   <trkpt lat="46.9378860" lon="7.4399620"/>
   <trkpt lat="46.9378590" lon="7.4399590"/>
   <trkpt lat="46.9378230" lon="7.4399630"/>
   <trkpt lat="46.9377920" lon="7.4399720"/>
   <trkpt lat="46.9377620" lon="7.4399860"/>
   <trkpt lat="46.9377330" lon="7.4399990"/>
   <trkpt lat="46.9377030" lon="7.4400160"/>
   <trkpt lat="46.9376650" lon="7.4400370"/>
   <trkpt lat="46.9376400" lon="7.4400570"/>
   <trkpt lat="46.9376060" lon="7.4400830"/>
   <trkpt lat="46.9375810" lon="7.4401070"/>
   <trkpt lat="46.9375520" lon="7.4401350"/>
   <trkpt lat="46.9375230" lon="7.4401660"/>
   <trkpt lat="46.9374950" lon="7.4401860"/>
   <trkpt lat="46.9374660" lon="7.4402160"/>
   <trkpt lat="46.9374400" lon="7.4402400"/>
   <trkpt lat="46.9374090" lon="7.4402650"/>
   <trkpt lat="46.9373800" lon="7.4402860"/>
   <trkpt lat="46.9373540" lon="7.4403120"/>
   <trkpt lat="46.9373240" lon="7.4403380"/>
   <trkpt lat="46.9373040" lon="7.4403580"/>
   <trkpt lat="46.9372760" lon="7.4403900"/>
   <trkpt lat="46.9372580" lon="7.4404130"/>
   <trkpt lat="46.9372330" lon="7.4404420"/>
   <trkpt lat="46.9372050" lon="7.4404620"/>
   <trkpt lat="46.9371820" lon="7.4404920"/>
   <trkpt lat="46.9371520" lon="7.4405170"/>
   <trkpt lat="46.9371270" lon="7.4405310"/>
   <trkpt lat="46.9370970" lon="7.4405540"/>
   <trkpt lat="46.9370690" lon="7.4405700"/>
   <trkpt lat="46.9370440" lon="7.4405990"/>
   <trkpt lat="46.9370180" lon="7.4406260"/>
   <trkpt lat="46.9369960" lon="7.4406410"/>
   <trkpt lat="46.9369640" lon="7.4406650"/>
   <trkpt lat="46.9369420" lon="7.4406810"/>
   <trkpt lat="46.9369130" lon="7.4407100"/>
   <trkpt lat="46.9368890" lon="7.4407320"/>
   <trkpt lat="46.9368700" lon="7.4407630"/>
   <trkpt lat="46.9368440" lon="7.4407910"/>
   <trkpt lat="46.9368280" lon="7.4408170"/>
   <trkpt lat="46.9367990" lon="7.4408550"/>
   <trkpt lat="46.9367790" lon="7.4408800"/>
   <trkpt lat="46.9367530" lon="7.4409130"/>
   <trkpt lat="46.9367320" lon="7.4409400"/>
   <trkpt lat="46.9367060" lon="7.4409650"/>
   <trkpt lat="46.9366810" lon="7.4409890"/>
   <trkpt lat="46.9366570" lon="7.4410160"/>
   <trkpt lat="46.9366280" lon="7.4410490"/>
   <trkpt lat="46.9366080" lon="7.4410760"/>
   <trkpt lat="46.9365820" lon="7.4411080"/>
   <trkpt lat="46.9365550" lon="7.4411280"/>
   <trkpt lat="46.9365270" lon="7.4411580"/>
   <trkpt lat="46.9365030" lon="7.4411810"/>
   <trkpt lat="46.9364770" lon="7.4412030"/>
   <trkpt lat="46.9364530" lon="7.4412270"/>
   <trkpt lat="46.9364350" lon="7.4412460"/>
   <trkpt lat="46.9364040" lon="7.4412770"/>
   <trkpt lat="46.9363850" lon="7.4412960"/>
   <trkpt lat="46.9363610" lon="7.4413240"/>
   <trkpt lat="46.9363320" lon="7.4413410"/>
   <trkpt lat="46.9363060" lon="7.4413550"/>
   <trkpt lat="46.9362750" lon="7.4413700"/>
   <trkpt lat="46.9362500" lon="7.4413780"/>
   <trkpt lat="46.9362330" lon="7.4413560"/>
   <trkpt lat="46.9362130" lon="7.4413370"/>
   <trkpt lat="46.9361870" lon="7.4412980"/>
   <trkpt lat="46.9361720" lon="7.4412670"/>
   <trkpt lat="46.9361510" lon="7.4412260"/>
   <trkpt lat="46.9361380" lon="7.4411900"/>
   <trkpt lat="46.9361180" lon="7.4411560"/>
   <trkpt lat="46.9361020" lon="7.4411140"/>
   <trkpt lat="46.9360840" lon="7.4410870"/>
   <trkpt lat="46.9360670" lon="7.4410470"/>
   <trkpt lat="46.9360550" lon="7.4410120"/>
   <trkpt lat="46.9360320" lon="7.4409760"/>
   <trkpt lat="46.9360170" lon="7.4409370"/>
   <trkpt lat="46.9359980" lon="7.4408990"/>
   <trkpt lat="46.9359820" lon="7.4408540"/>
   <trkpt lat="46.9359690" lon="7.4408200"/>
   <trkpt lat="46.9359520" lon="7.4407750"/>
   <trkpt lat="46.9359370" lon="7.4407410"/>
   <trkpt lat="46.9359190" lon="7.4407070"/>
   <trkpt lat="46.9359010" lon="7.4406660"/>
   <trkpt lat="46.9358850" lon="7.4406330"/>
   <trkpt lat="46.9358650" lon="7.4405870"/>
   <trkpt lat="46.9358550" lon="7.4405550"/>
   <trkpt lat="46.9358350" lon="7.4405170"/>
   <trkpt lat="46.9358210" lon="7.4404820"/>
   <trkpt lat="46.9358060" lon="7.4404430"/>
   <trkpt lat="46.9358080" lon="7.4404050"/>
   <trkpt lat="46.9358100" lon="7.4403710"/>
   <trkpt lat="46.9358370" lon="7.4403340"/>
   <trkpt lat="46.9358570" lon="7.4403090"/>
   <trkpt lat="46.9358880" lon="7.4402740"/>
   <trkpt lat="46.9359160" lon="7.4402520"/>
   <trkpt lat="46.9359430" lon="7.4402230"/>
   <trkpt lat="46.9359740" lon="7.4401990"/>
   <trkpt lat="46.9360090" lon="7.4401890"/>
   <trkpt lat="46.9360420" lon="7.4401590"/>
   <trkpt lat="46.9360630" lon="7.4401430"/>
   <trkpt lat="46.9360860" lon="7.4401250"/>
   <trkpt lat="46.9361070" lon="7.4401190"/>
   <trkpt lat="46.9361420" lon="7.4400950"/>
   <trkpt lat="46.9361650" lon="7.4400840"/>
   <trkpt lat="46.9361950" lon="7.4400620"/>
   <trkpt lat="46.9362230" lon="7.4400480"/>
   <trkpt lat="46.9362530" lon="7.4400230"/>
   <trkpt lat="46.9362860" lon="7.4400050"/>
   <trkpt lat="46.9363110" lon="7.4399950"/>
   <trkpt lat="46.9363480" lon="7.4399760"/>
   <trkpt lat="46.9363700" lon="7.4399620"/>
   <trkpt lat="46.9364020" lon="7.4399390"/>
   <trkpt lat="46.9364280" lon="7.4399180"/>
   <trkpt lat="46.9364560" lon="7.4398890"/>
   <trkpt lat="46.9364860" lon="7.4398660"/>
   <trkpt lat="46.9365130" lon="7.4398390"/>
   <trkpt lat="46.9365420" lon="7.4398170"/>
   <trkpt lat="46.9365720" lon="7.4397950"/>
   <trkpt lat="46.9366020" lon="7.4397740"/>
   <trkpt lat="46.9366280" lon="7.4397570"/>
   <trkpt lat="46.9366570" lon="7.4397360"/>
   <trkpt lat="46.9366870" lon="7.4397080"/>
   <trkpt lat="46.9367040" lon="7.4396840"/>
   <trkpt lat="46.9367360" lon="7.4396570"/>
   <trkpt lat="46.9367610" lon="7.4396490"/>
   <trkpt lat="46.9367890" lon="7.4396270"/>
   <trkpt lat="46.9368110" lon="7.4396140"/>
   <trkpt lat="46.9368370" lon="7.4395910"/>
   <trkpt lat="46.9368660" lon="7.4395710"/>
   <trkpt lat="46.9368860" lon="7.4395530"/>
   <trkpt lat="46.9369160" lon="7.4395280"/>
   <trkpt lat="46.9369410" lon="7.4395190"/>
   <trkpt lat="46.9369710" lon="7.4394950"/>
   <trkpt lat="46.9369980" lon="7.4394730"/>
   <trkpt lat="46.9370220" lon="7.4394400"/>
   <trkpt lat="46.9370560" lon="7.4394140"/>
   <trkpt lat="46.9370770" lon="7.4393940"/>
   <trkpt lat="46.9371090" lon="7.4393730"/>
   <trkpt lat="46.9371280" lon="7.4393580"/>
   <trkpt lat="46.9371640" lon="7.4393350"/>
   <trkpt lat="46.9371840" lon="7.4393090"/>
   <trkpt lat="46.9372130" lon="7.4392810"/>
   <trkpt lat="46.9372400" lon="7.4392590"/>
   <trkpt lat="46.9372680" lon="7.4392360"/>
   <trkpt lat="46.9373000" lon="7.4392170"/>
   <trkpt lat="46.9373170" lon="7.4391970"/>
   <trkpt lat="46.9373470" lon="7.4391760"/>
   <trkpt lat="46.9373680" lon="7.4391690"/>
   <trkpt lat="46.9373980" lon="7.4391450"/>
   <trkpt lat="46.9374210" lon="7.4391200"/>
   <trkpt lat="46.9374430" lon="7.4390910"/>
   <trkpt lat="46.9374690" lon="7.4390590"/>
   <trkpt lat="46.9374840" lon="7.4390380"/>
   <trkpt lat="46.9375110" lon="7.4390100"/>
   <trkpt lat="46.9375360" lon="7.4389910"/>
   <trkpt lat="46.9375660" lon="7.4389590"/>
   <trkpt lat="46.9375920" lon="7.4389320"/>
   <trkpt lat="46.9376160" lon="7.4389070"/>
   <trkpt lat="46.9376450" lon="7.4388750"/>
   <trkpt lat="46.9376660" lon="7.4388550"/>
   <trkpt lat="46.9376940" lon="7.4388300"/>
   <trkpt lat="46.9377160" lon="7.4388070"/>
   <trkpt lat="46.9377370" lon="7.4387740"/>
   <trkpt lat="46.9377610" lon="7.4387480"/>
   <trkpt lat="46.9377830" lon="7.4387270"/>
   <trkpt lat="46.9378140" lon="7.4386970"/>
   <trkpt lat="46.9378330" lon="7.4386750"/>
   <trkpt lat="46.9378580" lon="7.4386440"/>
   <trkpt lat="46.9378770" lon="7.4386220"/>
   <trkpt lat="46.9379030" lon="7.4385870"/>
   <trkpt lat="46.9379290" lon="7.4385570"/>
   <trkpt lat="46.9379510" lon="7.4385310"/>
   <trkpt lat="46.9379780" lon="7.4384950"/>
   <trkpt lat="46.9380000" lon="7.4384800"/>
   <trkpt lat="46.9380320" lon="7.4384470"/>
   <trkpt lat="46.9380470" lon="7.4384220"/>
   <trkpt lat="46.9380740" lon="7.4383920"/>
   <trkpt lat="46.9381000" lon="7.4383640"/>
   <trkpt lat="46.9381270" lon="7.4383360"/>
   <trkpt lat="46.9381530" lon="7.4383060"/>
   <trkpt lat="46.9381700" lon="7.4382800"/>
   <trkpt lat="46.9381960" lon="7.4382490"/>
   <trkpt lat="46.9382250" lon="7.4382400"/>
   <trkpt lat="46.9382540" lon="7.4382130"/>
   <trkpt lat="46.9382790" lon="7.4381960"/>
   <trkpt lat="46.9383000" lon="7.4381730"/>
   <trkpt lat="46.9383260" lon="7.4381480"/>
   <trkpt lat="46.9383430" lon="7.4381320"/>
   <trkpt lat="46.9383690" lon="7.4381050"/>
   <trkpt lat="46.9383890" lon="7.4380900"/>
   <trkpt lat="46.9384180" lon="7.4380590"/>
   <trkpt lat="46.9384450" lon="7.4380330"/>
   <trkpt lat="46.9384720" lon="7.4380040"/>
   <trkpt lat="46.9385010" lon="7.4379740"/>
   <trkpt lat="46.9385240" lon="7.4379520"/>
   <trkpt lat="46.9385540" lon="7.4379230"/>
   <trkpt lat="46.9385750" lon="7.4379100"/>
   <trkpt lat="46.9386040" lon="7.4378820"/>
   <trkpt lat="46.9386270" lon="7.4378620"/>
   <trkpt lat="46.9386460" lon="7.4378320"/>
   <trkpt lat="46.9386730" lon="7.4378080"/>
   <trkpt lat="46.9386910" lon="7.4377880"/>
   <trkpt lat="46.9387200" lon="7.4377610"/>
   <trkpt lat="46.9387410" lon="7.4377400"/>
   <trkpt lat="46.9387660" lon="7.4377120"/>
   <trkpt lat="46.9387930" lon="7.4376860"/>
   <trkpt lat="46.9388170" lon="7.4376620"/>
   <trkpt lat="46.9388430" lon="7.4376450"/>
   <trkpt lat="46.9388630" lon="7.4376330"/>
   <trkpt lat="46.9388940" lon="7.4376060"/>
   <trkpt lat="46.9389200" lon="7.4375890"/>
   <trkpt lat="46.9389460" lon="7.4375630"/>
   <trkpt lat="46.9389760" lon="7.4375360"/>
   <trkpt lat="46.9389970" lon="7.4375110"/>
   <trkpt lat="46.9390240" lon="7.4374880"/>
   <trkpt lat="46.9390490" lon="7.4374730"/>
   <trkpt lat="46.9390770" lon="7.4374560"/>
   <trkpt lat="46.9391080" lon="7.4374430"/>
   <trkpt lat="46.9391300" lon="7.4374210"/>
   <trkpt lat="46.9391610" lon="7.4374060"/>
   <trkpt lat="46.9391870" lon="7.4373920"/>
   <trkpt lat="46.9392200" lon="7.4373700"/>
   <trkpt lat="46.9392480" lon="7.4373510"/>
   <trkpt lat="46.9392730" lon="7.4373340"/>
   <trkpt lat="46.9393040" lon="7.4373140"/>
   <trkpt lat="46.9393220" lon="7.4372930"/>
   <trkpt lat="46.9393540" lon="7.4372730"/>
   <trkpt lat="46.9393690" lon="7.4372560"/>
   <trkpt lat="46.9393930" lon="7.4372330"/>
   <trkpt lat="46.9394180" lon="7.4372160"/>
   <trkpt lat="46.9394470" lon="7.4371950"/>
   <trkpt lat="46.9394760" lon="7.4371730"/>
   <trkpt lat="46.9394990" lon="7.4371480"/>
   <trkpt lat="46.9395320" lon="7.4371180"/>
   <trkpt lat="46.9395600" lon="7.4370970"/>
   <trkpt lat="46.9395880" lon="7.4370680"/>
   <trkpt lat="46.9396120" lon="7.4370320"/>
   <trkpt lat="46.9396310" lon="7.4370030"/>
   <trkpt lat="46.9396510" lon="7.4369620"/>
   <trkpt lat="46.9396640" lon="7.4369230"/>
   <trkpt lat="46.9396780" lon="7.4368860"/>
   <trkpt lat="46.9396970" lon="7.4368610"/>
   <trkpt lat="46.9397100" lon="7.4368180"/>
   <trkpt lat="46.9397230" lon="7.4367800"/>
   <trkpt lat="46.9397280" lon="7.4367460"/>
   <trkpt lat="46.9397340" lon="7.4366900"/>
   <trkpt lat="46.9397420" lon="7.4366500"/>
   <trkpt lat="46.9397520" lon="7.4366010"/>
   <trkpt lat="46.9397620" lon="7.4365600"/>
   <trkpt lat="46.9397720" lon="7.4365180"/>
   <trkpt lat="46.9397810" lon="7.4364680"/>
   <trkpt lat="46.9397840" lon="7.4364370"/>
   <trkpt lat="46.9397980" lon="7.4363910"/>
   <trkpt lat="46.9398030" lon="7.4363600"/>
   <trkpt lat="46.9398130" lon="7.4363100"/>
   <trkpt lat="46.9398270" lon="7.4362700"/>
   <trkpt lat="46.9398410" lon="7.4362250"/>
   <trkpt lat="46.9398500" lon="7.4361750"/>
   <trkpt lat="46.9398530" lon="7.4361390"/>
   <trkpt lat="46.9398760" lon="7.4360960"/>
   <trkpt lat="46.9398850" lon="7.4360610"/>
   <trkpt lat="46.9399060" lon="7.4360200"/>
   <trkpt lat="46.9399290" lon="7.4359920"/>
   <trkpt lat="46.9399520" lon="7.4359550"/>
   <trkpt lat="46.9399850" lon="7.4359430"/>
   <trkpt lat="46.9400100" lon="7.4359270"/>
   <trkpt lat="46.9400440" lon="7.4359220"/>
   <trkpt lat="46.9400740" lon="7.4359140"/>
   <trkpt lat="46.9401070" lon="7.4359060"/>
   <trkpt lat="46.9401380" lon="7.4358990"/>
   <trkpt lat="46.9401620" lon="7.4358930"/>
   <trkpt lat="46.9401960" lon="7.4359030"/>
   <trkpt lat="46.9402190" lon="7.4358990"/>
   <trkpt lat="46.9402560" lon="7.4358920"/>
   <trkpt lat="46.9402850" lon="7.4358920"/>
   <trkpt lat="46.9403160" lon="7.4358900"/>
   <trkpt lat="46.9403500" lon="7.4358910"/>
   <trkpt lat="46.9403860" lon="7.4358910"/>
   <trkpt lat="46.9404190" lon="7.4358940"/>
   <trkpt lat="46.9404420" lon="7.4358860"/>
   <trkpt lat="46.9404790" lon="7.4358840"/>
   <trkpt lat="46.9405090" lon="7.4358830"/>
   <trkpt lat="46.9405400" lon="7.4358660"/>
   <trkpt lat="46.9405720" lon="7.4358540"/>
   <trkpt lat="46.9405990" lon="7.4358340"/>
   <trkpt lat="46.9406310" lon="7.4358260"/>
   <trkpt lat="46.9406500" lon="7.4358150"/>
   <trkpt lat="46.9406800" lon="7.4358040"/>
   <trkpt lat="46.9407030" lon="7.4357940"/>
   <trkpt lat="46.9407350" lon="7.4357900"/>
   <trkpt lat="46.9407640" lon="7.4357890"/>
   <trkpt lat="46.9407970" lon="7.4357860"/>
   <trkpt lat="46.9408280" lon="7.4358020"/>
   <trkpt lat="46.9408570" lon="7.4358220"/>
   <trkpt lat="46.9408940" lon="7.4358630"/>
   <trkpt lat="46.9409200" lon="7.4358950"/>
   <trkpt lat="46.9409520" lon="7.4359350"/>
   <trkpt lat="46.9409780" lon="7.4359770"/>
   <trkpt lat="46.9410010" lon="7.4360110"/>
   <trkpt lat="46.9410240" lon="7.4360540"/>
   <trkpt lat="46.9410420" lon="7.4360890"/>
   <trkpt lat="46.9410620" lon="7.4361250"/>
   <trkpt lat="46.9410820" lon="7.4361570"/>
   <trkpt lat="46.9411030" lon="7.4361930"/>
   <trkpt lat="46.9411230" lon="7.4362330"/>
   <trkpt lat="46.9411430" lon="7.4362580"/>
   <trkpt lat="46.9411650" lon="7.4362960"/>
   <trkpt lat="46.9411840" lon="7.4363180"/>
   <trkpt lat="46.9412090" lon="7.4363550"/>
   <trkpt lat="46.9412260" lon="7.4363860"/>
   <trkpt lat="46.9412390" lon="7.4364260"/>
   <trkpt lat="46.9412560" lon="7.4364660"/>
   <trkpt lat="46.9412740" lon="7.4364890"/>
   <trkpt lat="46.9412940" lon="7.4365330"/>
   <trkpt lat="46.9413120" lon="7.4365600"/>
   <trkpt lat="46.9413330" lon="7.4366110"/>
   <trkpt lat="46.9413440" lon="7.4366500"/>
   <trkpt lat="46.9413630" lon="7.4366920"/>
   <trkpt lat="46.9413800" lon="7.4367310"/>
   <trkpt lat="46.9413980" lon="7.4367610"/>
   <trkpt lat="46.9414130" lon="7.4368000"/>
   <trkpt lat="46.9414250" lon="7.4368300"/>
   <trkpt lat="46.9414480" lon="7.4368630"/>
   <trkpt lat="46.9414710" lon="7.4368940"/>
   <trkpt lat="46.9414870" lon="7.4369310"/>
   <trkpt lat="46.9415030" lon="7.4369720"/>
   <trkpt lat="46.9415210" lon="7.4370000"/>
   <trkpt lat="46.9415410" lon="7.4370290"/>
   <trkpt lat="46.9415570" lon="7.4370570"/>
   <trkpt lat="46.9415860" lon="7.4370880"/>
   <trkpt lat="46.9416040" lon="7.4371090"/>
   <trkpt lat="46.9416290" lon="7.4371400"/>
   <trkpt lat="46.9416520" lon="7.4371640"/>
   <trkpt lat="46.9416750" lon="7.4371910"/>
   <trkpt lat="46.9416990" lon="7.4372170"/>
   <trkpt lat="46.9417230" lon="7.4372360"/>
   <trkpt lat="46.9417500" lon="7.4372560"/>
   <trkpt lat="46.9417670" lon="7.4372740"/>
   <trkpt lat="46.9417970" lon="7.4373050"/>
   <trkpt lat="46.9418190" lon="7.4373230"/>
   <trkpt lat="46.9418460" lon="7.4373420"/>
   <trkpt lat="46.9418740" lon="7.4373690"/>
   <trkpt lat="46.9418990" lon="7.4373830"/>
   <trkpt lat="46.9419310" lon="7.4374100"/>
   <trkpt lat="46.9419470" lon="7.4374320"/>
   <trkpt lat="46.9419730" lon="7.4374590"/>
   <trkpt lat="46.9419940" lon="7.4374840"/>
   <trkpt lat="46.9420190" lon="7.4374980"/>
   <trkpt lat="46.9420470" lon="7.4375200"/>
   <trkpt lat="46.9420650" lon="7.4375350"/>
   <trkpt lat="46.9420970" lon="7.4375610"/>
   <trkpt lat="46.9421140" lon="7.4375740"/>
   <trkpt lat="46.9421390" lon="7.4375880"/>
   <trkpt lat="46.9421660" lon="7.4376040"/>
   <trkpt lat="46.9421840" lon="7.4376070"/>
   <trkpt lat="46.9422070" lon="7.4376120"/>
   <trkpt lat="46.9422160" lon="7.4376120"/>
   <trkpt lat="46.9422400" lon="7.4376090"/>
   <trkpt lat="46.9422590" lon="7.4376050"/>
   <trkpt lat="46.9422770" lon="7.4375960"/>
   <trkpt lat="46.9423060" lon="7.4375840"/>
   <trkpt lat="46.9423280" lon="7.4375770"/>
   <trkpt lat="46.9423570" lon="7.4375630"/>
   <trkpt lat="46.9423830" lon="7.4375580"/>
   <trkpt lat="46.9424120" lon="7.4375490"/>
   <trkpt lat="46.9424430" lon="7.4375530"/>
   <trkpt lat="46.9424650" lon="7.4375480"/>
   <trkpt lat="46.9424990" lon="7.4375460"/>
   <trkpt lat="46.9425180" lon="7.4375410"/>
   <trkpt lat="46.9425480" lon="7.4375390"/>
   <trkpt lat="46.9425790" lon="7.4375430"/>
   <trkpt lat="46.9426040" lon="7.4375360"/>
   <trkpt lat="46.9426320" lon="7.4375370"/>
   <trkpt lat="46.9426590" lon="7.4375410"/>
   <trkpt lat="46.9426910" lon="7.4375440"/>
   <trkpt lat="46.9427180" lon="7.4375460"/>
   <trkpt lat="46.9427450" lon="7.4375390"/>
   <trkpt lat="46.9427730" lon="7.4375430"/>
   <trkpt lat="46.9428040" lon="7.4375340"/>
   <trkpt lat="46.9428360" lon="7.4375360"/>
   <trkpt lat="46.9428550" lon="7.4375320"/>
   <trkpt lat="46.9428810" lon="7.4375300"/>
   <trkpt lat="46.9429040" lon="7.4375320"/>
   <trkpt lat="46.9429320" lon="7.4375270"/>
   <trkpt lat="46.9429630" lon="7.4375240"/>
   <trkpt lat="46.9429940" lon="7.4375290"/>
   <trkpt lat="46.9430260" lon="7.4375340"/>
   <trkpt lat="46.9430520" lon="7.4375320"/>
   <trkpt lat="46.9430800" lon="7.4375370"/>
   <trkpt lat="46.9431060" lon="7.4375430"/>
   <trkpt lat="46.9431310" lon="7.4375420"/>
   <trkpt lat="46.9431590" lon="7.4375520"/>
   <trkpt lat="46.9431820" lon="7.4375600"/>
   <trkpt lat="46.9432120" lon="7.4375740"/>
   <trkpt lat="46.9432380" lon="7.4375850"/>
   <trkpt lat="46.9432610" lon="7.4375870"/>
   <trkpt lat="46.9432940" lon="7.4375970"/>
   <trkpt lat="46.9433200" lon="7.4376040"/>
   <trkpt lat="46.9433540" lon="7.4376220"/>
   <trkpt lat="46.9433800" lon="7.4376400"/>
   <trkpt lat="46.9434120" lon="7.4376560"/>
   <trkpt lat="46.9434420" lon="7.4376740"/>
   <trkpt lat="46.9434710" lon="7.4376820"/>
   <trkpt lat="46.9435060" lon="7.4377010"/>
   <trkpt lat="46.9435300" lon="7.4377110"/>
   <trkpt lat="46.9435620" lon="7.4377340"/>
   <trkpt lat="46.9435850" lon="7.4377520"/>
   <trkpt lat="46.9436150" lon="7.4377630"/>
   <trkpt lat="46.9436470" lon="7.4377830"/>
   <trkpt lat="46.9436770" lon="7.4377900"/>
   <trkpt lat="46.9437100" lon="7.4378110"/>
   <trkpt lat="46.9437300" lon="7.4378230"/>
   <trkpt lat="46.9437590" lon="7.4378380"/>
   <trkpt lat="46.9437800" lon="7.4378500"/>
   <trkpt lat="46.9438090" lon="7.4378620"/>
   <trkpt lat="46.9438390" lon="7.4378820"/>
   <trkpt lat="46.9438560" lon="7.4378910"/>
   <trkpt lat="46.9438870" lon="7.4379140"/>
   <trkpt lat="46.9439040" lon="7.4379220"/>
   <trkpt lat="46.9439350" lon="7.4379440"/>
   <trkpt lat="46.9439620" lon="7.4379620"/>
   <trkpt lat="46.9439900" lon="7.4379650"/>
   <trkpt lat="46.9440220" lon="7.4379800"/>
   <trkpt lat="46.9440460" lon="7.4379830"/>
   <trkpt lat="46.9440760" lon="7.4379950"/>
   <trkpt lat="46.9441010" lon="7.4380060"/>
   <trkpt lat="46.9441250" lon="7.4380150"/>
   <trkpt lat="46.9441530" lon="7.4380280"/>
   <trkpt lat="46.9441780" lon="7.4380330"/>
   <trkpt lat="46.9442040" lon="7.4380480"/>
   <trkpt lat="46.9442260" lon="7.4380540"/>
   <trkpt lat="46.9442560" lon="7.4380690"/>
   <trkpt lat="46.9442800" lon="7.4380870"/>
   <trkpt lat="46.9443100" lon="7.4381040"/>
   <trkpt lat="46.9443340" lon="7.4381060"/>
   <trkpt lat="46.9443610" lon="7.4380940"/>
   <trkpt lat="46.9443790" lon="7.4380980"/>
   <trkpt lat="46.9444090" lon="7.4381040"/>
   <trkpt lat="46.9444350" lon="7.4381200"/>
   <trkpt lat="46.9444540" lon="7.4381230"/>
   <trkpt lat="46.9444670" lon="7.4381230"/>
   <trkpt lat="46.9444780" lon="7.4381280"/>
   <trkpt lat="46.9445060" lon="7.4381390"/>
   <trkpt lat="46.9445290" lon="7.4381440"/>
   <trkpt lat="46.9445630" lon="7.4381650"/>
   <trkpt lat="46.9445880" lon="7.4381830"/>
   <trkpt lat="46.9446160" lon="7.4381920"/>
   <trkpt lat="46.9446490" lon="7.4382140"/>
   <trkpt lat="46.9446730" lon="7.4382200"/>
   <trkpt lat="46.9447030" lon="7.4382390"/>
   <trkpt lat="46.9447250" lon="7.4382480"/>
   <trkpt lat="46.9447550" lon="7.4382650"/>
   <trkpt lat="46.9447790" lon="7.4382710"/>
   <trkpt lat="46.9448050" lon="7.4382820"/>
   <trkpt lat="46.9448290" lon="7.4383000"/>
   <trkpt lat="46.9448560" lon="7.4383100"/>
   <trkpt lat="46.9448880" lon="7.4383230"/>
   <trkpt lat="46.9449150" lon="7.4383460"/>
   <trkpt lat="46.9449470" lon="7.4383670"/>
   <trkpt lat="46.9449690" lon="7.4383800"/>
   <trkpt lat="46.9450020" lon="7.4384010"/>
   <trkpt lat="46.9450300" lon="7.4384180"/>
   <trkpt lat="46.9450550" lon="7.4384290"/>
   <trkpt lat="46.9450890" lon="7.4384560"/>
   <trkpt lat="46.9451080" lon="7.4384810"/>
   <trkpt lat="46.9451370" lon="7.4385210"/>
   <trkpt lat="46.9451520" lon="7.4385420"/>
   <trkpt lat="46.9451810" lon="7.4385760"/>
   <trkpt lat="46.9451980" lon="7.4386070"/>
   <trkpt lat="46.9452250" lon="7.4386260"/>
   <trkpt lat="46.9452530" lon="7.4386580"/>
   <trkpt lat="46.9452740" lon="7.4386780"/>
   <trkpt lat="46.9453020" lon="7.4387200"/>
   <trkpt lat="46.9453170" lon="7.4387390"/>
   <trkpt lat="46.9453420" lon="7.4387750"/>
   <trkpt lat="46.9453590" lon="7.4388040"/>
   <trkpt lat="46.9453860" lon="7.4388280"/>
   <trkpt lat="46.9454080" lon="7.4388630"/>
   <trkpt lat="46.9454190" lon="7.4388910"/>
   <trkpt lat="46.9454370" lon="7.4389340"/>
   <trkpt lat="46.9454500" lon="7.4389640"/>
   <trkpt lat="46.9454650" lon="7.4390050"/>
   <trkpt lat="46.9454800" lon="7.4390370"/>
   <trkpt lat="46.9454980" lon="7.4390690"/>
   <trkpt lat="46.9455140" lon="7.4391010"/>
   <trkpt lat="46.9455320" lon="7.4391230"/>
   <trkpt lat="46.9455520" lon="7.4391530"/>
   <trkpt lat="46.9455700" lon="7.4391690"/>
   <trkpt lat="46.9455960" lon="7.4391890"/>
   <trkpt lat="46.9456110" lon="7.4392120"/>
   <trkpt lat="46.9456270" lon="7.4392340"/>
   <trkpt lat="46.9456460" lon="7.4392630"/>
   <trkpt lat="46.9456650" lon="7.4392840"/>
   <trkpt lat="46.9456850" lon="7.4392940"/>
   <trkpt lat="46.9457060" lon="7.4393150"/>
   <trkpt lat="46.9457250" lon="7.4393170"/>
   <trkpt lat="46.9457590" lon="7.4393030"/>
   <trkpt lat="46.9457940" lon="7.4392930"/>
   <trkpt lat="46.9458250" lon="7.4392840"/>
   <trkpt lat="46.9458440" lon="7.4392770"/>
   <trkpt lat="46.9458740" lon="7.4392660"/>
   <trkpt lat="46.9459000" lon="7.4392590"/>
   <trkpt lat="46.9459250" lon="7.4392520"/>
   <trkpt lat="46.9459510" lon="7.4392400"/>
   <trkpt lat="46.9459680" lon="7.4392470"/>
   <trkpt lat="46.9459940" lon="7.4392420"/>
   <trkpt lat="46.9460220" lon="7.4392530"/>
   <trkpt lat="46.9460550" lon="7.4392650"/>
   <trkpt lat="46.9460810" lon="7.4392870"/>
   <trkpt lat="46.9461030" lon="7.4393060"/>
   <trkpt lat="46.9461180" lon="7.4393460"/>
   <trkpt lat="46.9461340" lon="7.4393780"/>
   <trkpt lat="46.9461510" lon="7.4394240"/>
   <trkpt lat="46.9461630" lon="7.4394660"/>
   <trkpt lat="46.9461780" lon="7.4395070"/>
   <trkpt lat="46.9461890" lon="7.4395560"/>
   <trkpt lat="46.9462000" lon="7.4395930"/>
   <trkpt lat="46.9462090" lon="7.4396420"/>
   <trkpt lat="46.9462140" lon="7.4396760"/>
   <trkpt lat="46.9462180" lon="7.4397200"/>
   <trkpt lat="46.9462220" lon="7.4397610"/>
   <trkpt lat="46.9462340" lon="7.4398070"/>
   <trkpt lat="46.9462400" lon="7.4398560"/>
   <trkpt lat="46.9462470" lon="7.4398910"/>
   <trkpt lat="46.9462490" lon="7.4399350"/>
   <trkpt lat="46.9462550" lon="7.4399780"/>
   <trkpt lat="46.9462630" lon="7.4400220"/>
   <trkpt lat="46.9462700" lon="7.4400580"/>
   <trkpt lat="46.9462780" lon="7.4400940"/>
   <trkpt lat="46.9462880" lon="7.4401430"/>
   <trkpt lat="46.9462940" lon="7.4401770"/>
   <trkpt lat="46.9463010" lon="7.4402280"/>
   <trkpt lat="46.9463080" lon="7.4402650"/>
   <trkpt lat="46.9463150" lon="7.4403070"/>
   <trkpt lat="46.9463200" lon="7.4403420"/>
   <trkpt lat="46.9463300" lon="7.4403830"/>
   <trkpt lat="46.9463350" lon="7.4404280"/>
   <trkpt lat="46.9463430" lon="7.4404620"/>
   <trkpt lat="46.9463490" lon="7.4405130"/>
   <trkpt lat="46.9463550" lon="7.4405480"/>
   <trkpt lat="46.9463610" lon="7.4405930"/>
   <trkpt lat="46.9463660" lon="7.4406340"/>
   <trkpt lat="46.9463790" lon="7.4406840"/>
   <trkpt lat="46.9463880" lon="7.4407360"/>
   <trkpt lat="46.9463950" lon="7.4407740"/>
   <trkpt lat="46.9464040" lon="7.4408230"/>
   <trkpt lat="46.9464090" lon="7.4408640"/>
   <trkpt lat="46.9464190" lon="7.4409150"/>
   <trkpt lat="46.9464260" lon="7.4409540"/>
   <trkpt lat="46.9464360" lon="7.4409910"/>
   <trkpt lat="46.9464420" lon="7.4410350"/>
   <trkpt lat="46.9464550" lon="7.4410730"/>
   <trkpt lat="46.9464610" lon="7.4411120"/>
   <trkpt lat="46.9464740" lon="7.4411520"/>
   <trkpt lat="46.9464870" lon="7.4411990"/>
   <trkpt lat="46.9464920" lon="7.4412300"/>
   <trkpt lat="46.9464980" lon="7.4412740"/>
   <trkpt lat="46.9465020" lon="7.4413140"/>
   <trkpt lat="46.9465120" lon="7.4413640"/>
   <trkpt lat="46.9465200" lon="7.4414120"/>
   <trkpt lat="46.9465300" lon="7.4414510"/>
   <trkpt lat="46.9465350" lon="7.4414940"/>
   <trkpt lat="46.9465430" lon="7.4415350"/>
   <trkpt lat="46.9465530" lon="7.4415800"/>
   <trkpt lat="46.9465590" lon="7.4416210"/>
   <trkpt lat="46.9465610" lon="7.4416770"/>
   <trkpt lat="46.9465680" lon="7.4417190"/>
   <trkpt lat="46.9465780" lon="7.4417790"/>
   <trkpt lat="46.9465850" lon="7.4418220"/>
   <trkpt lat="46.9465970" lon="7.4418710"/>
   <trkpt lat="46.9466040" lon="7.4419150"/>
   <trkpt lat="46.9466150" lon="7.4419610"/>
   <trkpt lat="46.9466220" lon="7.4420040"/>
   <trkpt lat="46.9466330" lon="7.4420370"/>
   <trkpt lat="46.9466360" lon="7.4420840"/>
   <trkpt lat="46.9466450" lon="7.4421200"/>
   <trkpt lat="46.9466560" lon="7.4421690"/>
   <trkpt lat="46.9466630" lon="7.4422140"/>
   <trkpt lat="46.9466710" lon="7.4422520"/>
   <trkpt lat="46.9466810" lon="7.4422970"/>
   <trkpt lat="46.9466930" lon="7.4423310"/>
   <trkpt lat="46.9467000" lon="7.4423820"/>
   <trkpt lat="46.9467110" lon="7.4424250"/>
   <trkpt lat="46.9467230" lon="7.4424710"/>
   <trkpt lat="46.9467300" lon="7.4425150"/>
   <trkpt lat="46.9467400" lon="7.4425510"/>
   <trkpt lat="46.9467450" lon="7.4426000"/>
   <trkpt lat="46.9467520" lon="7.4426310"/>
   <trkpt lat="46.9467600" lon="7.4426760"/>
   <trkpt lat="46.9467620" lon="7.4427130"/>
   <trkpt lat="46.9467680" lon="7.4427590"/>
   <trkpt lat="46.9467710" lon="7.4428020"/>
   <trkpt lat="46.9467790" lon="7.4428420"/>
   <trkpt lat="46.9467880" lon="7.4428880"/>
   <trkpt lat="46.9467920" lon="7.4429300"/>
   <trkpt lat="46.9468010" lon="7.4429780"/>
   <trkpt lat="46.9468100" lon="7.4430090"/>
   <trkpt lat="46.9468180" lon="7.4430520"/>
   <trkpt lat="46.9468290" lon="7.4430960"/>
   <trkpt lat="46.9468400" lon="7.4431400"/>
   <trkpt lat="46.9468520" lon="7.4431860"/>
   <trkpt lat="46.9468630" lon="7.4432240"/>
   <trkpt lat="46.9468740" lon="7.4432750"/>
   <trkpt lat="46.9468830" lon="7.4433120"/>
   <trkpt lat="46.9468940" lon="7.4433610"/>
   <trkpt lat="46.9469010" lon="7.4434020"/>
   <trkpt lat="46.9469090" lon="7.4434490"/>
   <trkpt lat="46.9469210" lon="7.4435020"/>
   <trkpt lat="46.9469310" lon="7.4435420"/>
   <trkpt lat="46.9469410" lon="7.4435920"/>
   <trkpt lat="46.9469470" lon="7.4436320"/>
   <trkpt lat="46.9469670" lon="7.4436830"/>
   <trkpt lat="46.9469780" lon="7.4437260"/>
   <trkpt lat="46.9469960" lon="7.4437630"/>
   <trkpt lat="46.9470150" lon="7.4438070"/>
   <trkpt lat="46.9470350" lon="7.4438370"/>
   <trkpt lat="46.9470560" lon="7.4438770"/>
   <trkpt lat="46.9470680" lon="7.4439150"/>
   <trkpt lat="46.9470890" lon="7.4439620"/>
   <trkpt lat="46.9470970" lon="7.4439920"/>
   <trkpt lat="46.9471190" lon="7.4440320"/>
   <trkpt lat="46.9471320" lon="7.4440740"/>
   <trkpt lat="46.9471460" lon="7.4441090"/>
   <trkpt lat="46.9471610" lon="7.4441560"/>
   <trkpt lat="46.9471790" lon="7.4441860"/>
   <trkpt lat="46.9471970" lon="7.4442310"/>
   <trkpt lat="46.9472070" lon="7.4442580"/>
   <trkpt lat="46.9472210" lon="7.4442910"/>
   <trkpt lat="46.9472280" lon="7.4443230"/>
   <trkpt lat="46.9472440" lon="7.4443470"/>
   <trkpt lat="46.9472480" lon="7.4443870"/>
   <trkpt lat="46.9472570" lon="7.4444150"/>
   <trkpt lat="46.9472680" lon="7.4444540"/>
   <trkpt lat="46.9472770" lon="7.4444880"/>
   <trkpt lat="46.9472890" lon="7.4445240"/>
   <trkpt lat="46.9473000" lon="7.4445660"/>
   <trkpt lat="46.9473140" lon="7.4445920"/>
   <trkpt lat="46.9473290" lon="7.4446290"/>
   <trkpt lat="46.9473370" lon="7.4446650"/>
   <trkpt lat="46.9473450" lon="7.4447020"/>
   <trkpt lat="46.9473530" lon="7.4447420"/>
   <trkpt lat="46.9473620" lon="7.4447810"/>
   <trkpt lat="46.9473700" lon="7.4448290"/>
   <trkpt lat="46.9473760" lon="7.4448680"/>
   <trkpt lat="46.9473750" lon="7.4449180"/>
   <trkpt lat="46.9473780" lon="7.4449540"/>
   <trkpt lat="46.9473840" lon="7.4449970"/>
   <trkpt lat="46.9473950" lon="7.4450460"/>
   <trkpt lat="46.9474030" lon="7.4451040"/>
   <trkpt lat="46.9474080" lon="7.4451610"/>
   <trkpt lat="46.9474110" lon="7.4452120"/>
   <trkpt lat="46.9474200" lon="7.4452650"/>
   <trkpt lat="46.9474210" lon="7.4453050"/>
   <trkpt lat="46.9474190" lon="7.4453640"/>
   <trkpt lat="46.9474060" lon="7.4454120"/>
   <trkpt lat="46.9474020" lon="7.4454700"/>
   <trkpt lat="46.9473990" lon="7.4455190"/>
   <trkpt lat="46.9473890" lon="7.4455710"/>
   <trkpt lat="46.9473880" lon="7.4456210"/>
   <trkpt lat="46.9473840" lon="7.4456700"/>
   <trkpt lat="46.9473780" lon="7.4457230"/>
   <trkpt lat="46.9473740" lon="7.4457600"/>
   <trkpt lat="46.9473700" lon="7.4458100"/>
   <trkpt lat="46.9473680" lon="7.4458440"/>
   <trkpt lat="46.9473690" lon="7.4458890"/>
   <trkpt lat="46.9473690" lon="7.4459390"/>
   <trkpt lat="46.9473770" lon="7.4459810"/>
   <trkpt lat="46.9473790" lon="7.4460330"/>
   <trkpt lat="46.9473740" lon="7.4460670"/>
   <trkpt lat="46.9473730" lon="7.4461250"/>
   <trkpt lat="46.9473710" lon="7.4461770"/>
   <trkpt lat="46.9473760" lon="7.4462250"/>
   <trkpt lat="46.9473780" lon="7.4462700"/>
   <trkpt lat="46.9473770" lon="7.4463130"/>
   <trkpt lat="46.9473740" lon="7.4463560"/>
   <trkpt lat="46.9473640" lon="7.4463930"/>
   <trkpt lat="46.9473600" lon="7.4464420"/>
   <trkpt lat="46.9473470" lon="7.4464780"/>
   <trkpt lat="46.9473430" lon="7.4465120"/>
   <trkpt lat="46.9473330" lon="7.4465540"/>
   <trkpt lat="46.9473350" lon="7.4465900"/>
   <trkpt lat="46.9473350" lon="7.4466410"/>
   <trkpt lat="46.9473430" lon="7.4466810"/>
   <trkpt lat="46.9473430" lon="7.4467350"/>
   <trkpt lat="46.9473510" lon="7.4467780"/>
   <trkpt lat="46.9473520" lon="7.4468250"/>
   <trkpt lat="46.9473560" lon="7.4468750"/>
   <trkpt lat="46.9473530" lon="7.4469190"/>
   <trkpt lat="46.9473560" lon="7.4469750"/>
   <trkpt lat="46.9473600" lon="7.4470160"/>
   <trkpt lat="46.9473660" lon="7.4470730"/>
   <trkpt lat="46.9473680" lon="7.4471120"/>
   <trkpt lat="46.9473740" lon="7.4471710"/>
   <trkpt lat="46.9473700" lon="7.4472180"/>
   <trkpt lat="46.9473730" lon="7.4472710"/>
   <trkpt lat="46.9473670" lon="7.4473220"/>
   <trkpt lat="46.9473640" lon="7.4473630"/>
   <trkpt lat="46.9473670" lon="7.4474190"/>
   <trkpt lat="46.9473640" lon="7.4474520"/>
   <trkpt lat="46.9473560" lon="7.4474940"/>
   <trkpt lat="46.9473470" lon="7.4475360"/>
   <trkpt lat="46.9473420" lon="7.4475720"/>
   <trkpt lat="46.9473320" lon="7.4476130"/>
   <trkpt lat="46.9473260" lon="7.4476470"/>
   <trkpt lat="46.9473160" lon="7.4476900"/>
   <trkpt lat="46.9473150" lon="7.4477350"/>
   <trkpt lat="46.9473050" lon="7.4477930"/>
   <trkpt lat="46.9473000" lon="7.4478390"/>
   <trkpt lat="46.9472910" lon="7.4478910"/>
   <trkpt lat="46.9472820" lon="7.4479380"/>
   <trkpt lat="46.9472780" lon="7.4479820"/>
   <trkpt lat="46.9472570" lon="7.4480200"/>
   <trkpt lat="46.9472450" lon="7.4480530"/>
   <trkpt lat="46.9472260" lon="7.4480850"/>
   <trkpt lat="46.9472110" lon="7.4481220"/>
   <trkpt lat="46.9471970" lon="7.4481560"/>
   <trkpt lat="46.9471830" lon="7.4481930"/>
   <trkpt lat="46.9471770" lon="7.4482230"/>
   <trkpt lat="46.9471680" lon="7.4482640"/>
   <trkpt lat="46.9471630" lon="7.4482970"/>
   <trkpt lat="46.9471580" lon="7.4483470"/>
   <trkpt lat="46.9471560" lon="7.4483940"/>
   <trkpt lat="46.9471520" lon="7.4484450"/>
   <trkpt lat="46.9471550" lon="7.4484960"/>
   <trkpt lat="46.9471560" lon="7.4485440"/>
   <trkpt lat="46.9471580" lon="7.4485910"/>
   <trkpt lat="46.9471560" lon="7.4486330"/>
   <trkpt lat="46.9471540" lon="7.4486860"/>
   <trkpt lat="46.9471560" lon="7.4487220"/>
   <trkpt lat="46.9471550" lon="7.4487660"/>
   <trkpt lat="46.9471500" lon="7.4488080"/>
   <trkpt lat="46.9471530" lon="7.4488500"/>
   <trkpt lat="46.9471420" lon="7.4488910"/>
   <trkpt lat="46.9471400" lon="7.4489250"/>
   <trkpt lat="46.9471380" lon="7.4489670"/>
   <trkpt lat="46.9471380" lon="7.4490070"/>
   <trkpt lat="46.9471400" lon="7.4490530"/>
   <trkpt lat="46.9471400" lon="7.4491010"/>
   <trkpt lat="46.9471410" lon="7.4491470"/>
   <trkpt lat="46.9471420" lon="7.4491990"/>
   <trkpt lat="46.9471460" lon="7.4492380"/>
   <trkpt lat="46.9471440" lon="7.4492840"/>
   <trkpt lat="46.9471370" lon="7.4493330"/>
   <trkpt lat="46.9471340" lon="7.4493820"/>
   <trkpt lat="46.9471300" lon="7.4494290"/>
   <trkpt lat="46.9471330" lon="7.4494780"/>
   <trkpt lat="46.9471240" lon="7.4495220"/>
   <trkpt lat="46.9471200" lon="7.4495560"/>
   <trkpt lat="46.9471130" lon="7.4496040"/>
   <trkpt lat="46.9471090" lon="7.4496460"/>
   <trkpt lat="46.9471070" lon="7.4496890"/>
   <trkpt lat="46.9471020" lon="7.4497320"/>
   <trkpt lat="46.9471070" lon="7.4497670"/>
   <trkpt lat="46.9471030" lon="7.4498130"/>
   <trkpt lat="46.9470910" lon="7.4498490"/>
   <trkpt lat="46.9470910" lon="7.4499050"/>
   <trkpt lat="46.9470870" lon="7.4499460"/>
   <trkpt lat="46.9470770" lon="7.4499950"/>
   <trkpt lat="46.9470670" lon="7.4500390"/>
   <trkpt lat="46.9470610" lon="7.4500770"/>
   <trkpt lat="46.9470490" lon="7.4501270"/>
   <trkpt lat="46.9470440" lon="7.4501690"/>
   <trkpt lat="46.9470400" lon="7.4502110"/>
   <trkpt lat="46.9470370" lon="7.4502530"/>
   <trkpt lat="46.9470370" lon="7.4502950"/>
   <trkpt lat="46.9470400" lon="7.4503380"/>
   <trkpt lat="46.9470460" lon="7.4503790"/>
   <trkpt lat="46.9470480" lon="7.4504290"/>
   <trkpt lat="46.9470540" lon="7.4504700"/>
   <trkpt lat="46.9470570" lon="7.4505170"/>
   <trkpt lat="46.9470520" lon="7.4505620"/>
   <trkpt lat="46.9470700" lon="7.4505940"/>
   <trkpt lat="46.9470960" lon="7.4506440"/>
   <trkpt lat="46.9471220" lon="7.4506720"/>
   <trkpt lat="46.9471600" lon="7.4506990"/>
   <trkpt lat="46.9471880" lon="7.4507120"/>
   <trkpt lat="46.9472260" lon="7.4507230"/>
   <trkpt lat="46.9472580" lon="7.4507370"/>
   <trkpt lat="46.9472900" lon="7.4507380"/>
   <trkpt lat="46.9473260" lon="7.4507400"/>
   <trkpt lat="46.9473500" lon="7.4507400"/>
   <trkpt lat="46.9473790" lon="7.4507390"/>
   <trkpt lat="46.9474000" lon="7.4507320"/>
   <trkpt lat="46.9474160" lon="7.4507190"/>
   <trkpt lat="46.9474340" lon="7.4507030"/>
   <trkpt lat="46.9474460" lon="7.4506670"/>
   <trkpt lat="46.9474600" lon="7.4506330"/>
   <trkpt lat="46.9474670" lon="7.4505940"/>
   <trkpt lat="46.9474790" lon="7.4505450"/>
   <trkpt lat="46.9474880" lon="7.4505060"/>
   <trkpt lat="46.9474970" lon="7.4504490"/>
   <trkpt lat="46.9475020" lon="7.4504120"/>
   <trkpt lat="46.9475060" lon="7.4503620"/>
   <trkpt lat="46.9475070" lon="7.4503150"/>
   <trkpt lat="46.9475150" lon="7.4502680"/>
   <trkpt lat="46.9475150" lon="7.4502130"/>
   <trkpt lat="46.9475180" lon="7.4501770"/>
   <trkpt lat="46.9475140" lon="7.4501250"/>
   <trkpt lat="46.9475080" lon="7.4500890"/>
   <trkpt lat="46.9474990" lon="7.4500440"/>
   <trkpt lat="46.9474980" lon="7.4500000"/>
   <trkpt lat="46.9474950" lon="7.4499580"/>
   <trkpt lat="46.9474930" lon="7.4499010"/>
   <trkpt lat="46.9474960" lon="7.4498640"/>
   <trkpt lat="46.9474920" lon="7.4498160"/>
   <trkpt lat="46.9474850" lon="7.4497770"/>
   <trkpt lat="46.9474810" lon="7.4497320"/>
   <trkpt lat="46.9474820" lon="7.4496890"/>
   <trkpt lat="46.9474780" lon="7.4496530"/>
   <trkpt lat="46.9474800" lon="7.4496120"/>
   <trkpt lat="46.9474820" lon="7.4495720"/>
   <trkpt lat="46.9474860" lon="7.4495200"/>
   <trkpt lat="46.9474890" lon="7.4494820"/>
   <trkpt lat="46.9474900" lon="7.4494450"/>
   <trkpt lat="46.9474910" lon="7.4494000"/>
   <trkpt lat="46.9474950" lon="7.4493630"/>
   <trkpt lat="46.9474990" lon="7.4493160"/>
   <trkpt lat="46.9475080" lon="7.4492870"/>
   <trkpt lat="46.9475050" lon="7.4492510"/>
   <trkpt lat="46.9475060" lon="7.4492170"/>
   <trkpt lat="46.9475050" lon="7.4491790"/>
   <trkpt lat="46.9475090" lon="7.4491390"/>
   <trkpt lat="46.9475140" lon="7.4491040"/>
   <trkpt lat="46.9475210" lon="7.4490640"/>
   <trkpt lat="46.9475210" lon="7.4490310"/>
   <trkpt lat="46.9475220" lon="7.4489860"/>
   <trkpt lat="46.9475210" lon="7.4489440"/>
   <trkpt lat="46.9475120" lon="7.4489080"/>
   <trkpt lat="46.9475110" lon="7.4488560"/>
   <trkpt lat="46.9475090" lon="7.4488230"/>
   <trkpt lat="46.9475070" lon="7.4487770"/>
   <trkpt lat="46.9475040" lon="7.4487420"/>
   <trkpt lat="46.9474990" lon="7.4487010"/>
   <trkpt lat="46.9474930" lon="7.4486560"/>
   <trkpt lat="46.9474850" lon="7.4486160"/>
   <trkpt lat="46.9474780" lon="7.4485660"/>
   <trkpt lat="46.9474790" lon="7.4485360"/>
   <trkpt lat="46.9474790" lon="7.4484820"/>
   <trkpt lat="46.9474810" lon="7.4484430"/>
   <trkpt lat="46.9474820" lon="7.4483940"/>
   <trkpt lat="46.9474900" lon="7.4483490"/>
   <trkpt lat="46.9474720" lon="7.4483010"/>
   <trkpt lat="46.9474750" lon="7.4482480"/>
   <trkpt lat="46.9474790" lon="7.4482130"/>
   <trkpt lat="46.9474910" lon="7.4481750"/>
   <trkpt lat="46.9475120" lon="7.4481520"/>
   <trkpt lat="46.9475400" lon="7.4481400"/>
   <trkpt lat="46.9475680" lon="7.4481310"/>
   <trkpt lat="46.9475950" lon="7.4481190"/>
   <trkpt lat="46.9476240" lon="7.4481120"/>
   <trkpt lat="46.9476500" lon="7.4481050"/>
   <trkpt lat="46.9476790" lon="7.4480990"/>
   <trkpt lat="46.9477070" lon="7.4480930"/>
   <trkpt lat="46.9477360" lon="7.4480920"/>
   <trkpt lat="46.9477680" lon="7.4480880"/>
   <trkpt lat="46.9477970" lon="7.4480840"/>
   <trkpt lat="46.9478300" lon="7.4480880"/>
   <trkpt lat="46.9478570" lon="7.4480950"/>
   <trkpt lat="46.9478860" lon="7.4481130"/>
   <trkpt lat="46.9479090" lon="7.4481460"/>
   <trkpt lat="46.9479320" lon="7.4481730"/>
   <trkpt lat="46.9479500" lon="7.4482150"/>
   <trkpt lat="46.9479580" lon="7.4482520"/>
   <trkpt lat="46.9479650" lon="7.4482960"/>
   <trkpt lat="46.9479690" lon="7.4483460"/>
   <trkpt lat="46.9479780" lon="7.4483980"/>
   <trkpt lat="46.9479820" lon="7.4484500"/>
   <trkpt lat="46.9479830" lon="7.4484880"/>
   <trkpt lat="46.9479860" lon="7.4485460"/>
   <trkpt lat="46.9479860" lon="7.4485940"/>
   <trkpt lat="46.9479850" lon="7.4486450"/>
   <trkpt lat="46.9479820" lon="7.4486950"/>
   <trkpt lat="46.9479930" lon="7.4487370"/>
   <trkpt lat="46.9479950" lon="7.4487920"/>
   <trkpt lat="46.9479970" lon="7.4488290"/>
   <trkpt lat="46.9480000" lon="7.4488860"/>
   <trkpt lat="46.9480060" lon="7.4489280"/>
   <trkpt lat="46.9480090" lon="7.4489750"/>
   <trkpt lat="46.9480150" lon="7.4490190"/>
   <trkpt lat="46.9480150" lon="7.4490590"/>
   <trkpt lat="46.9480080" lon="7.4491080"/>
   <trkpt lat="46.9480100" lon="7.4491420"/>
   <trkpt lat="46.9480090" lon="7.4491900"/>
   <trkpt lat="46.9480080" lon="7.4492340"/>
   <trkpt lat="46.9480090" lon="7.4492780"/>
   <trkpt lat="46.9480050" lon="7.4493200"/>
   <trkpt lat="46.9479990" lon="7.4493610"/>
   <trkpt lat="46.9479960" lon="7.4494090"/>
   <trkpt lat="46.9480030" lon="7.4494480"/>
   <trkpt lat="46.9479980" lon="7.4494950"/>
   <trkpt lat="46.9479980" lon="7.4495330"/>
   <trkpt lat="46.9480020" lon="7.4495770"/>
   <trkpt lat="46.9480000" lon="7.4496270"/>
   <trkpt lat="46.9480070" lon="7.4496640"/>
   <trkpt lat="46.9480070" lon="7.4497130"/>
   <trkpt lat="46.9480050" lon="7.4497470"/>
   <trkpt lat="46.9480020" lon="7.4497930"/>
   <trkpt lat="46.9480010" lon="7.4498300"/>
   <trkpt lat="46.9479970" lon="7.4498830"/>
   <trkpt lat="46.9479920" lon="7.4499280"/>
   <trkpt lat="46.9479930" lon="7.4499710"/>
   <trkpt lat="46.9479930" lon="7.4500100"/>
   <trkpt lat="46.9479900" lon="7.4500440"/>
   <trkpt lat="46.9479840" lon="7.4500980"/>
   <trkpt lat="46.9479890" lon="7.4501330"/>
   <trkpt lat="46.9479890" lon="7.4501830"/>
   <trkpt lat="46.9479860" lon="7.4502220"/>
   <trkpt lat="46.9479880" lon="7.4502680"/>
   <trkpt lat="46.9479870" lon="7.4503110"/>
   <trkpt lat="46.9479910" lon="7.4503590"/>
   <trkpt lat="46.9479880" lon="7.4504090"/>
   <trkpt lat="46.9479940" lon="7.4504450"/>
   <trkpt lat="46.9479930" lon="7.4504930"/>
   <trkpt lat="46.9479950" lon="7.4505350"/>
   <trkpt lat="46.9479990" lon="7.4505870"/>
   <trkpt lat="46.9479950" lon="7.4506300"/>
   <trkpt lat="46.9479970" lon="7.4506680"/>
   <trkpt lat="46.9479980" lon="7.4507200"/>
   <trkpt lat="46.9480020" lon="7.4507580"/>
   <trkpt lat="46.9480050" lon="7.4508110"/>
   <trkpt lat="46.9480090" lon="7.4508470"/>
   <trkpt lat="46.9480130" lon="7.4508980"/>
   <trkpt lat="46.9480130" lon="7.4509440"/>
   <trkpt lat="46.9480200" lon="7.4509880"/>
   <trkpt lat="46.9480150" lon="7.4510360"/>
   <trkpt lat="46.9480130" lon="7.4510780"/>
   <trkpt lat="46.9480100" lon="7.4511310"/>
   <trkpt lat="46.9480120" lon="7.4511740"/>
   <trkpt lat="46.9480160" lon="7.4512190"/>
   <trkpt lat="46.9480190" lon="7.4512660"/>
   <trkpt lat="46.9480210" lon="7.4513130"/>
   <trkpt lat="46.9480200" lon="7.4513550"/>
   <trkpt lat="46.9480220" lon="7.4513880"/>
   <trkpt lat="46.9480190" lon="7.4514440"/>
   <trkpt lat="46.9480210" lon="7.4514820"/>
   <trkpt lat="46.9480160" lon="7.4515300"/>
   <trkpt lat="46.9480170" lon="7.4515640"/>
   <trkpt lat="46.9480170" lon="7.4516110"/>
   <trkpt lat="46.9480180" lon="7.4516550"/>
   <trkpt lat="46.9480180" lon="7.4517000"/>
   <trkpt lat="46.9480180" lon="7.4517500"/>
   <trkpt lat="46.9480160" lon="7.4517840"/>
   <trkpt lat="46.9480140" lon="7.4518380"/>
   <trkpt lat="46.9480160" lon="7.4518850"/>
   <trkpt lat="46.9480160" lon="7.4519330"/>
   <trkpt lat="46.9480110" lon="7.4519780"/>
   <trkpt lat="46.9480160" lon="7.4520210"/>
   <trkpt lat="46.9480160" lon="7.4520700"/>
   <trkpt lat="46.9480190" lon="7.4521040"/>
   <trkpt lat="46.9480200" lon="7.4521450"/>
   <trkpt lat="46.9480220" lon="7.4521830"/>
   <trkpt lat="46.9480190" lon="7.4522240"/>
   <trkpt lat="46.9480180" lon="7.4522680"/>
   <trkpt lat="46.9480180" lon="7.4523080"/>
   <trkpt lat="46.9480160" lon="7.4523550"/>
   <trkpt lat="46.9480270" lon="7.4523940"/>
   <trkpt lat="46.9480270" lon="7.4524480"/>
   <trkpt lat="46.9480310" lon="7.4524880"/>
   <trkpt lat="46.9480360" lon="7.4525430"/>
   <trkpt lat="46.9480430" lon="7.4525940"/>
   <trkpt lat="46.9480440" lon="7.4526320"/>
   <trkpt lat="46.9480490" lon="7.4526780"/>
   <trkpt lat="46.9480530" lon="7.4527220"/>
   <trkpt lat="46.9480570" lon="7.4527690"/>
   <trkpt lat="46.9480630" lon="7.4528030"/>
   <trkpt lat="46.9480670" lon="7.4528480"/>
   <trkpt lat="46.9480740" lon="7.4528880"/>
   <trkpt lat="46.9480770" lon="7.4529320"/>
   <trkpt lat="46.9480810" lon="7.4529770"/>
   <trkpt lat="46.9480890" lon="7.4530140"/>
   <trkpt lat="46.9480910" lon="7.4530620"/>
   <trkpt lat="46.9481000" lon="7.4530980"/>
   <trkpt lat="46.9481080" lon="7.4531530"/>
   <trkpt lat="46.9481210" lon="7.4531950"/>
   <trkpt lat="46.9481280" lon="7.4532390"/>
   <trkpt lat="46.9481340" lon="7.4532840"/>
   <trkpt lat="46.9481450" lon="7.4533280"/>
   <trkpt lat="46.9481550" lon="7.4533760"/>
   <trkpt lat="46.9481640" lon="7.4534130"/>
   <trkpt lat="46.9481790" lon="7.4534680"/>
   <trkpt lat="46.9481850" lon="7.4535140"/>
   <trkpt lat="46.9481980" lon="7.4535720"/>
   <trkpt lat="46.9482090" lon="7.4536190"/>
   <trkpt lat="46.9482210" lon="7.4536680"/>
   <trkpt lat="46.9482320" lon="7.4537190"/>
   <trkpt lat="46.9482440" lon="7.4537560"/>
   <trkpt lat="46.9482510" lon="7.4538070"/>
   <trkpt lat="46.9482640" lon="7.4538440"/>
   <trkpt lat="46.9482770" lon="7.4538920"/>
   <trkpt lat="46.9482930" lon="7.4539350"/>
   <trkpt lat="46.9483020" lon="7.4539780"/>
   <trkpt lat="46.9483070" lon="7.4540280"/>
   <trkpt lat="46.9483190" lon="7.4540650"/>
   <trkpt lat="46.9483290" lon="7.4541130"/>
   <trkpt lat="46.9483400" lon="7.4541520"/>
   <trkpt lat="46.9483540" lon="7.4542000"/>
   <trkpt lat="46.9483680" lon="7.4542360"/>
   <trkpt lat="46.9483820" lon="7.4542690"/>
   <trkpt lat="46.9483920" lon="7.4543150"/>
   <trkpt lat="46.9483990" lon="7.4543600"/>
   <trkpt lat="46.9484070" lon="7.4544090"/>
   <trkpt lat="46.9484120" lon="7.4544420"/>
   <trkpt lat="46.9484240" lon="7.4544870"/>
   <trkpt lat="46.9484340" lon="7.4545270"/>
   <trkpt lat="46.9484400" lon="7.4545690"/>
   <trkpt lat="46.9484520" lon="7.4546120"/>
   <trkpt lat="46.9484640" lon="7.4546480"/>
   <trkpt lat="46.9484780" lon="7.4547010"/>
   <trkpt lat="46.9484940" lon="7.4547330"/>
   <trkpt lat="46.9485090" lon="7.4547760"/>
   <trkpt lat="46.9485210" lon="7.4548170"/>
   <trkpt lat="46.9485400" lon="7.4548500"/>
   <trkpt lat="46.9485550" lon="7.4548890"/>
   <trkpt lat="46.9485690" lon="7.4549240"/>
   <trkpt lat="46.9485930" lon="7.4549750"/>
   <trkpt lat="46.9486060" lon="7.4550110"/>
   <trkpt lat="46.9486210" lon="7.4550550"/>
   <trkpt lat="46.9486330" lon="7.4551010"/>
   <trkpt lat="46.9486470" lon="7.4551430"/>
   <trkpt lat="46.9486580" lon="7.4551940"/>
   <trkpt lat="46.9486610" lon="7.4552340"/>
   <trkpt lat="46.9486750" lon="7.4552890"/>
   <trkpt lat="46.9486770" lon="7.4553370"/>
   <trkpt lat="46.9486850" lon="7.4553900"/>
   <trkpt lat="46.9486930" lon="7.4554420"/>
   <trkpt lat="46.9486990" lon="7.4554870"/>
   <trkpt lat="46.9487020" lon="7.4555420"/>
   <trkpt lat="46.9487110" lon="7.4555870"/>
   <trkpt lat="46.9487140" lon="7.4556420"/>
   <trkpt lat="46.9487210" lon="7.4556860"/>
   <trkpt lat="46.9487230" lon="7.4557470"/>
   <trkpt lat="46.9487260" lon="7.4557910"/>
   <trkpt lat="46.9487280" lon="7.4558470"/>
   <trkpt lat="46.9487260" lon="7.4558930"/>
   <trkpt lat="46.9487270" lon="7.4559490"/>
   <trkpt lat="46.9487200" lon="7.4559950"/>
   <trkpt lat="46.9487170" lon="7.4560420"/>
   <trkpt lat="46.9487110" lon="7.4560950"/>
   <trkpt lat="46.9487130" lon="7.4561340"/>
   <trkpt lat="46.9487120" lon="7.4561900"/>
   <trkpt lat="46.9487120" lon="7.4562310"/>
   <trkpt lat="46.9487090" lon="7.4562740"/>
   <trkpt lat="46.9486980" lon="7.4563160"/>
   <trkpt lat="46.9486990" lon="7.4563570"/>
   <trkpt lat="46.9486910" lon="7.4564060"/>
   <trkpt lat="46.9486910" lon="7.4564430"/>
   <trkpt lat="46.9486890" lon="7.4564980"/>
   <trkpt lat="46.9486860" lon="7.4565360"/>
   <trkpt lat="46.9486880" lon="7.4565780"/>
   <trkpt lat="46.9486910" lon="7.4566260"/>
   <trkpt lat="46.9486860" lon="7.4566560"/>
   <trkpt lat="46.9486760" lon="7.4567080"/>
   <trkpt lat="46.9486740" lon="7.4567480"/>
   <trkpt lat="46.9486710" lon="7.4568000"/>
   <trkpt lat="46.9486620" lon="7.4568440"/>
   <trkpt lat="46.9486640" lon="7.4568890"/>
   <trkpt lat="46.9486550" lon="7.4569400"/>
   <trkpt lat="46.9486540" lon="7.4569830"/>
   <trkpt lat="46.9486440" lon="7.4570360"/>
   <trkpt lat="46.9486380" lon="7.4570810"/>
   <trkpt lat="46.9486360" lon="7.4571320"/>
   <trkpt lat="46.9486290" lon="7.4571750"/>
   <trkpt lat="46.9486230" lon="7.4572220"/>
   <trkpt lat="46.9486130" lon="7.4572710"/>
   <trkpt lat="46.9486120" lon="7.4573040"/>
   <trkpt lat="46.9486110" lon="7.4573480"/>
   <trkpt lat="46.9486080" lon="7.4573890"/>
   <trkpt lat="46.9486090" lon="7.4574310"/>
   <trkpt lat="46.9486040" lon="7.4574780"/>
   <trkpt lat="46.9486010" lon="7.4575230"/>
   <trkpt lat="46.9485860" lon="7.4575710"/>
   <trkpt lat="46.9485840" lon="7.4576130"/>
   <trkpt lat="46.9485800" lon="7.4576670"/>
   <trkpt lat="46.9485750" lon="7.4577110"/>
   <trkpt lat="46.9485740" lon="7.4577640"/>
   <trkpt lat="46.9485640" lon="7.4578040"/>
   <trkpt lat="46.9485620" lon="7.4578490"/>
   <trkpt lat="46.9485570" lon="7.4578940"/>
   <trkpt lat="46.9485610" lon="7.4579330"/>
   <trkpt lat="46.9485620" lon="7.4579890"/>
   <trkpt lat="46.9485550" lon="7.4580260"/>
   <trkpt lat="46.9485530" lon="7.4580730"/>
   <trkpt lat="46.9485450" lon="7.4581100"/>
   <trkpt lat="46.9485450" lon="7.4581490"/>
   <trkpt lat="46.9485370" lon="7.4581920"/>
   <trkpt lat="46.9485330" lon="7.4582230"/>
   <trkpt lat="46.9485280" lon="7.4582760"/>
   <trkpt lat="46.9485260" lon="7.4583170"/>
   <trkpt lat="46.9485260" lon="7.4583650"/>
   <trkpt lat="46.9485180" lon="7.4584030"/>
   <trkpt lat="46.9485190" lon="7.4584490"/>
   <trkpt lat="46.9485100" lon="7.4584980"/>
   <trkpt lat="46.9485090" lon="7.4585260"/>
   <trkpt lat="46.9485090" lon="7.4585760"/>
   <trkpt lat="46.9485050" lon="7.4586150"/>
   <trkpt lat="46.9485070" lon="7.4586640"/>
   <trkpt lat="46.9484980" lon="7.4587060"/>
   <trkpt lat="46.9484970" lon="7.4587450"/>
   <trkpt lat="46.9484880" lon="7.4587920"/>
   <trkpt lat="46.9484820" lon="7.4588290"/>
   <trkpt lat="46.9484760" lon="7.4588870"/>
   <trkpt lat="46.9484820" lon="7.4589260"/>
   <trkpt lat="46.9484850" lon="7.4589740"/>
   <trkpt lat="46.9484770" lon="7.4590180"/>
   <trkpt lat="46.9484750" lon="7.4590620"/>
   <trkpt lat="46.9484680" lon="7.4591100"/>
   <trkpt lat="46.9484660" lon="7.4591450"/>
   <trkpt lat="46.9484630" lon="7.4591940"/>
   <trkpt lat="46.9484540" lon="7.4592340"/>
   <trkpt lat="46.9484540" lon="7.4592730"/>
   <trkpt lat="46.9484450" lon="7.4593150"/>
   <trkpt lat="46.9484430" lon="7.4593510"/>
   <trkpt lat="46.9484380" lon="7.4593980"/>
   <trkpt lat="46.9484380" lon="7.4594370"/>
   <trkpt lat="46.9484380" lon="7.4594900"/>
   <trkpt lat="46.9484310" lon="7.4595280"/>
   <trkpt lat="46.9484300" lon="7.4595650"/>
   <trkpt lat="46.9484190" lon="7.4596010"/>
   <trkpt lat="46.9484170" lon="7.4596320"/>
   <trkpt lat="46.9484100" lon="7.4596760"/>
   <trkpt lat="46.9484030" lon="7.4597110"/>
   <trkpt lat="46.9483940" lon="7.4597490"/>
   <trkpt lat="46.9483780" lon="7.4597860"/>
   <trkpt lat="46.9483670" lon="7.4598180"/>
   <trkpt lat="46.9483430" lon="7.4598520"/>
   <trkpt lat="46.9483290" lon="7.4598860"/>
   <trkpt lat="46.9483160" lon="7.4599340"/>
   <trkpt lat="46.9483050" lon="7.4599760"/>
   <trkpt lat="46.9483150" lon="7.4600120"/>
   <trkpt lat="46.9483330" lon="7.4600530"/>
   <trkpt lat="46.9483480" lon="7.4600610"/>
   <trkpt lat="46.9483770" lon="7.4600720"/>
   <trkpt lat="46.9484010" lon="7.4600850"/>
   <trkpt lat="46.9484310" lon="7.4600950"/>
   <trkpt lat="46.9484560" lon="7.4601290"/>
   <trkpt lat="46.9484800" lon="7.4601520"/>
   <trkpt lat="46.9485060" lon="7.4601910"/>
   <trkpt lat="46.9485210" lon="7.4602140"/>
   <trkpt lat="46.9485430" lon="7.4602400"/>
   <trkpt lat="46.9485610" lon="7.4602670"/>
   <trkpt lat="46.9485800" lon="7.4602780"/>
   <trkpt lat="46.9485990" lon="7.4603010"/>
   <trkpt lat="46.9486180" lon="7.4603210"/>
   <trkpt lat="46.9486340" lon="7.4603380"/>
   <trkpt lat="46.9486490" lon="7.4603550"/>
   <trkpt lat="46.9486650" lon="7.4603710"/>
   <trkpt lat="46.9486860" lon="7.4603940"/>
   <trkpt lat="46.9487010" lon="7.4604090"/>
   <trkpt lat="46.9487250" lon="7.4604230"/>
   <trkpt lat="46.9487410" lon="7.4604280"/>
   <trkpt lat="46.9487600" lon="7.4604340"/>
   <trkpt lat="46.9487860" lon="7.4604460"/>
   <trkpt lat="46.9488060" lon="7.4604510"/>
   <trkpt lat="46.9488320" lon="7.4604610"/>
   <trkpt lat="46.9488520" lon="7.4604610"/>
   <trkpt lat="46.9488780" lon="7.4604580"/>
   <trkpt lat="46.9489030" lon="7.4604590"/>
   <trkpt lat="46.9489270" lon="7.4604550"/>
   <trkpt lat="46.9489560" lon="7.4604590"/>
   <trkpt lat="46.9489800" lon="7.4604600"/>
   <trkpt lat="46.9490060" lon="7.4604470"/>
   <trkpt lat="46.9490310" lon="7.4604380"/>
   <trkpt lat="46.9490550" lon="7.4604370"/>
   <trkpt lat="46.9490830" lon="7.4604290"/>
   <trkpt lat="46.9491050" lon="7.4604210"/>
   <trkpt lat="46.9491280" lon="7.4604090"/>
   <trkpt lat="46.9491590" lon="7.4604090"/>
   <trkpt lat="46.9491830" lon="7.4603990"/>
   <trkpt lat="46.9492070" lon="7.4603890"/>
   <trkpt lat="46.9492340" lon="7.4603840"/>
   <trkpt lat="46.9492540" lon="7.4603680"/>
   <trkpt lat="46.9492810" lon="7.4603640"/>
   <trkpt lat="46.9493050" lon="7.4603430"/>
   <trkpt lat="46.9493330" lon="7.4603360"/>
   <trkpt lat="46.9493520" lon="7.4603350"/>
   <trkpt lat="46.9493730" lon="7.4603170"/>
   <trkpt lat="46.9494020" lon="7.4603070"/>
   <trkpt lat="46.9494310" lon="7.4602990"/>
   <trkpt lat="46.9494620" lon="7.4603090"/>
   <trkpt lat="46.9494860" lon="7.4603090"/>
   <trkpt lat="46.9495160" lon="7.4603030"/>
   <trkpt lat="46.9495410" lon="7.4602990"/>
   <trkpt lat="46.9495610" lon="7.4602890"/>
   <trkpt lat="46.9495880" lon="7.4602890"/>
   <trkpt lat="46.9496090" lon="7.4602920"/>
   <trkpt lat="46.9496360" lon="7.4602860"/>
   <trkpt lat="46.9496670" lon="7.4602880"/>
   <trkpt lat="46.9496910" lon="7.4602860"/>
   <trkpt lat="46.9497190" lon="7.4602780"/>
   <trkpt lat="46.9497390" lon="7.4602720"/>
   <trkpt lat="46.9497670" lon="7.4602650"/>
   <trkpt lat="46.9497910" lon="7.4602590"/>
   <trkpt lat="46.9498120" lon="7.4602460"/>
   <trkpt lat="46.9498410" lon="7.4602380"/>
   <trkpt lat="46.9498620" lon="7.4602340"/>
   <trkpt lat="46.9498890" lon="7.4602160"/>
   <trkpt lat="46.9499110" lon="7.4602040"/>
   <trkpt lat="46.9499320" lon="7.4601920"/>
   <trkpt lat="46.9499600" lon="7.4601850"/>
   <trkpt lat="46.9499800" lon="7.4601810"/>
   <trkpt lat="46.9500050" lon="7.4601760"/>
   <trkpt lat="46.9500330" lon="7.4601770"/>
   <trkpt lat="46.9500510" lon="7.4601650"/>
   <trkpt lat="46.9500800" lon="7.4601550"/>
   <trkpt lat="46.9501010" lon="7.4601520"/>
   <trkpt lat="46.9501210" lon="7.4601430"/>
   <trkpt lat="46.9501490" lon="7.4601420"/>
   <trkpt lat="46.9501640" lon="7.4601290"/>
   <trkpt lat="46.9501880" lon="7.4601210"/>
   <trkpt lat="46.9502090" lon="7.4601100"/>
   <trkpt lat="46.9502290" lon="7.4600950"/>
   <trkpt lat="46.9502550" lon="7.4600750"/>
   <trkpt lat="46.9502710" lon="7.4600600"/>
   <trkpt lat="46.9502960" lon="7.4600470"/>
   <trkpt lat="46.9503210" lon="7.4600390"/>
   <trkpt lat="46.9503400" lon="7.4600290"/>
   <trkpt lat="46.9503620" lon="7.4600100"/>
   <trkpt lat="46.9503820" lon="7.4599930"/>
   <trkpt lat="46.9504070" lon="7.4599840"/>
   <trkpt lat="46.9504350" lon="7.4599800"/>
   <trkpt lat="46.9504560" lon="7.4599740"/>
   <trkpt lat="46.9504800" lon="7.4599650"/>
   <trkpt lat="46.9505020" lon="7.4599540"/>
   <trkpt lat="46.9505210" lon="7.4599440"/>
   <trkpt lat="46.9505460" lon="7.4599280"/>
   <trkpt lat="46.9505690" lon="7.4599200"/>
   <trkpt lat="46.9505910" lon="7.4599080"/>
   <trkpt lat="46.9506150" lon="7.4598950"/>
   <trkpt lat="46.9506350" lon="7.4598880"/>
   <trkpt lat="46.9506580" lon="7.4598770"/>
   <trkpt lat="46.9506790" lon="7.4598660"/>
   <trkpt lat="46.9507000" lon="7.4598560"/>
   <trkpt lat="46.9507280" lon="7.4598420"/>
   <trkpt lat="46.9507430" lon="7.4598190"/>
   <trkpt lat="46.9507600" lon="7.4598050"/>
   <trkpt lat="46.9507840" lon="7.4597870"/>
   <trkpt lat="46.9507990" lon="7.4597730"/>
   <trkpt lat="46.9508230" lon="7.4597470"/>
   <trkpt lat="46.9508430" lon="7.4597340"/>
   <trkpt lat="46.9508660" lon="7.4597100"/>
   <trkpt lat="46.9508880" lon="7.4596890"/>
   <trkpt lat="46.9509060" lon="7.4596840"/>
   <trkpt lat="46.9509300" lon="7.4596620"/>
   <trkpt lat="46.9509470" lon="7.4596420"/>
   <trkpt lat="46.9509680" lon="7.4596310"/>
   <trkpt lat="46.9509910" lon="7.4596090"/>
   <trkpt lat="46.9510080" lon="7.4596010"/>
   <trkpt lat="46.9510260" lon="7.4595770"/>
   <trkpt lat="46.9510470" lon="7.4595590"/>
   <trkpt lat="46.9510650" lon="7.4595450"/>
   <trkpt lat="46.9510920" lon="7.4595220"/>
   <trkpt lat="46.9511050" lon="7.4595090"/>
   <trkpt lat="46.9511270" lon="7.4594920"/>
   <trkpt lat="46.9511520" lon="7.4594740"/>
   <trkpt lat="46.9511620" lon="7.4594580"/>
   <trkpt lat="46.9511820" lon="7.4594380"/>
   <trkpt lat="46.9511980" lon="7.4594270"/>
   <trkpt lat="46.9512170" lon="7.4594120"/>
   <trkpt lat="46.9512440" lon="7.4593930"/>
   <trkpt lat="46.9512610" lon="7.4593800"/>
   <trkpt lat="46.9512840" lon="7.4593600"/>
   <trkpt lat="46.9513100" lon="7.4593450"/>
   <trkpt lat="46.9513230" lon="7.4593270"/>
   <trkpt lat="46.9513450" lon="7.4593050"/>
   <trkpt lat="46.9513660" lon="7.4592860"/>
   <trkpt lat="46.9513840" lon="7.4592700"/>
   <trkpt lat="46.9514060" lon="7.4592530"/>
   <trkpt lat="46.9514180" lon="7.4592360"/>
   <trkpt lat="46.9514400" lon="7.4592210"/>
   <trkpt lat="46.9514640" lon="7.4592080"/>
   <trkpt lat="46.9514800" lon="7.4591950"/>
   <trkpt lat="46.9515060" lon="7.4591820"/>
   <trkpt lat="46.9515230" lon="7.4591730"/>
   <trkpt lat="46.9515440" lon="7.4591520"/>
   <trkpt lat="46.9515670" lon="7.4591360"/>
   <trkpt lat="46.9515830" lon="7.4591220"/>
   <trkpt lat="46.9516030" lon="7.4591010"/>
   <trkpt lat="46.9516240" lon="7.4590770"/>
   <trkpt lat="46.9516380" lon="7.4590620"/>
   <trkpt lat="46.9516580" lon="7.4590370"/>
   <trkpt lat="46.9516770" lon="7.4590190"/>
   <trkpt lat="46.9516950" lon="7.4590050"/>
   <trkpt lat="46.9517170" lon="7.4589870"/>
   <trkpt lat="46.9517340" lon="7.4589710"/>
   <trkpt lat="46.9517510" lon="7.4589590"/>
   <trkpt lat="46.9517730" lon="7.4589470"/>
   <trkpt lat="46.9517910" lon="7.4589380"/>
   <trkpt lat="46.9518150" lon="7.4589160"/>
   <trkpt lat="46.9518350" lon="7.4589040"/>
   <trkpt lat="46.9518540" lon="7.4588920"/>
   <trkpt lat="46.9518750" lon="7.4588770"/>
   <trkpt lat="46.9518880" lon="7.4588660"/>
   <trkpt lat="46.9519100" lon="7.4588510"/>
   <trkpt lat="46.9519320" lon="7.4588400"/>
   <trkpt lat="46.9519530" lon="7.4588300"/>
   <trkpt lat="46.9519770" lon="7.4588160"/>
   <trkpt lat="46.9519970" lon="7.4588100"/>
   <trkpt lat="46.9520210" lon="7.4588090"/>
   <trkpt lat="46.9520460" lon="7.4588060"/>
   <trkpt lat="46.9520630" lon="7.4588040"/>
   <trkpt lat="46.9520850" lon="7.4587930"/>
   <trkpt lat="46.9521090" lon="7.4587890"/>
   <trkpt lat="46.9521300" lon="7.4587880"/>
   <trkpt lat="46.9521570" lon="7.4587860"/>
   <trkpt lat="46.9521790" lon="7.4587920"/>
   <trkpt lat="46.9522020" lon="7.4587930"/>
   <trkpt lat="46.9522230" lon="7.4588030"/>
   <trkpt lat="46.9522390" lon="7.4587990"/>
   <trkpt lat="46.9522680" lon="7.4588020"/>
   <trkpt lat="46.9522910" lon="7.4588080"/>
   <trkpt lat="46.9523150" lon="7.4588070"/>
   <trkpt lat="46.9523420" lon="7.4588160"/>
   <trkpt lat="46.9523610" lon="7.4588240"/>
   <trkpt lat="46.9523890" lon="7.4588300"/>
   <trkpt lat="46.9524160" lon="7.4588310"/>
   <trkpt lat="46.9524370" lon="7.4588250"/>
   <trkpt lat="46.9524660" lon="7.4588370"/>
   <trkpt lat="46.9524830" lon="7.4588410"/>
   <trkpt lat="46.9525100" lon="7.4588470"/>
   <trkpt lat="46.9525330" lon="7.4588550"/>
   <trkpt lat="46.9525570" lon="7.4588660"/>
   <trkpt lat="46.9525860" lon="7.4588800"/>
   <trkpt lat="46.9526070" lon="7.4588960"/>
   <trkpt lat="46.9526260" lon="7.4589040"/>
   <trkpt lat="46.9526470" lon="7.4589210"/>
   <trkpt lat="46.9526640" lon="7.4589320"/>
   <trkpt lat="46.9526880" lon="7.4589410"/>
   <trkpt lat="46.9527090" lon="7.4589550"/>
   <trkpt lat="46.9527320" lon="7.4589650"/>
   <trkpt lat="46.9527550" lon="7.4589790"/>
   <trkpt lat="46.9527740" lon="7.4589900"/>
   <trkpt lat="46.9527960" lon="7.4590080"/>
   <trkpt lat="46.9528180" lon="7.4590290"/>
   <trkpt lat="46.9528380" lon="7.4590380"/>
   <trkpt lat="46.9528660" lon="7.4590590"/>
   <trkpt lat="46.9528840" lon="7.4590680"/>
   <trkpt lat="46.9529060" lon="7.4590830"/>
   <trkpt lat="46.9529270" lon="7.4591020"/>
   <trkpt lat="46.9529440" lon="7.4591110"/>
   <trkpt lat="46.9529720" lon="7.4591330"/>
   <trkpt lat="46.9529900" lon="7.4591450"/>
   <trkpt lat="46.9530110" lon="7.4591560"/>
   <trkpt lat="46.9530350" lon="7.4591750"/>
   <trkpt lat="46.9530540" lon="7.4591800"/>
   <trkpt lat="46.9530830" lon="7.4591990"/>
   <trkpt lat="46.9531040" lon="7.4592120"/>
   <trkpt lat="46.9531280" lon="7.4592190"/>
   <trkpt lat="46.9531510" lon="7.4592460"/>
   <trkpt lat="46.9531680" lon="7.4592590"/>
   <trkpt lat="46.9531930" lon="7.4592910"/>
   <trkpt lat="46.9532040" lon="7.4593140"/>
   <trkpt lat="46.9532120" lon="7.4593460"/>
   <trkpt lat="46.9532100" lon="7.4593840"/>
   <trkpt lat="46.9532070" lon="7.4594120"/>
   <trkpt lat="46.9531970" lon="7.4594520"/>
   <trkpt lat="46.9531780" lon="7.4594800"/>
   <trkpt lat="46.9531580" lon="7.4595130"/>
   <trkpt lat="46.9531370" lon="7.4595450"/>
   <trkpt lat="46.9531240" lon="7.4595640"/>
   <trkpt lat="46.9531040" lon="7.4596010"/>
   <trkpt lat="46.9530940" lon="7.4596280"/>
   <trkpt lat="46.9530840" lon="7.4596660"/>
   <trkpt lat="46.9530630" lon="7.4597000"/>
   <trkpt lat="46.9530560" lon="7.4597260"/>
   <trkpt lat="46.9530380" lon="7.4597680"/>
   <trkpt lat="46.9530210" lon="7.4597870"/>
   <trkpt lat="46.9530100" lon="7.4598180"/>
   <trkpt lat="46.9529910" lon="7.4598490"/>
   <trkpt lat="46.9529750" lon="7.4598730"/>
   <trkpt lat="46.9529540" lon="7.4599080"/>
   <trkpt lat="46.9529390" lon="7.4599360"/>
   <trkpt lat="46.9529250" lon="7.4599610"/>
   <trkpt lat="46.9529040" lon="7.4599930"/>
   <trkpt lat="46.9528840" lon="7.4600120"/>
   <trkpt lat="46.9528620" lon="7.4600440"/>
   <trkpt lat="46.9528490" lon="7.4600770"/>
   <trkpt lat="46.9528340" lon="7.4601030"/>
   <trkpt lat="46.9528120" lon="7.4601250"/>
   <trkpt lat="46.9527930" lon="7.4601420"/>
   <trkpt lat="46.9527720" lon="7.4601690"/>
   <trkpt lat="46.9527560" lon="7.4601930"/>
   <trkpt lat="46.9527340" lon="7.4602320"/>
   <trkpt lat="46.9527140" lon="7.4602600"/>
   <trkpt lat="46.9526900" lon="7.4602930"/>
   <trkpt lat="46.9526730" lon="7.4603220"/>
   <trkpt lat="46.9526510" lon="7.4603590"/>
   <trkpt lat="46.9526360" lon="7.4603840"/>
   <trkpt lat="46.9526180" lon="7.4604170"/>
   <trkpt lat="46.9526020" lon="7.4604480"/>
   <trkpt lat="46.9525880" lon="7.4604800"/>
   <trkpt lat="46.9525630" lon="7.4605140"/>
   <trkpt lat="46.9525440" lon="7.4605440"/>
   <trkpt lat="46.9525260" lon="7.4605770"/>
   <trkpt lat="46.9525110" lon="7.4606030"/>
   <trkpt lat="46.9524900" lon="7.4606390"/>
   <trkpt lat="46.9524710" lon="7.4606690"/>
   <trkpt lat="46.9524540" lon="7.4606970"/>
   <trkpt lat="46.9524310" lon="7.4607340"/>
   <trkpt lat="46.9524110" lon="7.4607610"/>
   <trkpt lat="46.9523870" lon="7.4607950"/>
   <trkpt lat="46.9523700" lon="7.4608180"/>
   <trkpt lat="46.9523530" lon="7.4608470"/>
   <trkpt lat="46.9523320" lon="7.4608710"/>
   <trkpt lat="46.9523150" lon="7.4608970"/>
   <trkpt lat="46.9522970" lon="7.4609320"/>
   <trkpt lat="46.9522830" lon="7.4609550"/>
   <trkpt lat="46.9522650" lon="7.4609880"/>
   <trkpt lat="46.9522500" lon="7.4610160"/>
   <trkpt lat="46.9522360" lon="7.4610400"/>
   <trkpt lat="46.9522160" lon="7.4610710"/>
   <trkpt lat="46.9522030" lon="7.4610930"/>
   <trkpt lat="46.9521840" lon="7.4611270"/>
   <trkpt lat="46.9521670" lon="7.4611530"/>
   <trkpt lat="46.9521500" lon="7.4611820"/>
   <trkpt lat="46.9521270" lon="7.4612130"/>
   <trkpt lat="46.9521150" lon="7.4612370"/>
   <trkpt lat="46.9520940" lon="7.4612720"/>
   <trkpt lat="46.9520730" lon="7.4613010"/>
   <trkpt lat="46.9520530" lon="7.4613280"/>
   <trkpt lat="46.9520350" lon="7.4613590"/>
   <trkpt lat="46.9520220" lon="7.4613930"/>
   <trkpt lat="46.9519970" lon="7.4614250"/>
   <trkpt lat="46.9519820" lon="7.4614540"/>
   <trkpt lat="46.9519640" lon="7.4614960"/>
   <trkpt lat="46.9519540" lon="7.4615300"/>
   <trkpt lat="46.9519470" lon="7.4615670"/>
   <trkpt lat="46.9519350" lon="7.4616070"/>
   <trkpt lat="46.9519310" lon="7.4616420"/>
   <trkpt lat="46.9519310" lon="7.4616850"/>
   <trkpt lat="46.9519350" lon="7.4617230"/>
   <trkpt lat="46.9519440" lon="7.4617610"/>
   <trkpt lat="46.9519630" lon="7.4617950"/>
   <trkpt lat="46.9519840" lon="7.4618270"/>
   <trkpt lat="46.9520020" lon="7.4618660"/>
   <trkpt lat="46.9520220" lon="7.4618950"/>
   <trkpt lat="46.9520390" lon="7.4619370"/>
   <trkpt lat="46.9520560" lon="7.4619720"/>
   <trkpt lat="46.9520780" lon="7.4620090"/>
   <trkpt lat="46.9520940" lon="7.4620480"/>
   <trkpt lat="46.9521110" lon="7.4620800"/>
   <trkpt lat="46.9521290" lon="7.4621160"/>
   <trkpt lat="46.9521500" lon="7.4621500"/>
   <trkpt lat="46.9521690" lon="7.4621910"/>
   <trkpt lat="46.9521850" lon="7.4622240"/>
   <trkpt lat="46.9522060" lon="7.4622670"/>
   <trkpt lat="46.9522220" lon="7.4622980"/>
   <trkpt lat="46.9522420" lon="7.4623310"/>
   <trkpt lat="46.9522610" lon="7.4623650"/>
   <trkpt lat="46.9522760" lon="7.4623980"/>
   <trkpt lat="46.9522900" lon="7.4624310"/>
   <trkpt lat="46.9523090" lon="7.4624670"/>
   <trkpt lat="46.9523290" lon="7.4625080"/>
   <trkpt lat="46.9523480" lon="7.4625380"/>
   <trkpt lat="46.9523710" lon="7.4625830"/>
   <trkpt lat="46.9523870" lon="7.4626210"/>
   <trkpt lat="46.9524080" lon="7.4626620"/>
   <trkpt lat="46.9524290" lon="7.4626930"/>
   <trkpt lat="46.9524490" lon="7.4627280"/>
   <trkpt lat="46.9524650" lon="7.4627600"/>
   <trkpt lat="46.9524800" lon="7.4627920"/>
   <trkpt lat="46.9524990" lon="7.4628310"/>
   <trkpt lat="46.9525160" lon="7.4628610"/>
   <trkpt lat="46.9525330" lon="7.4629040"/>
   <trkpt lat="46.9525530" lon="7.4629400"/>
   <trkpt lat="46.9525750" lon="7.4629820"/>
   <trkpt lat="46.9525950" lon="7.4630150"/>
   <trkpt lat="46.9526140" lon="7.4630440"/>
   <trkpt lat="46.9526290" lon="7.4630910"/>
   <trkpt lat="46.9526500" lon="7.4631260"/>
   <trkpt lat="46.9526720" lon="7.4631680"/>
   <trkpt lat="46.9526960" lon="7.4631980"/>
   <trkpt lat="46.9527260" lon="7.4632370"/>
   <trkpt lat="46.9527460" lon="7.4632700"/>
   <trkpt lat="46.9527670" lon="7.4633030"/>
   <trkpt lat="46.9527860" lon="7.4633320"/>
   <trkpt lat="46.9528100" lon="7.4633640"/>
   <trkpt lat="46.9528320" lon="7.4634070"/>
   <trkpt lat="46.9528510" lon="7.4634410"/>
   <trkpt lat="46.9528740" lon="7.4634890"/>
   <trkpt lat="46.9528960" lon="7.4635170"/>
   <trkpt lat="46.9529210" lon="7.4635430"/>
   <trkpt lat="46.9529470" lon="7.4635730"/>
   <trkpt lat="46.9529760" lon="7.4636110"/>
   <trkpt lat="46.9529920" lon="7.4636500"/>
   <trkpt lat="46.9530200" lon="7.4636830"/>
   <trkpt lat="46.9530400" lon="7.4637110"/>
   <trkpt lat="46.9530680" lon="7.4637380"/>
   <trkpt lat="46.9530930" lon="7.4637700"/>
   <trkpt lat="46.9531140" lon="7.4637980"/>
   <trkpt lat="46.9531400" lon="7.4638390"/>
   <trkpt lat="46.9531590" lon="7.4638660"/>
   <trkpt lat="46.9531850" lon="7.4639120"/>
   <trkpt lat="46.9532090" lon="7.4639380"/>
   <trkpt lat="46.9532420" lon="7.4639820"/>
   <trkpt lat="46.9532660" lon="7.4640020"/>
   <trkpt lat="46.9532990" lon="7.4640360"/>
   <trkpt lat="46.9533240" lon="7.4640600"/>
   <trkpt lat="46.9533510" lon="7.4640930"/>
   <trkpt lat="46.9533730" lon="7.4641260"/>
   <trkpt lat="46.9534020" lon="7.4641570"/>
   <trkpt lat="46.9534280" lon="7.4641920"/>
   <trkpt lat="46.9534430" lon="7.4642200"/>
   <trkpt lat="46.9534660" lon="7.4642610"/>
   <trkpt lat="46.9534880" lon="7.4642900"/>
   <trkpt lat="46.9535170" lon="7.4643180"/>
   <trkpt lat="46.9535410" lon="7.4643440"/>
   <trkpt lat="46.9535680" lon="7.4643730"/>
   <trkpt lat="46.9535910" lon="7.4643980"/>
   <trkpt lat="46.9536150" lon="7.4644330"/>
   <trkpt lat="46.9536400" lon="7.4644600"/>
   <trkpt lat="46.9536670" lon="7.4644870"/>
   <trkpt lat="46.9536940" lon="7.4645190"/>
   <trkpt lat="46.9537180" lon="7.4645440"/>
   <trkpt lat="46.9537460" lon="7.4645790"/>
   <trkpt lat="46.9537700" lon="7.4646090"/>
   <trkpt lat="46.9537990" lon="7.4646420"/>
   <trkpt lat="46.9538160" lon="7.4646720"/>
   <trkpt lat="46.9538480" lon="7.4647010"/>
   <trkpt lat="46.9538760" lon="7.4647260"/>
   <trkpt lat="46.9539050" lon="7.4647470"/>
   <trkpt lat="46.9539280" lon="7.4647800"/>
   <trkpt lat="46.9539530" lon="7.4648030"/>
   <trkpt lat="46.9539770" lon="7.4648390"/>
   <trkpt lat="46.9540000" lon="7.4648630"/>
   <trkpt lat="46.9540270" lon="7.4648920"/>
   <trkpt lat="46.9540520" lon="7.4649170"/>
   <trkpt lat="46.9540820" lon="7.4649480"/>
   <trkpt lat="46.9541070" lon="7.4649800"/>
   <trkpt lat="46.9541340" lon="7.4650050"/>
   <trkpt lat="46.9541600" lon="7.4650410"/>
   <trkpt lat="46.9541820" lon="7.4650630"/>
   <trkpt lat="46.9542090" lon="7.4650930"/>
   <trkpt lat="46.9542340" lon="7.4651080"/>
   <trkpt lat="46.9542570" lon="7.4651370"/>
   <trkpt lat="46.9542810" lon="7.4651640"/>
   <trkpt lat="46.9543060" lon="7.4651930"/>
   <trkpt lat="46.9543320" lon="7.4652220"/>
   <trkpt lat="46.9543620" lon="7.4652500"/>
   <trkpt lat="46.9543870" lon="7.4652810"/>
   <trkpt lat="46.9544130" lon="7.4653070"/>
   <trkpt lat="46.9544400" lon="7.4653440"/>
   <trkpt lat="46.9544650" lon="7.4653650"/>
   <trkpt lat="46.9544940" lon="7.4653960"/>
   <trkpt lat="46.9545200" lon="7.4654150"/>
   <trkpt lat="46.9545510" lon="7.4654440"/>
   <trkpt lat="46.9545770" lon="7.4654660"/>
   <trkpt lat="46.9546070" lon="7.4654910"/>
   <trkpt lat="46.9546350" lon="7.4655220"/>
   <trkpt lat="46.9546620" lon="7.4655480"/>
   <trkpt lat="46.9546890" lon="7.4655880"/>
   <trkpt lat="46.9547160" lon="7.4656120"/>
   <trkpt lat="46.9547420" lon="7.4656420"/>
   <trkpt lat="46.9547660" lon="7.4656630"/>
   <trkpt lat="46.9547940" lon="7.4656800"/>
   <trkpt lat="46.9548190" lon="7.4657070"/>
   <trkpt lat="46.9548480" lon="7.4657310"/>
   <trkpt lat="46.9548740" lon="7.4657570"/>
   <trkpt lat="46.9548980" lon="7.4657820"/>
   <trkpt lat="46.9549230" lon="7.4658060"/>
   <trkpt lat="46.9549540" lon="7.4658360"/>
   <trkpt lat="46.9549750" lon="7.4658660"/>
   <trkpt lat="46.9549980" lon="7.4659030"/>
   <trkpt lat="46.9550220" lon="7.4659310"/>
   <trkpt lat="46.9550450" lon="7.4659700"/>
   <trkpt lat="46.9550700" lon="7.4660020"/>
   <trkpt lat="46.9551010" lon="7.4660350"/>
   <trkpt lat="46.9551290" lon="7.4660590"/>
   <trkpt lat="46.9551620" lon="7.4660910"/>
   <trkpt lat="46.9551820" lon="7.4661240"/>
   <trkpt lat="46.9552130" lon="7.4661590"/>
   <trkpt lat="46.9552410" lon="7.4661890"/>
   <trkpt lat="46.9552660" lon="7.4662230"/>
   <trkpt lat="46.9552930" lon="7.4662650"/>
   <trkpt lat="46.9553200" lon="7.4663000"/>
   <trkpt lat="46.9553460" lon="7.4663390"/>
   <trkpt lat="46.9553720" lon="7.4663690"/>
   <trkpt lat="46.9554000" lon="7.4664060"/>
   <trkpt lat="46.9554250" lon="7.4664340"/>
   <trkpt lat="46.9554530" lon="7.4664690"/>
   <trkpt lat="46.9554760" lon="7.4665040"/>
   <trkpt lat="46.9555020" lon="7.4665320"/>
   <trkpt lat="46.9555290" lon="7.4665660"/>
   <trkpt lat="46.9555510" lon="7.4665930"/>
   <trkpt lat="46.9555730" lon="7.4666290"/>
   <trkpt lat="46.9555970" lon="7.4666620"/>
   <trkpt lat="46.9556210" lon="7.4667040"/>
   <trkpt lat="46.9556440" lon="7.4667300"/>
   <trkpt lat="46.9556660" lon="7.4667740"/>
   <trkpt lat="46.9556900" lon="7.4668060"/>
   <trkpt lat="46.9557160" lon="7.4668430"/>
   <trkpt lat="46.9557370" lon="7.4668630"/>
   <trkpt lat="46.9557640" lon="7.4668980"/>
   <trkpt lat="46.9557850" lon="7.4669280"/>
   <trkpt lat="46.9558100" lon="7.4669580"/>
   <trkpt lat="46.9558350" lon="7.4669910"/>
   <trkpt lat="46.9558570" lon="7.4670200"/>
   <trkpt lat="46.9558800" lon="7.4670530"/>
   <trkpt lat="46.9559090" lon="7.4670850"/>
   <trkpt lat="46.9559380" lon="7.4671300"/>
   <trkpt lat="46.9559660" lon="7.4671680"/>
   <trkpt lat="46.9559930" lon="7.4672100"/>
   <trkpt lat="46.9560160" lon="7.4672450"/>
   <trkpt lat="46.9560420" lon="7.4672860"/>
   <trkpt lat="46.9560680" lon="7.4673180"/>
   <trkpt lat="46.9560940" lon="7.4673640"/>
   <trkpt lat="46.9561170" lon="7.4673950"/>
   <trkpt lat="46.9561450" lon="7.4674400"/>
   <trkpt lat="46.9561660" lon="7.4674690"/>
   <trkpt lat="46.9561960" lon="7.4675060"/>
   <trkpt lat="46.9562220" lon="7.4675380"/>
   <trkpt lat="46.9562610" lon="7.4675730"/>
   <trkpt lat="46.9562940" lon="7.4675920"/>
   <trkpt lat="46.9563310" lon="7.4676010"/>
   <trkpt lat="46.9563660" lon="7.4676060"/>
   <trkpt lat="46.9563980" lon="7.4675950"/>
   <trkpt lat="46.9564300" lon="7.4675820"/>
   <trkpt lat="46.9564580" lon="7.4675610"/>
   <trkpt lat="46.9564910" lon="7.4675340"/>
   <trkpt lat="46.9565180" lon="7.4675040"/>
   <trkpt lat="46.9565560" lon="7.4674810"/>
   <trkpt lat="46.9565860" lon="7.4674580"/>
   <trkpt lat="46.9566280" lon="7.4674310"/>
   <trkpt lat="46.9566570" lon="7.4674080"/>
   <trkpt lat="46.9566910" lon="7.4673820"/>
   <trkpt lat="46.9567130" lon="7.4673540"/>
   <trkpt lat="46.9567490" lon="7.4673190"/>
   <trkpt lat="46.9567790" lon="7.4672950"/>
   <trkpt lat="46.9568140" lon="7.4672680"/>
   <trkpt lat="46.9568490" lon="7.4672390"/>
   <trkpt lat="46.9568840" lon="7.4672150"/>
   <trkpt lat="46.9569180" lon="7.4671820"/>
   <trkpt lat="46.9569500" lon="7.4671510"/>
   <trkpt lat="46.9569800" lon="7.4671110"/>
   <trkpt lat="46.9570090" lon="7.4670780"/>
   <trkpt lat="46.9570370" lon="7.4670410"/>
   <trkpt lat="46.9570700" lon="7.4670100"/>
   <trkpt lat="46.9570980" lon="7.4669780"/>
   <trkpt lat="46.9571300" lon="7.4669470"/>
   <trkpt lat="46.9571510" lon="7.4669150"/>
   <trkpt lat="46.9571830" lon="7.4668750"/>
   <trkpt lat="46.9572030" lon="7.4668400"/>
   <trkpt lat="46.9572370" lon="7.4668070"/>
   <trkpt lat="46.9572660" lon="7.4667680"/>
   <trkpt lat="46.9572950" lon="7.4667440"/>
   <trkpt lat="46.9573150" lon="7.4667190"/>
  </trkseg>
 </trk>
</gpx>
