<?xml version="1.0" encoding="UTF-8"?>
<gpx creator="StravaGPX" version="1.1" xmlns="http://www.topografix.com/GPX/1/1" xmlns:xsi="http://www.w3.org/2001/XMLSchema-instance" xsi:schemaLocation="http://www.topografix.com/GPX/1/1 http://www.topografix.com/GPX/1/1/gpx.xsd http://www.garmin.com/xmlschemas/GpxExtensions/v3 http://www.garmin.com/xmlschemas/GpxExtensionsv3.xsd http://www.garmin.com/xmlschemas/TrackPointExtension/v1 http://www.garmin.com/xmlschemas/TrackPointExtensionv1.xsd" xmlns:gpxtpx="http://www.garmin.com/xmlschemas/TrackPointExtension/v1" xmlns:gpxx="http://www.garmin.com/xmlschemas/GpxExtensions/v3">
 <trk>
  <name>Brienzerseelauf</name>
  <type>running</type>
  <trkseg>
   <trkpt lat="46.6889620" lon="7.8967130"/>
   <trkpt lat="46.6889660" lon="7.8966670"/>
   <trkpt lat="46.6889590" lon="7.8966070"/>
   <trkpt lat="46.6889410" lon="7.8965600"/>
   <trkpt lat="46.6889260" lon="7.8965070"/>
   <trkpt lat="46.6889030" lon="7.8964590"/>
   <trkpt lat="46.6888840" lon="7.8964010"/>
   <trkpt lat="46.6888620" lon="7.8963600"/>
   <trkpt lat="46.6888400" lon="7.8963090"/>
   <trkpt lat="46.6888190" lon="7.8962740"/>
   <trkpt lat="46.6887990" lon="7.8962270"/>
   <trkpt lat="46.6887760" lon="7.8961970"/>
   <trkpt lat="46.6887510" lon="7.8961520"/>
   <trkpt lat="46.6887320" lon="7.8961160"/>
   <trkpt lat="46.6887060" lon="7.8960690"/>
   <trkpt lat="46.6886860" lon="7.8960390"/>
   <trkpt lat="46.6886640" lon="7.8959960"/>
   <trkpt lat="46.6886410" lon="7.8959660"/>
   <trkpt lat="46.6886190" lon="7.8959260"/>
   <trkpt lat="46.6885930" lon="7.8958980"/>
   <trkpt lat="46.6885680" lon="7.8958590"/>
   <trkpt lat="46.6885470" lon="7.8958130"/>
   <trkpt lat="46.6885260" lon="7.8957760"/>
   <trkpt lat="46.6885040" lon="7.8957310"/>
   <trkpt lat="46.6884830" lon="7.8957050"/>
   <trkpt lat="46.6884620" lon="7.8956590"/>
   <trkpt lat="46.6884430" lon="7.8956290"/>
   <trkpt lat="46.6884200" lon="7.8955950"/>
   <trkpt lat="46.6884020" lon="7.8955550"/>
   <trkpt lat="46.6883820" lon="7.8955190"/>
   <trkpt lat="46.6883610" lon="7.8954760"/>
   <trkpt lat="46.6883390" lon="7.8954420"/>
   <trkpt lat="46.6883140" lon="7.8954000"/>
   <trkpt lat="46.6882940" lon="7.8953730"/>
   <trkpt lat="46.6882620" lon="7.8953310"/>
   <trkpt lat="46.6882420" lon="7.8953050"/>
   <trkpt lat="46.6882230" lon="7.8952670"/>
   <trkpt lat="46.6882050" lon="7.8952240"/>
   <trkpt lat="46.6881830" lon="7.8951890"/>
   <trkpt lat="46.6881630" lon="7.8951400"/>
   <trkpt lat="46.6881440" lon="7.8951040"/>
   <trkpt lat="46.6881240" lon="7.8950580"/>
   <trkpt lat="46.6881090" lon="7.8950230"/>
   <trkpt lat="46.6880840" lon="7.8949820"/>
   <trkpt lat="46.6880670" lon="7.8949480"/>
   <trkpt lat="46.6880460" lon="7.8949120"/>
   <trkpt lat="46.6880270" lon="7.8948680"/>
   <trkpt lat="46.6880080" lon="7.8948390"/>
   <trkpt lat="46.6879850" lon="7.8947980"/>
   <trkpt lat="46.6879660" lon="7.8947680"/>
   <trkpt lat="46.6879420" lon="7.8947260"/>
   <trkpt lat="46.6879240" lon="7.8946930"/>
   <trkpt lat="46.6879050" lon="7.8946500"/>
   <trkpt lat="46.6878850" lon="7.8946040"/>
   <trkpt lat="46.6878630" lon="7.8945700"/>
   <trkpt lat="46.6878460" lon="7.8945220"/>
   <trkpt lat="46.6878290" lon="7.8944910"/>
   <trkpt lat="46.6878110" lon="7.8944350"/>
   <trkpt lat="46.6877970" lon="7.8943970"/>
   <trkpt lat="46.6877840" lon="7.8943440"/>
   <trkpt lat="46.6877880" lon="7.8942970"/>
   <trkpt lat="46.6877950" lon="7.8942530"/>
   <trkpt lat="46.6878160" lon="7.8942110"/>
   <trkpt lat="46.6878420" lon="7.8941770"/>
   <trkpt lat="46.6878740" lon="7.8941460"/>
   <trkpt lat="46.6878960" lon="7.8941280"/>
   <trkpt lat="46.6879230" lon="7.8941000"/>
   <trkpt lat="46.6879510" lon="7.8940750"/>
   <trkpt lat="46.6879740" lon="7.8940540"/>
   <trkpt lat="46.6880080" lon="7.8940210"/>
   <trkpt lat="46.6880320" lon="7.8940000"/>
   <trkpt lat="46.6880620" lon="7.8939620"/>
   <trkpt lat="46.6880900" lon="7.8939350"/>
   <trkpt lat="46.6881140" lon="7.8939080"/>
   <trkpt lat="46.6881440" lon="7.8938770"/>
   <trkpt lat="46.6881660" lon="7.8938570"/>
   <trkpt lat="46.6881960" lon="7.8938270"/>
   <trkpt lat="46.6882170" lon="7.8938020"/>
   <trkpt lat="46.6882380" lon="7.8937770"/>
   <trkpt lat="46.6882640" lon="7.8937520"/>
   <trkpt lat="46.6882880" lon="7.8937320"/>
   <trkpt lat="46.6883190" lon="7.8937090"/>
   <trkpt lat="46.6883390" lon="7.8936830"/>
   <trkpt lat="46.6883690" lon="7.8936530"/>
   <trkpt lat="46.6883990" lon="7.8936310"/>
   <trkpt lat="46.6884230" lon="7.8936070"/>
   <trkpt lat="46.6884550" lon="7.8935750"/>
   <trkpt lat="46.6884740" lon="7.8935530"/>
   <trkpt lat="46.6885040" lon="7.8935210"/>
   <trkpt lat="46.6885280" lon="7.8935000"/>
   <trkpt lat="46.6885560" lon="7.8934730"/>
   <trkpt lat="46.6885860" lon="7.8934550"/>
   <trkpt lat="46.6886110" lon="7.8934360"/>
   <trkpt lat="46.6886490" lon="7.8934230"/>
   <trkpt lat="46.6886760" lon="7.8934230"/>
   <trkpt lat="46.6887130" lon="7.8934350"/>
   <trkpt lat="46.6887400" lon="7.8934650"/>
   <trkpt lat="46.6887700" lon="7.8935100"/>
   <trkpt lat="46.6887900" lon="7.8935550"/>
   <trkpt lat="46.6888070" lon="7.8935920"/>
   <trkpt lat="46.6888230" lon="7.8936490"/>
   <trkpt lat="46.6888440" lon="7.8936870"/>
   <trkpt lat="46.6888620" lon="7.8937360"/>
   <trkpt lat="46.6888770" lon="7.8937780"/>
   <trkpt lat="46.6888940" lon="7.8938200"/>
   <trkpt lat="46.6889050" lon="7.8938650"/>
   <trkpt lat="46.6889150" lon="7.8939030"/>
   <trkpt lat="46.6889280" lon="7.8939530"/>
   <trkpt lat="46.6889480" lon="7.8939850"/>
   <trkpt lat="46.6889660" lon="7.8940280"/>
   <trkpt lat="46.6889810" lon="7.8940710"/>
   <trkpt lat="46.6889980" lon="7.8941030"/>
   <trkpt lat="46.6890130" lon="7.8941530"/>
   <trkpt lat="46.6890280" lon="7.8941890"/>
   <trkpt lat="46.6890420" lon="7.8942400"/>
   <trkpt lat="46.6890560" lon="7.8942810"/>
   <trkpt lat="46.6890730" lon="7.8943200"/>
   <trkpt lat="46.6890840" lon="7.8943690"/>
   <trkpt lat="46.6890990" lon="7.8944010"/>
   <trkpt lat="46.6891160" lon="7.8944470"/>
   <trkpt lat="46.6891320" lon="7.8944840"/>
   <trkpt lat="46.6891480" lon="7.8945290"/>
   <trkpt lat="46.6891580" lon="7.8945740"/>
   <trkpt lat="46.6891750" lon="7.8946070"/>
   <trkpt lat="46.6891860" lon="7.8946550"/>
   <trkpt lat="46.6891990" lon="7.8946870"/>
   <trkpt lat="46.6892140" lon="7.8947390"/>
   <trkpt lat="46.6892300" lon="7.8947760"/>
   <trkpt lat="46.6892420" lon="7.8948160"/>
   <trkpt lat="46.6892530" lon="7.8948610"/>
   <trkpt lat="46.6892670" lon="7.8948950"/>
   <trkpt lat="46.6892830" lon="7.8949430"/>
   <trkpt lat="46.6892910" lon="7.8949860"/>
   <trkpt lat="46.6893070" lon="7.8950290"/>
   <trkpt lat="46.6893210" lon="7.8950690"/>
   <trkpt lat="46.6893360" lon="7.8951120"/>
   <trkpt lat="46.6893490" lon="7.8951540"/>
   <trkpt lat="46.6893620" lon="7.8951860"/>
   <trkpt lat="46.6893770" lon="7.8952370"/>
   <trkpt lat="46.6893880" lon="7.8952800"/>
   <trkpt lat="46.6894020" lon="7.8953220"/>
   <trkpt lat="46.6894130" lon="7.8953690"/>
   <trkpt lat="46.6894250" lon="7.8954080"/>
   <trkpt lat="46.6894410" lon="7.8954570"/>
   <trkpt lat="46.6894520" lon="7.8954920"/>
   <trkpt lat="46.6894690" lon="7.8955320"/>
   <trkpt lat="46.6894830" lon="7.8955670"/>
   <trkpt lat="46.6894980" lon="7.8956030"/>
   <trkpt lat="46.6895120" lon="7.8956480"/>
   <trkpt lat="46.6895240" lon="7.8956830"/>
   <trkpt lat="46.6895420" lon="7.8957270"/>
   <trkpt lat="46.6895570" lon="7.8957600"/>
   <trkpt lat="46.6895750" lon="7.8957940"/>
   <trkpt lat="46.6896020" lon="7.8958280"/>
   <trkpt lat="46.6896280" lon="7.8958510"/>
   <trkpt lat="46.6896480" lon="7.8958860"/>
   <trkpt lat="46.6896640" lon="7.8959120"/>
   <trkpt lat="46.6896830" lon="7.8959490"/>
   <trkpt lat="46.6897050" lon="7.8959850"/>
   <trkpt lat="46.6897280" lon="7.8960150"/>
   <trkpt lat="46.6897480" lon="7.8960500"/>
   <trkpt lat="46.6897720" lon="7.8960730"/>
   <trkpt lat="46.6897950" lon="7.8961080"/>
   <trkpt lat="46.6898200" lon="7.8961450"/>
   <trkpt lat="46.6898420" lon="7.8961720"/>
   <trkpt lat="46.6898680" lon="7.8962060"/>
   <trkpt lat="46.6898930" lon="7.8962280"/>
   <trkpt lat="46.6899170" lon="7.8962550"/>
   <trkpt lat="46.6899430" lon="7.8962720"/>
   <trkpt lat="46.6899670" lon="7.8962920"/>
   <trkpt lat="46.6899920" lon="7.8963150"/>
   <trkpt lat="46.6900170" lon="7.8963350"/>
   <trkpt lat="46.6900380" lon="7.8963600"/>
   <trkpt lat="46.6900620" lon="7.8963820"/>
   <trkpt lat="46.6900850" lon="7.8964030"/>
   <trkpt lat="46.6901080" lon="7.8964340"/>
   <trkpt lat="46.6901280" lon="7.8964520"/>
   <trkpt lat="46.6901550" lon="7.8964850"/>
   <trkpt lat="46.6901730" lon="7.8965140"/>
   <trkpt lat="46.6901940" lon="7.8965470"/>
   <trkpt lat="46.6902130" lon="7.8965950"/>
   <trkpt lat="46.6902280" lon="7.8966350"/>
   <trkpt lat="46.6902410" lon="7.8966870"/>
   <trkpt lat="46.6902490" lon="7.8967290"/>
   <trkpt lat="46.6902530" lon="7.8967760"/>
   <trkpt lat="46.6902550" lon="7.8968280"/>
   <trkpt lat="46.6902560" lon="7.8968710"/>
   <trkpt lat="46.6902520" lon="7.8969220"/>
   <trkpt lat="46.6902460" lon="7.8969590"/>
   <trkpt lat="46.6902410" lon="7.8970150"/>
   <trkpt lat="46.6902340" lon="7.8970560"/>
   <trkpt lat="46.6902280" lon="7.8971000"/>
   <trkpt lat="46.6902150" lon="7.8971420"/>
   <trkpt lat="46.6902000" lon="7.8971750"/>
   <trkpt lat="46.6901830" lon="7.8972070"/>
   <trkpt lat="46.6901680" lon="7.8972310"/>
   <trkpt lat="46.6901490" lon="7.8972580"/>
   <trkpt lat="46.6901280" lon="7.8972870"/>
   <trkpt lat="46.6901070" lon="7.8973100"/>
   <trkpt lat="46.6900760" lon="7.8973390"/>
   <trkpt lat="46.6900550" lon="7.8973660"/>
   <trkpt lat="46.6900240" lon="7.8973960"/>
   <trkpt lat="46.6899890" lon="7.8974090"/>
   <trkpt lat="46.6899600" lon="7.8974110"/>
   <trkpt lat="46.6899280" lon="7.8973940"/>
   <trkpt lat="46.6899050" lon="7.8973750"/>
   <trkpt lat="46.6898750" lon="7.8973490"/>
   <trkpt lat="46.6898510" lon="7.8973260"/>
   <trkpt lat="46.6898220" lon="7.8973040"/>
   <trkpt lat="46.6897970" lon="7.8972710"/>
   <trkpt lat="46.6897750" lon="7.8972490"/>
   <trkpt lat="46.6897530" lon="7.8972200"/>
   <trkpt lat="46.6897300" lon="7.8971890"/>
   <trkpt lat="46.6897080" lon="7.8971590"/>
   <trkpt lat="46.6896850" lon="7.8971230"/>
   <trkpt lat="46.6896600" lon="7.8971060"/>
   <trkpt lat="46.6896300" lon="7.8970760"/>
   <trkpt lat="46.6896020" lon="7.8970620"/>
   <trkpt lat="46.6895660" lon="7.8970560"/>
   <trkpt lat="46.6895360" lon="7.8970670"/>
   <trkpt lat="46.6895080" lon="7.8970810"/>
   <trkpt lat="46.6894760" lon="7.8971030"/>
   <trkpt lat="46.6894520" lon="7.8971280"/>
   <trkpt lat="46.6894180" lon="7.8971570"/>
   <trkpt lat="46.6893930" lon="7.8971800"/>
   <trkpt lat="46.6893610" lon="7.8972070"/>
   <trkpt lat="46.6893310" lon="7.8972300"/>
   <trkpt lat="46.6893040" lon="7.8972530"/>
   <trkpt lat="46.6892730" lon="7.8972760"/>
   <trkpt lat="46.6892490" lon="7.8973020"/>
   <trkpt lat="46.6892200" lon="7.8973300"/>
   <trkpt lat="46.6891930" lon="7.8973460"/>
   <trkpt lat="46.6891670" lon="7.8973640"/>
   <trkpt lat="46.6891350" lon="7.8973830"/>
   <trkpt lat="46.6891080" lon="7.8974070"/>
   <trkpt lat="46.6890720" lon="7.8974310"/>
   <trkpt lat="46.6890520" lon="7.8974460"/>
   <trkpt lat="46.6890210" lon="7.8974840"/>
   <trkpt lat="46.6889970" lon="7.8975170"/>
   <trkpt lat="46.6889700" lon="7.8975500"/>
   <trkpt lat="46.6889400" lon="7.8975800"/>
   <trkpt lat="46.6889140" lon="7.8976100"/>
   <trkpt lat="46.6888830" lon="7.8976410"/>
   <trkpt lat="46.6888620" lon="7.8976710"/>
   <trkpt lat="46.6888380" lon="7.8976960"/>
   <trkpt lat="46.6888210" lon="7.8977180"/>
   <trkpt lat="46.6887960" lon="7.8977510"/>
   <trkpt lat="46.6887680" lon="7.8977770"/>
   <trkpt lat="46.6887410" lon="7.8978040"/>
   <trkpt lat="46.6887070" lon="7.8978270"/>
   <trkpt lat="46.6886890" lon="7.8978540"/>
   <trkpt lat="46.6886620" lon="7.8978830"/>
   <trkpt lat="46.6886390" lon="7.8979070"/>
   <trkpt lat="46.6886110" lon="7.8979360"/>
   <trkpt lat="46.6885790" lon="7.8979600"/>
   <trkpt lat="46.6885560" lon="7.8979870"/>
   <trkpt lat="46.6885250" lon="7.8980200"/>
   <trkpt lat="46.6885050" lon="7.8980420"/>
   <trkpt lat="46.6884770" lon="7.8980680"/>
   <trkpt lat="46.6884460" lon="7.8980870"/>
   <trkpt lat="46.6884240" lon="7.8981060"/>
   <trkpt lat="46.6883910" lon="7.8981260"/>
   <trkpt lat="46.6883740" lon="7.8981470"/>
   <trkpt lat="46.6883430" lon="7.8981790"/>
   <trkpt lat="46.6883210" lon="7.8981970"/>
   <trkpt lat="46.6882910" lon="7.8982190"/>
   <trkpt lat="46.6882580" lon="7.8982390"/>
   <trkpt lat="46.6882350" lon="7.8982590"/>
   <trkpt lat="46.6882010" lon="7.8982800"/>
   <trkpt lat="46.6881800" lon="7.8983010"/>
   <trkpt lat="46.6881540" lon="7.8983280"/>
   <trkpt lat="46.6881290" lon="7.8983610"/>
   <trkpt lat="46.6881170" lon="7.8983970"/>
   <trkpt lat="46.6881190" lon="7.8984490"/>
   <trkpt lat="46.6881280" lon="7.8984820"/>
   <trkpt lat="46.6881440" lon="7.8985240"/>
   <trkpt lat="46.6881590" lon="7.8985600"/>
   <trkpt lat="46.6881740" lon="7.8985970"/>
   <trkpt lat="46.6881850" lon="7.8986420"/>
   <trkpt lat="46.6881970" lon="7.8986760"/>
   <trkpt lat="46.6882110" lon="7.8987260"/>
   <trkpt lat="46.6882260" lon="7.8987610"/>
   <trkpt lat="46.6882410" lon="7.8988100"/>
   <trkpt lat="46.6882560" lon="7.8988510"/>
   <trkpt lat="46.6882680" lon="7.8988890"/>
   <trkpt lat="46.6882830" lon="7.8989330"/>
   <trkpt lat="46.6882970" lon="7.8989660"/>
   <trkpt lat="46.6883090" lon="7.8990160"/>
   <trkpt lat="46.6883230" lon="7.8990450"/>
   <trkpt lat="46.6883380" lon="7.8990920"/>
   <trkpt lat="46.6883500" lon="7.8991270"/>
   <trkpt lat="46.6883650" lon="7.8991720"/>
   <trkpt lat="46.6883790" lon="7.8992170"/>
   <trkpt lat="46.6883960" lon="7.8992450"/>
   <trkpt lat="46.6884140" lon="7.8992900"/>
   <trkpt lat="46.6884290" lon="7.8993250"/>
   <trkpt lat="46.6884370" lon="7.8993680"/>
   <trkpt lat="46.6884470" lon="7.8994110"/>
   <trkpt lat="46.6884570" lon="7.8994500"/>
   <trkpt lat="46.6884670" lon="7.8994960"/>
   <trkpt lat="46.6884790" lon="7.8995280"/>
   <trkpt lat="46.6884900" lon="7.8995740"/>
   <trkpt lat="46.6885020" lon="7.8996150"/>
   <trkpt lat="46.6885110" lon="7.8996670"/>
   <trkpt lat="46.6885160" lon="7.8997180"/>
   <trkpt lat="46.6885260" lon="7.8997600"/>
   <trkpt lat="46.6885310" lon="7.8998140"/>
   <trkpt lat="46.6885320" lon="7.8998530"/>
   <trkpt lat="46.6885330" lon="7.8999150"/>
   <trkpt lat="46.6885370" lon="7.8999590"/>
   <trkpt lat="46.6885360" lon="7.9000140"/>
   <trkpt lat="46.6885300" lon="7.9000680"/>
   <trkpt lat="46.6885250" lon="7.9001140"/>
   <trkpt lat="46.6885200" lon="7.9001730"/>
   <trkpt lat="46.6885220" lon="7.9002080"/>
   <trkpt lat="46.6885230" lon="7.9002640"/>
   <trkpt lat="46.6885240" lon="7.9003040"/>
   <trkpt lat="46.6885240" lon="7.9003510"/>
   <trkpt lat="46.6885220" lon="7.9003990"/>
   <trkpt lat="46.6885230" lon="7.9004320"/>
   <trkpt lat="46.6885160" lon="7.9004830"/>
   <trkpt lat="46.6885120" lon="7.9005240"/>
   <trkpt lat="46.6885120" lon="7.9005810"/>
   <trkpt lat="46.6885110" lon="7.9006270"/>
   <trkpt lat="46.6885130" lon="7.9006780"/>
   <trkpt lat="46.6885120" lon="7.9007290"/>
   <trkpt lat="46.6885130" lon="7.9007690"/>
   <trkpt lat="46.6885120" lon="7.9008210"/>
   <trkpt lat="46.6885120" lon="7.9008610"/>
   <trkpt lat="46.6885130" lon="7.9009140"/>
   <trkpt lat="46.6885180" lon="7.9009560"/>
   <trkpt lat="46.6885260" lon="7.9009990"/>
   <trkpt lat="46.6885280" lon="7.9010440"/>
   <trkpt lat="46.6885330" lon="7.9010790"/>
   <trkpt lat="46.6885380" lon="7.9011310"/>
   <trkpt lat="46.6885450" lon="7.9011700"/>
   <trkpt lat="46.6885460" lon="7.9012150"/>
   <trkpt lat="46.6885490" lon="7.9012580"/>
   <trkpt lat="46.6885520" lon="7.9012970"/>
   <trkpt lat="46.6885530" lon="7.9013420"/>
   <trkpt lat="46.6885600" lon="7.9013740"/>
   <trkpt lat="46.6885700" lon="7.9014260"/>
   <trkpt lat="46.6885790" lon="7.9014630"/>
   <trkpt lat="46.6885860" lon="7.9015100"/>
   <trkpt lat="46.6885860" lon="7.9015570"/>
   <trkpt lat="46.6885930" lon="7.9016040"/>
   <trkpt lat="46.6885950" lon="7.9016580"/>
   <trkpt lat="46.6886040" lon="7.9016990"/>
   <trkpt lat="46.6886130" lon="7.9017590"/>
   <trkpt lat="46.6886160" lon="7.9018010"/>
   <trkpt lat="46.6886230" lon="7.9018520"/>
   <trkpt lat="46.6886300" lon="7.9018970"/>
   <trkpt lat="46.6886380" lon="7.9019390"/>
   <trkpt lat="46.6886430" lon="7.9019870"/>
   <trkpt lat="46.6886480" lon="7.9020240"/>
   <trkpt lat="46.6886570" lon="7.9020780"/>
   <trkpt lat="46.6886590" lon="7.9021160"/>
   <trkpt lat="46.6886630" lon="7.9021650"/>
   <trkpt lat="46.6886650" lon="7.9022120"/>
   <trkpt lat="46.6886730" lon="7.9022540"/>
   <trkpt lat="46.6886760" lon="7.9023030"/>
   <trkpt lat="46.6886800" lon="7.9023430"/>
   <trkpt lat="46.6886900" lon="7.9023950"/>
   <trkpt lat="46.6886960" lon="7.9024330"/>
   <trkpt lat="46.6887010" lon="7.9024800"/>
   <trkpt lat="46.6886980" lon="7.9025260"/>
   <trkpt lat="46.6886960" lon="7.9025690"/>
   <trkpt lat="46.6886850" lon="7.9026160"/>
   <trkpt lat="46.6886830" lon="7.9026530"/>
   <trkpt lat="46.6886830" lon="7.9027060"/>
   <trkpt lat="46.6886790" lon="7.9027430"/>
   <trkpt lat="46.6886810" lon="7.9027950"/>
   <trkpt lat="46.6886800" lon="7.9028400"/>
   <trkpt lat="46.6886840" lon="7.9028850"/>
   <trkpt lat="46.6886830" lon="7.9029380"/>
   <trkpt lat="46.6886830" lon="7.9029780"/>
   <trkpt lat="46.6886860" lon="7.9030360"/>
   <trkpt lat="46.6886840" lon="7.9030730"/>
   <trkpt lat="46.6886840" lon="7.9031250"/>
   <trkpt lat="46.6886830" lon="7.9031670"/>
   <trkpt lat="46.6886860" lon="7.9032080"/>
   <trkpt lat="46.6886830" lon="7.9032590"/>
   <trkpt lat="46.6886880" lon="7.9032930"/>
   <trkpt lat="46.6886920" lon="7.9033460"/>
   <trkpt lat="46.6886940" lon="7.9033890"/>
   <trkpt lat="46.6886950" lon="7.9034340"/>
   <trkpt lat="46.6886940" lon="7.9034810"/>
   <trkpt lat="46.6886980" lon="7.9035180"/>
   <trkpt lat="46.6887000" lon="7.9035720"/>
   <trkpt lat="46.6887030" lon="7.9036090"/>
   <trkpt lat="46.6887020" lon="7.9036620"/>
   <trkpt lat="46.6887040" lon="7.9037020"/>
   <trkpt lat="46.6887020" lon="7.9037490"/>
   <trkpt lat="46.6887000" lon="7.9037970"/>
   <trkpt lat="46.6886930" lon="7.9038420"/>
   <trkpt lat="46.6886870" lon="7.9038960"/>
   <trkpt lat="46.6886890" lon="7.9039280"/>
   <trkpt lat="46.6886860" lon="7.9039850"/>
   <trkpt lat="46.6886840" lon="7.9040260"/>
   <trkpt lat="46.6886800" lon="7.9040750"/>
   <trkpt lat="46.6886750" lon="7.9041240"/>
   <trkpt lat="46.6886720" lon="7.9041700"/>
   <trkpt lat="46.6886650" lon="7.9042210"/>
   <trkpt lat="46.6886640" lon="7.9042550"/>
   <trkpt lat="46.6886650" lon="7.9043100"/>
   <trkpt lat="46.6886670" lon="7.9043470"/>
   <trkpt lat="46.6886680" lon="7.9043990"/>
   <trkpt lat="46.6886630" lon="7.9044450"/>
   <trkpt lat="46.6886650" lon="7.9044880"/>
   <trkpt lat="46.6886590" lon="7.9045400"/>
   <trkpt lat="46.6886640" lon="7.9045780"/>
   <trkpt lat="46.6886620" lon="7.9046370"/>
   <trkpt lat="46.6886640" lon="7.9046750"/>
   <trkpt lat="46.6886610" lon="7.9047210"/>
   <trkpt lat="46.6886550" lon="7.9047700"/>
   <trkpt lat="46.6886570" lon="7.9048040"/>
   <trkpt lat="46.6886540" lon="7.9048550"/>
   <trkpt lat="46.6886570" lon="7.9048890"/>
   <trkpt lat="46.6886560" lon="7.9049410"/>
   <trkpt lat="46.6886540" lon="7.9049860"/>
   <trkpt lat="46.6886490" lon="7.9050320"/>
   <trkpt lat="46.6886520" lon="7.9050830"/>
   <trkpt lat="46.6886540" lon="7.9051170"/>
   <trkpt lat="46.6886570" lon="7.9051670"/>
   <trkpt lat="46.6886590" lon="7.9052020"/>
   <trkpt lat="46.6886570" lon="7.9052510"/>
   <trkpt lat="46.6886550" lon="7.9053010"/>
   <trkpt lat="46.6886520" lon="7.9053420"/>
   <trkpt lat="46.6886520" lon="7.9053980"/>
   <trkpt lat="46.6886550" lon="7.9054330"/>
   <trkpt lat="46.6886530" lon="7.9054860"/>
   <trkpt lat="46.6886510" lon="7.9055220"/>
   <trkpt lat="46.6886520" lon="7.9055640"/>
   <trkpt lat="46.6886460" lon="7.9056090"/>
   <trkpt lat="46.6886510" lon="7.9056400"/>
   <trkpt lat="46.6886540" lon="7.9056930"/>
   <trkpt lat="46.6886540" lon="7.9057330"/>
   <trkpt lat="46.6886500" lon="7.9057870"/>
   <trkpt lat="46.6886500" lon="7.9058370"/>
   <trkpt lat="46.6886550" lon="7.9058750"/>
   <trkpt lat="46.6886560" lon="7.9059290"/>
   <trkpt lat="46.6886600" lon="7.9059690"/>
   <trkpt lat="46.6886600" lon="7.9060190"/>
   <trkpt lat="46.6886570" lon="7.9060640"/>
   <trkpt lat="46.6886540" lon="7.9061150"/>
   <trkpt lat="46.6886490" lon="7.9061680"/>
   <trkpt lat="46.6886480" lon="7.9062100"/>
   <trkpt lat="46.6886480" lon="7.9062580"/>
   <trkpt lat="46.6886470" lon="7.9062950"/>
   <trkpt lat="46.6886490" lon="7.9063430"/>
   <trkpt lat="46.6886470" lon="7.9063850"/>
   <trkpt lat="46.6886440" lon="7.9064300"/>
   <trkpt lat="46.6886390" lon="7.9064770"/>
   <trkpt lat="46.6886420" lon="7.9065130"/>
   <trkpt lat="46.6886400" lon="7.9065700"/>
   <trkpt lat="46.6886400" lon="7.9066080"/>
   <trkpt lat="46.6886350" lon="7.9066610"/>
   <trkpt lat="46.6886310" lon="7.9067090"/>
   <trkpt lat="46.6886310" lon="7.9067500"/>
   <trkpt lat="46.6886290" lon="7.9067990"/>
   <trkpt lat="46.6886280" lon="7.9068400"/>
   <trkpt lat="46.6886220" lon="7.9068930"/>
   <trkpt lat="46.6886190" lon="7.9069390"/>
   <trkpt lat="46.6886190" lon="7.9069890"/>
   <trkpt lat="46.6886190" lon="7.9070360"/>
   <trkpt lat="46.6886170" lon="7.9070820"/>
   <trkpt lat="46.6886120" lon="7.9071360"/>
   <trkpt lat="46.6886110" lon="7.9071760"/>
   <trkpt lat="46.6886070" lon="7.9072350"/>
   <trkpt lat="46.6886090" lon="7.9072750"/>
   <trkpt lat="46.6886080" lon="7.9073360"/>
   <trkpt lat="46.6886050" lon="7.9073800"/>
   <trkpt lat="46.6886020" lon="7.9074330"/>
   <trkpt lat="46.6886000" lon="7.9074780"/>
   <trkpt lat="46.6886000" lon="7.9075180"/>
   <trkpt lat="46.6885980" lon="7.9075770"/>
   <trkpt lat="46.6886030" lon="7.9076080"/>
   <trkpt lat="46.6886080" lon="7.9076590"/>
   <trkpt lat="46.6886130" lon="7.9076940"/>
   <trkpt lat="46.6886110" lon="7.9077400"/>
   <trkpt lat="46.6886130" lon="7.9077860"/>
   <trkpt lat="46.6886150" lon="7.9078270"/>
   <trkpt lat="46.6886170" lon="7.9078860"/>
   <trkpt lat="46.6886230" lon="7.9079220"/>
   <trkpt lat="46.6886240" lon="7.9079760"/>
   <trkpt lat="46.6886240" lon="7.9080140"/>
   <trkpt lat="46.6886230" lon="7.9080640"/>
   <trkpt lat="46.6886200" lon="7.9081150"/>
   <trkpt lat="46.6886210" lon="7.9081550"/>
   <trkpt lat="46.6886200" lon="7.9082120"/>
   <trkpt lat="46.6886150" lon="7.9082520"/>
   <trkpt lat="46.6886170" lon="7.9083130"/>
   <trkpt lat="46.6886220" lon="7.9083530"/>
   <trkpt lat="46.6886260" lon="7.9084060"/>
   <trkpt lat="46.6886260" lon="7.9084540"/>
   <trkpt lat="46.6886280" lon="7.9084950"/>
   <trkpt lat="46.6886280" lon="7.9085440"/>
   <trkpt lat="46.6886270" lon="7.9085850"/>
   <trkpt lat="46.6886260" lon="7.9086320"/>
   <trkpt lat="46.6886240" lon="7.9086730"/>
   <trkpt lat="46.6886250" lon="7.9087140"/>
   <trkpt lat="46.6886230" lon="7.9087590"/>
   <trkpt lat="46.6886240" lon="7.9087980"/>
   <trkpt lat="46.6886230" lon="7.9088470"/>
   <trkpt lat="46.6886270" lon="7.9088800"/>
   <trkpt lat="46.6886320" lon="7.9089310"/>
   <trkpt lat="46.6886300" lon="7.9089760"/>
   <trkpt lat="46.6886310" lon="7.9090220"/>
   <trkpt lat="46.6886280" lon="7.9090730"/>
   <trkpt lat="46.6886280" lon="7.9091140"/>
   <trkpt lat="46.6886250" lon="7.9091700"/>
   <trkpt lat="46.6886280" lon="7.9092110"/>
   <trkpt lat="46.6886320" lon="7.9092620"/>
   <trkpt lat="46.6886320" lon="7.9093060"/>
   <trkpt lat="46.6886320" lon="7.9093480"/>
   <trkpt lat="46.6886330" lon="7.9093940"/>
   <trkpt lat="46.6886330" lon="7.9094280"/>
   <trkpt lat="46.6886270" lon="7.9094770"/>
   <trkpt lat="46.6886270" lon="7.9095140"/>
   <trkpt lat="46.6886200" lon="7.9095550"/>
   <trkpt lat="46.6886100" lon="7.9095990"/>
   <trkpt lat="46.6886040" lon="7.9096330"/>
   <trkpt lat="46.6885960" lon="7.9096820"/>
   <trkpt lat="46.6885950" lon="7.9097230"/>
   <trkpt lat="46.6885890" lon="7.9097680"/>
   <trkpt lat="46.6885830" lon="7.9098090"/>
   <trkpt lat="46.6885810" lon="7.9098490"/>
   <trkpt lat="46.6885720" lon="7.9098990"/>
   <trkpt lat="46.6885690" lon="7.9099390"/>
   <trkpt lat="46.6885610" lon="7.9099910"/>
   <trkpt lat="46.6885560" lon="7.9100340"/>
   <trkpt lat="46.6885490" lon="7.9100830"/>
   <trkpt lat="46.6885410" lon="7.9101310"/>
   <trkpt lat="46.6885390" lon="7.9101710"/>
   <trkpt lat="46.6885330" lon="7.9102210"/>
   <trkpt lat="46.6885280" lon="7.9102560"/>
   <trkpt lat="46.6885260" lon="7.9103090"/>
   <trkpt lat="46.6885220" lon="7.9103450"/>
   <trkpt lat="46.6885150" lon="7.9103990"/>
   <trkpt lat="46.6885040" lon="7.9104460"/>
   <trkpt lat="46.6884950" lon="7.9104890"/>
   <trkpt lat="46.6884840" lon="7.9105370"/>
   <trkpt lat="46.6884780" lon="7.9105710"/>
   <trkpt lat="46.6884740" lon="7.9106210"/>
   <trkpt lat="46.6884650" lon="7.9106620"/>
   <trkpt lat="46.6884570" lon="7.9107100"/>
   <trkpt lat="46.6884490" lon="7.9107550"/>
   <trkpt lat="46.6884450" lon="7.9107870"/>
   <trkpt lat="46.6884330" lon="7.9108380"/>
   <trkpt lat="46.6884320" lon="7.9108730"/>
   <trkpt lat="46.6884310" lon="7.9109190"/>
   <trkpt lat="46.6884250" lon="7.9109590"/>
   <trkpt lat="46.6884190" lon="7.9110030"/>
   <trkpt lat="46.6884040" lon="7.9110430"/>
   <trkpt lat="46.6883950" lon="7.9110840"/>
   <trkpt lat="46.6883850" lon="7.9111330"/>
   <trkpt lat="46.6883780" lon="7.9111690"/>
   <trkpt lat="46.6883680" lon="7.9112270"/>
   <trkpt lat="46.6883600" lon="7.9112720"/>
   <trkpt lat="46.6883500" lon="7.9113300"/>
   <trkpt lat="46.6883400" lon="7.9113800"/>
   <trkpt lat="46.6883350" lon="7.9114230"/>
   <trkpt lat="46.6883280" lon="7.9114760"/>
   <trkpt lat="46.6883290" lon="7.9115090"/>
   <trkpt lat="46.6883230" lon="7.9115610"/>
   <trkpt lat="46.6883170" lon="7.9116010"/>
   <trkpt lat="46.6883090" lon="7.9116470"/>
   <trkpt lat="46.6882960" lon="7.9116980"/>
   <trkpt lat="46.6882910" lon="7.9117350"/>
   <trkpt lat="46.6882790" lon="7.9117850"/>
   <trkpt lat="46.6882710" lon="7.9118180"/>
   <trkpt lat="46.6882640" lon="7.9118650"/>
   <trkpt lat="46.6882580" lon="7.9119140"/>
   <trkpt lat="46.6882510" lon="7.9119600"/>
   <trkpt lat="46.6882430" lon="7.9120070"/>
   <trkpt lat="46.6882340" lon="7.9120460"/>
   <trkpt lat="46.6882230" lon="7.9121000"/>
   <trkpt lat="46.6882190" lon="7.9121390"/>
   <trkpt lat="46.6882090" lon="7.9121850"/>
   <trkpt lat="46.6882010" lon="7.9122320"/>
   <trkpt lat="46.6881980" lon="7.9122750"/>
   <trkpt lat="46.6881920" lon="7.9123260"/>
   <trkpt lat="46.6881870" lon="7.9123660"/>
   <trkpt lat="46.6881860" lon="7.9124170"/>
   <trkpt lat="46.6881860" lon="7.9124560"/>
   <trkpt lat="46.6881850" lon="7.9125040"/>
   <trkpt lat="46.6881810" lon="7.9125440"/>
   <trkpt lat="46.6881800" lon="7.9125880"/>
   <trkpt lat="46.6881770" lon="7.9126380"/>
   <trkpt lat="46.6881780" lon="7.9126760"/>
   <trkpt lat="46.6881740" lon="7.9127320"/>
   <trkpt lat="46.6881810" lon="7.9127640"/>
   <trkpt lat="46.6881880" lon="7.9128190"/>
   <trkpt lat="46.6881860" lon="7.9128610"/>
   <trkpt lat="46.6881850" lon="7.9129100"/>
   <trkpt lat="46.6881800" lon="7.9129640"/>
   <trkpt lat="46.6881840" lon="7.9130000"/>
   <trkpt lat="46.6881840" lon="7.9130540"/>
   <trkpt lat="46.6881900" lon="7.9130890"/>
   <trkpt lat="46.6881940" lon="7.9131370"/>
   <trkpt lat="46.6881960" lon="7.9131810"/>
   <trkpt lat="46.6882000" lon="7.9132220"/>
   <trkpt lat="46.6881960" lon="7.9132740"/>
   <trkpt lat="46.6881990" lon="7.9133110"/>
   <trkpt lat="46.6882000" lon="7.9133640"/>
   <trkpt lat="46.6881980" lon="7.9134030"/>
   <trkpt lat="46.6882020" lon="7.9134560"/>
   <trkpt lat="46.6882030" lon="7.9135040"/>
   <trkpt lat="46.6882050" lon="7.9135430"/>
   <trkpt lat="46.6882080" lon="7.9135930"/>
   <trkpt lat="46.6882080" lon="7.9136280"/>
   <trkpt lat="46.6882110" lon="7.9136860"/>
   <trkpt lat="46.6882160" lon="7.9137230"/>
   <trkpt lat="46.6882160" lon="7.9137740"/>
   <trkpt lat="46.6882160" lon="7.9138220"/>
   <trkpt lat="46.6882150" lon="7.9138680"/>
   <trkpt lat="46.6882140" lon="7.9139130"/>
   <trkpt lat="46.6882150" lon="7.9139510"/>
   <trkpt lat="46.6882190" lon="7.9139990"/>
   <trkpt lat="46.6882250" lon="7.9140370"/>
   <trkpt lat="46.6882290" lon="7.9140800"/>
   <trkpt lat="46.6882300" lon="7.9141260"/>
   <trkpt lat="46.6882330" lon="7.9141710"/>
   <trkpt lat="46.6882360" lon="7.9142240"/>
   <trkpt lat="46.6882420" lon="7.9142560"/>
   <trkpt lat="46.6882440" lon="7.9143060"/>
   <trkpt lat="46.6882460" lon="7.9143450"/>
   <trkpt lat="46.6882500" lon="7.9143920"/>
   <trkpt lat="46.6882510" lon="7.9144330"/>
   <trkpt lat="46.6882490" lon="7.9144810"/>
   <trkpt lat="46.6882490" lon="7.9145330"/>
   <trkpt lat="46.6882500" lon="7.9145740"/>
   <trkpt lat="46.6882550" lon="7.9146280"/>
   <trkpt lat="46.6882610" lon="7.9146660"/>
   <trkpt lat="46.6882650" lon="7.9147150"/>
   <trkpt lat="46.6882710" lon="7.9147610"/>
   <trkpt lat="46.6882760" lon="7.9148050"/>
   <trkpt lat="46.6882800" lon="7.9148520"/>
   <trkpt lat="46.6882900" lon="7.9148940"/>
   <trkpt lat="46.6882990" lon="7.9149440"/>
   <trkpt lat="46.6883080" lon="7.9149790"/>
   <trkpt lat="46.6883190" lon="7.9150330"/>
   <trkpt lat="46.6883270" lon="7.9150660"/>
   <trkpt lat="46.6883380" lon="7.9151180"/>
   <trkpt lat="46.6883460" lon="7.9151600"/>
   <trkpt lat="46.6883550" lon="7.9152090"/>
   <trkpt lat="46.6883630" lon="7.9152590"/>
   <trkpt lat="46.6883720" lon="7.9152930"/>
   <trkpt lat="46.6883850" lon="7.9153420"/>
   <trkpt lat="46.6883990" lon="7.9153700"/>
   <trkpt lat="46.6884090" lon="7.9154180"/>
   <trkpt lat="46.6884190" lon="7.9154560"/>
   <trkpt lat="46.6884260" lon="7.9155030"/>
   <trkpt lat="46.6884280" lon="7.9155540"/>
   <trkpt lat="46.6884310" lon="7.9155890"/>
   <trkpt lat="46.6884290" lon="7.9156450"/>
   <trkpt lat="46.6884340" lon="7.9156770"/>
   <trkpt lat="46.6884420" lon="7.9157310"/>
   <trkpt lat="46.6884400" lon="7.9157680"/>
   <trkpt lat="46.6884430" lon="7.9158170"/>
   <trkpt lat="46.6884360" lon="7.9158650"/>
   <trkpt lat="46.6884390" lon="7.9159060"/>
   <trkpt lat="46.6884300" lon="7.9159600"/>
   <trkpt lat="46.6884280" lon="7.9159960"/>
   <trkpt lat="46.6884290" lon="7.9160450"/>
   <trkpt lat="46.6884230" lon="7.9160870"/>
   <trkpt lat="46.6884160" lon="7.9161300"/>
   <trkpt lat="46.6884070" lon="7.9161750"/>
   <trkpt lat="46.6884000" lon="7.9162100"/>
   <trkpt lat="46.6883890" lon="7.9162600"/>
   <trkpt lat="46.6883840" lon="7.9163010"/>
   <trkpt lat="46.6883740" lon="7.9163500"/>
   <trkpt lat="46.6883670" lon="7.9163910"/>
   <trkpt lat="46.6883560" lon="7.9164380"/>
   <trkpt lat="46.6883450" lon="7.9164840"/>
   <trkpt lat="46.6883330" lon="7.9165260"/>
   <trkpt lat="46.6883210" lon="7.9165750"/>
   <trkpt lat="46.6883140" lon="7.9166090"/>
   <trkpt lat="46.6883030" lon="7.9166560"/>
   <trkpt lat="46.6882950" lon="7.9166920"/>
   <trkpt lat="46.6882870" lon="7.9167340"/>
   <trkpt lat="46.6882730" lon="7.9167770"/>
   <trkpt lat="46.6882640" lon="7.9168170"/>
   <trkpt lat="46.6882500" lon="7.9168630"/>
   <trkpt lat="46.6882420" lon="7.9168930"/>
   <trkpt lat="46.6882320" lon="7.9169420"/>
   <trkpt lat="46.6882230" lon="7.9169810"/>
   <trkpt lat="46.6882130" lon="7.9170240"/>
   <trkpt lat="46.6881980" lon="7.9170690"/>
   <trkpt lat="46.6881870" lon="7.9171120"/>
   <trkpt lat="46.6881720" lon="7.9171640"/>
   <trkpt lat="46.6881640" lon="7.9172030"/>
   <trkpt lat="46.6881540" lon="7.9172550"/>
   <trkpt lat="46.6881470" lon="7.9172910"/>
   <trkpt lat="46.6881370" lon="7.9173460"/>
   <trkpt lat="46.6881250" lon="7.9173860"/>
   <trkpt lat="46.6881120" lon="7.9174290"/>
   <trkpt lat="46.6880950" lon="7.9174720"/>
   <trkpt lat="46.6880860" lon="7.9175070"/>
   <trkpt lat="46.6880710" lon="7.9175540"/>
   <trkpt lat="46.6880630" lon="7.9175870"/>
   <trkpt lat="46.6880510" lon="7.9176360"/>
   <trkpt lat="46.6880400" lon="7.9176780"/>
   <trkpt lat="46.6880320" lon="7.9177230"/>
   <trkpt lat="46.6880180" lon="7.9177700"/>
   <trkpt lat="46.6880060" lon="7.9178090"/>
   <trkpt lat="46.6879910" lon="7.9178590"/>
   <trkpt lat="46.6879830" lon="7.9178980"/>
   <trkpt lat="46.6879720" lon="7.9179480"/>
   <trkpt lat="46.6879670" lon="7.9179870"/>
   <trkpt lat="46.6879610" lon="7.9180360"/>
   <trkpt lat="46.6879520" lon="7.9180800"/>
   <trkpt lat="46.6879440" lon="7.9181280"/>
   <trkpt lat="46.6879300" lon="7.9181760"/>
   <trkpt lat="46.6879250" lon="7.9182120"/>
   <trkpt lat="46.6879140" lon="7.9182710"/>
   <trkpt lat="46.6879130" lon="7.9183070"/>
   <trkpt lat="46.6879170" lon="7.9183570"/>
   <trkpt lat="46.6879190" lon="7.9183920"/>
   <trkpt lat="46.6879280" lon="7.9184390"/>
   <trkpt lat="46.6879340" lon="7.9184890"/>
   <trkpt lat="46.6879390" lon="7.9185350"/>
   <trkpt lat="46.6879480" lon="7.9185850"/>
   <trkpt lat="46.6879600" lon="7.9186160"/>
   <trkpt lat="46.6879780" lon="7.9186690"/>
   <trkpt lat="46.6879920" lon="7.9186980"/>
   <trkpt lat="46.6880120" lon="7.9187370"/>
   <trkpt lat="46.6880280" lon="7.9187740"/>
   <trkpt lat="46.6880490" lon="7.9188100"/>
   <trkpt lat="46.6880630" lon="7.9188530"/>
   <trkpt lat="46.6880770" lon="7.9188770"/>
   <trkpt lat="46.6881000" lon="7.9189130"/>
   <trkpt lat="46.6881190" lon="7.9189440"/>
   <trkpt lat="46.6881450" lon="7.9189760"/>
   <trkpt lat="46.6881660" lon="7.9190070"/>
   <trkpt lat="46.6881900" lon="7.9190370"/>
   <trkpt lat="46.6882140" lon="7.9190780"/>
   <trkpt lat="46.6882270" lon="7.9191050"/>
   <trkpt lat="46.6882440" lon="7.9191500"/>
   <trkpt lat="46.6882620" lon="7.9191760"/>
   <trkpt lat="46.6882830" lon="7.9192190"/>
   <trkpt lat="46.6883030" lon="7.9192520"/>
   <trkpt lat="46.6883200" lon="7.9192960"/>
   <trkpt lat="46.6883340" lon="7.9193330"/>
   <trkpt lat="46.6883510" lon="7.9193710"/>
   <trkpt lat="46.6883610" lon="7.9194150"/>
   <trkpt lat="46.6883710" lon="7.9194550"/>
   <trkpt lat="46.6883810" lon="7.9195110"/>
   <trkpt lat="46.6883920" lon="7.9195480"/>
   <trkpt lat="46.6884060" lon="7.9196020"/>
   <trkpt lat="46.6884170" lon="7.9196400"/>
   <trkpt lat="46.6884290" lon="7.9196970"/>
   <trkpt lat="46.6884420" lon="7.9197340"/>
   <trkpt lat="46.6884500" lon="7.9197840"/>
   <trkpt lat="46.6884580" lon="7.9198290"/>
   <trkpt lat="46.6884660" lon="7.9198770"/>
   <trkpt lat="46.6884740" lon="7.9199300"/>
   <trkpt lat="46.6884840" lon="7.9199740"/>
   <trkpt lat="46.6884900" lon="7.9200240"/>
   <trkpt lat="46.6885010" lon="7.9200670"/>
   <trkpt lat="46.6885100" lon="7.9201250"/>
   <trkpt lat="46.6885240" lon="7.9201620"/>
   <trkpt lat="46.6885400" lon="7.9202170"/>
   <trkpt lat="46.6885570" lon="7.9202500"/>
   <trkpt lat="46.6885790" lon="7.9203000"/>
   <trkpt lat="46.6885960" lon="7.9203370"/>
   <trkpt lat="46.6886210" lon="7.9203870"/>
   <trkpt lat="46.6886410" lon="7.9204240"/>
   <trkpt lat="46.6886630" lon="7.9204700"/>
   <trkpt lat="46.6886820" lon="7.9205120"/>
   <trkpt lat="46.6886990" lon="7.9205510"/>
   <trkpt lat="46.6887120" lon="7.9206000"/>
   <trkpt lat="46.6887280" lon="7.9206360"/>
   <trkpt lat="46.6887510" lon="7.9206870"/>
   <trkpt lat="46.6887720" lon="7.9207210"/>
   <trkpt lat="46.6887930" lon="7.9207680"/>
   <trkpt lat="46.6888150" lon="7.9207930"/>
   <trkpt lat="46.6888380" lon="7.9208340"/>
   <trkpt lat="46.6888600" lon="7.9208630"/>
   <trkpt lat="46.6888870" lon="7.9208970"/>
   <trkpt lat="46.6889100" lon="7.9209250"/>
   <trkpt lat="46.6889390" lon="7.9209560"/>
   <trkpt lat="46.6889650" lon="7.9209910"/>
   <trkpt lat="46.6889890" lon="7.9210210"/>
   <trkpt lat="46.6890180" lon="7.9210600"/>
   <trkpt lat="46.6890370" lon="7.9210830"/>
   <trkpt lat="46.6890720" lon="7.9211190"/>
   <trkpt lat="46.6890960" lon="7.9211440"/>
   <trkpt lat="46.6891280" lon="7.9211600"/>
   <trkpt lat="46.6891550" lon="7.9211850"/>
   <trkpt lat="46.6891820" lon="7.9212050"/>
   <trkpt lat="46.6892180" lon="7.9212290"/>
   <trkpt lat="46.6892470" lon="7.9212430"/>
   <trkpt lat="46.6892820" lon="7.9212690"/>
   <trkpt lat="46.6893090" lon="7.9212790"/>
   <trkpt lat="46.6893430" lon="7.9212990"/>
   <trkpt lat="46.6893680" lon="7.9213040"/>
   <trkpt lat="46.6894040" lon="7.9213210"/>
   <trkpt lat="46.6894310" lon="7.9213380"/>
   <trkpt lat="46.6894600" lon="7.9213490"/>
   <trkpt lat="46.6894930" lon="7.9213650"/>
   <trkpt lat="46.6895190" lon="7.9213730"/>
   <trkpt lat="46.6895520" lon="7.9213840"/>
   <trkpt lat="46.6895800" lon="7.9213830"/>
   <trkpt lat="46.6896180" lon="7.9213990"/>
   <trkpt lat="46.6896490" lon="7.9214100"/>
   <trkpt lat="46.6896860" lon="7.9214190"/>
   <trkpt lat="46.6897150" lon="7.9214250"/>
   <trkpt lat="46.6897520" lon="7.9214310"/>
   <trkpt lat="46.6897840" lon="7.9214430"/>
   <trkpt lat="46.6898170" lon="7.9214520"/>
   <trkpt lat="46.6898510" lon="7.9214740"/>
   <trkpt lat="46.6898800" lon="7.9214870"/>
   <trkpt lat="46.6899170" lon="7.9215100"/>
   <trkpt lat="46.6899410" lon="7.9215210"/>
   <trkpt lat="46.6899740" lon="7.9215350"/>
   <trkpt lat="46.6899970" lon="7.9215510"/>
   <trkpt lat="46.6900240" lon="7.9215680"/>
   <trkpt lat="46.6900500" lon="7.9215950"/>
   <trkpt lat="46.6900770" lon="7.9216120"/>
   <trkpt lat="46.6901100" lon="7.9216400"/>
   <trkpt lat="46.6901360" lon="7.9216570"/>
   <trkpt lat="46.6901700" lon="7.9216790"/>
   <trkpt lat="46.6901960" lon="7.9216920"/>
   <trkpt lat="46.6902260" lon="7.9217100"/>
   <trkpt lat="46.6902510" lon="7.9217280"/>
   <trkpt lat="46.6902760" lon="7.9217500"/>
   <trkpt lat="46.6903010" lon="7.9217760"/>
   <trkpt lat="46.6903230" lon="7.9217940"/>
   <trkpt lat="46.6903500" lon="7.9218280"/>
   <trkpt lat="46.6903720" lon="7.9218520"/>
   <trkpt lat="46.6903990" lon="7.9218820"/>
   <trkpt lat="46.6904210" lon="7.9219040"/>
   <trkpt lat="46.6904480" lon="7.9219350"/>
   <trkpt lat="46.6904730" lon="7.9219690"/>
   <trkpt lat="46.6905020" lon="7.9219970"/>
   <trkpt lat="46.6905300" lon="7.9220300"/>
   <trkpt lat="46.6905560" lon="7.9220560"/>
   <trkpt lat="46.6905820" lon="7.9220920"/>
   <trkpt lat="46.6906060" lon="7.9221210"/>
   <trkpt lat="46.6906330" lon="7.9221590"/>
   <trkpt lat="46.6906560" lon="7.9221860"/>
   <trkpt lat="46.6906810" lon="7.9222150"/>
   <trkpt lat="46.6907010" lon="7.9222420"/>
   <trkpt lat="46.6907220" lon="7.9222670"/>
   <trkpt lat="46.6907430" lon="7.9223000"/>
   <trkpt lat="46.6907690" lon="7.9223210"/>
   <trkpt lat="46.6907930" lon="7.9223600"/>
   <trkpt lat="46.6908140" lon="7.9223870"/>
   <trkpt lat="46.6908420" lon="7.9224220"/>
   <trkpt lat="46.6908610" lon="7.9224460"/>
   <trkpt lat="46.6908830" lon="7.9224760"/>
   <trkpt lat="46.6909030" lon="7.9225140"/>
   <trkpt lat="46.6909240" lon="7.9225480"/>
   <trkpt lat="46.6909390" lon="7.9225880"/>
   <trkpt lat="46.6909560" lon="7.9226210"/>
   <trkpt lat="46.6909770" lon="7.9226590"/>
   <trkpt lat="46.6909950" lon="7.9226880"/>
   <trkpt lat="46.6910160" lon="7.9227230"/>
   <trkpt lat="46.6910310" lon="7.9227640"/>
   <trkpt lat="46.6910480" lon="7.9228000"/>
   <trkpt lat="46.6910660" lon="7.9228490"/>
   <trkpt lat="46.6910840" lon="7.9228820"/>
   <trkpt lat="46.6911050" lon="7.9229250"/>
   <trkpt lat="46.6911250" lon="7.9229560"/>
   <trkpt lat="46.6911560" lon="7.9229940"/>
   <trkpt lat="46.6911780" lon="7.9230280"/>
   <trkpt lat="46.6912010" lon="7.9230660"/>
   <trkpt lat="46.6912220" lon="7.9231020"/>
   <trkpt lat="46.6912400" lon="7.9231380"/>
   <trkpt lat="46.6912550" lon="7.9231930"/>
   <trkpt lat="46.6912720" lon="7.9232280"/>
   <trkpt lat="46.6912930" lon="7.9232760"/>
   <trkpt lat="46.6913140" lon="7.9233070"/>
   <trkpt lat="46.6913360" lon="7.9233590"/>
   <trkpt lat="46.6913560" lon="7.9233900"/>
   <trkpt lat="46.6913750" lon="7.9234380"/>
   <trkpt lat="46.6913930" lon="7.9234770"/>
   <trkpt lat="46.6914060" lon="7.9235200"/>
   <trkpt lat="46.6914170" lon="7.9235700"/>
   <trkpt lat="46.6914300" lon="7.9236070"/>
   <trkpt lat="46.6914410" lon="7.9236570"/>
   <trkpt lat="46.6914550" lon="7.9236910"/>
   <trkpt lat="46.6914700" lon="7.9237440"/>
   <trkpt lat="46.6914840" lon="7.9237810"/>
   <trkpt lat="46.6914990" lon="7.9238360"/>
   <trkpt lat="46.6915110" lon="7.9238750"/>
   <trkpt lat="46.6915240" lon="7.9239240"/>
   <trkpt lat="46.6915320" lon="7.9239710"/>
   <trkpt lat="46.6915460" lon="7.9240110"/>
   <trkpt lat="46.6915540" lon="7.9240610"/>
   <trkpt lat="46.6915630" lon="7.9240970"/>
   <trkpt lat="46.6915710" lon="7.9241560"/>
   <trkpt lat="46.6915820" lon="7.9241950"/>
   <trkpt lat="46.6915960" lon="7.9242480"/>
   <trkpt lat="46.6916060" lon="7.9242920"/>
   <trkpt lat="46.6916160" lon="7.9243400"/>
   <trkpt lat="46.6916270" lon="7.9243850"/>
   <trkpt lat="46.6916430" lon="7.9244220"/>
   <trkpt lat="46.6916550" lon="7.9244740"/>
   <trkpt lat="46.6916680" lon="7.9245060"/>
   <trkpt lat="46.6916820" lon="7.9245530"/>
   <trkpt lat="46.6916920" lon="7.9245900"/>
   <trkpt lat="46.6917070" lon="7.9246360"/>
   <trkpt lat="46.6917210" lon="7.9246820"/>
   <trkpt lat="46.6917390" lon="7.9247190"/>
   <trkpt lat="46.6917560" lon="7.9247660"/>
   <trkpt lat="46.6917740" lon="7.9248010"/>
   <trkpt lat="46.6917960" lon="7.9248460"/>
   <trkpt lat="46.6918130" lon="7.9248800"/>
   <trkpt lat="46.6918340" lon="7.9249310"/>
   <trkpt lat="46.6918510" lon="7.9249700"/>
   <trkpt lat="46.6918730" lon="7.9250140"/>
   <trkpt lat="46.6918910" lon="7.9250570"/>
   <trkpt lat="46.6919130" lon="7.9250940"/>
   <trkpt lat="46.6919320" lon="7.9251380"/>
   <trkpt lat="46.6919500" lon="7.9251710"/>
   <trkpt lat="46.6919690" lon="7.9252130"/>
   <trkpt lat="46.6919860" lon="7.9252370"/>
   <trkpt lat="46.6920100" lon="7.9252790"/>
   <trkpt lat="46.6920230" lon="7.9253100"/>
   <trkpt lat="46.6920470" lon="7.9253520"/>
   <trkpt lat="46.6920640" lon="7.9253980"/>
   <trkpt lat="46.6920850" lon="7.9254330"/>
   <trkpt lat="46.6921070" lon="7.9254810"/>
   <trkpt lat="46.6921240" lon="7.9255130"/>
   <trkpt lat="46.6921450" lon="7.9255630"/>
   <trkpt lat="46.6921620" lon="7.9256000"/>
   <trkpt lat="46.6921740" lon="7.9256520"/>
   <trkpt lat="46.6921760" lon="7.9256900"/>
   <trkpt lat="46.6921710" lon="7.9257330"/>
   <trkpt lat="46.6921540" lon="7.9257660"/>
   <trkpt lat="46.6921400" lon="7.9257980"/>
   <trkpt lat="46.6921150" lon="7.9258280"/>
   <trkpt lat="46.6921000" lon="7.9258520"/>
   <trkpt lat="46.6920810" lon="7.9258860"/>
   <trkpt lat="46.6920660" lon="7.9259130"/>
   <trkpt lat="46.6920520" lon="7.9259440"/>
   <trkpt lat="46.6920400" lon="7.9259840"/>
   <trkpt lat="46.6920450" lon="7.9260060"/>
   <trkpt lat="46.6920450" lon="7.9260490"/>
   <trkpt lat="46.6920510" lon="7.9260750"/>
   <trkpt lat="46.6920570" lon="7.9261060"/>
   <trkpt lat="46.6920680" lon="7.9261420"/>
   <trkpt lat="46.6920810" lon="7.9261690"/>
   <trkpt lat="46.6920960" lon="7.9262020"/>
   <trkpt lat="46.6921130" lon="7.9262250"/>
   <trkpt lat="46.6921320" lon="7.9262450"/>
   <trkpt lat="46.6921520" lon="7.9262720"/>
   <trkpt lat="46.6921610" lon="7.9262890"/>
   <trkpt lat="46.6921840" lon="7.9263160"/>
   <trkpt lat="46.6922030" lon="7.9263390"/>
   <trkpt lat="46.6922250" lon="7.9263590"/>
   <trkpt lat="46.6922500" lon="7.9263890"/>
   <trkpt lat="46.6922630" lon="7.9263950"/>
   <trkpt lat="46.6922860" lon="7.9264200"/>
   <trkpt lat="46.6923050" lon="7.9264410"/>
   <trkpt lat="46.6923260" lon="7.9264560"/>
   <trkpt lat="46.6923510" lon="7.9264800"/>
   <trkpt lat="46.6923710" lon="7.9264900"/>
   <trkpt lat="46.6923940" lon="7.9265130"/>
   <trkpt lat="46.6924140" lon="7.9265370"/>
   <trkpt lat="46.6924340" lon="7.9265510"/>
   <trkpt lat="46.6924610" lon="7.9265810"/>
   <trkpt lat="46.6924800" lon="7.9265930"/>
   <trkpt lat="46.6924990" lon="7.9266240"/>
   <trkpt lat="46.6925180" lon="7.9266520"/>
   <trkpt lat="46.6925400" lon="7.9266820"/>
   <trkpt lat="46.6925640" lon="7.9267260"/>
   <trkpt lat="46.6925770" lon="7.9267470"/>
   <trkpt lat="46.6925880" lon="7.9267850"/>
   <trkpt lat="46.6925940" lon="7.9268190"/>
   <trkpt lat="46.6925950" lon="7.9268540"/>
   <trkpt lat="46.6925770" lon="7.9268910"/>
   <trkpt lat="46.6925620" lon="7.9269200"/>
   <trkpt lat="46.6925410" lon="7.9269420"/>
   <trkpt lat="46.6925150" lon="7.9269510"/>
   <trkpt lat="46.6924930" lon="7.9269600"/>
   <trkpt lat="46.6924580" lon="7.9269580"/>
   <trkpt lat="46.6924330" lon="7.9269630"/>
   <trkpt lat="46.6924000" lon="7.9269590"/>
   <trkpt lat="46.6923780" lon="7.9269540"/>
   <trkpt lat="46.6923540" lon="7.9269480"/>
   <trkpt lat="46.6923240" lon="7.9269430"/>
   <trkpt lat="46.6923050" lon="7.9269400"/>
   <trkpt lat="46.6922750" lon="7.9269280"/>
   <trkpt lat="46.6922570" lon="7.9269260"/>
   <trkpt lat="46.6922300" lon="7.9269200"/>
   <trkpt lat="46.6922020" lon="7.9269090"/>
   <trkpt lat="46.6921770" lon="7.9269030"/>
   <trkpt lat="46.6921420" lon="7.9268910"/>
   <trkpt lat="46.6921220" lon="7.9268930"/>
   <trkpt lat="46.6920910" lon="7.9268840"/>
   <trkpt lat="46.6920660" lon="7.9268720"/>
   <trkpt lat="46.6920380" lon="7.9268600"/>
   <trkpt lat="46.6920130" lon="7.9268490"/>
   <trkpt lat="46.6919930" lon="7.9268420"/>
   <trkpt lat="46.6919610" lon="7.9268300"/>
   <trkpt lat="46.6919400" lon="7.9268240"/>
   <trkpt lat="46.6919130" lon="7.9268110"/>
   <trkpt lat="46.6918870" lon="7.9268010"/>
   <trkpt lat="46.6918660" lon="7.9268020"/>
   <trkpt lat="46.6918350" lon="7.9267910"/>
   <trkpt lat="46.6918170" lon="7.9267940"/>
   <trkpt lat="46.6917870" lon="7.9267850"/>
   <trkpt lat="46.6917630" lon="7.9267770"/>
   <trkpt lat="46.6917310" lon="7.9267680"/>
   <trkpt lat="46.6917010" lon="7.9267540"/>
   <trkpt lat="46.6916810" lon="7.9267480"/>
   <trkpt lat="46.6916490" lon="7.9267260"/>
   <trkpt lat="46.6916310" lon="7.9267170"/>
   <trkpt lat="46.6916040" lon="7.9266960"/>
   <trkpt lat="46.6915840" lon="7.9266700"/>
   <trkpt lat="46.6915610" lon="7.9266460"/>
   <trkpt lat="46.6915410" lon="7.9266080"/>
   <trkpt lat="46.6915230" lon="7.9265820"/>
   <trkpt lat="46.6915010" lon="7.9265380"/>
   <trkpt lat="46.6914880" lon="7.9265070"/>
   <trkpt lat="46.6914710" lon="7.9264660"/>
   <trkpt lat="46.6914560" lon="7.9264260"/>
   <trkpt lat="46.6914400" lon="7.9263930"/>
   <trkpt lat="46.6914230" lon="7.9263500"/>
   <trkpt lat="46.6914040" lon="7.9263210"/>
   <trkpt lat="46.6913860" lon="7.9262770"/>
   <trkpt lat="46.6913740" lon="7.9262450"/>
   <trkpt lat="46.6913610" lon="7.9261990"/>
   <trkpt lat="46.6913500" lon="7.9261600"/>
   <trkpt lat="46.6913390" lon="7.9261160"/>
   <trkpt lat="46.6913270" lon="7.9260650"/>
   <trkpt lat="46.6913120" lon="7.9260320"/>
   <trkpt lat="46.6912880" lon="7.9259900"/>
   <trkpt lat="46.6912680" lon="7.9259650"/>
   <trkpt lat="46.6912410" lon="7.9259330"/>
   <trkpt lat="46.6912150" lon="7.9259210"/>
   <trkpt lat="46.6911900" lon="7.9259200"/>
   <trkpt lat="46.6911660" lon="7.9259340"/>
   <trkpt lat="46.6911400" lon="7.9259360"/>
   <trkpt lat="46.6911120" lon="7.9259420"/>
   <trkpt lat="46.6910840" lon="7.9259470"/>
   <trkpt lat="46.6910540" lon="7.9259580"/>
   <trkpt lat="46.6910230" lon="7.9259680"/>
   <trkpt lat="46.6909970" lon="7.9259750"/>
   <trkpt lat="46.6909730" lon="7.9259920"/>
   <trkpt lat="46.6909550" lon="7.9260110"/>
   <trkpt lat="46.6909240" lon="7.9260160"/>
   <trkpt lat="46.6909120" lon="7.9260120"/>
   <trkpt lat="46.6908890" lon="7.9260040"/>
   <trkpt lat="46.6908720" lon="7.9259860"/>
   <trkpt lat="46.6908600" lon="7.9259780"/>
   <trkpt lat="46.6908430" lon="7.9259470"/>
   <trkpt lat="46.6908300" lon="7.9259220"/>
   <trkpt lat="46.6908180" lon="7.9259010"/>
   <trkpt lat="46.6908160" lon="7.9258650"/>
   <trkpt lat="46.6908120" lon="7.9258430"/>
   <trkpt lat="46.6908030" lon="7.9258060"/>
   <trkpt lat="46.6907970" lon="7.9257840"/>
   <trkpt lat="46.6907890" lon="7.9257580"/>
   <trkpt lat="46.6907820" lon="7.9257230"/>
   <trkpt lat="46.6907740" lon="7.9257060"/>
   <trkpt lat="46.6907640" lon="7.9256690"/>
   <trkpt lat="46.6907570" lon="7.9256400"/>
   <trkpt lat="46.6907490" lon="7.9256140"/>
   <trkpt lat="46.6907380" lon="7.9255770"/>
   <trkpt lat="46.6907260" lon="7.9255570"/>
   <trkpt lat="46.6907130" lon="7.9255210"/>
   <trkpt lat="46.6907050" lon="7.9254860"/>
   <trkpt lat="46.6906970" lon="7.9254620"/>
   <trkpt lat="46.6906860" lon="7.9254270"/>
   <trkpt lat="46.6906780" lon="7.9254000"/>
   <trkpt lat="46.6906650" lon="7.9253680"/>
   <trkpt lat="46.6906560" lon="7.9253370"/>
   <trkpt lat="46.6906460" lon="7.9253100"/>
   <trkpt lat="46.6906360" lon="7.9252700"/>
   <trkpt lat="46.6906290" lon="7.9252430"/>
   <trkpt lat="46.6906200" lon="7.9252070"/>
   <trkpt lat="46.6906140" lon="7.9251700"/>
   <trkpt lat="46.6906060" lon="7.9251440"/>
   <trkpt lat="46.6905980" lon="7.9250990"/>
   <trkpt lat="46.6905860" lon="7.9250800"/>
   <trkpt lat="46.6905710" lon="7.9250350"/>
   <trkpt lat="46.6905650" lon="7.9250040"/>
   <trkpt lat="46.6905530" lon="7.9249710"/>
   <trkpt lat="46.6905440" lon="7.9249380"/>
   <trkpt lat="46.6905330" lon="7.9249190"/>
   <trkpt lat="46.6905170" lon="7.9248730"/>
   <trkpt lat="46.6905100" lon="7.9248540"/>
   <trkpt lat="46.6904960" lon="7.9248150"/>
   <trkpt lat="46.6904900" lon="7.9247810"/>
   <trkpt lat="46.6904800" lon="7.9247520"/>
   <trkpt lat="46.6904670" lon="7.9247060"/>
   <trkpt lat="46.6904590" lon="7.9246820"/>
   <trkpt lat="46.6904430" lon="7.9246430"/>
   <trkpt lat="46.6904330" lon="7.9246120"/>
   <trkpt lat="46.6904170" lon="7.9245860"/>
   <trkpt lat="46.6904040" lon="7.9245480"/>
   <trkpt lat="46.6903970" lon="7.9245290"/>
   <trkpt lat="46.6903830" lon="7.9244920"/>
   <trkpt lat="46.6903740" lon="7.9244640"/>
   <trkpt lat="46.6903570" lon="7.9244320"/>
   <trkpt lat="46.6903420" lon="7.9243970"/>
   <trkpt lat="46.6903270" lon="7.9243740"/>
   <trkpt lat="46.6903050" lon="7.9243360"/>
   <trkpt lat="46.6902890" lon="7.9243200"/>
   <trkpt lat="46.6902640" lon="7.9242950"/>
   <trkpt lat="46.6902430" lon="7.9242720"/>
   <trkpt lat="46.6902230" lon="7.9242620"/>
   <trkpt lat="46.6901920" lon="7.9242490"/>
   <trkpt lat="46.6901690" lon="7.9242470"/>
   <trkpt lat="46.6901440" lon="7.9242540"/>
   <trkpt lat="46.6901180" lon="7.9242640"/>
   <trkpt lat="46.6900960" lon="7.9242860"/>
   <trkpt lat="46.6900760" lon="7.9243140"/>
   <trkpt lat="46.6900610" lon="7.9243410"/>
   <trkpt lat="46.6900440" lon="7.9243910"/>
   <trkpt lat="46.6900360" lon="7.9244250"/>
   <trkpt lat="46.6900320" lon="7.9244650"/>
   <trkpt lat="46.6900250" lon="7.9245110"/>
   <trkpt lat="46.6900240" lon="7.9245460"/>
   <trkpt lat="46.6900210" lon="7.9245870"/>
   <trkpt lat="46.6900230" lon="7.9246120"/>
   <trkpt lat="46.6900280" lon="7.9246490"/>
   <trkpt lat="46.6900310" lon="7.9246810"/>
   <trkpt lat="46.6900350" lon="7.9247140"/>
   <trkpt lat="46.6900380" lon="7.9247540"/>
   <trkpt lat="46.6900420" lon="7.9247810"/>
   <trkpt lat="46.6900450" lon="7.9248290"/>
   <trkpt lat="46.6900490" lon="7.9248530"/>
   <trkpt lat="46.6900540" lon="7.9248990"/>
   <trkpt lat="46.6900600" lon="7.9249310"/>
   <trkpt lat="46.6900690" lon="7.9249600"/>
   <trkpt lat="46.6900750" lon="7.9249980"/>
   <trkpt lat="46.6900840" lon="7.9250140"/>
   <trkpt lat="46.6900920" lon="7.9250580"/>
   <trkpt lat="46.6900970" lon="7.9250970"/>
   <trkpt lat="46.6901040" lon="7.9251250"/>
   <trkpt lat="46.6901050" lon="7.9251610"/>
   <trkpt lat="46.6901110" lon="7.9251830"/>
   <trkpt lat="46.6901150" lon="7.9252300"/>
   <trkpt lat="46.6901200" lon="7.9252520"/>
   <trkpt lat="46.6901190" lon="7.9252890"/>
   <trkpt lat="46.6901110" lon="7.9253220"/>
   <trkpt lat="46.6901030" lon="7.9253530"/>
   <trkpt lat="46.6900830" lon="7.9253850"/>
   <trkpt lat="46.6900730" lon="7.9254040"/>
   <trkpt lat="46.6900560" lon="7.9254110"/>
   <trkpt lat="46.6900370" lon="7.9254040"/>
   <trkpt lat="46.6900170" lon="7.9253890"/>
   <trkpt lat="46.6900010" lon="7.9253550"/>
   <trkpt lat="46.6899890" lon="7.9253300"/>
   <trkpt lat="46.6899710" lon="7.9252950"/>
   <trkpt lat="46.6899570" lon="7.9252670"/>
   <trkpt lat="46.6899390" lon="7.9252370"/>
   <trkpt lat="46.6899220" lon="7.9251970"/>
   <trkpt lat="46.6899060" lon="7.9251730"/>
   <trkpt lat="46.6898830" lon="7.9251350"/>
   <trkpt lat="46.6898650" lon="7.9251130"/>
   <trkpt lat="46.6898440" lon="7.9250790"/>
   <trkpt lat="46.6898260" lon="7.9250510"/>
   <trkpt lat="46.6898050" lon="7.9250310"/>
   <trkpt lat="46.6897810" lon="7.9250000"/>
   <trkpt lat="46.6897660" lon="7.9249830"/>
   <trkpt lat="46.6897440" lon="7.9249520"/>
   <trkpt lat="46.6897300" lon="7.9249350"/>
   <trkpt lat="46.6897040" lon="7.9249050"/>
   <trkpt lat="46.6896870" lon="7.9248890"/>
   <trkpt lat="46.6896670" lon="7.9248670"/>
   <trkpt lat="46.6896430" lon="7.9248480"/>
   <trkpt lat="46.6896240" lon="7.9248380"/>
   <trkpt lat="46.6895950" lon="7.9248170"/>
   <trkpt lat="46.6895770" lon="7.9248040"/>
   <trkpt lat="46.6895510" lon="7.9247850"/>
   <trkpt lat="46.6895310" lon="7.9247740"/>
   <trkpt lat="46.6895070" lon="7.9247630"/>
   <trkpt lat="46.6894820" lon="7.9247460"/>
   <trkpt lat="46.6894640" lon="7.9247430"/>
   <trkpt lat="46.6894370" lon="7.9247200"/>
   <trkpt lat="46.6894220" lon="7.9247100"/>
   <trkpt lat="46.6894030" lon="7.9246910"/>
   <trkpt lat="46.6893870" lon="7.9246630"/>
   <trkpt lat="46.6893760" lon="7.9246470"/>
   <trkpt lat="46.6893580" lon="7.9246120"/>
   <trkpt lat="46.6893470" lon="7.9245930"/>
   <trkpt lat="46.6893300" lon="7.9245600"/>
   <trkpt lat="46.6893190" lon="7.9245310"/>
   <trkpt lat="46.6893040" lon="7.9245100"/>
   <trkpt lat="46.6892890" lon="7.9244750"/>
   <trkpt lat="46.6892720" lon="7.9244550"/>
   <trkpt lat="46.6892590" lon="7.9244260"/>
   <trkpt lat="46.6892510" lon="7.9243940"/>
   <trkpt lat="46.6892380" lon="7.9243720"/>
   <trkpt lat="46.6892180" lon="7.9243400"/>
   <trkpt lat="46.6892060" lon="7.9243210"/>
   <trkpt lat="46.6891860" lon="7.9243020"/>
   <trkpt lat="46.6891650" lon="7.9242840"/>
   <trkpt lat="46.6891440" lon="7.9242720"/>
   <trkpt lat="46.6891210" lon="7.9242490"/>
   <trkpt lat="46.6891030" lon="7.9242410"/>
   <trkpt lat="46.6890810" lon="7.9242240"/>
   <trkpt lat="46.6890650" lon="7.9242030"/>
   <trkpt lat="46.6890490" lon="7.9241940"/>
   <trkpt lat="46.6890300" lon="7.9241670"/>
   <trkpt lat="46.6890160" lon="7.9241580"/>
   <trkpt lat="46.6889980" lon="7.9241310"/>
   <trkpt lat="46.6889840" lon="7.9241050"/>
   <trkpt lat="46.6889710" lon="7.9240870"/>
   <trkpt lat="46.6889560" lon="7.9240630"/>
   <trkpt lat="46.6889440" lon="7.9240430"/>
   <trkpt lat="46.6889310" lon="7.9240100"/>
   <trkpt lat="46.6889260" lon="7.9239760"/>
   <trkpt lat="46.6889220" lon="7.9239400"/>
   <trkpt lat="46.6889270" lon="7.9239020"/>
   <trkpt lat="46.6889290" lon="7.9238660"/>
   <trkpt lat="46.6889370" lon="7.9238350"/>
   <trkpt lat="46.6889430" lon="7.9238080"/>
   <trkpt lat="46.6889560" lon="7.9237770"/>
   <trkpt lat="46.6889710" lon="7.9237480"/>
   <trkpt lat="46.6889930" lon="7.9237180"/>
   <trkpt lat="46.6890220" lon="7.9236920"/>
   <trkpt lat="46.6890430" lon="7.9236720"/>
   <trkpt lat="46.6890720" lon="7.9236410"/>
   <trkpt lat="46.6890920" lon="7.9236160"/>
   <trkpt lat="46.6891200" lon="7.9235810"/>
   <trkpt lat="46.6891410" lon="7.9235500"/>
   <trkpt lat="46.6891530" lon="7.9235010"/>
   <trkpt lat="46.6891630" lon="7.9234560"/>
   <trkpt lat="46.6891650" lon="7.9233990"/>
   <trkpt lat="46.6891710" lon="7.9233370"/>
   <trkpt lat="46.6891770" lon="7.9232820"/>
   <trkpt lat="46.6891800" lon="7.9232270"/>
   <trkpt lat="46.6891810" lon="7.9231760"/>
   <trkpt lat="46.6891850" lon="7.9231180"/>
   <trkpt lat="46.6891870" lon="7.9230790"/>
   <trkpt lat="46.6891830" lon="7.9230200"/>
   <trkpt lat="46.6891870" lon="7.9229700"/>
   <trkpt lat="46.6891960" lon="7.9229130"/>
   <trkpt lat="46.6892030" lon="7.9228730"/>
   <trkpt lat="46.6892170" lon="7.9228340"/>
   <trkpt lat="46.6892360" lon="7.9227950"/>
   <trkpt lat="46.6892500" lon="7.9227570"/>
   <trkpt lat="46.6892690" lon="7.9227180"/>
   <trkpt lat="46.6892760" lon="7.9226750"/>
   <trkpt lat="46.6892860" lon="7.9226240"/>
   <trkpt lat="46.6892890" lon="7.9225780"/>
   <trkpt lat="46.6892810" lon="7.9225280"/>
   <trkpt lat="46.6892690" lon="7.9224770"/>
   <trkpt lat="46.6892490" lon="7.9224260"/>
   <trkpt lat="46.6892260" lon="7.9223770"/>
   <trkpt lat="46.6892020" lon="7.9223340"/>
   <trkpt lat="46.6891790" lon="7.9222860"/>
   <trkpt lat="46.6891570" lon="7.9222480"/>
   <trkpt lat="46.6891330" lon="7.9222130"/>
   <trkpt lat="46.6891070" lon="7.9221840"/>
   <trkpt lat="46.6890820" lon="7.9221520"/>
   <trkpt lat="46.6890580" lon="7.9221230"/>
   <trkpt lat="46.6890320" lon="7.9220980"/>
   <trkpt lat="46.6890060" lon="7.9220580"/>
   <trkpt lat="46.6889840" lon="7.9220310"/>
   <trkpt lat="46.6889580" lon="7.9219870"/>
   <trkpt lat="46.6889340" lon="7.9219590"/>
   <trkpt lat="46.6889130" lon="7.9219180"/>
   <trkpt lat="46.6888890" lon="7.9218850"/>
   <trkpt lat="46.6888640" lon="7.9218460"/>
   <trkpt lat="46.6888400" lon="7.9218120"/>
   <trkpt lat="46.6888170" lon="7.9217880"/>
   <trkpt lat="46.6887850" lon="7.9217630"/>
   <trkpt lat="46.6887590" lon="7.9217420"/>
   <trkpt lat="46.6887190" lon="7.9217200"/>
   <trkpt lat="46.6886880" lon="7.9216870"/>
   <trkpt lat="46.6886570" lon="7.9216630"/>
   <trkpt lat="46.6886290" lon="7.9216270"/>
   <trkpt lat="46.6886010" lon="7.9216000"/>
   <trkpt lat="46.6885750" lon="7.9215570"/>
   <trkpt lat="46.6885520" lon="7.9215260"/>
   <trkpt lat="46.6885280" lon="7.9214850"/>
   <trkpt lat="46.6885090" lon="7.9214520"/>
   <trkpt lat="46.6884860" lon="7.9214140"/>
   <trkpt lat="46.6884630" lon="7.9213680"/>
   <trkpt lat="46.6884350" lon="7.9213270"/>
   <trkpt lat="46.6884170" lon="7.9212780"/>
   <trkpt lat="46.6883920" lon="7.9212500"/>
   <trkpt lat="46.6883710" lon="7.9212030"/>
   <trkpt lat="46.6883510" lon="7.9211700"/>
   <trkpt lat="46.6883330" lon="7.9211150"/>
   <trkpt lat="46.6883250" lon="7.9210710"/>
   <trkpt lat="46.6883160" lon="7.9210250"/>
   <trkpt lat="46.6883140" lon="7.9209730"/>
   <trkpt lat="46.6883140" lon="7.9209270"/>
   <trkpt lat="46.6883130" lon="7.9208700"/>
   <trkpt lat="46.6883060" lon="7.9208230"/>
   <trkpt lat="46.6883000" lon="7.9207560"/>
   <trkpt lat="46.6882910" lon="7.9207070"/>
   <trkpt lat="46.6882790" lon="7.9206410"/>
   <trkpt lat="46.6882600" lon="7.9206040"/>
   <trkpt lat="46.6882470" lon="7.9205430"/>
   <trkpt lat="46.6882320" lon="7.9205040"/>
   <trkpt lat="46.6882120" lon="7.9204540"/>
   <trkpt lat="46.6881880" lon="7.9204300"/>
   <trkpt lat="46.6881640" lon="7.9203860"/>
   <trkpt lat="46.6881400" lon="7.9203630"/>
   <trkpt lat="46.6881130" lon="7.9203230"/>
   <trkpt lat="46.6880930" lon="7.9202930"/>
   <trkpt lat="46.6880680" lon="7.9202560"/>
   <trkpt lat="46.6880470" lon="7.9202220"/>
   <trkpt lat="46.6880270" lon="7.9201910"/>
   <trkpt lat="46.6880020" lon="7.9201540"/>
   <trkpt lat="46.6879770" lon="7.9201240"/>
   <trkpt lat="46.6879550" lon="7.9200900"/>
   <trkpt lat="46.6879450" lon="7.9200630"/>
   <trkpt lat="46.6879230" lon="7.9200230"/>
   <trkpt lat="46.6879100" lon="7.9199980"/>
   <trkpt lat="46.6878950" lon="7.9199660"/>
   <trkpt lat="46.6878790" lon="7.9199510"/>
   <trkpt lat="46.6878580" lon="7.9199210"/>
   <trkpt lat="46.6878410" lon="7.9198980"/>
   <trkpt lat="46.6878230" lon="7.9198730"/>
   <trkpt lat="46.6878090" lon="7.9198450"/>
   <trkpt lat="46.6877910" lon="7.9198150"/>
   <trkpt lat="46.6877720" lon="7.9197860"/>
   <trkpt lat="46.6877570" lon="7.9197670"/>
   <trkpt lat="46.6877370" lon="7.9197280"/>
   <trkpt lat="46.6877210" lon="7.9197090"/>
   <trkpt lat="46.6877010" lon="7.9196770"/>
   <trkpt lat="46.6876860" lon="7.9196500"/>
   <trkpt lat="46.6876680" lon="7.9196050"/>
   <trkpt lat="46.6876560" lon="7.9195570"/>
   <trkpt lat="46.6876430" lon="7.9195160"/>
   <trkpt lat="46.6876230" lon="7.9194600"/>
   <trkpt lat="46.6876090" lon="7.9194250"/>
   <trkpt lat="46.6875970" lon="7.9193770"/>
   <trkpt lat="46.6875880" lon="7.9193420"/>
   <trkpt lat="46.6875770" lon="7.9192820"/>
   <trkpt lat="46.6875720" lon="7.9192460"/>
   <trkpt lat="46.6875620" lon="7.9191950"/>
   <trkpt lat="46.6875540" lon="7.9191590"/>
   <trkpt lat="46.6875460" lon="7.9191150"/>
   <trkpt lat="46.6875380" lon="7.9190800"/>
   <trkpt lat="46.6875260" lon="7.9190410"/>
   <trkpt lat="46.6875110" lon="7.9190030"/>
   <trkpt lat="46.6874970" lon="7.9189630"/>
   <trkpt lat="46.6874830" lon="7.9189230"/>
   <trkpt lat="46.6874660" lon="7.9188880"/>
   <trkpt lat="46.6874480" lon="7.9188470"/>
   <trkpt lat="46.6874380" lon="7.9188200"/>
   <trkpt lat="46.6874190" lon="7.9187770"/>
   <trkpt lat="46.6874050" lon="7.9187460"/>
   <trkpt lat="46.6873920" lon="7.9187080"/>
   <trkpt lat="46.6873770" lon="7.9186780"/>
   <trkpt lat="46.6873590" lon="7.9186440"/>
   <trkpt lat="46.6873500" lon="7.9186150"/>
   <trkpt lat="46.6873350" lon="7.9185890"/>
   <trkpt lat="46.6873180" lon="7.9185590"/>
   <trkpt lat="46.6873020" lon="7.9185290"/>
   <trkpt lat="46.6872820" lon="7.9184980"/>
   <trkpt lat="46.6872660" lon="7.9184710"/>
   <trkpt lat="46.6872530" lon="7.9184290"/>
   <trkpt lat="46.6872480" lon="7.9184060"/>
   <trkpt lat="46.6872380" lon="7.9183580"/>
   <trkpt lat="46.6872290" lon="7.9183270"/>
   <trkpt lat="46.6872160" lon="7.9182800"/>
   <trkpt lat="46.6872020" lon="7.9182360"/>
   <trkpt lat="46.6871980" lon="7.9182020"/>
   <trkpt lat="46.6871910" lon="7.9181510"/>
   <trkpt lat="46.6871880" lon="7.9181140"/>
   <trkpt lat="46.6871780" lon="7.9180560"/>
   <trkpt lat="46.6871720" lon="7.9180110"/>
   <trkpt lat="46.6871650" lon="7.9179540"/>
   <trkpt lat="46.6871580" lon="7.9179070"/>
   <trkpt lat="46.6871480" lon="7.9178470"/>
   <trkpt lat="46.6871410" lon="7.9178080"/>
   <trkpt lat="46.6871380" lon="7.9177590"/>
   <trkpt lat="46.6871400" lon="7.9177160"/>
   <trkpt lat="46.6871360" lon="7.9176720"/>
   <trkpt lat="46.6871230" lon="7.9176260"/>
   <trkpt lat="46.6871120" lon="7.9175920"/>
   <trkpt lat="46.6870990" lon="7.9175450"/>
   <trkpt lat="46.6870900" lon="7.9175090"/>
   <trkpt lat="46.6870720" lon="7.9174580"/>
   <trkpt lat="46.6870570" lon="7.9174230"/>
   <trkpt lat="46.6870390" lon="7.9173770"/>
   <trkpt lat="46.6870210" lon="7.9173450"/>
   <trkpt lat="46.6870030" lon="7.9173030"/>
   <trkpt lat="46.6869870" lon="7.9172710"/>
   <trkpt lat="46.6869660" lon="7.9172410"/>
   <trkpt lat="46.6869460" lon="7.9172060"/>
   <trkpt lat="46.6869280" lon="7.9171770"/>
   <trkpt lat="46.6869100" lon="7.9171450"/>
   <trkpt lat="46.6868910" lon="7.9171230"/>
   <trkpt lat="46.6868740" lon="7.9170870"/>
   <trkpt lat="46.6868590" lon="7.9170600"/>
   <trkpt lat="46.6868490" lon="7.9170200"/>
   <trkpt lat="46.6868400" lon="7.9169970"/>
   <trkpt lat="46.6868350" lon="7.9169590"/>
   <trkpt lat="46.6868250" lon="7.9169310"/>
   <trkpt lat="46.6868200" lon="7.9168920"/>
   <trkpt lat="46.6868140" lon="7.9168510"/>
   <trkpt lat="46.6868060" lon="7.9168140"/>
   <trkpt lat="46.6868000" lon="7.9167700"/>
   <trkpt lat="46.6867930" lon="7.9167280"/>
   <trkpt lat="46.6867860" lon="7.9166770"/>
   <trkpt lat="46.6867830" lon="7.9166400"/>
   <trkpt lat="46.6867790" lon="7.9165830"/>
   <trkpt lat="46.6867740" lon="7.9165400"/>
   <trkpt lat="46.6867700" lon="7.9164860"/>
   <trkpt lat="46.6867610" lon="7.9164440"/>
   <trkpt lat="46.6867550" lon="7.9164000"/>
   <trkpt lat="46.6867540" lon="7.9163520"/>
   <trkpt lat="46.6867500" lon="7.9163210"/>
   <trkpt lat="46.6867450" lon="7.9162750"/>
   <trkpt lat="46.6867370" lon="7.9162450"/>
   <trkpt lat="46.6867300" lon="7.9162010"/>
   <trkpt lat="46.6867220" lon="7.9161690"/>
   <trkpt lat="46.6867160" lon="7.9161210"/>
   <trkpt lat="46.6867150" lon="7.9160780"/>
   <trkpt lat="46.6867080" lon="7.9160300"/>
   <trkpt lat="46.6867090" lon="7.9159810"/>
   <trkpt lat="46.6867070" lon="7.9159390"/>
   <trkpt lat="46.6867030" lon="7.9158920"/>
   <trkpt lat="46.6867020" lon="7.9158500"/>
   <trkpt lat="46.6866950" lon="7.9157980"/>
   <trkpt lat="46.6866860" lon="7.9157630"/>
   <trkpt lat="46.6866780" lon="7.9157140"/>
   <trkpt lat="46.6866690" lon="7.9156810"/>
   <trkpt lat="46.6866610" lon="7.9156370"/>
   <trkpt lat="46.6866570" lon="7.9155950"/>
   <trkpt lat="46.6866510" lon="7.9155420"/>
   <trkpt lat="46.6866500" lon="7.9154860"/>
   <trkpt lat="46.6866440" lon="7.9154470"/>
   <trkpt lat="46.6866380" lon="7.9153970"/>
   <trkpt lat="46.6866410" lon="7.9153610"/>
   <trkpt lat="46.6866410" lon="7.9153240"/>
   <trkpt lat="46.6866330" lon="7.9152910"/>
   <trkpt lat="46.6866260" lon="7.9152410"/>
   <trkpt lat="46.6866190" lon="7.9151990"/>
   <trkpt lat="46.6866060" lon="7.9151440"/>
   <trkpt lat="46.6865950" lon="7.9151000"/>
   <trkpt lat="46.6865830" lon="7.9150550"/>
   <trkpt lat="46.6865730" lon="7.9150090"/>
   <trkpt lat="46.6865600" lon="7.9149650"/>
   <trkpt lat="46.6865500" lon="7.9149130"/>
   <trkpt lat="46.6865430" lon="7.9148710"/>
   <trkpt lat="46.6865400" lon="7.9148160"/>
   <trkpt lat="46.6865380" lon="7.9147830"/>
   <trkpt lat="46.6865310" lon="7.9147270"/>
   <trkpt lat="46.6865280" lon="7.9146930"/>
   <trkpt lat="46.6865250" lon="7.9146390"/>
   <trkpt lat="46.6865250" lon="7.9146010"/>
   <trkpt lat="46.6865160" lon="7.9145540"/>
   <trkpt lat="46.6865090" lon="7.9145250"/>
   <trkpt lat="46.6864960" lon="7.9144860"/>
   <trkpt lat="46.6864900" lon="7.9144480"/>
   <trkpt lat="46.6864780" lon="7.9144140"/>
   <trkpt lat="46.6864620" lon="7.9143780"/>
   <trkpt lat="46.6864380" lon="7.9143550"/>
   <trkpt lat="46.6864100" lon="7.9143300"/>
   <trkpt lat="46.6863890" lon="7.9143150"/>
   <trkpt lat="46.6863630" lon="7.9142940"/>
   <trkpt lat="46.6863350" lon="7.9142770"/>
   <trkpt lat="46.6863030" lon="7.9142530"/>
   <trkpt lat="46.6862740" lon="7.9142370"/>
   <trkpt lat="46.6862410" lon="7.9142230"/>
   <trkpt lat="46.6862070" lon="7.9141940"/>
   <trkpt lat="46.6861790" lon="7.9141740"/>
   <trkpt lat="46.6861530" lon="7.9141470"/>
   <trkpt lat="46.6861310" lon="7.9141150"/>
   <trkpt lat="46.6861130" lon="7.9140670"/>
   <trkpt lat="46.6860960" lon="7.9140250"/>
   <trkpt lat="46.6860810" lon="7.9139790"/>
   <trkpt lat="46.6860760" lon="7.9139380"/>
   <trkpt lat="46.6860710" lon="7.9138960"/>
   <trkpt lat="46.6860610" lon="7.9138590"/>
   <trkpt lat="46.6860480" lon="7.9138170"/>
   <trkpt lat="46.6860310" lon="7.9137670"/>
   <trkpt lat="46.6860110" lon="7.9137250"/>
   <trkpt lat="46.6859880" lon="7.9136700"/>
   <trkpt lat="46.6859620" lon="7.9136370"/>
   <trkpt lat="46.6859390" lon="7.9135910"/>
   <trkpt lat="46.6859180" lon="7.9135590"/>
   <trkpt lat="46.6858980" lon="7.9135150"/>
   <trkpt lat="46.6858910" lon="7.9134660"/>
   <trkpt lat="46.6858960" lon="7.9134120"/>
   <trkpt lat="46.6859170" lon="7.9133560"/>
   <trkpt lat="46.6859300" lon="7.9133200"/>
   <trkpt lat="46.6859530" lon="7.9132660"/>
   <trkpt lat="46.6859650" lon="7.9132280"/>
   <trkpt lat="46.6859830" lon="7.9131740"/>
   <trkpt lat="46.6859940" lon="7.9131360"/>
   <trkpt lat="46.6860110" lon="7.9130790"/>
   <trkpt lat="46.6860180" lon="7.9130400"/>
   <trkpt lat="46.6860330" lon="7.9129820"/>
   <trkpt lat="46.6860430" lon="7.9129440"/>
   <trkpt lat="46.6860560" lon="7.9128910"/>
   <trkpt lat="46.6860680" lon="7.9128490"/>
   <trkpt lat="46.6860830" lon="7.9128040"/>
   <trkpt lat="46.6861000" lon="7.9127680"/>
   <trkpt lat="46.6861180" lon="7.9127260"/>
   <trkpt lat="46.6861420" lon="7.9126880"/>
   <trkpt lat="46.6861650" lon="7.9126480"/>
   <trkpt lat="46.6861940" lon="7.9126110"/>
   <trkpt lat="46.6862140" lon="7.9125820"/>
   <trkpt lat="46.6862430" lon="7.9125520"/>
   <trkpt lat="46.6862660" lon="7.9125270"/>
   <trkpt lat="46.6862980" lon="7.9124930"/>
   <trkpt lat="46.6863130" lon="7.9124690"/>
   <trkpt lat="46.6863400" lon="7.9124220"/>
   <trkpt lat="46.6863530" lon="7.9123890"/>
   <trkpt lat="46.6863720" lon="7.9123340"/>
   <trkpt lat="46.6863830" lon="7.9122980"/>
   <trkpt lat="46.6863890" lon="7.9122390"/>
   <trkpt lat="46.6863940" lon="7.9121970"/>
   <trkpt lat="46.6863970" lon="7.9121420"/>
   <trkpt lat="46.6864040" lon="7.9120980"/>
   <trkpt lat="46.6864050" lon="7.9120450"/>
   <trkpt lat="46.6864080" lon="7.9119920"/>
   <trkpt lat="46.6864010" lon="7.9119470"/>
   <trkpt lat="46.6864000" lon="7.9118920"/>
   <trkpt lat="46.6863940" lon="7.9118550"/>
   <trkpt lat="46.6863930" lon="7.9118000"/>
   <trkpt lat="46.6863890" lon="7.9117670"/>
   <trkpt lat="46.6863840" lon="7.9117080"/>
   <trkpt lat="46.6863770" lon="7.9116700"/>
   <trkpt lat="46.6863710" lon="7.9116130"/>
   <trkpt lat="46.6863680" lon="7.9115730"/>
   <trkpt lat="46.6863590" lon="7.9115200"/>
   <trkpt lat="46.6863550" lon="7.9114760"/>
   <trkpt lat="46.6863490" lon="7.9114240"/>
   <trkpt lat="46.6863480" lon="7.9113730"/>
   <trkpt lat="46.6863480" lon="7.9113300"/>
   <trkpt lat="46.6863470" lon="7.9112740"/>
   <trkpt lat="46.6863450" lon="7.9112340"/>
   <trkpt lat="46.6863430" lon="7.9111780"/>
   <trkpt lat="46.6863480" lon="7.9111350"/>
   <trkpt lat="46.6863480" lon="7.9110830"/>
   <trkpt lat="46.6863530" lon="7.9110400"/>
   <trkpt lat="46.6863530" lon="7.9109950"/>
   <trkpt lat="46.6863570" lon="7.9109450"/>
   <trkpt lat="46.6863560" lon="7.9109040"/>
   <trkpt lat="46.6863620" lon="7.9108540"/>
   <trkpt lat="46.6863600" lon="7.9108190"/>
   <trkpt lat="46.6863590" lon="7.9107700"/>
   <trkpt lat="46.6863580" lon="7.9107340"/>
   <trkpt lat="46.6863580" lon="7.9106870"/>
   <trkpt lat="46.6863610" lon="7.9106500"/>
   <trkpt lat="46.6863610" lon="7.9106060"/>
   <trkpt lat="46.6863630" lon="7.9105550"/>
   <trkpt lat="46.6863600" lon="7.9105210"/>
   <trkpt lat="46.6863600" lon="7.9104740"/>
   <trkpt lat="46.6863600" lon="7.9104430"/>
   <trkpt lat="46.6863600" lon="7.9103930"/>
   <trkpt lat="46.6863600" lon="7.9103600"/>
   <trkpt lat="46.6863580" lon="7.9103120"/>
   <trkpt lat="46.6863580" lon="7.9102780"/>
   <trkpt lat="46.6863590" lon="7.9102360"/>
   <trkpt lat="46.6863600" lon="7.9101900"/>
   <trkpt lat="46.6863530" lon="7.9101600"/>
   <trkpt lat="46.6863530" lon="7.9101140"/>
   <trkpt lat="46.6863520" lon="7.9100780"/>
   <trkpt lat="46.6863550" lon="7.9100200"/>
   <trkpt lat="46.6863650" lon="7.9099820"/>
   <trkpt lat="46.6863650" lon="7.9099320"/>
   <trkpt lat="46.6863690" lon="7.9098890"/>
   <trkpt lat="46.6863680" lon="7.9098430"/>
   <trkpt lat="46.6863680" lon="7.9097960"/>
   <trkpt lat="46.6863660" lon="7.9097620"/>
   <trkpt lat="46.6863690" lon="7.9097120"/>
   <trkpt lat="46.6863690" lon="7.9096730"/>
   <trkpt lat="46.6863700" lon="7.9096290"/>
   <trkpt lat="46.6863680" lon="7.9095920"/>
   <trkpt lat="46.6863660" lon="7.9095480"/>
   <trkpt lat="46.6863650" lon="7.9095080"/>
   <trkpt lat="46.6863630" lon="7.9094670"/>
   <trkpt lat="46.6863650" lon="7.9094210"/>
   <trkpt lat="46.6863690" lon="7.9093780"/>
   <trkpt lat="46.6863650" lon="7.9093280"/>
   <trkpt lat="46.6863630" lon="7.9092950"/>
   <trkpt lat="46.6863620" lon="7.9092370"/>
   <trkpt lat="46.6863610" lon="7.9091930"/>
   <trkpt lat="46.6863590" lon="7.9091360"/>
   <trkpt lat="46.6863610" lon="7.9090900"/>
   <trkpt lat="46.6863590" lon="7.9090430"/>
   <trkpt lat="46.6863610" lon="7.9089950"/>
   <trkpt lat="46.6863620" lon="7.9089480"/>
   <trkpt lat="46.6863640" lon="7.9088960"/>
   <trkpt lat="46.6863660" lon="7.9088560"/>
   <trkpt lat="46.6863650" lon="7.9088000"/>
   <trkpt lat="46.6863630" lon="7.9087660"/>
   <trkpt lat="46.6863630" lon="7.9087060"/>
   <trkpt lat="46.6863680" lon="7.9086570"/>
   <trkpt lat="46.6863690" lon="7.9086060"/>
   <trkpt lat="46.6863720" lon="7.9085650"/>
   <trkpt lat="46.6863700" lon="7.9085190"/>
   <trkpt lat="46.6863710" lon="7.9084740"/>
   <trkpt lat="46.6863690" lon="7.9084320"/>
   <trkpt lat="46.6863670" lon="7.9083760"/>
   <trkpt lat="46.6863690" lon="7.9083360"/>
   <trkpt lat="46.6863690" lon="7.9082780"/>
   <trkpt lat="46.6863690" lon="7.9082370"/>
   <trkpt lat="46.6863670" lon="7.9081850"/>
   <trkpt lat="46.6863660" lon="7.9081440"/>
   <trkpt lat="46.6863640" lon="7.9080860"/>
   <trkpt lat="46.6863630" lon="7.9080410"/>
   <trkpt lat="46.6863610" lon="7.9079940"/>
   <trkpt lat="46.6863620" lon="7.9079450"/>
   <trkpt lat="46.6863590" lon="7.9079030"/>
   <trkpt lat="46.6863630" lon="7.9078460"/>
   <trkpt lat="46.6863610" lon="7.9077990"/>
   <trkpt lat="46.6863600" lon="7.9077410"/>
   <trkpt lat="46.6863570" lon="7.9077030"/>
   <trkpt lat="46.6863560" lon="7.9076560"/>
   <trkpt lat="46.6863570" lon="7.9076200"/>
   <trkpt lat="46.6863570" lon="7.9075660"/>
   <trkpt lat="46.6863590" lon="7.9075270"/>
   <trkpt lat="46.6863550" lon="7.9074780"/>
   <trkpt lat="46.6863540" lon="7.9074310"/>
   <trkpt lat="46.6863490" lon="7.9073780"/>
   <trkpt lat="46.6863460" lon="7.9073320"/>
   <trkpt lat="46.6863410" lon="7.9072850"/>
   <trkpt lat="46.6863380" lon="7.9072370"/>
   <trkpt lat="46.6863310" lon="7.9071990"/>
   <trkpt lat="46.6863260" lon="7.9071480"/>
   <trkpt lat="46.6863220" lon="7.9071170"/>
   <trkpt lat="46.6863180" lon="7.9070660"/>
   <trkpt lat="46.6863230" lon="7.9070350"/>
   <trkpt lat="46.6863220" lon="7.9069860"/>
   <trkpt lat="46.6863240" lon="7.9069460"/>
   <trkpt lat="46.6863220" lon="7.9068990"/>
   <trkpt lat="46.6863200" lon="7.9068500"/>
   <trkpt lat="46.6863160" lon="7.9068080"/>
   <trkpt lat="46.6863130" lon="7.9067540"/>
   <trkpt lat="46.6863120" lon="7.9067150"/>
   <trkpt lat="46.6863080" lon="7.9066540"/>
   <trkpt lat="46.6863080" lon="7.9066170"/>
   <trkpt lat="46.6863000" lon="7.9065650"/>
   <trkpt lat="46.6863040" lon="7.9065200"/>
   <trkpt lat="46.6863000" lon="7.9064670"/>
   <trkpt lat="46.6862990" lon="7.9064170"/>
   <trkpt lat="46.6862940" lon="7.9063730"/>
   <trkpt lat="46.6862910" lon="7.9063160"/>
   <trkpt lat="46.6862860" lon="7.9062770"/>
   <trkpt lat="46.6862810" lon="7.9062170"/>
   <trkpt lat="46.6862780" lon="7.9061790"/>
   <trkpt lat="46.6862710" lon="7.9061240"/>
   <trkpt lat="46.6862650" lon="7.9060840"/>
   <trkpt lat="46.6862610" lon="7.9060310"/>
   <trkpt lat="46.6862590" lon="7.9059850"/>
   <trkpt lat="46.6862540" lon="7.9059370"/>
   <trkpt lat="46.6862540" lon="7.9058850"/>
   <trkpt lat="46.6862500" lon="7.9058410"/>
   <trkpt lat="46.6862510" lon="7.9057860"/>
   <trkpt lat="46.6862420" lon="7.9057470"/>
   <trkpt lat="46.6862370" lon="7.9056930"/>
   <trkpt lat="46.6862280" lon="7.9056620"/>
   <trkpt lat="46.6862180" lon="7.9056080"/>
   <trkpt lat="46.6862130" lon="7.9055740"/>
   <trkpt lat="46.6862060" lon="7.9055230"/>
   <trkpt lat="46.6862030" lon="7.9054800"/>
   <trkpt lat="46.6861980" lon="7.9054300"/>
   <trkpt lat="46.6861960" lon="7.9053900"/>
   <trkpt lat="46.6861890" lon="7.9053510"/>
   <trkpt lat="46.6861870" lon="7.9053020"/>
   <trkpt lat="46.6861840" lon="7.9052600"/>
   <trkpt lat="46.6861790" lon="7.9052090"/>
   <trkpt lat="46.6861670" lon="7.9051790"/>
   <trkpt lat="46.6861610" lon="7.9051360"/>
   <trkpt lat="46.6861540" lon="7.9051070"/>
   <trkpt lat="46.6861430" lon="7.9050610"/>
   <trkpt lat="46.6861360" lon="7.9050280"/>
   <trkpt lat="46.6861250" lon="7.9049790"/>
   <trkpt lat="46.6861190" lon="7.9049340"/>
   <trkpt lat="46.6861100" lon="7.9048810"/>
   <trkpt lat="46.6861010" lon="7.9048310"/>
   <trkpt lat="46.6860920" lon="7.9047910"/>
   <trkpt lat="46.6860840" lon="7.9047390"/>
   <trkpt lat="46.6860750" lon="7.9047030"/>
   <trkpt lat="46.6860660" lon="7.9046530"/>
   <trkpt lat="46.6860610" lon="7.9046170"/>
   <trkpt lat="46.6860510" lon="7.9045690"/>
   <trkpt lat="46.6860400" lon="7.9045290"/>
   <trkpt lat="46.6860290" lon="7.9044780"/>
   <trkpt lat="46.6860270" lon="7.9044280"/>
   <trkpt lat="46.6860320" lon="7.9043860"/>
   <trkpt lat="46.6860290" lon="7.9043320"/>
   <trkpt lat="46.6860250" lon="7.9042890"/>
   <trkpt lat="46.6860190" lon="7.9042320"/>
   <trkpt lat="46.6860100" lon="7.9041860"/>
   <trkpt lat="46.6859970" lon="7.9041250"/>
   <trkpt lat="46.6859830" lon="7.9040740"/>
   <trkpt lat="46.6859660" lon="7.9040240"/>
   <trkpt lat="46.6859460" lon="7.9039830"/>
   <trkpt lat="46.6859250" lon="7.9039380"/>
   <trkpt lat="46.6859080" lon="7.9038980"/>
   <trkpt lat="46.6858880" lon="7.9038600"/>
   <trkpt lat="46.6858770" lon="7.9038090"/>
   <trkpt lat="46.6858580" lon="7.9037660"/>
   <trkpt lat="46.6858340" lon="7.9037230"/>
   <trkpt lat="46.6858090" lon="7.9036880"/>
   <trkpt lat="46.6857800" lon="7.9036500"/>
   <trkpt lat="46.6857590" lon="7.9036230"/>
   <trkpt lat="46.6857330" lon="7.9035910"/>
   <trkpt lat="46.6857020" lon="7.9035720"/>
   <trkpt lat="46.6856780" lon="7.9035380"/>
   <trkpt lat="46.6856580" lon="7.9035120"/>
   <trkpt lat="46.6856420" lon="7.9034680"/>
   <trkpt lat="46.6856280" lon="7.9034310"/>
   <trkpt lat="46.6856210" lon="7.9033840"/>
   <trkpt lat="46.6856130" lon="7.9033440"/>
   <trkpt lat="46.6856050" lon="7.9033100"/>
   <trkpt lat="46.6855980" lon="7.9032630"/>
   <trkpt lat="46.6855910" lon="7.9032310"/>
   <trkpt lat="46.6855870" lon="7.9031820"/>
   <trkpt lat="46.6855870" lon="7.9031520"/>
   <trkpt lat="46.6855850" lon="7.9031050"/>
   <trkpt lat="46.6855840" lon="7.9030670"/>
   <trkpt lat="46.6855780" lon="7.9030280"/>
   <trkpt lat="46.6855750" lon="7.9029870"/>
   <trkpt lat="46.6855690" lon="7.9029560"/>
   <trkpt lat="46.6855680" lon="7.9029040"/>
   <trkpt lat="46.6855630" lon="7.9028740"/>
   <trkpt lat="46.6855540" lon="7.9028250"/>
   <trkpt lat="46.6855480" lon="7.9027900"/>
   <trkpt lat="46.6855400" lon="7.9027470"/>
   <trkpt lat="46.6855330" lon="7.9027080"/>
   <trkpt lat="46.6855270" lon="7.9026680"/>
   <trkpt lat="46.6855240" lon="7.9026260"/>
   <trkpt lat="46.6855160" lon="7.9025930"/>
   <trkpt lat="46.6855140" lon="7.9025400"/>
   <trkpt lat="46.6855090" lon="7.9025080"/>
   <trkpt lat="46.6855080" lon="7.9024610"/>
   <trkpt lat="46.6855040" lon="7.9024280"/>
   <trkpt lat="46.6855040" lon="7.9023800"/>
   <trkpt lat="46.6855080" lon="7.9023340"/>
   <trkpt lat="46.6855060" lon="7.9022910"/>
   <trkpt lat="46.6855130" lon="7.9022450"/>
   <trkpt lat="46.6855070" lon="7.9022150"/>
   <trkpt lat="46.6855080" lon="7.9021630"/>
   <trkpt lat="46.6855090" lon="7.9021330"/>
   <trkpt lat="46.6855080" lon="7.9020780"/>
   <trkpt lat="46.6855040" lon="7.9020460"/>
   <trkpt lat="46.6855030" lon="7.9019890"/>
   <trkpt lat="46.6855050" lon="7.9019500"/>
   <trkpt lat="46.6855030" lon="7.9019000"/>
   <trkpt lat="46.6855090" lon="7.9018560"/>
   <trkpt lat="46.6855050" lon="7.9018110"/>
   <trkpt lat="46.6855060" lon="7.9017600"/>
   <trkpt lat="46.6854980" lon="7.9017170"/>
   <trkpt lat="46.6854940" lon="7.9016580"/>
   <trkpt lat="46.6854840" lon="7.9016250"/>
   <trkpt lat="46.6854740" lon="7.9015700"/>
   <trkpt lat="46.6854680" lon="7.9015320"/>
   <trkpt lat="46.6854570" lon="7.9014830"/>
   <trkpt lat="46.6854510" lon="7.9014390"/>
   <trkpt lat="46.6854400" lon="7.9013970"/>
   <trkpt lat="46.6854330" lon="7.9013520"/>
   <trkpt lat="46.6854200" lon="7.9013190"/>
   <trkpt lat="46.6854050" lon="7.9012730"/>
   <trkpt lat="46.6853920" lon="7.9012400"/>
   <trkpt lat="46.6853740" lon="7.9011910"/>
   <trkpt lat="46.6853630" lon="7.9011630"/>
   <trkpt lat="46.6853430" lon="7.9011160"/>
   <trkpt lat="46.6853270" lon="7.9010790"/>
   <trkpt lat="46.6853090" lon="7.9010300"/>
   <trkpt lat="46.6852990" lon="7.9009970"/>
   <trkpt lat="46.6852820" lon="7.9009540"/>
   <trkpt lat="46.6852730" lon="7.9009140"/>
   <trkpt lat="46.6852590" lon="7.9008770"/>
   <trkpt lat="46.6852430" lon="7.9008380"/>
   <trkpt lat="46.6852290" lon="7.9008050"/>
   <trkpt lat="46.6852100" lon="7.9007600"/>
   <trkpt lat="46.6851970" lon="7.9007370"/>
   <trkpt lat="46.6851740" lon="7.9006910"/>
   <trkpt lat="46.6851600" lon="7.9006600"/>
   <trkpt lat="46.6851400" lon="7.9006200"/>
   <trkpt lat="46.6851260" lon="7.9005800"/>
   <trkpt lat="46.6851090" lon="7.9005430"/>
   <trkpt lat="46.6850950" lon="7.9004980"/>
   <trkpt lat="46.6850800" lon="7.9004640"/>
   <trkpt lat="46.6850620" lon="7.9004220"/>
   <trkpt lat="46.6850450" lon="7.9003890"/>
   <trkpt lat="46.6850300" lon="7.9003470"/>
   <trkpt lat="46.6850180" lon="7.9003120"/>
   <trkpt lat="46.6850050" lon="7.9002690"/>
   <trkpt lat="46.6849890" lon="7.9002300"/>
   <trkpt lat="46.6849740" lon="7.9001930"/>
   <trkpt lat="46.6849610" lon="7.9001480"/>
   <trkpt lat="46.6849460" lon="7.9001040"/>
   <trkpt lat="46.6849360" lon="7.9000590"/>
   <trkpt lat="46.6849270" lon="7.9000230"/>
   <trkpt lat="46.6849160" lon="7.8999740"/>
   <trkpt lat="46.6849090" lon="7.8999400"/>
   <trkpt lat="46.6849010" lon="7.8998880"/>
   <trkpt lat="46.6848900" lon="7.8998530"/>
   <trkpt lat="46.6848730" lon="7.8998000"/>
   <trkpt lat="46.6848550" lon="7.8997620"/>
   <trkpt lat="46.6848360" lon="7.8997080"/>
   <trkpt lat="46.6848240" lon="7.8996630"/>
   <trkpt lat="46.6848090" lon="7.8996100"/>
   <trkpt lat="46.6847970" lon="7.8995630"/>
   <trkpt lat="46.6847810" lon="7.8995150"/>
   <trkpt lat="46.6847660" lon="7.8994640"/>
   <trkpt lat="46.6847490" lon="7.8994130"/>
   <trkpt lat="46.6847340" lon="7.8993630"/>
   <trkpt lat="46.6847210" lon="7.8993270"/>
   <trkpt lat="46.6847100" lon="7.8992790"/>
   <trkpt lat="46.6846960" lon="7.8992410"/>
   <trkpt lat="46.6846840" lon="7.8991850"/>
   <trkpt lat="46.6846710" lon="7.8991410"/>
   <trkpt lat="46.6846610" lon="7.8990800"/>
   <trkpt lat="46.6846470" lon="7.8990440"/>
   <trkpt lat="46.6846270" lon="7.8989850"/>
   <trkpt lat="46.6846130" lon="7.8989500"/>
   <trkpt lat="46.6845950" lon="7.8988950"/>
   <trkpt lat="46.6845830" lon="7.8988510"/>
   <trkpt lat="46.6845680" lon="7.8988010"/>
   <trkpt lat="46.6845580" lon="7.8987530"/>
   <trkpt lat="46.6845450" lon="7.8987000"/>
   <trkpt lat="46.6845300" lon="7.8986490"/>
   <trkpt lat="46.6845120" lon="7.8985980"/>
   <trkpt lat="46.6844960" lon="7.8985440"/>
   <trkpt lat="46.6844790" lon="7.8984950"/>
   <trkpt lat="46.6844670" lon="7.8984370"/>
   <trkpt lat="46.6844500" lon="7.8983890"/>
   <trkpt lat="46.6844380" lon="7.8983310"/>
   <trkpt lat="46.6844190" lon="7.8982910"/>
   <trkpt lat="46.6844020" lon="7.8982380"/>
   <trkpt lat="46.6843830" lon="7.8981970"/>
   <trkpt lat="46.6843630" lon="7.8981440"/>
   <trkpt lat="46.6843450" lon="7.8981120"/>
   <trkpt lat="46.6843220" lon="7.8980590"/>
   <trkpt lat="46.6843060" lon="7.8980200"/>
   <trkpt lat="46.6842860" lon="7.8979650"/>
   <trkpt lat="46.6842750" lon="7.8979270"/>
   <trkpt lat="46.6842560" lon="7.8978800"/>
   <trkpt lat="46.6842410" lon="7.8978420"/>
   <trkpt lat="46.6842190" lon="7.8977960"/>
   <trkpt lat="46.6842020" lon="7.8977520"/>
   <trkpt lat="46.6841820" lon="7.8977030"/>
   <trkpt lat="46.6841640" lon="7.8976540"/>
   <trkpt lat="46.6841450" lon="7.8976110"/>
   <trkpt lat="46.6841260" lon="7.8975660"/>
   <trkpt lat="46.6841110" lon="7.8975270"/>
   <trkpt lat="46.6840920" lon="7.8974820"/>
   <trkpt lat="46.6840730" lon="7.8974460"/>
   <trkpt lat="46.6840580" lon="7.8974030"/>
   <trkpt lat="46.6840420" lon="7.8973660"/>
   <trkpt lat="46.6840170" lon="7.8973210"/>
   <trkpt lat="46.6839990" lon="7.8972840"/>
   <trkpt lat="46.6839740" lon="7.8972320"/>
   <trkpt lat="46.6839540" lon="7.8971900"/>
   <trkpt lat="46.6839320" lon="7.8971430"/>
   <trkpt lat="46.6839110" lon="7.8971080"/>
   <trkpt lat="46.6838870" lon="7.8970600"/>
   <trkpt lat="46.6838680" lon="7.8970210"/>
   <trkpt lat="46.6838440" lon="7.8969710"/>
   <trkpt lat="46.6838270" lon="7.8969280"/>
   <trkpt lat="46.6838070" lon="7.8968780"/>
   <trkpt lat="46.6837910" lon="7.8968310"/>
   <trkpt lat="46.6837720" lon="7.8967850"/>
   <trkpt lat="46.6837570" lon="7.8967360"/>
   <trkpt lat="46.6837390" lon="7.8966920"/>
   <trkpt lat="46.6837240" lon="7.8966420"/>
   <trkpt lat="46.6837070" lon="7.8965930"/>
   <trkpt lat="46.6836930" lon="7.8965420"/>
   <trkpt lat="46.6836740" lon="7.8965020"/>
   <trkpt lat="46.6836580" lon="7.8964480"/>
   <trkpt lat="46.6836420" lon="7.8964080"/>
   <trkpt lat="46.6836290" lon="7.8963540"/>
   <trkpt lat="46.6836140" lon="7.8963100"/>
   <trkpt lat="46.6835950" lon="7.8962590"/>
   <trkpt lat="46.6835830" lon="7.8962210"/>
   <trkpt lat="46.6835670" lon="7.8961680"/>
   <trkpt lat="46.6835560" lon="7.8961220"/>
   <trkpt lat="46.6835390" lon="7.8960790"/>
   <trkpt lat="46.6835250" lon="7.8960300"/>
   <trkpt lat="46.6835080" lon="7.8959880"/>
   <trkpt lat="46.6834940" lon="7.8959370"/>
   <trkpt lat="46.6834790" lon="7.8958940"/>
   <trkpt lat="46.6834650" lon="7.8958410"/>
   <trkpt lat="46.6834480" lon="7.8958010"/>
   <trkpt lat="46.6834320" lon="7.8957470"/>
   <trkpt lat="46.6834150" lon="7.8957080"/>
   <trkpt lat="46.6833970" lon="7.8956600"/>
   <trkpt lat="46.6833840" lon="7.8956160"/>
   <trkpt lat="46.6833640" lon="7.8955680"/>
   <trkpt lat="46.6833510" lon="7.8955130"/>
   <trkpt lat="46.6833300" lon="7.8954640"/>
   <trkpt lat="46.6833140" lon="7.8954080"/>
   <trkpt lat="46.6832980" lon="7.8953590"/>
   <trkpt lat="46.6832880" lon="7.8953080"/>
   <trkpt lat="46.6832760" lon="7.8952630"/>
   <trkpt lat="46.6832680" lon="7.8952020"/>
   <trkpt lat="46.6832540" lon="7.8951630"/>
   <trkpt lat="46.6832380" lon="7.8951090"/>
   <trkpt lat="46.6832260" lon="7.8950660"/>
   <trkpt lat="46.6832090" lon="7.8950140"/>
   <trkpt lat="46.6831960" lon="7.8949690"/>
   <trkpt lat="46.6831810" lon="7.8949250"/>
   <trkpt lat="46.6831670" lon="7.8948750"/>
   <trkpt lat="46.6831580" lon="7.8948300"/>
   <trkpt lat="46.6831520" lon="7.8947730"/>
   <trkpt lat="46.6831400" lon="7.8947310"/>
   <trkpt lat="46.6831280" lon="7.8946710"/>
   <trkpt lat="46.6831160" lon="7.8946310"/>
   <trkpt lat="46.6831030" lon="7.8945720"/>
   <trkpt lat="46.6830900" lon="7.8945260"/>
   <trkpt lat="46.6830750" lon="7.8944750"/>
   <trkpt lat="46.6830640" lon="7.8944240"/>
   <trkpt lat="46.6830510" lon="7.8943700"/>
   <trkpt lat="46.6830420" lon="7.8943140"/>
   <trkpt lat="46.6830300" lon="7.8942570"/>
   <trkpt lat="46.6830250" lon="7.8941990"/>
   <trkpt lat="46.6830140" lon="7.8941460"/>
   <trkpt lat="46.6830100" lon="7.8940870"/>
   <trkpt lat="46.6830010" lon="7.8940410"/>
   <trkpt lat="46.6829940" lon="7.8939830"/>
   <trkpt lat="46.6829860" lon="7.8939370"/>
   <trkpt lat="46.6829780" lon="7.8938730"/>
   <trkpt lat="46.6829670" lon="7.8938330"/>
   <trkpt lat="46.6829600" lon="7.8937790"/>
   <trkpt lat="46.6829520" lon="7.8937290"/>
   <trkpt lat="46.6829420" lon="7.8936740"/>
   <trkpt lat="46.6829350" lon="7.8936160"/>
   <trkpt lat="46.6829170" lon="7.8935640"/>
   <trkpt lat="46.6828950" lon="7.8935240"/>
   <trkpt lat="46.6828650" lon="7.8934910"/>
   <trkpt lat="46.6828380" lon="7.8934540"/>
   <trkpt lat="46.6828080" lon="7.8934350"/>
   <trkpt lat="46.6827720" lon="7.8934110"/>
   <trkpt lat="46.6827420" lon="7.8933950"/>
   <trkpt lat="46.6827040" lon="7.8933740"/>
   <trkpt lat="46.6826730" lon="7.8933630"/>
   <trkpt lat="46.6826360" lon="7.8933450"/>
   <trkpt lat="46.6826090" lon="7.8933350"/>
   <trkpt lat="46.6825690" lon="7.8933250"/>
   <trkpt lat="46.6825430" lon="7.8933240"/>
   <trkpt lat="46.6825070" lon="7.8933120"/>
   <trkpt lat="46.6824770" lon="7.8933110"/>
   <trkpt lat="46.6824370" lon="7.8933020"/>
   <trkpt lat="46.6824040" lon="7.8933040"/>
   <trkpt lat="46.6823640" lon="7.8932980"/>
   <trkpt lat="46.6823350" lon="7.8933030"/>
   <trkpt lat="46.6822940" lon="7.8932930"/>
   <trkpt lat="46.6822670" lon="7.8932970"/>
   <trkpt lat="46.6822280" lon="7.8932930"/>
   <trkpt lat="46.6821950" lon="7.8932940"/>
   <trkpt lat="46.6821590" lon="7.8932860"/>
   <trkpt lat="46.6821310" lon="7.8932790"/>
   <trkpt lat="46.6820940" lon="7.8932690"/>
   <trkpt lat="46.6820600" lon="7.8932620"/>
   <trkpt lat="46.6820300" lon="7.8932550"/>
   <trkpt lat="46.6819950" lon="7.8932430"/>
   <trkpt lat="46.6819600" lon="7.8932410"/>
   <trkpt lat="46.6819230" lon="7.8932270"/>
   <trkpt lat="46.6818970" lon="7.8932260"/>
   <trkpt lat="46.6818590" lon="7.8932130"/>
   <trkpt lat="46.6818340" lon="7.8932170"/>
   <trkpt lat="46.6817950" lon="7.8932060"/>
   <trkpt lat="46.6817720" lon="7.8931990"/>
   <trkpt lat="46.6817350" lon="7.8931940"/>
   <trkpt lat="46.6817040" lon="7.8931890"/>
   <trkpt lat="46.6816660" lon="7.8931850"/>
   <trkpt lat="46.6816350" lon="7.8931750"/>
   <trkpt lat="46.6815980" lon="7.8931690"/>
   <trkpt lat="46.6815680" lon="7.8931580"/>
   <trkpt lat="46.6815410" lon="7.8931530"/>
   <trkpt lat="46.6815000" lon="7.8931410"/>
   <trkpt lat="46.6814670" lon="7.8931400"/>
   <trkpt lat="46.6814290" lon="7.8931250"/>
   <trkpt lat="46.6814010" lon="7.8931150"/>
   <trkpt lat="46.6813650" lon="7.8930960"/>
   <trkpt lat="46.6813420" lon="7.8930890"/>
   <trkpt lat="46.6813050" lon="7.8930720"/>
   <trkpt lat="46.6812780" lon="7.8930630"/>
   <trkpt lat="46.6812370" lon="7.8930480"/>
   <trkpt lat="46.6812060" lon="7.8930390"/>
   <trkpt lat="46.6811680" lon="7.8930310"/>
   <trkpt lat="46.6811360" lon="7.8930210"/>
   <trkpt lat="46.6811030" lon="7.8930180"/>
   <trkpt lat="46.6810700" lon="7.8930140"/>
   <trkpt lat="46.6810390" lon="7.8930100"/>
   <trkpt lat="46.6810040" lon="7.8929960"/>
   <trkpt lat="46.6809740" lon="7.8930000"/>
   <trkpt lat="46.6809340" lon="7.8929910"/>
   <trkpt lat="46.6809040" lon="7.8929980"/>
   <trkpt lat="46.6808650" lon="7.8929910"/>
   <trkpt lat="46.6808350" lon="7.8929960"/>
   <trkpt lat="46.6807940" lon="7.8929960"/>
   <trkpt lat="46.6807590" lon="7.8929960"/>
   <trkpt lat="46.6807210" lon="7.8929920"/>
   <trkpt lat="46.6806880" lon="7.8929880"/>
   <trkpt lat="46.6806510" lon="7.8929890"/>
   <trkpt lat="46.6806150" lon="7.8929820"/>
   <trkpt lat="46.6805820" lon="7.8929860"/>
   <trkpt lat="46.6805470" lon="7.8929760"/>
   <trkpt lat="46.6805160" lon="7.8929760"/>
   <trkpt lat="46.6804810" lon="7.8929610"/>
   <trkpt lat="46.6804530" lon="7.8929540"/>
   <trkpt lat="46.6804150" lon="7.8929310"/>
   <trkpt lat="46.6803880" lon="7.8929160"/>
   <trkpt lat="46.6803510" lon="7.8928840"/>
   <trkpt lat="46.6803250" lon="7.8928550"/>
   <trkpt lat="46.6802930" lon="7.8928160"/>
   <trkpt lat="46.6802720" lon="7.8927850"/>
   <trkpt lat="46.6802450" lon="7.8927390"/>
   <trkpt lat="46.6802280" lon="7.8927010"/>
   <trkpt lat="46.6802010" lon="7.8926640"/>
   <trkpt lat="46.6801800" lon="7.8926310"/>
   <trkpt lat="46.6801530" lon="7.8925880"/>
   <trkpt lat="46.6801330" lon="7.8925470"/>
   <trkpt lat="46.6801090" lon="7.8925150"/>
   <trkpt lat="46.6800850" lon="7.8924780"/>
   <trkpt lat="46.6800560" lon="7.8924510"/>
   <trkpt lat="46.6800210" lon="7.8924210"/>
   <trkpt lat="46.6799950" lon="7.8924070"/>
   <trkpt lat="46.6799610" lon="7.8923930"/>
   <trkpt lat="46.6799350" lon="7.8923830"/>
   <trkpt lat="46.6799000" lon="7.8923730"/>
   <trkpt lat="46.6798720" lon="7.8923700"/>
   <trkpt lat="46.6798360" lon="7.8923520"/>
   <trkpt lat="46.6798090" lon="7.8923510"/>
   <trkpt lat="46.6797720" lon="7.8923360"/>
   <trkpt lat="46.6797440" lon="7.8923340"/>
   <trkpt lat="46.6797080" lon="7.8923140"/>
   <trkpt lat="46.6796800" lon="7.8923020"/>
   <trkpt lat="46.6796450" lon="7.8922870"/>
   <trkpt lat="46.6796200" lon="7.8922750"/>
   <trkpt lat="46.6795850" lon="7.8922680"/>
   <trkpt lat="46.6795520" lon="7.8922570"/>
   <trkpt lat="46.6795190" lon="7.8922490"/>
   <trkpt lat="46.6794830" lon="7.8922380"/>
   <trkpt lat="46.6794490" lon="7.8922340"/>
   <trkpt lat="46.6794140" lon="7.8922210"/>
   <trkpt lat="46.6793840" lon="7.8922160"/>
   <trkpt lat="46.6793440" lon="7.8922000"/>
   <trkpt lat="46.6793150" lon="7.8921960"/>
   <trkpt lat="46.6792760" lon="7.8921770"/>
   <trkpt lat="46.6792500" lon="7.8921700"/>
   <trkpt lat="46.6792130" lon="7.8921490"/>
   <trkpt lat="46.6791880" lon="7.8921380"/>
   <trkpt lat="46.6791580" lon="7.8921240"/>
   <trkpt lat="46.6791390" lon="7.8921120"/>
   <trkpt lat="46.6791110" lon="7.8920990"/>
   <trkpt lat="46.6790800" lon="7.8920790"/>
   <trkpt lat="46.6790540" lon="7.8920620"/>
   <trkpt lat="46.6790210" lon="7.8920360"/>
   <trkpt lat="46.6789940" lon="7.8920180"/>
   <trkpt lat="46.6789600" lon="7.8919920"/>
   <trkpt lat="46.6789380" lon="7.8919740"/>
   <trkpt lat="46.6789050" lon="7.8919450"/>
   <trkpt lat="46.6788810" lon="7.8919280"/>
   <trkpt lat="46.6788540" lon="7.8919020"/>
   <trkpt lat="46.6788300" lon="7.8918720"/>
   <trkpt lat="46.6788020" lon="7.8918410"/>
   <trkpt lat="46.6787770" lon="7.8918080"/>
   <trkpt lat="46.6787530" lon="7.8917790"/>
   <trkpt lat="46.6787280" lon="7.8917510"/>
   <trkpt lat="46.6787040" lon="7.8917230"/>
   <trkpt lat="46.6786770" lon="7.8916880"/>
   <trkpt lat="46.6786510" lon="7.8916610"/>
   <trkpt lat="46.6786220" lon="7.8916320"/>
   <trkpt lat="46.6785960" lon="7.8916120"/>
   <trkpt lat="46.6785680" lon="7.8915810"/>
   <trkpt lat="46.6785460" lon="7.8915620"/>
   <trkpt lat="46.6785160" lon="7.8915290"/>
   <trkpt lat="46.6784920" lon="7.8915140"/>
   <trkpt lat="46.6784640" lon="7.8914840"/>
   <trkpt lat="46.6784400" lon="7.8914660"/>
   <trkpt lat="46.6784140" lon="7.8914410"/>
   <trkpt lat="46.6783860" lon="7.8914160"/>
   <trkpt lat="46.6783560" lon="7.8913920"/>
   <trkpt lat="46.6783320" lon="7.8913630"/>
   <trkpt lat="46.6783070" lon="7.8913450"/>
   <trkpt lat="46.6782770" lon="7.8913300"/>
   <trkpt lat="46.6782490" lon="7.8913130"/>
   <trkpt lat="46.6782170" lon="7.8912940"/>
   <trkpt lat="46.6781910" lon="7.8912840"/>
   <trkpt lat="46.6781590" lon="7.8912600"/>
   <trkpt lat="46.6781310" lon="7.8912440"/>
   <trkpt lat="46.6781030" lon="7.8912180"/>
   <trkpt lat="46.6780740" lon="7.8912010"/>
   <trkpt lat="46.6780430" lon="7.8911770"/>
   <trkpt lat="46.6780130" lon="7.8911630"/>
   <trkpt lat="46.6779780" lon="7.8911460"/>
   <trkpt lat="46.6779460" lon="7.8911330"/>
   <trkpt lat="46.6779150" lon="7.8911160"/>
   <trkpt lat="46.6778890" lon="7.8911060"/>
   <trkpt lat="46.6778590" lon="7.8910910"/>
   <trkpt lat="46.6778300" lon="7.8910770"/>
   <trkpt lat="46.6778020" lon="7.8910610"/>
   <trkpt lat="46.6777710" lon="7.8910450"/>
   <trkpt lat="46.6777410" lon="7.8910330"/>
   <trkpt lat="46.6777080" lon="7.8910120"/>
   <trkpt lat="46.6776750" lon="7.8909970"/>
   <trkpt lat="46.6776510" lon="7.8909630"/>
   <trkpt lat="46.6776210" lon="7.8909460"/>
   <trkpt lat="46.6775880" lon="7.8909170"/>
   <trkpt lat="46.6775610" lon="7.8908990"/>
   <trkpt lat="46.6775350" lon="7.8908700"/>
   <trkpt lat="46.6775120" lon="7.8908490"/>
   <trkpt lat="46.6774850" lon="7.8908180"/>
   <trkpt lat="46.6774580" lon="7.8908000"/>
   <trkpt lat="46.6774260" lon="7.8907680"/>
   <trkpt lat="46.6774040" lon="7.8907490"/>
   <trkpt lat="46.6773790" lon="7.8907180"/>
   <trkpt lat="46.6773530" lon="7.8906960"/>
   <trkpt lat="46.6773290" lon="7.8906730"/>
   <trkpt lat="46.6773020" lon="7.8906570"/>
   <trkpt lat="46.6772760" lon="7.8906420"/>
   <trkpt lat="46.6772470" lon="7.8906160"/>
   <trkpt lat="46.6772210" lon="7.8906020"/>
   <trkpt lat="46.6771910" lon="7.8905770"/>
   <trkpt lat="46.6771660" lon="7.8905630"/>
   <trkpt lat="46.6771350" lon="7.8905390"/>
   <trkpt lat="46.6770760" lon="7.8905050"/>
   <trkpt lat="46.6770760" lon="7.8905050"/>
   <trkpt lat="46.6770520" lon="7.8904980"/>
   <trkpt lat="46.6770180" lon="7.8904730"/>
   <trkpt lat="46.6769850" lon="7.8904490"/>
   <trkpt lat="46.6769590" lon="7.8904060"/>
   <trkpt lat="46.6769540" lon="7.8903550"/>
   <trkpt lat="46.6769630" lon="7.8903000"/>
   <trkpt lat="46.6769840" lon="7.8902490"/>
   <trkpt lat="46.6770100" lon="7.8902030"/>
   <trkpt lat="46.6770340" lon="7.8901670"/>
   <trkpt lat="46.6770540" lon="7.8901270"/>
   <trkpt lat="46.6770780" lon="7.8900890"/>
   <trkpt lat="46.6770890" lon="7.8900450"/>
   <trkpt lat="46.6771160" lon="7.8900050"/>
   <trkpt lat="46.6771310" lon="7.8899710"/>
   <trkpt lat="46.6771570" lon="7.8899280"/>
   <trkpt lat="46.6771730" lon="7.8898940"/>
   <trkpt lat="46.6771990" lon="7.8898430"/>
   <trkpt lat="46.6772260" lon="7.8897780"/>
   <trkpt lat="46.6772380" lon="7.8897510"/>
   <trkpt lat="46.6772440" lon="7.8897230"/>
   <trkpt lat="46.6772680" lon="7.8896740"/>
   <trkpt lat="46.6772820" lon="7.8896410"/>
   <trkpt lat="46.6773040" lon="7.8895940"/>
   <trkpt lat="46.6773220" lon="7.8895610"/>
   <trkpt lat="46.6773410" lon="7.8895190"/>
   <trkpt lat="46.6773600" lon="7.8894850"/>
   <trkpt lat="46.6773760" lon="7.8894440"/>
   <trkpt lat="46.6773960" lon="7.8894150"/>
   <trkpt lat="46.6774140" lon="7.8893830"/>
   <trkpt lat="46.6774380" lon="7.8893460"/>
   <trkpt lat="46.6774520" lon="7.8893140"/>
   <trkpt lat="46.6774770" lon="7.8892710"/>
   <trkpt lat="46.6774870" lon="7.8892390"/>
   <trkpt lat="46.6775100" lon="7.8891920"/>
   <trkpt lat="46.6775240" lon="7.8891610"/>
   <trkpt lat="46.6775450" lon="7.8891170"/>
   <trkpt lat="46.6775620" lon="7.8890930"/>
   <trkpt lat="46.6775830" lon="7.8890480"/>
   <trkpt lat="46.6776000" lon="7.8890140"/>
   <trkpt lat="46.6776170" lon="7.8889710"/>
   <trkpt lat="46.6776400" lon="7.8889350"/>
   <trkpt lat="46.6776560" lon="7.8888950"/>
   <trkpt lat="46.6776770" lon="7.8888590"/>
   <trkpt lat="46.6776910" lon="7.8888170"/>
   <trkpt lat="46.6777100" lon="7.8887770"/>
   <trkpt lat="46.6777200" lon="7.8887470"/>
   <trkpt lat="46.6777430" lon="7.8887030"/>
   <trkpt lat="46.6777530" lon="7.8886770"/>
   <trkpt lat="46.6777760" lon="7.8886320"/>
   <trkpt lat="46.6777940" lon="7.8885970"/>
   <trkpt lat="46.6778160" lon="7.8885520"/>
   <trkpt lat="46.6778390" lon="7.8885090"/>
   <trkpt lat="46.6778580" lon="7.8884630"/>
   <trkpt lat="46.6778770" lon="7.8884320"/>
   <trkpt lat="46.6778980" lon="7.8883870"/>
   <trkpt lat="46.6779190" lon="7.8883560"/>
   <trkpt lat="46.6779390" lon="7.8883180"/>
   <trkpt lat="46.6779600" lon="7.8882830"/>
   <trkpt lat="46.6779790" lon="7.8882470"/>
   <trkpt lat="46.6780000" lon="7.8882110"/>
   <trkpt lat="46.6780110" lon="7.8881750"/>
   <trkpt lat="46.6780360" lon="7.8881360"/>
   <trkpt lat="46.6780510" lon="7.8881030"/>
   <trkpt lat="46.6780780" lon="7.8880680"/>
   <trkpt lat="46.6780890" lon="7.8880370"/>
   <trkpt lat="46.6781140" lon="7.8879940"/>
   <trkpt lat="46.6781220" lon="7.8879710"/>
   <trkpt lat="46.6781450" lon="7.8879240"/>
   <trkpt lat="46.6781640" lon="7.8878920"/>
   <trkpt lat="46.6781880" lon="7.8878490"/>
   <trkpt lat="46.6782020" lon="7.8878190"/>
   <trkpt lat="46.6782270" lon="7.8877730"/>
   <trkpt lat="46.6782460" lon="7.8877380"/>
   <trkpt lat="46.6782610" lon="7.8876850"/>
   <trkpt lat="46.6782670" lon="7.8876400"/>
   <trkpt lat="46.6782570" lon="7.8875900"/>
   <trkpt lat="46.6782400" lon="7.8875530"/>
   <trkpt lat="46.6782170" lon="7.8875200"/>
   <trkpt lat="46.6781890" lon="7.8874980"/>
   <trkpt lat="46.6781560" lon="7.8874780"/>
   <trkpt lat="46.6781230" lon="7.8874560"/>
   <trkpt lat="46.6780910" lon="7.8874420"/>
   <trkpt lat="46.6780560" lon="7.8874220"/>
   <trkpt lat="46.6780230" lon="7.8874050"/>
   <trkpt lat="46.6779850" lon="7.8873890"/>
   <trkpt lat="46.6779540" lon="7.8873780"/>
   <trkpt lat="46.6779180" lon="7.8873640"/>
   <trkpt lat="46.6778910" lon="7.8873520"/>
   <trkpt lat="46.6778580" lon="7.8873260"/>
   <trkpt lat="46.6778320" lon="7.8873080"/>
   <trkpt lat="46.6777980" lon="7.8872820"/>
   <trkpt lat="46.6777690" lon="7.8872710"/>
   <trkpt lat="46.6777330" lon="7.8872570"/>
   <trkpt lat="46.6777100" lon="7.8872490"/>
   <trkpt lat="46.6776740" lon="7.8872330"/>
   <trkpt lat="46.6776510" lon="7.8872290"/>
   <trkpt lat="46.6776180" lon="7.8872000"/>
   <trkpt lat="46.6775980" lon="7.8871770"/>
   <trkpt lat="46.6775650" lon="7.8871480"/>
   <trkpt lat="46.6775360" lon="7.8871310"/>
   <trkpt lat="46.6775080" lon="7.8870940"/>
   <trkpt lat="46.6774860" lon="7.8870660"/>
   <trkpt lat="46.6774570" lon="7.8870240"/>
   <trkpt lat="46.6774330" lon="7.8870010"/>
   <trkpt lat="46.6774010" lon="7.8869820"/>
   <trkpt lat="46.6773750" lon="7.8869670"/>
   <trkpt lat="46.6773450" lon="7.8869420"/>
   <trkpt lat="46.6773200" lon="7.8869150"/>
   <trkpt lat="46.6772940" lon="7.8868900"/>
   <trkpt lat="46.6772710" lon="7.8868540"/>
   <trkpt lat="46.6772470" lon="7.8868260"/>
   <trkpt lat="46.6772280" lon="7.8867820"/>
   <trkpt lat="46.6772040" lon="7.8867530"/>
   <trkpt lat="46.6771800" lon="7.8867150"/>
   <trkpt lat="46.6771640" lon="7.8866860"/>
   <trkpt lat="46.6771380" lon="7.8866490"/>
   <trkpt lat="46.6771180" lon="7.8866230"/>
   <trkpt lat="46.6770920" lon="7.8865850"/>
   <trkpt lat="46.6770660" lon="7.8865650"/>
   <trkpt lat="46.6770400" lon="7.8865250"/>
   <trkpt lat="46.6770210" lon="7.8865040"/>
   <trkpt lat="46.6769920" lon="7.8864690"/>
   <trkpt lat="46.6769740" lon="7.8864410"/>
   <trkpt lat="46.6769460" lon="7.8864090"/>
   <trkpt lat="46.6769270" lon="7.8863780"/>
   <trkpt lat="46.6769000" lon="7.8863430"/>
   <trkpt lat="46.6768780" lon="7.8863080"/>
   <trkpt lat="46.6768560" lon="7.8862750"/>
   <trkpt lat="46.6768550" lon="7.8862350"/>
   <trkpt lat="46.6768630" lon="7.8862070"/>
   <trkpt lat="46.6768940" lon="7.8861760"/>
   <trkpt lat="46.6769170" lon="7.8861520"/>
   <trkpt lat="46.6769460" lon="7.8861210"/>
   <trkpt lat="46.6769690" lon="7.8860980"/>
   <trkpt lat="46.6769970" lon="7.8860640"/>
   <trkpt lat="46.6770220" lon="7.8860390"/>
   <trkpt lat="46.6770460" lon="7.8860050"/>
   <trkpt lat="46.6770810" lon="7.8859820"/>
   <trkpt lat="46.6771120" lon="7.8859570"/>
   <trkpt lat="46.6771480" lon="7.8859330"/>
   <trkpt lat="46.6771810" lon="7.8859080"/>
   <trkpt lat="46.6772170" lon="7.8858920"/>
   <trkpt lat="46.6772480" lon="7.8858730"/>
   <trkpt lat="46.6772860" lon="7.8858680"/>
   <trkpt lat="46.6773170" lon="7.8858620"/>
   <trkpt lat="46.6773510" lon="7.8858780"/>
   <trkpt lat="46.6773790" lon="7.8858880"/>
   <trkpt lat="46.6774150" lon="7.8859170"/>
   <trkpt lat="46.6774420" lon="7.8859320"/>
   <trkpt lat="46.6774740" lon="7.8859590"/>
   <trkpt lat="46.6775000" lon="7.8859770"/>
   <trkpt lat="46.6775300" lon="7.8860120"/>
   <trkpt lat="46.6775590" lon="7.8860390"/>
   <trkpt lat="46.6775880" lon="7.8860730"/>
   <trkpt lat="46.6776080" lon="7.8861080"/>
   <trkpt lat="46.6776310" lon="7.8861400"/>
   <trkpt lat="46.6776540" lon="7.8861820"/>
   <trkpt lat="46.6776760" lon="7.8862100"/>
   <trkpt lat="46.6777020" lon="7.8862460"/>
   <trkpt lat="46.6777250" lon="7.8862700"/>
   <trkpt lat="46.6777560" lon="7.8863040"/>
   <trkpt lat="46.6777780" lon="7.8863230"/>
   <trkpt lat="46.6778090" lon="7.8863580"/>
   <trkpt lat="46.6778320" lon="7.8863840"/>
   <trkpt lat="46.6778630" lon="7.8864130"/>
   <trkpt lat="46.6778880" lon="7.8864400"/>
   <trkpt lat="46.6779160" lon="7.8864590"/>
   <trkpt lat="46.6779470" lon="7.8864810"/>
   <trkpt lat="46.6779790" lon="7.8864930"/>
   <trkpt lat="46.6780130" lon="7.8865120"/>
   <trkpt lat="46.6780450" lon="7.8865200"/>
   <trkpt lat="46.6780790" lon="7.8865350"/>
   <trkpt lat="46.6781070" lon="7.8865410"/>
   <trkpt lat="46.6781460" lon="7.8865530"/>
   <trkpt lat="46.6781730" lon="7.8865580"/>
   <trkpt lat="46.6782090" lon="7.8865650"/>
   <trkpt lat="46.6782410" lon="7.8865740"/>
   <trkpt lat="46.6782730" lon="7.8865830"/>
   <trkpt lat="46.6783070" lon="7.8865930"/>
   <trkpt lat="46.6783380" lon="7.8865990"/>
   <trkpt lat="46.6783720" lon="7.8866140"/>
   <trkpt lat="46.6784020" lon="7.8866190"/>
   <trkpt lat="46.6784430" lon="7.8866310"/>
   <trkpt lat="46.6784740" lon="7.8866330"/>
   <trkpt lat="46.6785110" lon="7.8866470"/>
   <trkpt lat="46.6785400" lon="7.8866540"/>
   <trkpt lat="46.6785760" lon="7.8866640"/>
   <trkpt lat="46.6786090" lon="7.8866700"/>
   <trkpt lat="46.6786450" lon="7.8866710"/>
   <trkpt lat="46.6786780" lon="7.8866800"/>
   <trkpt lat="46.6787060" lon="7.8866840"/>
   <trkpt lat="46.6787410" lon="7.8866990"/>
   <trkpt lat="46.6787720" lon="7.8867030"/>
   <trkpt lat="46.6788040" lon="7.8867180"/>
   <trkpt lat="46.6788340" lon="7.8867230"/>
   <trkpt lat="46.6788690" lon="7.8867370"/>
   <trkpt lat="46.6789010" lon="7.8867400"/>
   <trkpt lat="46.6789370" lon="7.8867550"/>
   <trkpt lat="46.6789640" lon="7.8867560"/>
   <trkpt lat="46.6790030" lon="7.8867670"/>
   <trkpt lat="46.6790310" lon="7.8867690"/>
   <trkpt lat="46.6790680" lon="7.8867750"/>
   <trkpt lat="46.6790970" lon="7.8867870"/>
   <trkpt lat="46.6791330" lon="7.8867930"/>
   <trkpt lat="46.6791640" lon="7.8868050"/>
   <trkpt lat="46.6791960" lon="7.8868110"/>
   <trkpt lat="46.6792270" lon="7.8868330"/>
   <trkpt lat="46.6792580" lon="7.8868470"/>
   <trkpt lat="46.6792930" lon="7.8868720"/>
   <trkpt lat="46.6793190" lon="7.8868820"/>
   <trkpt lat="46.6793550" lon="7.8869090"/>
   <trkpt lat="46.6793800" lon="7.8869210"/>
   <trkpt lat="46.6794150" lon="7.8869460"/>
   <trkpt lat="46.6794420" lon="7.8869580"/>
   <trkpt lat="46.6794760" lon="7.8869710"/>
   <trkpt lat="46.6795050" lon="7.8869870"/>
   <trkpt lat="46.6795360" lon="7.8869860"/>
   <trkpt lat="46.6795680" lon="7.8869940"/>
   <trkpt lat="46.6795980" lon="7.8869890"/>
   <trkpt lat="46.6796300" lon="7.8869950"/>
   <trkpt lat="46.6796550" lon="7.8869900"/>
   <trkpt lat="46.6796920" lon="7.8869920"/>
   <trkpt lat="46.6797200" lon="7.8869860"/>
   <trkpt lat="46.6797560" lon="7.8869830"/>
   <trkpt lat="46.6797870" lon="7.8869880"/>
   <trkpt lat="46.6798200" lon="7.8869830"/>
   <trkpt lat="46.6798530" lon="7.8869890"/>
   <trkpt lat="46.6798880" lon="7.8869830"/>
   <trkpt lat="46.6799240" lon="7.8869890"/>
   <trkpt lat="46.6799530" lon="7.8869850"/>
   <trkpt lat="46.6799870" lon="7.8869910"/>
   <trkpt lat="46.6800170" lon="7.8869900"/>
   <trkpt lat="46.6800520" lon="7.8869980"/>
   <trkpt lat="46.6800780" lon="7.8869980"/>
   <trkpt lat="46.6801150" lon="7.8870020"/>
   <trkpt lat="46.6801420" lon="7.8870020"/>
   <trkpt lat="46.6801800" lon="7.8870040"/>
   <trkpt lat="46.6802130" lon="7.8870080"/>
   <trkpt lat="46.6802450" lon="7.8870050"/>
   <trkpt lat="46.6802790" lon="7.8870160"/>
   <trkpt lat="46.6803120" lon="7.8870230"/>
   <trkpt lat="46.6803450" lon="7.8870310"/>
   <trkpt lat="46.6803730" lon="7.8870330"/>
   <trkpt lat="46.6804070" lon="7.8870440"/>
   <trkpt lat="46.6804330" lon="7.8870420"/>
   <trkpt lat="46.6804700" lon="7.8870490"/>
   <trkpt lat="46.6805000" lon="7.8870540"/>
   <trkpt lat="46.6805340" lon="7.8870590"/>
   <trkpt lat="46.6805670" lon="7.8870720"/>
   <trkpt lat="46.6806000" lon="7.8870860"/>
   <trkpt lat="46.6806320" lon="7.8871080"/>
   <trkpt lat="46.6806610" lon="7.8871260"/>
   <trkpt lat="46.6806900" lon="7.8871600"/>
   <trkpt lat="46.6807150" lon="7.8871800"/>
   <trkpt lat="46.6807440" lon="7.8872040"/>
   <trkpt lat="46.6807720" lon="7.8872300"/>
   <trkpt lat="46.6807980" lon="7.8872670"/>
   <trkpt lat="46.6808210" lon="7.8872840"/>
   <trkpt lat="46.6808530" lon="7.8873170"/>
   <trkpt lat="46.6808770" lon="7.8873390"/>
   <trkpt lat="46.6809070" lon="7.8873670"/>
   <trkpt lat="46.6809320" lon="7.8874000"/>
   <trkpt lat="46.6809630" lon="7.8874320"/>
   <trkpt lat="46.6809880" lon="7.8874690"/>
   <trkpt lat="46.6810110" lon="7.8874930"/>
   <trkpt lat="46.6810380" lon="7.8875270"/>
   <trkpt lat="46.6810570" lon="7.8875490"/>
   <trkpt lat="46.6810870" lon="7.8875870"/>
   <trkpt lat="46.6811070" lon="7.8876010"/>
   <trkpt lat="46.6811350" lon="7.8876300"/>
   <trkpt lat="46.6811620" lon="7.8876510"/>
   <trkpt lat="46.6811900" lon="7.8876800"/>
   <trkpt lat="46.6812110" lon="7.8877030"/>
   <trkpt lat="46.6812420" lon="7.8877310"/>
   <trkpt lat="46.6812660" lon="7.8877630"/>
   <trkpt lat="46.6812980" lon="7.8877940"/>
   <trkpt lat="46.6813280" lon="7.8878320"/>
   <trkpt lat="46.6813520" lon="7.8878570"/>
   <trkpt lat="46.6813770" lon="7.8878970"/>
   <trkpt lat="46.6813970" lon="7.8879230"/>
   <trkpt lat="46.6814270" lon="7.8879670"/>
   <trkpt lat="46.6814540" lon="7.8879860"/>
   <trkpt lat="46.6814870" lon="7.8880260"/>
   <trkpt lat="46.6815090" lon="7.8880490"/>
   <trkpt lat="46.6815400" lon="7.8880890"/>
   <trkpt lat="46.6815630" lon="7.8881170"/>
   <trkpt lat="46.6815880" lon="7.8881550"/>
   <trkpt lat="46.6816070" lon="7.8881930"/>
   <trkpt lat="46.6816300" lon="7.8882300"/>
   <trkpt lat="46.6816540" lon="7.8882630"/>
   <trkpt lat="46.6816780" lon="7.8882950"/>
   <trkpt lat="46.6817000" lon="7.8883390"/>
   <trkpt lat="46.6817220" lon="7.8883700"/>
   <trkpt lat="46.6817440" lon="7.8884120"/>
   <trkpt lat="46.6817660" lon="7.8884360"/>
   <trkpt lat="46.6817960" lon="7.8884710"/>
   <trkpt lat="46.6818160" lon="7.8884890"/>
   <trkpt lat="46.6818410" lon="7.8885310"/>
   <trkpt lat="46.6818600" lon="7.8885550"/>
   <trkpt lat="46.6818940" lon="7.8885870"/>
   <trkpt lat="46.6819190" lon="7.8886120"/>
   <trkpt lat="46.6819500" lon="7.8886360"/>
   <trkpt lat="46.6819800" lon="7.8886590"/>
   <trkpt lat="46.6820100" lon="7.8886790"/>
   <trkpt lat="46.6820410" lon="7.8887080"/>
   <trkpt lat="46.6820690" lon="7.8887250"/>
   <trkpt lat="46.6820960" lon="7.8887550"/>
   <trkpt lat="46.6821190" lon="7.8887730"/>
   <trkpt lat="46.6821500" lon="7.8887990"/>
   <trkpt lat="46.6821730" lon="7.8888110"/>
   <trkpt lat="46.6822090" lon="7.8888360"/>
   <trkpt lat="46.6822370" lon="7.8888470"/>
   <trkpt lat="46.6822760" lon="7.8888740"/>
   <trkpt lat="46.6823000" lon="7.8888910"/>
   <trkpt lat="46.6823340" lon="7.8889170"/>
   <trkpt lat="46.6823620" lon="7.8889320"/>
   <trkpt lat="46.6823960" lon="7.8889520"/>
   <trkpt lat="46.6824250" lon="7.8889690"/>
   <trkpt lat="46.6824610" lon="7.8889880"/>
   <trkpt lat="46.6824910" lon="7.8890030"/>
   <trkpt lat="46.6825250" lon="7.8890230"/>
   <trkpt lat="46.6825530" lon="7.8890460"/>
   <trkpt lat="46.6825830" lon="7.8890700"/>
   <trkpt lat="46.6826140" lon="7.8891020"/>
   <trkpt lat="46.6826460" lon="7.8891290"/>
   <trkpt lat="46.6826770" lon="7.8891510"/>
   <trkpt lat="46.6827090" lon="7.8891730"/>
   <trkpt lat="46.6827410" lon="7.8891990"/>
   <trkpt lat="46.6827730" lon="7.8892120"/>
   <trkpt lat="46.6828090" lon="7.8892330"/>
   <trkpt lat="46.6828400" lon="7.8892400"/>
   <trkpt lat="46.6828720" lon="7.8892600"/>
   <trkpt lat="46.6829020" lon="7.8892640"/>
   <trkpt lat="46.6829370" lon="7.8892820"/>
   <trkpt lat="46.6829650" lon="7.8892920"/>
   <trkpt lat="46.6829990" lon="7.8893090"/>
   <trkpt lat="46.6830300" lon="7.8893190"/>
   <trkpt lat="46.6830680" lon="7.8893330"/>
   <trkpt lat="46.6831040" lon="7.8893430"/>
   <trkpt lat="46.6831360" lon="7.8893550"/>
   <trkpt lat="46.6831700" lon="7.8893700"/>
   <trkpt lat="46.6832080" lon="7.8893810"/>
   <trkpt lat="46.6832440" lon="7.8893910"/>
   <trkpt lat="46.6832720" lon="7.8894020"/>
   <trkpt lat="46.6833140" lon="7.8894140"/>
   <trkpt lat="46.6833470" lon="7.8894040"/>
   <trkpt lat="46.6833800" lon="7.8893970"/>
   <trkpt lat="46.6834140" lon="7.8893910"/>
   <trkpt lat="46.6834490" lon="7.8893970"/>
   <trkpt lat="46.6834840" lon="7.8893920"/>
   <trkpt lat="46.6835220" lon="7.8893930"/>
   <trkpt lat="46.6835560" lon="7.8893830"/>
   <trkpt lat="46.6835970" lon="7.8893810"/>
   <trkpt lat="46.6836300" lon="7.8893730"/>
   <trkpt lat="46.6836680" lon="7.8893670"/>
   <trkpt lat="46.6837000" lon="7.8893510"/>
   <trkpt lat="46.6837370" lon="7.8893450"/>
   <trkpt lat="46.6837680" lon="7.8893370"/>
   <trkpt lat="46.6838110" lon="7.8893300"/>
   <trkpt lat="46.6838430" lon="7.8893240"/>
   <trkpt lat="46.6838820" lon="7.8893130"/>
   <trkpt lat="46.6839150" lon="7.8893070"/>
   <trkpt lat="46.6839480" lon="7.8892990"/>
   <trkpt lat="46.6839800" lon="7.8892900"/>
   <trkpt lat="46.6840100" lon="7.8892760"/>
   <trkpt lat="46.6840440" lon="7.8892680"/>
   <trkpt lat="46.6840750" lon="7.8892550"/>
   <trkpt lat="46.6841120" lon="7.8892450"/>
   <trkpt lat="46.6841430" lon="7.8892340"/>
   <trkpt lat="46.6841830" lon="7.8892270"/>
   <trkpt lat="46.6842160" lon="7.8892130"/>
   <trkpt lat="46.6842520" lon="7.8892010"/>
   <trkpt lat="46.6842880" lon="7.8891850"/>
   <trkpt lat="46.6843280" lon="7.8891740"/>
   <trkpt lat="46.6843620" lon="7.8891610"/>
   <trkpt lat="46.6843960" lon="7.8891540"/>
   <trkpt lat="46.6844280" lon="7.8891370"/>
   <trkpt lat="46.6844670" lon="7.8891320"/>
   <trkpt lat="46.6844950" lon="7.8891250"/>
   <trkpt lat="46.6845330" lon="7.8891200"/>
   <trkpt lat="46.6845620" lon="7.8891210"/>
   <trkpt lat="46.6845990" lon="7.8891200"/>
   <trkpt lat="46.6846260" lon="7.8891160"/>
   <trkpt lat="46.6846610" lon="7.8891120"/>
   <trkpt lat="46.6846940" lon="7.8891110"/>
   <trkpt lat="46.6847270" lon="7.8891070"/>
   <trkpt lat="46.6847590" lon="7.8891020"/>
   <trkpt lat="46.6847880" lon="7.8890880"/>
   <trkpt lat="46.6848220" lon="7.8890780"/>
   <trkpt lat="46.6848500" lon="7.8890700"/>
   <trkpt lat="46.6848880" lon="7.8890610"/>
   <trkpt lat="46.6849150" lon="7.8890430"/>
   <trkpt lat="46.6849510" lon="7.8890310"/>
   <trkpt lat="46.6849780" lon="7.8890160"/>
   <trkpt lat="46.6850140" lon="7.8890020"/>
   <trkpt lat="46.6850400" lon="7.8889940"/>
   <trkpt lat="46.6850780" lon="7.8889800"/>
   <trkpt lat="46.6851050" lon="7.8889700"/>
   <trkpt lat="46.6851440" lon="7.8889550"/>
   <trkpt lat="46.6851700" lon="7.8889450"/>
   <trkpt lat="46.6852120" lon="7.8889230"/>
   <trkpt lat="46.6852360" lon="7.8889070"/>
   <trkpt lat="46.6852750" lon="7.8888870"/>
   <trkpt lat="46.6853000" lon="7.8888750"/>
   <trkpt lat="46.6853350" lon="7.8888540"/>
   <trkpt lat="46.6853600" lon="7.8888390"/>
   <trkpt lat="46.6853960" lon="7.8888240"/>
   <trkpt lat="46.6854220" lon="7.8888150"/>
   <trkpt lat="46.6854580" lon="7.8888040"/>
   <trkpt lat="46.6854900" lon="7.8888020"/>
   <trkpt lat="46.6855230" lon="7.8887970"/>
   <trkpt lat="46.6855610" lon="7.8887960"/>
   <trkpt lat="46.6855940" lon="7.8887910"/>
   <trkpt lat="46.6856310" lon="7.8887940"/>
   <trkpt lat="46.6856630" lon="7.8887960"/>
   <trkpt lat="46.6857030" lon="7.8888040"/>
   <trkpt lat="46.6857340" lon="7.8888060"/>
   <trkpt lat="46.6857750" lon="7.8888180"/>
   <trkpt lat="46.6858080" lon="7.8888210"/>
   <trkpt lat="46.6858450" lon="7.8888360"/>
   <trkpt lat="46.6858740" lon="7.8888440"/>
   <trkpt lat="46.6859160" lon="7.8888580"/>
   <trkpt lat="46.6859430" lon="7.8888670"/>
   <trkpt lat="46.6859790" lon="7.8888890"/>
   <trkpt lat="46.6860040" lon="7.8888980"/>
   <trkpt lat="46.6860440" lon="7.8889200"/>
   <trkpt lat="46.6860730" lon="7.8889280"/>
   <trkpt lat="46.6861170" lon="7.8889520"/>
   <trkpt lat="46.6861450" lon="7.8889650"/>
   <trkpt lat="46.6861840" lon="7.8889950"/>
   <trkpt lat="46.6862170" lon="7.8890100"/>
   <trkpt lat="46.6862560" lon="7.8890330"/>
   <trkpt lat="46.6862930" lon="7.8890440"/>
   <trkpt lat="46.6863230" lon="7.8890610"/>
   <trkpt lat="46.6863540" lon="7.8890680"/>
   <trkpt lat="46.6863870" lon="7.8890850"/>
   <trkpt lat="46.6864160" lon="7.8890920"/>
   <trkpt lat="46.6864510" lon="7.8891100"/>
   <trkpt lat="46.6864850" lon="7.8891230"/>
   <trkpt lat="46.6865230" lon="7.8891400"/>
   <trkpt lat="46.6865570" lon="7.8891510"/>
   <trkpt lat="46.6865930" lon="7.8891660"/>
   <trkpt lat="46.6866210" lon="7.8891840"/>
   <trkpt lat="46.6866480" lon="7.8892040"/>
   <trkpt lat="46.6866790" lon="7.8892280"/>
   <trkpt lat="46.6867070" lon="7.8892470"/>
   <trkpt lat="46.6867370" lon="7.8892750"/>
   <trkpt lat="46.6867620" lon="7.8892930"/>
   <trkpt lat="46.6867900" lon="7.8893280"/>
   <trkpt lat="46.6868150" lon="7.8893450"/>
   <trkpt lat="46.6868480" lon="7.8893710"/>
   <trkpt lat="46.6868800" lon="7.8893820"/>
   <trkpt lat="46.6869160" lon="7.8893990"/>
   <trkpt lat="46.6869460" lon="7.8894090"/>
   <trkpt lat="46.6869860" lon="7.8894340"/>
   <trkpt lat="46.6870120" lon="7.8894480"/>
   <trkpt lat="46.6870460" lon="7.8894760"/>
   <trkpt lat="46.6870720" lon="7.8894910"/>
   <trkpt lat="46.6871040" lon="7.8895110"/>
   <trkpt lat="46.6871330" lon="7.8895300"/>
   <trkpt lat="46.6871630" lon="7.8895550"/>
   <trkpt lat="46.6871940" lon="7.8895770"/>
   <trkpt lat="46.6872200" lon="7.8896040"/>
   <trkpt lat="46.6872490" lon="7.8896270"/>
   <trkpt lat="46.6872790" lon="7.8896470"/>
   <trkpt lat="46.6873060" lon="7.8896670"/>
   <trkpt lat="46.6873340" lon="7.8896850"/>
   <trkpt lat="46.6873650" lon="7.8897030"/>
   <trkpt lat="46.6873910" lon="7.8897210"/>
   <trkpt lat="46.6874190" lon="7.8897430"/>
   <trkpt lat="46.6874460" lon="7.8897580"/>
   <trkpt lat="46.6874760" lon="7.8897810"/>
   <trkpt lat="46.6875010" lon="7.8897950"/>
   <trkpt lat="46.6875320" lon="7.8898180"/>
   <trkpt lat="46.6875620" lon="7.8898400"/>
   <trkpt lat="46.6875910" lon="7.8898710"/>
   <trkpt lat="46.6876170" lon="7.8898920"/>
   <trkpt lat="46.6876480" lon="7.8899170"/>
   <trkpt lat="46.6876780" lon="7.8899410"/>
   <trkpt lat="46.6877050" lon="7.8899710"/>
   <trkpt lat="46.6877340" lon="7.8900040"/>
   <trkpt lat="46.6877580" lon="7.8900310"/>
   <trkpt lat="46.6877870" lon="7.8900590"/>
   <trkpt lat="46.6878170" lon="7.8900860"/>
   <trkpt lat="46.6878490" lon="7.8901250"/>
   <trkpt lat="46.6878780" lon="7.8901540"/>
   <trkpt lat="46.6879040" lon="7.8901920"/>
   <trkpt lat="46.6879260" lon="7.8902170"/>
   <trkpt lat="46.6879530" lon="7.8902500"/>
   <trkpt lat="46.6879750" lon="7.8902750"/>
   <trkpt lat="46.6880050" lon="7.8903140"/>
   <trkpt lat="46.6880310" lon="7.8903370"/>
   <trkpt lat="46.6880600" lon="7.8903740"/>
   <trkpt lat="46.6880880" lon="7.8904030"/>
   <trkpt lat="46.6881160" lon="7.8904310"/>
   <trkpt lat="46.6881420" lon="7.8904680"/>
   <trkpt lat="46.6881690" lon="7.8904970"/>
   <trkpt lat="46.6881940" lon="7.8905350"/>
   <trkpt lat="46.6882240" lon="7.8905620"/>
   <trkpt lat="46.6882520" lon="7.8905980"/>
   <trkpt lat="46.6882760" lon="7.8906310"/>
   <trkpt lat="46.6883010" lon="7.8906770"/>
   <trkpt lat="46.6883230" lon="7.8907060"/>
   <trkpt lat="46.6883500" lon="7.8907520"/>
   <trkpt lat="46.6883730" lon="7.8907760"/>
   <trkpt lat="46.6884030" lon="7.8908200"/>
   <trkpt lat="46.6884260" lon="7.8908470"/>
   <trkpt lat="46.6884540" lon="7.8908860"/>
   <trkpt lat="46.6884750" lon="7.8909170"/>
   <trkpt lat="46.6885010" lon="7.8909530"/>
   <trkpt lat="46.6885210" lon="7.8909910"/>
   <trkpt lat="46.6885460" lon="7.8910320"/>
   <trkpt lat="46.6885680" lon="7.8910780"/>
   <trkpt lat="46.6885910" lon="7.8911120"/>
   <trkpt lat="46.6886150" lon="7.8911550"/>
   <trkpt lat="46.6886430" lon="7.8911820"/>
   <trkpt lat="46.6886690" lon="7.8912270"/>
   <trkpt lat="46.6886990" lon="7.8912510"/>
   <trkpt lat="46.6887170" lon="7.8912950"/>
   <trkpt lat="46.6887390" lon="7.8913210"/>
   <trkpt lat="46.6887680" lon="7.8913640"/>
   <trkpt lat="46.6887880" lon="7.8913960"/>
   <trkpt lat="46.6888120" lon="7.8914310"/>
   <trkpt lat="46.6888270" lon="7.8914670"/>
   <trkpt lat="46.6888520" lon="7.8915040"/>
   <trkpt lat="46.6888720" lon="7.8915430"/>
   <trkpt lat="46.6888950" lon="7.8915820"/>
   <trkpt lat="46.6889150" lon="7.8916270"/>
   <trkpt lat="46.6889430" lon="7.8916570"/>
   <trkpt lat="46.6889680" lon="7.8916990"/>
   <trkpt lat="46.6889910" lon="7.8917320"/>
   <trkpt lat="46.6890150" lon="7.8917760"/>
   <trkpt lat="46.6890350" lon="7.8918080"/>
   <trkpt lat="46.6890530" lon="7.8918580"/>
   <trkpt lat="46.6890710" lon="7.8918950"/>
   <trkpt lat="46.6890970" lon="7.8919450"/>
   <trkpt lat="46.6891200" lon="7.8919770"/>
   <trkpt lat="46.6891460" lon="7.8920160"/>
   <trkpt lat="46.6891650" lon="7.8920540"/>
   <trkpt lat="46.6891860" lon="7.8921010"/>
   <trkpt lat="46.6892030" lon="7.8921420"/>
   <trkpt lat="46.6892210" lon="7.8921910"/>
   <trkpt lat="46.6892340" lon="7.8922350"/>
   <trkpt lat="46.6892460" lon="7.8922800"/>
   <trkpt lat="46.6892610" lon="7.8923270"/>
   <trkpt lat="46.6892750" lon="7.8923680"/>
   <trkpt lat="46.6892900" lon="7.8924180"/>
   <trkpt lat="46.6893020" lon="7.8924560"/>
   <trkpt lat="46.6893180" lon="7.8925020"/>
   <trkpt lat="46.6893350" lon="7.8925340"/>
   <trkpt lat="46.6893550" lon="7.8925850"/>
   <trkpt lat="46.6893720" lon="7.8926200"/>
   <trkpt lat="46.6893960" lon="7.8926700"/>
   <trkpt lat="46.6894160" lon="7.8927040"/>
   <trkpt lat="46.6894380" lon="7.8927540"/>
   <trkpt lat="46.6894590" lon="7.8927880"/>
   <trkpt lat="46.6894780" lon="7.8928280"/>
   <trkpt lat="46.6894910" lon="7.8928700"/>
   <trkpt lat="46.6895050" lon="7.8929170"/>
   <trkpt lat="46.6895140" lon="7.8929680"/>
   <trkpt lat="46.6895300" lon="7.8930120"/>
   <trkpt lat="46.6895470" lon="7.8930640"/>
   <trkpt lat="46.6895610" lon="7.8931000"/>
   <trkpt lat="46.6895800" lon="7.8931500"/>
   <trkpt lat="46.6895920" lon="7.8931900"/>
   <trkpt lat="46.6896080" lon="7.8932470"/>
   <trkpt lat="46.6896250" lon="7.8932810"/>
   <trkpt lat="46.6896460" lon="7.8933330"/>
   <trkpt lat="46.6896600" lon="7.8933670"/>
   <trkpt lat="46.6896740" lon="7.8934120"/>
   <trkpt lat="46.6896830" lon="7.8934570"/>
   <trkpt lat="46.6896990" lon="7.8935010"/>
   <trkpt lat="46.6897150" lon="7.8935510"/>
   <trkpt lat="46.6897320" lon="7.8935920"/>
   <trkpt lat="46.6897450" lon="7.8936420"/>
   <trkpt lat="46.6897640" lon="7.8936770"/>
   <trkpt lat="46.6897800" lon="7.8937250"/>
   <trkpt lat="46.6897940" lon="7.8937580"/>
   <trkpt lat="46.6898170" lon="7.8938060"/>
   <trkpt lat="46.6898280" lon="7.8938450"/>
   <trkpt lat="46.6898420" lon="7.8938960"/>
   <trkpt lat="46.6898540" lon="7.8939420"/>
   <trkpt lat="46.6898700" lon="7.8939890"/>
   <trkpt lat="46.6898840" lon="7.8940380"/>
   <trkpt lat="46.6899060" lon="7.8940800"/>
   <trkpt lat="46.6899180" lon="7.8941330"/>
   <trkpt lat="46.6899360" lon="7.8941720"/>
   <trkpt lat="46.6899550" lon="7.8942240"/>
   <trkpt lat="46.6899730" lon="7.8942570"/>
   <trkpt lat="46.6899880" lon="7.8943090"/>
   <trkpt lat="46.6900070" lon="7.8943430"/>
   <trkpt lat="46.6900250" lon="7.8943920"/>
   <trkpt lat="46.6900400" lon="7.8944280"/>
   <trkpt lat="46.6900550" lon="7.8944740"/>
   <trkpt lat="46.6900700" lon="7.8945180"/>
   <trkpt lat="46.6900910" lon="7.8945660"/>
   <trkpt lat="46.6901060" lon="7.8946140"/>
   <trkpt lat="46.6901230" lon="7.8946590"/>
   <trkpt lat="46.6901440" lon="7.8947000"/>
   <trkpt lat="46.6901630" lon="7.8947450"/>
   <trkpt lat="46.6901820" lon="7.8947970"/>
   <trkpt lat="46.6902020" lon="7.8948450"/>
   <trkpt lat="46.6902190" lon="7.8948970"/>
   <trkpt lat="46.6902380" lon="7.8949440"/>
   <trkpt lat="46.6902470" lon="7.8949990"/>
   <trkpt lat="46.6902590" lon="7.8950470"/>
   <trkpt lat="46.6902690" lon="7.8951080"/>
   <trkpt lat="46.6902790" lon="7.8951580"/>
   <trkpt lat="46.6902870" lon="7.8952200"/>
   <trkpt lat="46.6902960" lon="7.8952700"/>
   <trkpt lat="46.6902990" lon="7.8953330"/>
   <trkpt lat="46.6903020" lon="7.8953870"/>
   <trkpt lat="46.6903040" lon="7.8954460"/>
   <trkpt lat="46.6903060" lon="7.8954950"/>
   <trkpt lat="46.6903120" lon="7.8955470"/>
   <trkpt lat="46.6903240" lon="7.8955860"/>
   <trkpt lat="46.6903340" lon="7.8956460"/>
   <trkpt lat="46.6903440" lon="7.8956900"/>
   <trkpt lat="46.6903560" lon="7.8957420"/>
   <trkpt lat="46.6903640" lon="7.8957880"/>
   <trkpt lat="46.6903720" lon="7.8958450"/>
   <trkpt lat="46.6903820" lon="7.8958830"/>
   <trkpt lat="46.6903940" lon="7.8959390"/>
   <trkpt lat="46.6904070" lon="7.8959780"/>
   <trkpt lat="46.6904200" lon="7.8960310"/>
   <trkpt lat="46.6904300" lon="7.8960620"/>
   <trkpt lat="46.6904410" lon="7.8961110"/>
   <trkpt lat="46.6904530" lon="7.8961480"/>
   <trkpt lat="46.6904660" lon="7.8961940"/>
   <trkpt lat="46.6904620" lon="7.8962340"/>
   <trkpt lat="46.6904440" lon="7.8962680"/>
   <trkpt lat="46.6904180" lon="7.8962900"/>
   <trkpt lat="46.6903890" lon="7.8963160"/>
   <trkpt lat="46.6903560" lon="7.8963350"/>
   <trkpt lat="46.6903260" lon="7.8963560"/>
   <trkpt lat="46.6902910" lon="7.8963800"/>
   <trkpt lat="46.6902570" lon="7.8964060"/>
   <trkpt lat="46.6902240" lon="7.8964340"/>
   <trkpt lat="46.6901980" lon="7.8964630"/>
   <trkpt lat="46.6901650" lon="7.8964990"/>
   <trkpt lat="46.6901370" lon="7.8965290"/>
   <trkpt lat="46.6901060" lon="7.8965610"/>
   <trkpt lat="46.6900710" lon="7.8965960"/>
   <trkpt lat="46.6900380" lon="7.8966320"/>
   <trkpt lat="46.6900040" lon="7.8966560"/>
   <trkpt lat="46.6899760" lon="7.8966780"/>
   <trkpt lat="46.6899420" lon="7.8967040"/>
   <trkpt lat="46.6899140" lon="7.8967260"/>
   <trkpt lat="46.6898830" lon="7.8967500"/>
   <trkpt lat="46.6898520" lon="7.8967750"/>
   <trkpt lat="46.6898180" lon="7.8967920"/>
   <trkpt lat="46.6897910" lon="7.8968100"/>
   <trkpt lat="46.6897580" lon="7.8968350"/>
   <trkpt lat="46.6897320" lon="7.8968620"/>
   <trkpt lat="46.6896990" lon="7.8968930"/>
   <trkpt lat="46.6896690" lon="7.8969240"/>
   <trkpt lat="46.6896380" lon="7.8969590"/>
   <trkpt lat="46.6896100" lon="7.8969910"/>
   <trkpt lat="46.6895740" lon="7.8970240"/>
   <trkpt lat="46.6895410" lon="7.8970550"/>
   <trkpt lat="46.6895060" lon="7.8970820"/>
   <trkpt lat="46.6894740" lon="7.8971120"/>
   <trkpt lat="46.6894370" lon="7.8971400"/>
   <trkpt lat="46.6894040" lon="7.8971650"/>
   <trkpt lat="46.6893630" lon="7.8971930"/>
   <trkpt lat="46.6893290" lon="7.8972220"/>
   <trkpt lat="46.6892910" lon="7.8972510"/>
   <trkpt lat="46.6892580" lon="7.8972770"/>
   <trkpt lat="46.6892240" lon="7.8973000"/>
   <trkpt lat="46.6891880" lon="7.8973330"/>
   <trkpt lat="46.6891520" lon="7.8973660"/>
   <trkpt lat="46.6891170" lon="7.8974030"/>
   <trkpt lat="46.6890750" lon="7.8974300"/>
   <trkpt lat="46.6890380" lon="7.8974280"/>
   <trkpt lat="46.6890100" lon="7.8973960"/>
   <trkpt lat="46.6889890" lon="7.8973510"/>
   <trkpt lat="46.6889840" lon="7.8972970"/>
   <trkpt lat="46.6889840" lon="7.8972260"/>
   <trkpt lat="46.6889830" lon="7.8971710"/>
   <trkpt lat="46.6889820" lon="7.8971010"/>
   <trkpt lat="46.6889770" lon="7.8970400"/>
   <trkpt lat="46.6889750" lon="7.8969760"/>
   <trkpt lat="46.6889620" lon="7.8969130"/>
   <trkpt lat="46.6889510" lon="7.8968570"/>
   <trkpt lat="46.6889400" lon="7.8967830"/>
   <trkpt lat="46.6889330" lon="7.8967300"/>
   <trkpt lat="46.6889240" lon="7.8966530"/>
  </trkseg>
 </trk>
</gpx>
