<?xml version="1.0" encoding="UTF-8"?>
<gpx creator="StravaGPX" version="1.1" xmlns="http://www.topografix.com/GPX/1/1" xmlns:xsi="http://www.w3.org/2001/XMLSchema-instance" xsi:schemaLocation="http://www.topografix.com/GPX/1/1 http://www.topografix.com/GPX/1/1/gpx.xsd http://www.garmin.com/xmlschemas/GpxExtensions/v3 http://www.garmin.com/xmlschemas/GpxExtensionsv3.xsd http://www.garmin.com/xmlschemas/TrackPointExtension/v1 http://www.garmin.com/xmlschemas/TrackPointExtensionv1.xsd" xmlns:gpxtpx="http://www.garmin.com/xmlschemas/TrackPointExtension/v1" xmlns:gpxx="http://www.garmin.com/xmlschemas/GpxExtensions/v3">
 <trk>
  <name>Thuner Stadtlauf</name>
  <type>running</type>
  <trkseg>
   <trkpt lat="46.7558240" lon="7.6313200"/>
   <trkpt lat="46.7558000" lon="7.6312920"/>
   <trkpt lat="46.7557690" lon="7.6312570"/>
   <trkpt lat="46.7557450" lon="7.6312220"/>
   <trkpt lat="46.7557170" lon="7.6311930"/>
   <trkpt lat="46.7556910" lon="7.6311650"/>
   <trkpt lat="46.7556630" lon="7.6311420"/>
   <trkpt lat="46.7556340" lon="7.6311070"/>
   <trkpt lat="46.7556050" lon="7.6310920"/>
   <trkpt lat="46.7555780" lon="7.6310690"/>
   <trkpt lat="46.7555470" lon="7.6310430"/>
   <trkpt lat="46.7555210" lon="7.6310210"/>
   <trkpt lat="46.7554880" lon="7.6309860"/>
   <trkpt lat="46.7554600" lon="7.6309610"/>
   <trkpt lat="46.7554390" lon="7.6309320"/>
   <trkpt lat="46.7554180" lon="7.6309060"/>
   <trkpt lat="46.7553960" lon="7.6308830"/>
   <trkpt lat="46.7553690" lon="7.6308510"/>
   <trkpt lat="46.7553370" lon="7.6308270"/>
   <trkpt lat="46.7553110" lon="7.6307980"/>
   <trkpt lat="46.7552860" lon="7.6307700"/>
   <trkpt lat="46.7552630" lon="7.6307470"/>
   <trkpt lat="46.7552360" lon="7.6307190"/>
   <trkpt lat="46.7552150" lon="7.6306980"/>
   <trkpt lat="46.7551880" lon="7.6306650"/>
   <trkpt lat="46.7551650" lon="7.6306320"/>
   <trkpt lat="46.7551430" lon="7.6306010"/>
   <trkpt lat="46.7551210" lon="7.6305630"/>
   <trkpt lat="46.7550990" lon="7.6305330"/>
   <trkpt lat="46.7550740" lon="7.6305010"/>
   <trkpt lat="46.7550490" lon="7.6304710"/>
   <trkpt lat="46.7550210" lon="7.6304500"/>
   <trkpt lat="46.7549930" lon="7.6304290"/>
   <trkpt lat="46.7549690" lon="7.6304200"/>
   <trkpt lat="46.7549380" lon="7.6304080"/>
   <trkpt lat="46.7549140" lon="7.6303960"/>
   <trkpt lat="46.7548810" lon="7.6303860"/>
   <trkpt lat="46.7548490" lon="7.6303760"/>
   <trkpt lat="46.7548220" lon="7.6303800"/>
   <trkpt lat="46.7547840" lon="7.6303770"/>
   <trkpt lat="46.7547540" lon="7.6303870"/>
   <trkpt lat="46.7547210" lon="7.6304010"/>
   <trkpt lat="46.7546950" lon="7.6304290"/>
   <trkpt lat="46.7546730" lon="7.6304610"/>
   <trkpt lat="46.7546450" lon="7.6304990"/>
   <trkpt lat="46.7546210" lon="7.6305340"/>
   <trkpt lat="46.7545990" lon="7.6305650"/>
   <trkpt lat="46.7545750" lon="7.6305910"/>
   <trkpt lat="46.7545520" lon="7.6306270"/>
   <trkpt lat="46.7545240" lon="7.6306620"/>
   <trkpt lat="46.7545030" lon="7.6306980"/>
   <trkpt lat="46.7544760" lon="7.6307380"/>
   <trkpt lat="46.7544530" lon="7.6307740"/>
   <trkpt lat="46.7544340" lon="7.6308100"/>
   <trkpt lat="46.7544080" lon="7.6308440"/>
   <trkpt lat="46.7543900" lon="7.6308760"/>
   <trkpt lat="46.7543660" lon="7.6309160"/>
   <trkpt lat="46.7543460" lon="7.6309460"/>
   <trkpt lat="46.7543260" lon="7.6309830"/>
   <trkpt lat="46.7543040" lon="7.6310210"/>
   <trkpt lat="46.7542870" lon="7.6310560"/>
   <trkpt lat="46.7542590" lon="7.6310950"/>
   <trkpt lat="46.7542360" lon="7.6311240"/>
   <trkpt lat="46.7542150" lon="7.6311580"/>
   <trkpt lat="46.7541900" lon="7.6311900"/>
   <trkpt lat="46.7541680" lon="7.6312190"/>
   <trkpt lat="46.7541470" lon="7.6312520"/>
   <trkpt lat="46.7541260" lon="7.6312820"/>
   <trkpt lat="46.7541030" lon="7.6313150"/>
   <trkpt lat="46.7540800" lon="7.6313450"/>
   <trkpt lat="46.7540590" lon="7.6313750"/>
   <trkpt lat="46.7540360" lon="7.6314030"/>
   <trkpt lat="46.7540130" lon="7.6314300"/>
   <trkpt lat="46.7539880" lon="7.6314570"/>
   <trkpt lat="46.7539610" lon="7.6314870"/>
   <trkpt lat="46.7539390" lon="7.6315120"/>
   <trkpt lat="46.7539130" lon="7.6315420"/>
   <trkpt lat="46.7538860" lon="7.6315740"/>
   <trkpt lat="46.7538630" lon="7.6316030"/>
   <trkpt lat="46.7538370" lon="7.6316330"/>
   <trkpt lat="46.7538120" lon="7.6316610"/>
   <trkpt lat="46.7537830" lon="7.6316860"/>
   <trkpt lat="46.7537560" lon="7.6317120"/>
   <trkpt lat="46.7537340" lon="7.6317390"/>
   <trkpt lat="46.7537080" lon="7.6317680"/>
   <trkpt lat="46.7536840" lon="7.6317930"/>
   <trkpt lat="46.7536580" lon="7.6318240"/>
   <trkpt lat="46.7536320" lon="7.6318530"/>
   <trkpt lat="46.7536070" lon="7.6318830"/>
   <trkpt lat="46.7535800" lon="7.6319120"/>
   <trkpt lat="46.7535560" lon="7.6319390"/>
   <trkpt lat="46.7535320" lon="7.6319650"/>
   <trkpt lat="46.7535070" lon="7.6319920"/>
   <trkpt lat="46.7534840" lon="7.6320190"/>
   <trkpt lat="46.7534550" lon="7.6320450"/>
   <trkpt lat="46.7534340" lon="7.6320690"/>
   <trkpt lat="46.7534050" lon="7.6321000"/>
   <trkpt lat="46.7533780" lon="7.6321280"/>
   <trkpt lat="46.7533530" lon="7.6321510"/>
   <trkpt lat="46.7533270" lon="7.6321770"/>
   <trkpt lat="46.7533060" lon="7.6322010"/>
   <trkpt lat="46.7532780" lon="7.6322290"/>
   <trkpt lat="46.7532520" lon="7.6322500"/>
   <trkpt lat="46.7532270" lon="7.6322720"/>
   <trkpt lat="46.7532010" lon="7.6322960"/>
   <trkpt lat="46.7531770" lon="7.6323180"/>
   <trkpt lat="46.7531450" lon="7.6323430"/>
   <trkpt lat="46.7531190" lon="7.6323690"/>
   <trkpt lat="46.7530970" lon="7.6324000"/>
   <trkpt lat="46.7530680" lon="7.6324340"/>
   <trkpt lat="46.7530450" lon="7.6324620"/>
   <trkpt lat="46.7530130" lon="7.6324930"/>
   <trkpt lat="46.7529850" lon="7.6325190"/>
   <trkpt lat="46.7529550" lon="7.6325460"/>
   <trkpt lat="46.7529220" lon="7.6325670"/>
   <trkpt lat="46.7528920" lon="7.6325870"/>
   <trkpt lat="46.7528650" lon="7.6326080"/>
   <trkpt lat="46.7528380" lon="7.6326270"/>
   <trkpt lat="46.7528060" lon="7.6326510"/>
   <trkpt lat="46.7527780" lon="7.6326690"/>
   <trkpt lat="46.7527530" lon="7.6326910"/>
   <trkpt lat="46.7527230" lon="7.6327100"/>
   <trkpt lat="46.7526990" lon="7.6327280"/>
   <trkpt lat="46.7526720" lon="7.6327450"/>
   <trkpt lat="46.7526440" lon="7.6327580"/>
   <trkpt lat="46.7526180" lon="7.6327760"/>
   <trkpt lat="46.7525850" lon="7.6327960"/>
   <trkpt lat="46.7525590" lon="7.6328180"/>
   <trkpt lat="46.7525260" lon="7.6328460"/>
   <trkpt lat="46.7524960" lon="7.6328700"/>
   <trkpt lat="46.7524690" lon="7.6328950"/>
   <trkpt lat="46.7524360" lon="7.6329180"/>
   <trkpt lat="46.7524110" lon="7.6329410"/>
   <trkpt lat="46.7523830" lon="7.6329660"/>
   <trkpt lat="46.7523530" lon="7.6329850"/>
   <trkpt lat="46.7523300" lon="7.6330110"/>
   <trkpt lat="46.7522980" lon="7.6330330"/>
   <trkpt lat="46.7522760" lon="7.6330530"/>
   <trkpt lat="46.7522450" lon="7.6330800"/>
   <trkpt lat="46.7522170" lon="7.6331020"/>
   <trkpt lat="46.7521920" lon="7.6331220"/>
   <trkpt lat="46.7521640" lon="7.6331420"/>
   <trkpt lat="46.7521370" lon="7.6331550"/>
   <trkpt lat="46.7521090" lon="7.6331770"/>
   <trkpt lat="46.7520830" lon="7.6331990"/>
   <trkpt lat="46.7520630" lon="7.6332260"/>
   <trkpt lat="46.7520340" lon="7.6332490"/>
   <trkpt lat="46.7520090" lon="7.6332680"/>
   <trkpt lat="46.7519830" lon="7.6332840"/>
   <trkpt lat="46.7519550" lon="7.6333020"/>
   <trkpt lat="46.7519310" lon="7.6333230"/>
   <trkpt lat="46.7518990" lon="7.6333400"/>
   <trkpt lat="46.7518760" lon="7.6333530"/>
   <trkpt lat="46.7518520" lon="7.6333710"/>
   <trkpt lat="46.7518220" lon="7.6333870"/>
   <trkpt lat="46.7518020" lon="7.6334040"/>
   <trkpt lat="46.7517710" lon="7.6334240"/>
   <trkpt lat="46.7517420" lon="7.6334410"/>
   <trkpt lat="46.7517160" lon="7.6334630"/>
   <trkpt lat="46.7516800" lon="7.6334800"/>
   <trkpt lat="46.7516540" lon="7.6334970"/>
   <trkpt lat="46.7516230" lon="7.6335150"/>
   <trkpt lat="46.7515930" lon="7.6335350"/>
   <trkpt lat="46.7515710" lon="7.6335520"/>
   <trkpt lat="46.7515360" lon="7.6335660"/>
   <trkpt lat="46.7515120" lon="7.6335800"/>
   <trkpt lat="46.7514800" lon="7.6335980"/>
   <trkpt lat="46.7514500" lon="7.6336140"/>
   <trkpt lat="46.7514240" lon="7.6336320"/>
   <trkpt lat="46.7513910" lon="7.6336450"/>
   <trkpt lat="46.7513670" lon="7.6336570"/>
   <trkpt lat="46.7513340" lon="7.6336740"/>
   <trkpt lat="46.7513030" lon="7.6336870"/>
   <trkpt lat="46.7512810" lon="7.6337100"/>
   <trkpt lat="46.7512480" lon="7.6337290"/>
   <trkpt lat="46.7512240" lon="7.6337470"/>
   <trkpt lat="46.7511930" lon="7.6337670"/>
   <trkpt lat="46.7511630" lon="7.6337770"/>
   <trkpt lat="46.7511390" lon="7.6337940"/>
   <trkpt lat="46.7511070" lon="7.6338000"/>
   <trkpt lat="46.7510830" lon="7.6338080"/>
   <trkpt lat="46.7510520" lon="7.6338240"/>
   <trkpt lat="46.7510230" lon="7.6338420"/>
   <trkpt lat="46.7510000" lon="7.6338570"/>
   <trkpt lat="46.7509670" lon="7.6338700"/>
   <trkpt lat="46.7509390" lon="7.6338790"/>
   <trkpt lat="46.7509110" lon="7.6338890"/>
   <trkpt lat="46.7508760" lon="7.6338890"/>
   <trkpt lat="46.7508510" lon="7.6339010"/>
   <trkpt lat="46.7508140" lon="7.6339120"/>
   <trkpt lat="46.7507830" lon="7.6339180"/>
   <trkpt lat="46.7507490" lon="7.6339280"/>
   <trkpt lat="46.7507170" lon="7.6339340"/>
   <trkpt lat="46.7506890" lon="7.6339490"/>
   <trkpt lat="46.7506550" lon="7.6339590"/>
   <trkpt lat="46.7506230" lon="7.6339600"/>
   <trkpt lat="46.7505910" lon="7.6339620"/>
   <trkpt lat="46.7505580" lon="7.6339600"/>
   <trkpt lat="46.7505300" lon="7.6339610"/>
   <trkpt lat="46.7504930" lon="7.6339510"/>
   <trkpt lat="46.7504590" lon="7.6339500"/>
   <trkpt lat="46.7504270" lon="7.6339410"/>
   <trkpt lat="46.7503950" lon="7.6339320"/>
   <trkpt lat="46.7503700" lon="7.6339310"/>
   <trkpt lat="46.7503380" lon="7.6339200"/>
   <trkpt lat="46.7503090" lon="7.6339170"/>
   <trkpt lat="46.7502790" lon="7.6339080"/>
   <trkpt lat="46.7502490" lon="7.6338970"/>
   <trkpt lat="46.7502230" lon="7.6338930"/>
   <trkpt lat="46.7501910" lon="7.6338870"/>
   <trkpt lat="46.7501630" lon="7.6338820"/>
   <trkpt lat="46.7501310" lon="7.6338780"/>
   <trkpt lat="46.7501000" lon="7.6338670"/>
   <trkpt lat="46.7500740" lon="7.6338600"/>
   <trkpt lat="46.7500410" lon="7.6338470"/>
   <trkpt lat="46.7500160" lon="7.6338390"/>
   <trkpt lat="46.7499830" lon="7.6338280"/>
   <trkpt lat="46.7499530" lon="7.6338150"/>
   <trkpt lat="46.7499210" lon="7.6338050"/>
   <trkpt lat="46.7498920" lon="7.6337910"/>
   <trkpt lat="46.7498690" lon="7.6337840"/>
   <trkpt lat="46.7498420" lon="7.6337670"/>
   <trkpt lat="46.7498160" lon="7.6337420"/>
   <trkpt lat="46.7497900" lon="7.6337220"/>
   <trkpt lat="46.7497610" lon="7.6336990"/>
   <trkpt lat="46.7497360" lon="7.6336790"/>
   <trkpt lat="46.7497090" lon="7.6336560"/>
   <trkpt lat="46.7496790" lon="7.6336390"/>
   <trkpt lat="46.7496490" lon="7.6336280"/>
   <trkpt lat="46.7496150" lon="7.6336140"/>
   <trkpt lat="46.7495880" lon="7.6336100"/>
   <trkpt lat="46.7495540" lon="7.6336020"/>
   <trkpt lat="46.7495220" lon="7.6335900"/>
   <trkpt lat="46.7494950" lon="7.6335810"/>
   <trkpt lat="46.7494650" lon="7.6335670"/>
   <trkpt lat="46.7494390" lon="7.6335650"/>
   <trkpt lat="46.7494080" lon="7.6335610"/>
   <trkpt lat="46.7493760" lon="7.6335580"/>
   <trkpt lat="46.7493470" lon="7.6335600"/>
   <trkpt lat="46.7493110" lon="7.6335560"/>
   <trkpt lat="46.7492810" lon="7.6335630"/>
   <trkpt lat="46.7492460" lon="7.6335660"/>
   <trkpt lat="46.7492140" lon="7.6335700"/>
   <trkpt lat="46.7491840" lon="7.6335830"/>
   <trkpt lat="46.7491500" lon="7.6336000"/>
   <trkpt lat="46.7491280" lon="7.6336260"/>
   <trkpt lat="46.7490970" lon="7.6336540"/>
   <trkpt lat="46.7490760" lon="7.6336740"/>
   <trkpt lat="46.7490430" lon="7.6336970"/>
   <trkpt lat="46.7490160" lon="7.6337190"/>
   <trkpt lat="46.7489910" lon="7.6337440"/>
   <trkpt lat="46.7489580" lon="7.6337660"/>
   <trkpt lat="46.7489320" lon="7.6337790"/>
   <trkpt lat="46.7489050" lon="7.6338070"/>
   <trkpt lat="46.7488830" lon="7.6338300"/>
   <trkpt lat="46.7488580" lon="7.6338580"/>
   <trkpt lat="46.7488260" lon="7.6338850"/>
   <trkpt lat="46.7488010" lon="7.6339090"/>
   <trkpt lat="46.7487690" lon="7.6339460"/>
   <trkpt lat="46.7487440" lon="7.6339690"/>
   <trkpt lat="46.7487220" lon="7.6339980"/>
   <trkpt lat="46.7487000" lon="7.6340240"/>
   <trkpt lat="46.7486810" lon="7.6340520"/>
   <trkpt lat="46.7486520" lon="7.6340790"/>
   <trkpt lat="46.7486320" lon="7.6341030"/>
   <trkpt lat="46.7486060" lon="7.6341270"/>
   <trkpt lat="46.7485790" lon="7.6341490"/>
   <trkpt lat="46.7485580" lon="7.6341700"/>
   <trkpt lat="46.7485280" lon="7.6341990"/>
   <trkpt lat="46.7485050" lon="7.6342180"/>
   <trkpt lat="46.7484800" lon="7.6342470"/>
   <trkpt lat="46.7484520" lon="7.6342710"/>
   <trkpt lat="46.7484300" lon="7.6342990"/>
   <trkpt lat="46.7484020" lon="7.6343280"/>
   <trkpt lat="46.7483790" lon="7.6343540"/>
   <trkpt lat="46.7483510" lon="7.6343830"/>
   <trkpt lat="46.7483250" lon="7.6344070"/>
   <trkpt lat="46.7483010" lon="7.6344330"/>
   <trkpt lat="46.7482710" lon="7.6344610"/>
   <trkpt lat="46.7482510" lon="7.6344870"/>
   <trkpt lat="46.7482250" lon="7.6345210"/>
   <trkpt lat="46.7482020" lon="7.6345520"/>
   <trkpt lat="46.7481790" lon="7.6345850"/>
   <trkpt lat="46.7481520" lon="7.6346190"/>
   <trkpt lat="46.7481280" lon="7.6346480"/>
   <trkpt lat="46.7480990" lon="7.6346820"/>
   <trkpt lat="46.7480730" lon="7.6347080"/>
   <trkpt lat="46.7480480" lon="7.6347430"/>
   <trkpt lat="46.7480270" lon="7.6347780"/>
   <trkpt lat="46.7480100" lon="7.6348080"/>
   <trkpt lat="46.7479870" lon="7.6348360"/>
   <trkpt lat="46.7479660" lon="7.6348590"/>
   <trkpt lat="46.7479460" lon="7.6348880"/>
   <trkpt lat="46.7479200" lon="7.6349170"/>
   <trkpt lat="46.7479050" lon="7.6349450"/>
   <trkpt lat="46.7478840" lon="7.6349810"/>
   <trkpt lat="46.7478620" lon="7.6350050"/>
   <trkpt lat="46.7478380" lon="7.6350360"/>
   <trkpt lat="46.7478140" lon="7.6350710"/>
   <trkpt lat="46.7477960" lon="7.6351060"/>
   <trkpt lat="46.7477680" lon="7.6351450"/>
   <trkpt lat="46.7477480" lon="7.6351720"/>
   <trkpt lat="46.7477200" lon="7.6352030"/>
   <trkpt lat="46.7476920" lon="7.6352350"/>
   <trkpt lat="46.7476670" lon="7.6352670"/>
   <trkpt lat="46.7476350" lon="7.6353020"/>
   <trkpt lat="46.7476120" lon="7.6353240"/>
   <trkpt lat="46.7475810" lon="7.6353550"/>
   <trkpt lat="46.7475560" lon="7.6353770"/>
   <trkpt lat="46.7475320" lon="7.6354100"/>
   <trkpt lat="46.7475090" lon="7.6354370"/>
   <trkpt lat="46.7474920" lon="7.6354670"/>
   <trkpt lat="46.7474640" lon="7.6354960"/>
   <trkpt lat="46.7474460" lon="7.6355200"/>
   <trkpt lat="46.7474160" lon="7.6355580"/>
   <trkpt lat="46.7473900" lon="7.6355800"/>
   <trkpt lat="46.7473610" lon="7.6356140"/>
   <trkpt lat="46.7473330" lon="7.6356480"/>
   <trkpt lat="46.7473150" lon="7.6356810"/>
   <trkpt lat="46.7472910" lon="7.6357180"/>
   <trkpt lat="46.7472710" lon="7.6357600"/>
   <trkpt lat="46.7472500" lon="7.6357950"/>
   <trkpt lat="46.7472260" lon="7.6358270"/>
   <trkpt lat="46.7472030" lon="7.6358640"/>
   <trkpt lat="46.7471780" lon="7.6359000"/>
   <trkpt lat="46.7471550" lon="7.6359280"/>
   <trkpt lat="46.7471340" lon="7.6359640"/>
   <trkpt lat="46.7471140" lon="7.6359910"/>
   <trkpt lat="46.7470910" lon="7.6360200"/>
   <trkpt lat="46.7470650" lon="7.6360550"/>
   <trkpt lat="46.7470480" lon="7.6360860"/>
   <trkpt lat="46.7470260" lon="7.6361240"/>
   <trkpt lat="46.7470040" lon="7.6361520"/>
   <trkpt lat="46.7469780" lon="7.6361830"/>
   <trkpt lat="46.7469490" lon="7.6362000"/>
   <trkpt lat="46.7469210" lon="7.6362140"/>
   <trkpt lat="46.7468940" lon="7.6362060"/>
   <trkpt lat="46.7468710" lon="7.6361960"/>
   <trkpt lat="46.7468450" lon="7.6361820"/>
   <trkpt lat="46.7468240" lon="7.6361640"/>
   <trkpt lat="46.7467970" lon="7.6361310"/>
   <trkpt lat="46.7467790" lon="7.6360930"/>
   <trkpt lat="46.7467590" lon="7.6360690"/>
   <trkpt lat="46.7467300" lon="7.6360270"/>
   <trkpt lat="46.7467070" lon="7.6360050"/>
   <trkpt lat="46.7466790" lon="7.6359740"/>
   <trkpt lat="46.7466600" lon="7.6359370"/>
   <trkpt lat="46.7466430" lon="7.6359050"/>
   <trkpt lat="46.7466210" lon="7.6358670"/>
   <trkpt lat="46.7466030" lon="7.6358430"/>
   <trkpt lat="46.7465770" lon="7.6358030"/>
   <trkpt lat="46.7465550" lon="7.6357690"/>
   <trkpt lat="46.7465340" lon="7.6357340"/>
   <trkpt lat="46.7465160" lon="7.6356920"/>
   <trkpt lat="46.7464990" lon="7.6356640"/>
   <trkpt lat="46.7464780" lon="7.6356190"/>
   <trkpt lat="46.7464600" lon="7.6355880"/>
   <trkpt lat="46.7464400" lon="7.6355420"/>
   <trkpt lat="46.7464230" lon="7.6355000"/>
   <trkpt lat="46.7464080" lon="7.6354650"/>
   <trkpt lat="46.7463950" lon="7.6354210"/>
   <trkpt lat="46.7463840" lon="7.6353860"/>
   <trkpt lat="46.7463680" lon="7.6353370"/>
   <trkpt lat="46.7463510" lon="7.6353010"/>
   <trkpt lat="46.7463350" lon="7.6352610"/>
   <trkpt lat="46.7463220" lon="7.6352120"/>
   <trkpt lat="46.7463120" lon="7.6351770"/>
   <trkpt lat="46.7462930" lon="7.6351260"/>
   <trkpt lat="46.7462810" lon="7.6350940"/>
   <trkpt lat="46.7462630" lon="7.6350510"/>
   <trkpt lat="46.7462490" lon="7.6350070"/>
   <trkpt lat="46.7462350" lon="7.6349760"/>
   <trkpt lat="46.7462170" lon="7.6349310"/>
   <trkpt lat="46.7462040" lon="7.6348950"/>
   <trkpt lat="46.7461880" lon="7.6348500"/>
   <trkpt lat="46.7461740" lon="7.6348080"/>
   <trkpt lat="46.7461590" lon="7.6347680"/>
   <trkpt lat="46.7461470" lon="7.6347220"/>
   <trkpt lat="46.7461330" lon="7.6346850"/>
   <trkpt lat="46.7461140" lon="7.6346410"/>
   <trkpt lat="46.7460990" lon="7.6346060"/>
   <trkpt lat="46.7460840" lon="7.6345650"/>
   <trkpt lat="46.7460720" lon="7.6345190"/>
   <trkpt lat="46.7460600" lon="7.6344850"/>
   <trkpt lat="46.7460420" lon="7.6344420"/>
   <trkpt lat="46.7460270" lon="7.6344020"/>
   <trkpt lat="46.7460140" lon="7.6343640"/>
   <trkpt lat="46.7460000" lon="7.6343230"/>
   <trkpt lat="46.7459850" lon="7.6342890"/>
   <trkpt lat="46.7459680" lon="7.6342520"/>
   <trkpt lat="46.7459540" lon="7.6342230"/>
   <trkpt lat="46.7459370" lon="7.6341840"/>
   <trkpt lat="46.7459220" lon="7.6341460"/>
   <trkpt lat="46.7459070" lon="7.6341120"/>
   <trkpt lat="46.7458880" lon="7.6340680"/>
   <trkpt lat="46.7458690" lon="7.6340330"/>
   <trkpt lat="46.7458480" lon="7.6339900"/>
   <trkpt lat="46.7458300" lon="7.6339580"/>
   <trkpt lat="46.7458100" lon="7.6339270"/>
   <trkpt lat="46.7458030" lon="7.6338810"/>
   <trkpt lat="46.7457880" lon="7.6338530"/>
   <trkpt lat="46.7457670" lon="7.6338030"/>
   <trkpt lat="46.7457530" lon="7.6337690"/>
   <trkpt lat="46.7457350" lon="7.6337310"/>
   <trkpt lat="46.7457150" lon="7.6336920"/>
   <trkpt lat="46.7456980" lon="7.6336610"/>
   <trkpt lat="46.7456720" lon="7.6336120"/>
   <trkpt lat="46.7456520" lon="7.6335850"/>
   <trkpt lat="46.7456290" lon="7.6335410"/>
   <trkpt lat="46.7456130" lon="7.6335040"/>
   <trkpt lat="46.7455930" lon="7.6334680"/>
   <trkpt lat="46.7455720" lon="7.6334260"/>
   <trkpt lat="46.7455540" lon="7.6333970"/>
   <trkpt lat="46.7455260" lon="7.6333560"/>
   <trkpt lat="46.7455090" lon="7.6333310"/>
   <trkpt lat="46.7454840" lon="7.6333020"/>
   <trkpt lat="46.7454590" lon="7.6332710"/>
   <trkpt lat="46.7454330" lon="7.6332450"/>
   <trkpt lat="46.7454080" lon="7.6332030"/>
   <trkpt lat="46.7453870" lon="7.6331730"/>
   <trkpt lat="46.7453600" lon="7.6331350"/>
   <trkpt lat="46.7453390" lon="7.6331040"/>
   <trkpt lat="46.7453110" lon="7.6330680"/>
   <trkpt lat="46.7452850" lon="7.6330360"/>
   <trkpt lat="46.7452590" lon="7.6330190"/>
   <trkpt lat="46.7452240" lon="7.6329910"/>
   <trkpt lat="46.7451970" lon="7.6329790"/>
   <trkpt lat="46.7451650" lon="7.6329760"/>
   <trkpt lat="46.7451380" lon="7.6329890"/>
   <trkpt lat="46.7451170" lon="7.6330090"/>
   <trkpt lat="46.7450840" lon="7.6330360"/>
   <trkpt lat="46.7450600" lon="7.6330500"/>
   <trkpt lat="46.7450280" lon="7.6330790"/>
   <trkpt lat="46.7449980" lon="7.6331040"/>
   <trkpt lat="46.7449730" lon="7.6331350"/>
   <trkpt lat="46.7449450" lon="7.6331710"/>
   <trkpt lat="46.7449210" lon="7.6332010"/>
   <trkpt lat="46.7448940" lon="7.6332380"/>
   <trkpt lat="46.7448730" lon="7.6332680"/>
   <trkpt lat="46.7448530" lon="7.6333080"/>
   <trkpt lat="46.7448330" lon="7.6333390"/>
   <trkpt lat="46.7448150" lon="7.6333770"/>
   <trkpt lat="46.7447920" lon="7.6334140"/>
   <trkpt lat="46.7447730" lon="7.6334490"/>
   <trkpt lat="46.7447470" lon="7.6334910"/>
   <trkpt lat="46.7447250" lon="7.6335210"/>
   <trkpt lat="46.7447000" lon="7.6335570"/>
   <trkpt lat="46.7446780" lon="7.6335870"/>
   <trkpt lat="46.7446580" lon="7.6336160"/>
   <trkpt lat="46.7446320" lon="7.6336510"/>
   <trkpt lat="46.7446100" lon="7.6336810"/>
   <trkpt lat="46.7445910" lon="7.6337130"/>
   <trkpt lat="46.7445700" lon="7.6337430"/>
   <trkpt lat="46.7445480" lon="7.6337710"/>
   <trkpt lat="46.7445270" lon="7.6338050"/>
   <trkpt lat="46.7445100" lon="7.6338340"/>
   <trkpt lat="46.7444880" lon="7.6338700"/>
   <trkpt lat="46.7444750" lon="7.6339020"/>
   <trkpt lat="46.7444590" lon="7.6339290"/>
   <trkpt lat="46.7444560" lon="7.6339670"/>
   <trkpt lat="46.7444750" lon="7.6340160"/>
   <trkpt lat="46.7445020" lon="7.6340620"/>
   <trkpt lat="46.7445330" lon="7.6341060"/>
   <trkpt lat="46.7445610" lon="7.6341400"/>
   <trkpt lat="46.7445900" lon="7.6341710"/>
   <trkpt lat="46.7446160" lon="7.6341960"/>
   <trkpt lat="46.7446410" lon="7.6342330"/>
   <trkpt lat="46.7446620" lon="7.6342640"/>
   <trkpt lat="46.7446810" lon="7.6342940"/>
   <trkpt lat="46.7446970" lon="7.6343280"/>
   <trkpt lat="46.7447140" lon="7.6343510"/>
   <trkpt lat="46.7447360" lon="7.6343810"/>
   <trkpt lat="46.7447560" lon="7.6344080"/>
   <trkpt lat="46.7447760" lon="7.6344300"/>
   <trkpt lat="46.7447970" lon="7.6344630"/>
   <trkpt lat="46.7448130" lon="7.6344880"/>
   <trkpt lat="46.7448320" lon="7.6345190"/>
   <trkpt lat="46.7448530" lon="7.6345460"/>
   <trkpt lat="46.7448770" lon="7.6345760"/>
   <trkpt lat="46.7448920" lon="7.6346140"/>
   <trkpt lat="46.7449140" lon="7.6346430"/>
   <trkpt lat="46.7449410" lon="7.6346870"/>
   <trkpt lat="46.7449610" lon="7.6347190"/>
   <trkpt lat="46.7449830" lon="7.6347580"/>
   <trkpt lat="46.7450050" lon="7.6347980"/>
   <trkpt lat="46.7450180" lon="7.6348320"/>
   <trkpt lat="46.7450290" lon="7.6348690"/>
   <trkpt lat="46.7450430" lon="7.6349040"/>
   <trkpt lat="46.7450590" lon="7.6349440"/>
   <trkpt lat="46.7450720" lon="7.6349870"/>
   <trkpt lat="46.7450800" lon="7.6350280"/>
   <trkpt lat="46.7450900" lon="7.6350740"/>
   <trkpt lat="46.7451000" lon="7.6351140"/>
   <trkpt lat="46.7451100" lon="7.6351600"/>
   <trkpt lat="46.7451180" lon="7.6351950"/>
   <trkpt lat="46.7451320" lon="7.6352370"/>
   <trkpt lat="46.7451520" lon="7.6352790"/>
   <trkpt lat="46.7451780" lon="7.6353140"/>
   <trkpt lat="46.7452030" lon="7.6353430"/>
   <trkpt lat="46.7452380" lon="7.6353500"/>
   <trkpt lat="46.7452680" lon="7.6353460"/>
   <trkpt lat="46.7452980" lon="7.6353310"/>
   <trkpt lat="46.7453220" lon="7.6353190"/>
   <trkpt lat="46.7453510" lon="7.6352950"/>
   <trkpt lat="46.7453770" lon="7.6352710"/>
   <trkpt lat="46.7454060" lon="7.6352420"/>
   <trkpt lat="46.7454380" lon="7.6352160"/>
   <trkpt lat="46.7454630" lon="7.6351890"/>
   <trkpt lat="46.7454950" lon="7.6351620"/>
   <trkpt lat="46.7455190" lon="7.6351390"/>
   <trkpt lat="46.7455420" lon="7.6351200"/>
   <trkpt lat="46.7455730" lon="7.6350960"/>
   <trkpt lat="46.7456020" lon="7.6350740"/>
   <trkpt lat="46.7456320" lon="7.6350570"/>
   <trkpt lat="46.7456620" lon="7.6350410"/>
   <trkpt lat="46.7456930" lon="7.6350280"/>
   <trkpt lat="46.7457230" lon="7.6350180"/>
   <trkpt lat="46.7457490" lon="7.6350180"/>
   <trkpt lat="46.7457760" lon="7.6350260"/>
   <trkpt lat="46.7458040" lon="7.6350310"/>
   <trkpt lat="46.7458300" lon="7.6350330"/>
   <trkpt lat="46.7458560" lon="7.6350410"/>
   <trkpt lat="46.7458900" lon="7.6350550"/>
   <trkpt lat="46.7459180" lon="7.6350720"/>
   <trkpt lat="46.7459520" lon="7.6350850"/>
   <trkpt lat="46.7459830" lon="7.6351070"/>
   <trkpt lat="46.7460070" lon="7.6351280"/>
   <trkpt lat="46.7460360" lon="7.6351640"/>
   <trkpt lat="46.7460580" lon="7.6351880"/>
   <trkpt lat="46.7460880" lon="7.6352220"/>
   <trkpt lat="46.7461070" lon="7.6352530"/>
   <trkpt lat="46.7461180" lon="7.6353000"/>
   <trkpt lat="46.7461210" lon="7.6353460"/>
   <trkpt lat="46.7461190" lon="7.6353850"/>
   <trkpt lat="46.7461080" lon="7.6354340"/>
   <trkpt lat="46.7461070" lon="7.6354680"/>
   <trkpt lat="46.7460980" lon="7.6355190"/>
   <trkpt lat="46.7460890" lon="7.6355630"/>
   <trkpt lat="46.7460810" lon="7.6356030"/>
   <trkpt lat="46.7460640" lon="7.6356540"/>
   <trkpt lat="46.7460640" lon="7.6356950"/>
   <trkpt lat="46.7460560" lon="7.6357460"/>
   <trkpt lat="46.7460480" lon="7.6357930"/>
   <trkpt lat="46.7460380" lon="7.6358340"/>
   <trkpt lat="46.7460290" lon="7.6358820"/>
   <trkpt lat="46.7460280" lon="7.6359190"/>
   <trkpt lat="46.7460210" lon="7.6359690"/>
   <trkpt lat="46.7460110" lon="7.6360080"/>
   <trkpt lat="46.7459960" lon="7.6360460"/>
   <trkpt lat="46.7459700" lon="7.6360800"/>
   <trkpt lat="46.7459510" lon="7.6361060"/>
   <trkpt lat="46.7459240" lon="7.6361430"/>
   <trkpt lat="46.7459020" lon="7.6361720"/>
   <trkpt lat="46.7458870" lon="7.6362050"/>
   <trkpt lat="46.7458710" lon="7.6362530"/>
   <trkpt lat="46.7458600" lon="7.6362920"/>
   <trkpt lat="46.7458500" lon="7.6363410"/>
   <trkpt lat="46.7458440" lon="7.6363820"/>
   <trkpt lat="46.7458390" lon="7.6364350"/>
   <trkpt lat="46.7458300" lon="7.6364770"/>
   <trkpt lat="46.7458250" lon="7.6365180"/>
   <trkpt lat="46.7458180" lon="7.6365610"/>
   <trkpt lat="46.7458070" lon="7.6365980"/>
   <trkpt lat="46.7458010" lon="7.6366460"/>
   <trkpt lat="46.7457890" lon="7.6366860"/>
   <trkpt lat="46.7457730" lon="7.6367260"/>
   <trkpt lat="46.7457550" lon="7.6367710"/>
   <trkpt lat="46.7457490" lon="7.6368060"/>
   <trkpt lat="46.7457340" lon="7.6368550"/>
   <trkpt lat="46.7457250" lon="7.6368960"/>
   <trkpt lat="46.7457170" lon="7.6369350"/>
   <trkpt lat="46.7457070" lon="7.6369830"/>
   <trkpt lat="46.7456980" lon="7.6370190"/>
   <trkpt lat="46.7456910" lon="7.6370600"/>
   <trkpt lat="46.7456820" lon="7.6370930"/>
   <trkpt lat="46.7456770" lon="7.6371250"/>
   <trkpt lat="46.7456760" lon="7.6371560"/>
   <trkpt lat="46.7456820" lon="7.6371820"/>
   <trkpt lat="46.7456900" lon="7.6372160"/>
   <trkpt lat="46.7456970" lon="7.6372360"/>
   <trkpt lat="46.7456880" lon="7.6372600"/>
   <trkpt lat="46.7456710" lon="7.6372860"/>
   <trkpt lat="46.7456670" lon="7.6373140"/>
   <trkpt lat="46.7456510" lon="7.6373310"/>
   <trkpt lat="46.7456240" lon="7.6373300"/>
   <trkpt lat="46.7456030" lon="7.6373400"/>
   <trkpt lat="46.7455720" lon="7.6373630"/>
   <trkpt lat="46.7455550" lon="7.6373910"/>
   <trkpt lat="46.7455440" lon="7.6374350"/>
   <trkpt lat="46.7455460" lon="7.6374820"/>
   <trkpt lat="46.7455610" lon="7.6375270"/>
   <trkpt lat="46.7455790" lon="7.6375770"/>
   <trkpt lat="46.7455930" lon="7.6376060"/>
   <trkpt lat="46.7456120" lon="7.6376480"/>
   <trkpt lat="46.7456280" lon="7.6376830"/>
   <trkpt lat="46.7456470" lon="7.6377200"/>
   <trkpt lat="46.7456680" lon="7.6377640"/>
   <trkpt lat="46.7456840" lon="7.6377930"/>
   <trkpt lat="46.7457070" lon="7.6378390"/>
   <trkpt lat="46.7457250" lon="7.6378680"/>
   <trkpt lat="46.7457490" lon="7.6379040"/>
   <trkpt lat="46.7457670" lon="7.6379470"/>
   <trkpt lat="46.7457870" lon="7.6379760"/>
   <trkpt lat="46.7458080" lon="7.6380270"/>
   <trkpt lat="46.7458240" lon="7.6380540"/>
   <trkpt lat="46.7458490" lon="7.6380950"/>
   <trkpt lat="46.7458690" lon="7.6381300"/>
   <trkpt lat="46.7458900" lon="7.6381550"/>
   <trkpt lat="46.7459170" lon="7.6381950"/>
   <trkpt lat="46.7459390" lon="7.6382170"/>
   <trkpt lat="46.7459680" lon="7.6382550"/>
   <trkpt lat="46.7459900" lon="7.6382770"/>
   <trkpt lat="46.7460230" lon="7.6383050"/>
   <trkpt lat="46.7460560" lon="7.6383300"/>
   <trkpt lat="46.7460870" lon="7.6383380"/>
   <trkpt lat="46.7461260" lon="7.6383430"/>
   <trkpt lat="46.7461550" lon="7.6383420"/>
   <trkpt lat="46.7461890" lon="7.6383370"/>
   <trkpt lat="46.7462150" lon="7.6383390"/>
   <trkpt lat="46.7462420" lon="7.6383410"/>
   <trkpt lat="46.7462710" lon="7.6383480"/>
   <trkpt lat="46.7462970" lon="7.6383430"/>
   <trkpt lat="46.7463290" lon="7.6383360"/>
   <trkpt lat="46.7463560" lon="7.6383250"/>
   <trkpt lat="46.7463850" lon="7.6383020"/>
   <trkpt lat="46.7464120" lon="7.6382820"/>
   <trkpt lat="46.7464380" lon="7.6382580"/>
   <trkpt lat="46.7464680" lon="7.6382380"/>
   <trkpt lat="46.7464920" lon="7.6382200"/>
   <trkpt lat="46.7465200" lon="7.6381950"/>
   <trkpt lat="46.7465430" lon="7.6381700"/>
   <trkpt lat="46.7465650" lon="7.6381440"/>
   <trkpt lat="46.7465910" lon="7.6381180"/>
   <trkpt lat="46.7466110" lon="7.6380960"/>
   <trkpt lat="46.7466370" lon="7.6380730"/>
   <trkpt lat="46.7466520" lon="7.6380570"/>
   <trkpt lat="46.7466780" lon="7.6380340"/>
   <trkpt lat="46.7467030" lon="7.6380070"/>
   <trkpt lat="46.7467260" lon="7.6379820"/>
   <trkpt lat="46.7467560" lon="7.6379490"/>
   <trkpt lat="46.7467810" lon="7.6379200"/>
   <trkpt lat="46.7468050" lon="7.6378940"/>
   <trkpt lat="46.7468310" lon="7.6378650"/>
   <trkpt lat="46.7468510" lon="7.6378330"/>
   <trkpt lat="46.7468850" lon="7.6377960"/>
   <trkpt lat="46.7469110" lon="7.6377710"/>
   <trkpt lat="46.7469340" lon="7.6377330"/>
   <trkpt lat="46.7469570" lon="7.6377000"/>
   <trkpt lat="46.7469760" lon="7.6376610"/>
   <trkpt lat="46.7470040" lon="7.6376240"/>
   <trkpt lat="46.7470180" lon="7.6375910"/>
   <trkpt lat="46.7470410" lon="7.6375510"/>
   <trkpt lat="46.7470620" lon="7.6375200"/>
   <trkpt lat="46.7470810" lon="7.6374850"/>
   <trkpt lat="46.7471020" lon="7.6374490"/>
   <trkpt lat="46.7471190" lon="7.6374200"/>
   <trkpt lat="46.7471390" lon="7.6373850"/>
   <trkpt lat="46.7471480" lon="7.6373620"/>
   <trkpt lat="46.7471700" lon="7.6373270"/>
   <trkpt lat="46.7471860" lon="7.6373050"/>
   <trkpt lat="46.7472090" lon="7.6372700"/>
   <trkpt lat="46.7472330" lon="7.6372350"/>
   <trkpt lat="46.7472570" lon="7.6372060"/>
   <trkpt lat="46.7472800" lon="7.6371630"/>
   <trkpt lat="46.7472960" lon="7.6371230"/>
   <trkpt lat="46.7473050" lon="7.6370780"/>
   <trkpt lat="46.7473120" lon="7.6370330"/>
   <trkpt lat="46.7473090" lon="7.6369880"/>
   <trkpt lat="46.7472940" lon="7.6369490"/>
   <trkpt lat="46.7472730" lon="7.6369150"/>
   <trkpt lat="46.7472460" lon="7.6368860"/>
   <trkpt lat="46.7472250" lon="7.6368670"/>
   <trkpt lat="46.7472090" lon="7.6368280"/>
   <trkpt lat="46.7471990" lon="7.6367890"/>
   <trkpt lat="46.7471840" lon="7.6367580"/>
   <trkpt lat="46.7471640" lon="7.6367170"/>
   <trkpt lat="46.7471480" lon="7.6366890"/>
   <trkpt lat="46.7471280" lon="7.6366520"/>
   <trkpt lat="46.7471070" lon="7.6366170"/>
   <trkpt lat="46.7470770" lon="7.6365920"/>
   <trkpt lat="46.7470490" lon="7.6365620"/>
   <trkpt lat="46.7470290" lon="7.6365400"/>
   <trkpt lat="46.7469990" lon="7.6365060"/>
   <trkpt lat="46.7469790" lon="7.6364770"/>
   <trkpt lat="46.7469520" lon="7.6364410"/>
   <trkpt lat="46.7469430" lon="7.6364040"/>
   <trkpt lat="46.7469430" lon="7.6363760"/>
   <trkpt lat="46.7469550" lon="7.6363480"/>
   <trkpt lat="46.7469710" lon="7.6363270"/>
   <trkpt lat="46.7470010" lon="7.6363050"/>
   <trkpt lat="46.7470240" lon="7.6362810"/>
   <trkpt lat="46.7470450" lon="7.6362530"/>
   <trkpt lat="46.7470680" lon="7.6362220"/>
   <trkpt lat="46.7470870" lon="7.6361990"/>
   <trkpt lat="46.7471040" lon="7.6361640"/>
   <trkpt lat="46.7471210" lon="7.6361360"/>
   <trkpt lat="46.7471370" lon="7.6360980"/>
   <trkpt lat="46.7471600" lon="7.6360630"/>
   <trkpt lat="46.7471750" lon="7.6360290"/>
   <trkpt lat="46.7472040" lon="7.6359910"/>
   <trkpt lat="46.7472260" lon="7.6359610"/>
   <trkpt lat="46.7472470" lon="7.6359280"/>
   <trkpt lat="46.7472650" lon="7.6359040"/>
   <trkpt lat="46.7472860" lon="7.6358670"/>
   <trkpt lat="46.7473190" lon="7.6358220"/>
   <trkpt lat="46.7473350" lon="7.6357910"/>
   <trkpt lat="46.7473630" lon="7.6357430"/>
   <trkpt lat="46.7473890" lon="7.6357070"/>
   <trkpt lat="46.7474100" lon="7.6356700"/>
   <trkpt lat="46.7474370" lon="7.6356410"/>
   <trkpt lat="46.7474540" lon="7.6356180"/>
   <trkpt lat="46.7474820" lon="7.6355790"/>
   <trkpt lat="46.7475040" lon="7.6355540"/>
   <trkpt lat="46.7475280" lon="7.6355190"/>
   <trkpt lat="46.7475530" lon="7.6354910"/>
   <trkpt lat="46.7475730" lon="7.6354650"/>
   <trkpt lat="46.7476000" lon="7.6354310"/>
   <trkpt lat="46.7476160" lon="7.6354060"/>
   <trkpt lat="46.7476410" lon="7.6353690"/>
   <trkpt lat="46.7476650" lon="7.6353440"/>
   <trkpt lat="46.7476880" lon="7.6353150"/>
   <trkpt lat="46.7477150" lon="7.6352830"/>
   <trkpt lat="46.7477350" lon="7.6352590"/>
   <trkpt lat="46.7477640" lon="7.6352200"/>
   <trkpt lat="46.7477840" lon="7.6351950"/>
   <trkpt lat="46.7478080" lon="7.6351640"/>
   <trkpt lat="46.7478350" lon="7.6351270"/>
   <trkpt lat="46.7478540" lon="7.6350940"/>
   <trkpt lat="46.7478800" lon="7.6350540"/>
   <trkpt lat="46.7478960" lon="7.6350250"/>
   <trkpt lat="46.7479190" lon="7.6349910"/>
   <trkpt lat="46.7479430" lon="7.6349550"/>
   <trkpt lat="46.7479610" lon="7.6349240"/>
   <trkpt lat="46.7479930" lon="7.6348870"/>
   <trkpt lat="46.7480120" lon="7.6348640"/>
   <trkpt lat="46.7480360" lon="7.6348290"/>
   <trkpt lat="46.7480600" lon="7.6348050"/>
   <trkpt lat="46.7480790" lon="7.6347770"/>
   <trkpt lat="46.7481050" lon="7.6347450"/>
   <trkpt lat="46.7481240" lon="7.6347210"/>
   <trkpt lat="46.7481500" lon="7.6346830"/>
   <trkpt lat="46.7481720" lon="7.6346500"/>
   <trkpt lat="46.7481920" lon="7.6346200"/>
   <trkpt lat="46.7482200" lon="7.6345860"/>
   <trkpt lat="46.7482360" lon="7.6345610"/>
   <trkpt lat="46.7482640" lon="7.6345320"/>
   <trkpt lat="46.7482880" lon="7.6345030"/>
   <trkpt lat="46.7483140" lon="7.6344710"/>
   <trkpt lat="46.7483430" lon="7.6344430"/>
   <trkpt lat="46.7483610" lon="7.6344130"/>
   <trkpt lat="46.7483880" lon="7.6343780"/>
   <trkpt lat="46.7484050" lon="7.6343510"/>
   <trkpt lat="46.7484320" lon="7.6343200"/>
   <trkpt lat="46.7484600" lon="7.6342940"/>
   <trkpt lat="46.7484860" lon="7.6342640"/>
   <trkpt lat="46.7485150" lon="7.6342350"/>
   <trkpt lat="46.7485350" lon="7.6342080"/>
   <trkpt lat="46.7485650" lon="7.6341750"/>
   <trkpt lat="46.7485890" lon="7.6341510"/>
   <trkpt lat="46.7486150" lon="7.6341210"/>
   <trkpt lat="46.7486460" lon="7.6340960"/>
   <trkpt lat="46.7486670" lon="7.6340720"/>
   <trkpt lat="46.7486980" lon="7.6340430"/>
   <trkpt lat="46.7487170" lon="7.6340300"/>
   <trkpt lat="46.7487440" lon="7.6340080"/>
   <trkpt lat="46.7487680" lon="7.6339810"/>
   <trkpt lat="46.7487900" lon="7.6339560"/>
   <trkpt lat="46.7488190" lon="7.6339270"/>
   <trkpt lat="46.7488410" lon="7.6339040"/>
   <trkpt lat="46.7488700" lon="7.6338780"/>
   <trkpt lat="46.7488930" lon="7.6338540"/>
   <trkpt lat="46.7489170" lon="7.6338290"/>
   <trkpt lat="46.7489470" lon="7.6338010"/>
   <trkpt lat="46.7489710" lon="7.6337760"/>
   <trkpt lat="46.7489990" lon="7.6337450"/>
   <trkpt lat="46.7490190" lon="7.6337210"/>
   <trkpt lat="46.7490440" lon="7.6336920"/>
   <trkpt lat="46.7490760" lon="7.6336710"/>
   <trkpt lat="46.7491000" lon="7.6336520"/>
   <trkpt lat="46.7491320" lon="7.6336320"/>
   <trkpt lat="46.7491560" lon="7.6336180"/>
   <trkpt lat="46.7491900" lon="7.6336090"/>
   <trkpt lat="46.7492240" lon="7.6336030"/>
   <trkpt lat="46.7492570" lon="7.6335960"/>
   <trkpt lat="46.7492940" lon="7.6335980"/>
   <trkpt lat="46.7493240" lon="7.6335970"/>
   <trkpt lat="46.7493540" lon="7.6335960"/>
   <trkpt lat="46.7493830" lon="7.6336000"/>
   <trkpt lat="46.7494130" lon="7.6336010"/>
   <trkpt lat="46.7494420" lon="7.6336110"/>
   <trkpt lat="46.7494670" lon="7.6336140"/>
   <trkpt lat="46.7494980" lon="7.6336230"/>
   <trkpt lat="46.7495260" lon="7.6336250"/>
   <trkpt lat="46.7495560" lon="7.6336310"/>
   <trkpt lat="46.7495820" lon="7.6336390"/>
   <trkpt lat="46.7496120" lon="7.6336500"/>
   <trkpt lat="46.7496390" lon="7.6336670"/>
   <trkpt lat="46.7496690" lon="7.6336850"/>
   <trkpt lat="46.7497050" lon="7.6337140"/>
   <trkpt lat="46.7497330" lon="7.6337270"/>
   <trkpt lat="46.7497630" lon="7.6337410"/>
   <trkpt lat="46.7497880" lon="7.6337600"/>
   <trkpt lat="46.7498090" lon="7.6337740"/>
   <trkpt lat="46.7498420" lon="7.6337870"/>
   <trkpt lat="46.7498670" lon="7.6337950"/>
   <trkpt lat="46.7498990" lon="7.6338110"/>
   <trkpt lat="46.7499270" lon="7.6338270"/>
   <trkpt lat="46.7499520" lon="7.6338380"/>
   <trkpt lat="46.7499840" lon="7.6338520"/>
   <trkpt lat="46.7500090" lon="7.6338640"/>
   <trkpt lat="46.7500420" lon="7.6338720"/>
   <trkpt lat="46.7500690" lon="7.6338800"/>
   <trkpt lat="46.7500980" lon="7.6338870"/>
   <trkpt lat="46.7501320" lon="7.6339000"/>
   <trkpt lat="46.7501580" lon="7.6339040"/>
   <trkpt lat="46.7501930" lon="7.6339110"/>
   <trkpt lat="46.7502210" lon="7.6339100"/>
   <trkpt lat="46.7502510" lon="7.6339090"/>
   <trkpt lat="46.7502850" lon="7.6339180"/>
   <trkpt lat="46.7503100" lon="7.6339160"/>
   <trkpt lat="46.7503470" lon="7.6339200"/>
   <trkpt lat="46.7503750" lon="7.6339210"/>
   <trkpt lat="46.7504050" lon="7.6339170"/>
   <trkpt lat="46.7504380" lon="7.6339270"/>
   <trkpt lat="46.7504670" lon="7.6339310"/>
   <trkpt lat="46.7505060" lon="7.6339380"/>
   <trkpt lat="46.7505350" lon="7.6339360"/>
   <trkpt lat="46.7505660" lon="7.6339320"/>
   <trkpt lat="46.7505960" lon="7.6339370"/>
   <trkpt lat="46.7506200" lon="7.6339330"/>
   <trkpt lat="46.7506560" lon="7.6339330"/>
   <trkpt lat="46.7506830" lon="7.6339350"/>
   <trkpt lat="46.7507100" lon="7.6339310"/>
   <trkpt lat="46.7507420" lon="7.6339340"/>
   <trkpt lat="46.7507690" lon="7.6339320"/>
   <trkpt lat="46.7508080" lon="7.6339320"/>
   <trkpt lat="46.7508360" lon="7.6339320"/>
   <trkpt lat="46.7508720" lon="7.6339260"/>
   <trkpt lat="46.7509030" lon="7.6339180"/>
   <trkpt lat="46.7509280" lon="7.6339020"/>
   <trkpt lat="46.7509590" lon="7.6338910"/>
   <trkpt lat="46.7509810" lon="7.6338730"/>
   <trkpt lat="46.7510120" lon="7.6338550"/>
   <trkpt lat="46.7510400" lon="7.6338360"/>
   <trkpt lat="46.7510660" lon="7.6338190"/>
   <trkpt lat="46.7510990" lon="7.6338090"/>
   <trkpt lat="46.7511230" lon="7.6337900"/>
   <trkpt lat="46.7511600" lon="7.6337760"/>
   <trkpt lat="46.7511850" lon="7.6337570"/>
   <trkpt lat="46.7512220" lon="7.6337340"/>
   <trkpt lat="46.7512540" lon="7.6337180"/>
   <trkpt lat="46.7512860" lon="7.6336980"/>
   <trkpt lat="46.7513210" lon="7.6336860"/>
   <trkpt lat="46.7513470" lon="7.6336730"/>
   <trkpt lat="46.7513760" lon="7.6336520"/>
   <trkpt lat="46.7513950" lon="7.6336350"/>
   <trkpt lat="46.7514200" lon="7.6336140"/>
   <trkpt lat="46.7514510" lon="7.6336030"/>
   <trkpt lat="46.7514770" lon="7.6335880"/>
   <trkpt lat="46.7515100" lon="7.6335650"/>
   <trkpt lat="46.7515360" lon="7.6335500"/>
   <trkpt lat="46.7515650" lon="7.6335310"/>
   <trkpt lat="46.7515990" lon="7.6335110"/>
   <trkpt lat="46.7516280" lon="7.6334930"/>
   <trkpt lat="46.7516620" lon="7.6334720"/>
   <trkpt lat="46.7516870" lon="7.6334560"/>
   <trkpt lat="46.7517130" lon="7.6334390"/>
   <trkpt lat="46.7517400" lon="7.6334210"/>
   <trkpt lat="46.7517690" lon="7.6334000"/>
   <trkpt lat="46.7518030" lon="7.6333740"/>
   <trkpt lat="46.7518300" lon="7.6333550"/>
   <trkpt lat="46.7518560" lon="7.6333370"/>
   <trkpt lat="46.7518920" lon="7.6333160"/>
   <trkpt lat="46.7519170" lon="7.6332970"/>
   <trkpt lat="46.7519500" lon="7.6332750"/>
   <trkpt lat="46.7519740" lon="7.6332580"/>
   <trkpt lat="46.7519980" lon="7.6332330"/>
   <trkpt lat="46.7520220" lon="7.6332090"/>
   <trkpt lat="46.7520400" lon="7.6331890"/>
   <trkpt lat="46.7520620" lon="7.6331660"/>
   <trkpt lat="46.7520770" lon="7.6331420"/>
   <trkpt lat="46.7521000" lon="7.6331170"/>
   <trkpt lat="46.7521210" lon="7.6330940"/>
   <trkpt lat="46.7521430" lon="7.6330650"/>
   <trkpt lat="46.7521670" lon="7.6330390"/>
   <trkpt lat="46.7521910" lon="7.6330260"/>
   <trkpt lat="46.7522180" lon="7.6330030"/>
   <trkpt lat="46.7522440" lon="7.6329770"/>
   <trkpt lat="46.7522710" lon="7.6329560"/>
   <trkpt lat="46.7523010" lon="7.6329240"/>
   <trkpt lat="46.7523240" lon="7.6328950"/>
   <trkpt lat="46.7523500" lon="7.6328610"/>
   <trkpt lat="46.7523750" lon="7.6328320"/>
   <trkpt lat="46.7524020" lon="7.6328020"/>
   <trkpt lat="46.7524320" lon="7.6327730"/>
   <trkpt lat="46.7524630" lon="7.6327520"/>
   <trkpt lat="46.7524910" lon="7.6327260"/>
   <trkpt lat="46.7525240" lon="7.6326960"/>
   <trkpt lat="46.7525470" lon="7.6326800"/>
   <trkpt lat="46.7525800" lon="7.6326600"/>
   <trkpt lat="46.7526030" lon="7.6326430"/>
   <trkpt lat="46.7526320" lon="7.6326200"/>
   <trkpt lat="46.7526580" lon="7.6326140"/>
   <trkpt lat="46.7526810" lon="7.6326000"/>
   <trkpt lat="46.7527100" lon="7.6325920"/>
   <trkpt lat="46.7527400" lon="7.6325840"/>
   <trkpt lat="46.7527730" lon="7.6325710"/>
   <trkpt lat="46.7528090" lon="7.6325590"/>
   <trkpt lat="46.7528410" lon="7.6325420"/>
   <trkpt lat="46.7528780" lon="7.6325290"/>
   <trkpt lat="46.7529130" lon="7.6325090"/>
   <trkpt lat="46.7529480" lon="7.6324920"/>
   <trkpt lat="46.7529710" lon="7.6324770"/>
   <trkpt lat="46.7529990" lon="7.6324590"/>
   <trkpt lat="46.7530250" lon="7.6324450"/>
   <trkpt lat="46.7530520" lon="7.6324270"/>
   <trkpt lat="46.7530840" lon="7.6324090"/>
   <trkpt lat="46.7531030" lon="7.6323940"/>
   <trkpt lat="46.7531300" lon="7.6323720"/>
   <trkpt lat="46.7531570" lon="7.6323540"/>
   <trkpt lat="46.7531840" lon="7.6323300"/>
   <trkpt lat="46.7532130" lon="7.6323030"/>
   <trkpt lat="46.7532330" lon="7.6322870"/>
   <trkpt lat="46.7532660" lon="7.6322630"/>
   <trkpt lat="46.7532950" lon="7.6322410"/>
   <trkpt lat="46.7533200" lon="7.6322150"/>
   <trkpt lat="46.7533510" lon="7.6321930"/>
   <trkpt lat="46.7533740" lon="7.6321720"/>
   <trkpt lat="46.7534070" lon="7.6321420"/>
   <trkpt lat="46.7534310" lon="7.6321100"/>
   <trkpt lat="46.7534530" lon="7.6320760"/>
   <trkpt lat="46.7534790" lon="7.6320480"/>
   <trkpt lat="46.7534990" lon="7.6320230"/>
   <trkpt lat="46.7535260" lon="7.6319920"/>
   <trkpt lat="46.7535430" lon="7.6319670"/>
   <trkpt lat="46.7535640" lon="7.6319370"/>
   <trkpt lat="46.7535890" lon="7.6319070"/>
   <trkpt lat="46.7536110" lon="7.6318770"/>
   <trkpt lat="46.7536390" lon="7.6318420"/>
   <trkpt lat="46.7536580" lon="7.6318130"/>
   <trkpt lat="46.7536840" lon="7.6317770"/>
   <trkpt lat="46.7537120" lon="7.6317520"/>
   <trkpt lat="46.7537370" lon="7.6317220"/>
   <trkpt lat="46.7537670" lon="7.6316950"/>
   <trkpt lat="46.7537910" lon="7.6316690"/>
   <trkpt lat="46.7538230" lon="7.6316430"/>
   <trkpt lat="46.7538450" lon="7.6316180"/>
   <trkpt lat="46.7538690" lon="7.6315850"/>
   <trkpt lat="46.7538930" lon="7.6315560"/>
   <trkpt lat="46.7539130" lon="7.6315290"/>
   <trkpt lat="46.7539370" lon="7.6315010"/>
   <trkpt lat="46.7539560" lon="7.6314770"/>
   <trkpt lat="46.7539810" lon="7.6314450"/>
   <trkpt lat="46.7540060" lon="7.6314210"/>
   <trkpt lat="46.7540320" lon="7.6313940"/>
   <trkpt lat="46.7540600" lon="7.6313650"/>
   <trkpt lat="46.7540810" lon="7.6313360"/>
   <trkpt lat="46.7541080" lon="7.6313020"/>
   <trkpt lat="46.7541350" lon="7.6312740"/>
   <trkpt lat="46.7541580" lon="7.6312450"/>
   <trkpt lat="46.7541870" lon="7.6312120"/>
   <trkpt lat="46.7542050" lon="7.6311800"/>
   <trkpt lat="46.7542330" lon="7.6311420"/>
   <trkpt lat="46.7542520" lon="7.6311100"/>
   <trkpt lat="46.7542760" lon="7.6310760"/>
   <trkpt lat="46.7543010" lon="7.6310400"/>
   <trkpt lat="46.7543190" lon="7.6310090"/>
   <trkpt lat="46.7543420" lon="7.6309690"/>
   <trkpt lat="46.7543550" lon="7.6309330"/>
   <trkpt lat="46.7543740" lon="7.6308910"/>
   <trkpt lat="46.7543970" lon="7.6308560"/>
   <trkpt lat="46.7544170" lon="7.6308180"/>
   <trkpt lat="46.7544460" lon="7.6307810"/>
   <trkpt lat="46.7544740" lon="7.6307500"/>
   <trkpt lat="46.7545130" lon="7.6307280"/>
   <trkpt lat="46.7545450" lon="7.6307290"/>
   <trkpt lat="46.7545740" lon="7.6307530"/>
   <trkpt lat="46.7545980" lon="7.6307950"/>
   <trkpt lat="46.7546100" lon="7.6308310"/>
   <trkpt lat="46.7546290" lon="7.6308790"/>
   <trkpt lat="46.7546360" lon="7.6309320"/>
   <trkpt lat="46.7546380" lon="7.6309820"/>
   <trkpt lat="46.7546310" lon="7.6310340"/>
   <trkpt lat="46.7546260" lon="7.6310780"/>
   <trkpt lat="46.7546140" lon="7.6311310"/>
   <trkpt lat="46.7546070" lon="7.6311690"/>
   <trkpt lat="46.7545980" lon="7.6312190"/>
   <trkpt lat="46.7545860" lon="7.6312650"/>
   <trkpt lat="46.7545780" lon="7.6313090"/>
   <trkpt lat="46.7545650" lon="7.6313620"/>
   <trkpt lat="46.7545570" lon="7.6314070"/>
   <trkpt lat="46.7545450" lon="7.6314550"/>
   <trkpt lat="46.7545350" lon="7.6315030"/>
   <trkpt lat="46.7545260" lon="7.6315380"/>
   <trkpt lat="46.7545160" lon="7.6315810"/>
   <trkpt lat="46.7545060" lon="7.6316220"/>
   <trkpt lat="46.7544880" lon="7.6316640"/>
   <trkpt lat="46.7544760" lon="7.6317000"/>
   <trkpt lat="46.7544600" lon="7.6317370"/>
   <trkpt lat="46.7544430" lon="7.6317760"/>
   <trkpt lat="46.7544210" lon="7.6318090"/>
   <trkpt lat="46.7543950" lon="7.6318500"/>
   <trkpt lat="46.7543780" lon="7.6318770"/>
   <trkpt lat="46.7543550" lon="7.6319090"/>
   <trkpt lat="46.7543350" lon="7.6319360"/>
   <trkpt lat="46.7543150" lon="7.6319640"/>
   <trkpt lat="46.7542870" lon="7.6319930"/>
   <trkpt lat="46.7542670" lon="7.6320150"/>
   <trkpt lat="46.7542440" lon="7.6320390"/>
   <trkpt lat="46.7542170" lon="7.6320620"/>
   <trkpt lat="46.7541950" lon="7.6320840"/>
   <trkpt lat="46.7541640" lon="7.6321090"/>
   <trkpt lat="46.7541390" lon="7.6321350"/>
   <trkpt lat="46.7541090" lon="7.6321630"/>
   <trkpt lat="46.7540790" lon="7.6321910"/>
   <trkpt lat="46.7540550" lon="7.6322170"/>
   <trkpt lat="46.7540270" lon="7.6322480"/>
   <trkpt lat="46.7540060" lon="7.6322750"/>
   <trkpt lat="46.7539770" lon="7.6323090"/>
   <trkpt lat="46.7539540" lon="7.6323370"/>
   <trkpt lat="46.7539270" lon="7.6323670"/>
   <trkpt lat="46.7539000" lon="7.6324020"/>
   <trkpt lat="46.7538800" lon="7.6324250"/>
   <trkpt lat="46.7538570" lon="7.6324520"/>
   <trkpt lat="46.7538360" lon="7.6324790"/>
   <trkpt lat="46.7538160" lon="7.6325120"/>
   <trkpt lat="46.7537880" lon="7.6325380"/>
   <trkpt lat="46.7537690" lon="7.6325650"/>
   <trkpt lat="46.7537370" lon="7.6325970"/>
   <trkpt lat="46.7537110" lon="7.6326160"/>
   <trkpt lat="46.7536830" lon="7.6326490"/>
   <trkpt lat="46.7536550" lon="7.6326790"/>
   <trkpt lat="46.7536400" lon="7.6327170"/>
   <trkpt lat="46.7536130" lon="7.6327600"/>
   <trkpt lat="46.7535960" lon="7.6327850"/>
   <trkpt lat="46.7535780" lon="7.6328230"/>
   <trkpt lat="46.7535600" lon="7.6328490"/>
   <trkpt lat="46.7535420" lon="7.6328830"/>
   <trkpt lat="46.7535150" lon="7.6329140"/>
   <trkpt lat="46.7534960" lon="7.6329460"/>
   <trkpt lat="46.7534680" lon="7.6329740"/>
   <trkpt lat="46.7534450" lon="7.6329870"/>
   <trkpt lat="46.7534210" lon="7.6330100"/>
   <trkpt lat="46.7533900" lon="7.6330200"/>
   <trkpt lat="46.7533680" lon="7.6330350"/>
   <trkpt lat="46.7533410" lon="7.6330530"/>
   <trkpt lat="46.7533170" lon="7.6330700"/>
   <trkpt lat="46.7532860" lon="7.6330900"/>
   <trkpt lat="46.7532560" lon="7.6331170"/>
   <trkpt lat="46.7532340" lon="7.6331440"/>
   <trkpt lat="46.7532010" lon="7.6331690"/>
   <trkpt lat="46.7531770" lon="7.6331870"/>
   <trkpt lat="46.7531520" lon="7.6332050"/>
   <trkpt lat="46.7531230" lon="7.6332230"/>
   <trkpt lat="46.7531040" lon="7.6332380"/>
   <trkpt lat="46.7530750" lon="7.6332580"/>
   <trkpt lat="46.7530520" lon="7.6332770"/>
   <trkpt lat="46.7530270" lon="7.6332970"/>
   <trkpt lat="46.7529960" lon="7.6333160"/>
   <trkpt lat="46.7529700" lon="7.6333340"/>
   <trkpt lat="46.7529350" lon="7.6333560"/>
   <trkpt lat="46.7529120" lon="7.6333750"/>
   <trkpt lat="46.7528790" lon="7.6334030"/>
   <trkpt lat="46.7528470" lon="7.6334220"/>
   <trkpt lat="46.7528180" lon="7.6334410"/>
   <trkpt lat="46.7527800" lon="7.6334680"/>
   <trkpt lat="46.7527500" lon="7.6334840"/>
   <trkpt lat="46.7527180" lon="7.6335050"/>
   <trkpt lat="46.7526960" lon="7.6335310"/>
   <trkpt lat="46.7526700" lon="7.6335450"/>
   <trkpt lat="46.7526460" lon="7.6335550"/>
   <trkpt lat="46.7526240" lon="7.6335670"/>
   <trkpt lat="46.7525910" lon="7.6335840"/>
   <trkpt lat="46.7525660" lon="7.6336020"/>
   <trkpt lat="46.7525330" lon="7.6336250"/>
   <trkpt lat="46.7525110" lon="7.6336530"/>
   <trkpt lat="46.7524840" lon="7.6336900"/>
   <trkpt lat="46.7524600" lon="7.6337370"/>
   <trkpt lat="46.7524530" lon="7.6337820"/>
   <trkpt lat="46.7524560" lon="7.6338430"/>
   <trkpt lat="46.7524740" lon="7.6338790"/>
   <trkpt lat="46.7525000" lon="7.6338960"/>
   <trkpt lat="46.7525320" lon="7.6339020"/>
   <trkpt lat="46.7525610" lon="7.6338960"/>
   <trkpt lat="46.7525880" lon="7.6338950"/>
   <trkpt lat="46.7526180" lon="7.6338910"/>
   <trkpt lat="46.7526550" lon="7.6338860"/>
   <trkpt lat="46.7526890" lon="7.6338870"/>
   <trkpt lat="46.7527200" lon="7.6338840"/>
   <trkpt lat="46.7527570" lon="7.6338780"/>
   <trkpt lat="46.7527860" lon="7.6338710"/>
   <trkpt lat="46.7528210" lon="7.6338600"/>
   <trkpt lat="46.7528510" lon="7.6338540"/>
   <trkpt lat="46.7528790" lon="7.6338390"/>
   <trkpt lat="46.7529140" lon="7.6338250"/>
   <trkpt lat="46.7529390" lon="7.6338140"/>
   <trkpt lat="46.7529750" lon="7.6338060"/>
   <trkpt lat="46.7530030" lon="7.6338030"/>
   <trkpt lat="46.7530350" lon="7.6337950"/>
   <trkpt lat="46.7530650" lon="7.6337910"/>
   <trkpt lat="46.7530940" lon="7.6337810"/>
   <trkpt lat="46.7531270" lon="7.6337700"/>
   <trkpt lat="46.7531540" lon="7.6337600"/>
   <trkpt lat="46.7531810" lon="7.6337470"/>
   <trkpt lat="46.7532030" lon="7.6337330"/>
   <trkpt lat="46.7532280" lon="7.6337230"/>
   <trkpt lat="46.7532550" lon="7.6337140"/>
   <trkpt lat="46.7532810" lon="7.6337040"/>
   <trkpt lat="46.7533090" lon="7.6336990"/>
   <trkpt lat="46.7533370" lon="7.6336920"/>
   <trkpt lat="46.7533720" lon="7.6336750"/>
   <trkpt lat="46.7534040" lon="7.6336650"/>
   <trkpt lat="46.7534340" lon="7.6336560"/>
   <trkpt lat="46.7534700" lon="7.6336430"/>
   <trkpt lat="46.7534930" lon="7.6336310"/>
   <trkpt lat="46.7535280" lon="7.6336140"/>
   <trkpt lat="46.7535550" lon="7.6336030"/>
   <trkpt lat="46.7535860" lon="7.6335880"/>
   <trkpt lat="46.7536170" lon="7.6335790"/>
   <trkpt lat="46.7536450" lon="7.6335640"/>
   <trkpt lat="46.7536790" lon="7.6335510"/>
   <trkpt lat="46.7537040" lon="7.6335440"/>
   <trkpt lat="46.7537330" lon="7.6335400"/>
   <trkpt lat="46.7537620" lon="7.6335310"/>
   <trkpt lat="46.7537950" lon="7.6335220"/>
   <trkpt lat="46.7538270" lon="7.6335140"/>
   <trkpt lat="46.7538510" lon="7.6335070"/>
   <trkpt lat="46.7538820" lon="7.6335000"/>
   <trkpt lat="46.7539110" lon="7.6334870"/>
   <trkpt lat="46.7539470" lon="7.6334730"/>
   <trkpt lat="46.7539780" lon="7.6334620"/>
   <trkpt lat="46.7540040" lon="7.6334500"/>
   <trkpt lat="46.7540350" lon="7.6334360"/>
   <trkpt lat="46.7540600" lon="7.6334230"/>
   <trkpt lat="46.7540890" lon="7.6334070"/>
   <trkpt lat="46.7541180" lon="7.6333860"/>
   <trkpt lat="46.7541410" lon="7.6333660"/>
   <trkpt lat="46.7541760" lon="7.6333480"/>
   <trkpt lat="46.7541980" lon="7.6333350"/>
   <trkpt lat="46.7542270" lon="7.6333240"/>
   <trkpt lat="46.7542590" lon="7.6333120"/>
   <trkpt lat="46.7542840" lon="7.6332960"/>
   <trkpt lat="46.7543130" lon="7.6332820"/>
   <trkpt lat="46.7543420" lon="7.6332650"/>
   <trkpt lat="46.7543690" lon="7.6332540"/>
   <trkpt lat="46.7543870" lon="7.6332420"/>
   <trkpt lat="46.7544140" lon="7.6332240"/>
   <trkpt lat="46.7544390" lon="7.6331960"/>
   <trkpt lat="46.7544640" lon="7.6331700"/>
   <trkpt lat="46.7544980" lon="7.6331500"/>
   <trkpt lat="46.7545240" lon="7.6331400"/>
   <trkpt lat="46.7545570" lon="7.6331220"/>
   <trkpt lat="46.7545860" lon="7.6331140"/>
   <trkpt lat="46.7546180" lon="7.6330990"/>
   <trkpt lat="46.7546480" lon="7.6330870"/>
   <trkpt lat="46.7546740" lon="7.6330700"/>
   <trkpt lat="46.7547100" lon="7.6330500"/>
   <trkpt lat="46.7547330" lon="7.6330350"/>
   <trkpt lat="46.7547650" lon="7.6330190"/>
   <trkpt lat="46.7547980" lon="7.6330050"/>
   <trkpt lat="46.7548270" lon="7.6329970"/>
   <trkpt lat="46.7548570" lon="7.6329890"/>
   <trkpt lat="46.7548830" lon="7.6329720"/>
   <trkpt lat="46.7549140" lon="7.6329590"/>
   <trkpt lat="46.7549450" lon="7.6329490"/>
   <trkpt lat="46.7549790" lon="7.6329400"/>
   <trkpt lat="46.7550130" lon="7.6329340"/>
   <trkpt lat="46.7550440" lon="7.6329220"/>
   <trkpt lat="46.7550750" lon="7.6329190"/>
   <trkpt lat="46.7551080" lon="7.6329150"/>
   <trkpt lat="46.7551420" lon="7.6329120"/>
   <trkpt lat="46.7551740" lon="7.6329180"/>
   <trkpt lat="46.7552050" lon="7.6329070"/>
   <trkpt lat="46.7552360" lon="7.6328970"/>
   <trkpt lat="46.7552630" lon="7.6328890"/>
   <trkpt lat="46.7552950" lon="7.6328880"/>
   <trkpt lat="46.7553220" lon="7.6328790"/>
   <trkpt lat="46.7553580" lon="7.6328680"/>
   <trkpt lat="46.7553880" lon="7.6328610"/>
   <trkpt lat="46.7554190" lon="7.6328480"/>
   <trkpt lat="46.7554540" lon="7.6328420"/>
   <trkpt lat="46.7554810" lon="7.6328320"/>
   <trkpt lat="46.7555160" lon="7.6328210"/>
   <trkpt lat="46.7555450" lon="7.6328160"/>
   <trkpt lat="46.7555800" lon="7.6328060"/>
   <trkpt lat="46.7556140" lon="7.6327960"/>
   <trkpt lat="46.7556460" lon="7.6327820"/>
   <trkpt lat="46.7556870" lon="7.6327720"/>
   <trkpt lat="46.7557210" lon="7.6327650"/>
   <trkpt lat="46.7557570" lon="7.6327530"/>
   <trkpt lat="46.7557900" lon="7.6327440"/>
   <trkpt lat="46.7558170" lon="7.6327320"/>
   <trkpt lat="46.7558480" lon="7.6327240"/>
   <trkpt lat="46.7558750" lon="7.6327130"/>
   <trkpt lat="46.7559080" lon="7.6327010"/>
   <trkpt lat="46.7559360" lon="7.6326860"/>
   <trkpt lat="46.7559660" lon="7.6326650"/>
   <trkpt lat="46.7559970" lon="7.6326540"/>
   <trkpt lat="46.7560210" lon="7.6326310"/>
   <trkpt lat="46.7560500" lon="7.6326080"/>
   <trkpt lat="46.7560710" lon="7.6325830"/>
   <trkpt lat="46.7561030" lon="7.6325550"/>
   <trkpt lat="46.7561280" lon="7.6325320"/>
   <trkpt lat="46.7561600" lon="7.6325050"/>
   <trkpt lat="46.7561880" lon="7.6324830"/>
   <trkpt lat="46.7562060" lon="7.6324730"/>
   <trkpt lat="46.7562300" lon="7.6324590"/>
   <trkpt lat="46.7562510" lon="7.6324540"/>
   <trkpt lat="46.7562730" lon="7.6324590"/>
   <trkpt lat="46.7563000" lon="7.6324710"/>
   <trkpt lat="46.7563270" lon="7.6324760"/>
   <trkpt lat="46.7563590" lon="7.6324770"/>
   <trkpt lat="46.7563880" lon="7.6324720"/>
   <trkpt lat="46.7564190" lon="7.6324730"/>
   <trkpt lat="46.7564520" lon="7.6324770"/>
   <trkpt lat="46.7564830" lon="7.6324760"/>
   <trkpt lat="46.7565150" lon="7.6324770"/>
   <trkpt lat="46.7565460" lon="7.6324760"/>
   <trkpt lat="46.7565800" lon="7.6324780"/>
   <trkpt lat="46.7566100" lon="7.6324800"/>
   <trkpt lat="46.7566360" lon="7.6324830"/>
   <trkpt lat="46.7566660" lon="7.6324860"/>
   <trkpt lat="46.7566930" lon="7.6324770"/>
   <trkpt lat="46.7567250" lon="7.6324440"/>
   <trkpt lat="46.7567510" lon="7.6324110"/>
   <trkpt lat="46.7567810" lon="7.6323830"/>
   <trkpt lat="46.7568110" lon="7.6323910"/>
   <trkpt lat="46.7568230" lon="7.6324100"/>
   <trkpt lat="46.7568330" lon="7.6324580"/>
   <trkpt lat="46.7568480" lon="7.6324890"/>
   <trkpt lat="46.7568670" lon="7.6325430"/>
   <trkpt lat="46.7568780" lon="7.6325840"/>
   <trkpt lat="46.7568970" lon="7.6326240"/>
   <trkpt lat="46.7569120" lon="7.6326760"/>
   <trkpt lat="46.7569300" lon="7.6327160"/>
   <trkpt lat="46.7569510" lon="7.6327660"/>
   <trkpt lat="46.7569620" lon="7.6328130"/>
   <trkpt lat="46.7569470" lon="7.6328520"/>
   <trkpt lat="46.7569220" lon="7.6328720"/>
   <trkpt lat="46.7569010" lon="7.6328890"/>
   <trkpt lat="46.7568700" lon="7.6329040"/>
   <trkpt lat="46.7568450" lon="7.6329160"/>
   <trkpt lat="46.7568100" lon="7.6329370"/>
   <trkpt lat="46.7567830" lon="7.6329550"/>
   <trkpt lat="46.7567520" lon="7.6329760"/>
   <trkpt lat="46.7567180" lon="7.6329970"/>
   <trkpt lat="46.7566940" lon="7.6330150"/>
   <trkpt lat="46.7566590" lon="7.6330400"/>
   <trkpt lat="46.7566330" lon="7.6330620"/>
   <trkpt lat="46.7566030" lon="7.6330830"/>
   <trkpt lat="46.7565730" lon="7.6331030"/>
   <trkpt lat="46.7565450" lon="7.6331300"/>
   <trkpt lat="46.7565110" lon="7.6331520"/>
   <trkpt lat="46.7564840" lon="7.6331690"/>
   <trkpt lat="46.7564490" lon="7.6331940"/>
   <trkpt lat="46.7564190" lon="7.6332110"/>
   <trkpt lat="46.7563850" lon="7.6332260"/>
   <trkpt lat="46.7563520" lon="7.6332400"/>
   <trkpt lat="46.7563260" lon="7.6332580"/>
   <trkpt lat="46.7562900" lon="7.6332820"/>
   <trkpt lat="46.7562660" lon="7.6332980"/>
   <trkpt lat="46.7562340" lon="7.6333230"/>
   <trkpt lat="46.7562100" lon="7.6333440"/>
   <trkpt lat="46.7561870" lon="7.6333680"/>
   <trkpt lat="46.7561570" lon="7.6333900"/>
   <trkpt lat="46.7561350" lon="7.6334070"/>
   <trkpt lat="46.7561050" lon="7.6334310"/>
   <trkpt lat="46.7560860" lon="7.6334500"/>
   <trkpt lat="46.7560610" lon="7.6334720"/>
   <trkpt lat="46.7560240" lon="7.6334850"/>
   <trkpt lat="46.7559970" lon="7.6335040"/>
   <trkpt lat="46.7559660" lon="7.6335220"/>
   <trkpt lat="46.7559420" lon="7.6335450"/>
   <trkpt lat="46.7559120" lon="7.6335610"/>
   <trkpt lat="46.7558850" lon="7.6335760"/>
   <trkpt lat="46.7558630" lon="7.6335980"/>
   <trkpt lat="46.7558310" lon="7.6336200"/>
   <trkpt lat="46.7558120" lon="7.6336380"/>
   <trkpt lat="46.7557810" lon="7.6336580"/>
   <trkpt lat="46.7557500" lon="7.6336730"/>
   <trkpt lat="46.7557230" lon="7.6336880"/>
   <trkpt lat="46.7556920" lon="7.6337040"/>
   <trkpt lat="46.7556670" lon="7.6337210"/>
   <trkpt lat="46.7556350" lon="7.6337440"/>
   <trkpt lat="46.7556050" lon="7.6337570"/>
   <trkpt lat="46.7555780" lon="7.6337770"/>
   <trkpt lat="46.7555550" lon="7.6338090"/>
   <trkpt lat="46.7555350" lon="7.6338330"/>
   <trkpt lat="46.7555060" lon="7.6338640"/>
   <trkpt lat="46.7554860" lon="7.6338900"/>
   <trkpt lat="46.7554600" lon="7.6339170"/>
   <trkpt lat="46.7554360" lon="7.6339460"/>
   <trkpt lat="46.7554190" lon="7.6339710"/>
   <trkpt lat="46.7553980" lon="7.6340040"/>
   <trkpt lat="46.7553760" lon="7.6340330"/>
   <trkpt lat="46.7553530" lon="7.6340640"/>
   <trkpt lat="46.7553260" lon="7.6340960"/>
   <trkpt lat="46.7553060" lon="7.6341180"/>
   <trkpt lat="46.7552770" lon="7.6341520"/>
   <trkpt lat="46.7552570" lon="7.6341820"/>
   <trkpt lat="46.7552320" lon="7.6342110"/>
   <trkpt lat="46.7552070" lon="7.6342430"/>
   <trkpt lat="46.7551870" lon="7.6342720"/>
   <trkpt lat="46.7551630" lon="7.6343030"/>
   <trkpt lat="46.7551470" lon="7.6343290"/>
   <trkpt lat="46.7551250" lon="7.6343610"/>
   <trkpt lat="46.7551040" lon="7.6343920"/>
   <trkpt lat="46.7550900" lon="7.6344230"/>
   <trkpt lat="46.7550680" lon="7.6344660"/>
   <trkpt lat="46.7550540" lon="7.6344930"/>
   <trkpt lat="46.7550400" lon="7.6345380"/>
   <trkpt lat="46.7550210" lon="7.6345790"/>
   <trkpt lat="46.7550070" lon="7.6346160"/>
   <trkpt lat="46.7549870" lon="7.6346590"/>
   <trkpt lat="46.7549700" lon="7.6346820"/>
   <trkpt lat="46.7549480" lon="7.6347200"/>
   <trkpt lat="46.7549310" lon="7.6347530"/>
   <trkpt lat="46.7549160" lon="7.6347910"/>
   <trkpt lat="46.7548950" lon="7.6348310"/>
   <trkpt lat="46.7548800" lon="7.6348630"/>
   <trkpt lat="46.7548610" lon="7.6349090"/>
   <trkpt lat="46.7548480" lon="7.6349410"/>
   <trkpt lat="46.7548320" lon="7.6349800"/>
   <trkpt lat="46.7548100" lon="7.6350170"/>
   <trkpt lat="46.7547920" lon="7.6350510"/>
   <trkpt lat="46.7547700" lon="7.6350930"/>
   <trkpt lat="46.7547520" lon="7.6351240"/>
   <trkpt lat="46.7547350" lon="7.6351650"/>
   <trkpt lat="46.7547140" lon="7.6352010"/>
   <trkpt lat="46.7547000" lon="7.6352400"/>
   <trkpt lat="46.7546810" lon="7.6352840"/>
   <trkpt lat="46.7546660" lon="7.6353180"/>
   <trkpt lat="46.7546570" lon="7.6353560"/>
   <trkpt lat="46.7546420" lon="7.6353960"/>
   <trkpt lat="46.7546340" lon="7.6354290"/>
   <trkpt lat="46.7546170" lon="7.6354700"/>
   <trkpt lat="46.7546070" lon="7.6355130"/>
   <trkpt lat="46.7545960" lon="7.6355490"/>
   <trkpt lat="46.7545810" lon="7.6355870"/>
   <trkpt lat="46.7545660" lon="7.6356210"/>
   <trkpt lat="46.7545480" lon="7.6356580"/>
   <trkpt lat="46.7545320" lon="7.6356930"/>
   <trkpt lat="46.7545150" lon="7.6357240"/>
   <trkpt lat="46.7544950" lon="7.6357580"/>
   <trkpt lat="46.7544820" lon="7.6357930"/>
   <trkpt lat="46.7544550" lon="7.6358230"/>
   <trkpt lat="46.7544370" lon="7.6358310"/>
   <trkpt lat="46.7544080" lon="7.6358500"/>
   <trkpt lat="46.7543790" lon="7.6358650"/>
   <trkpt lat="46.7543540" lon="7.6358790"/>
   <trkpt lat="46.7543240" lon="7.6358940"/>
   <trkpt lat="46.7542950" lon="7.6359030"/>
   <trkpt lat="46.7542660" lon="7.6359250"/>
   <trkpt lat="46.7542370" lon="7.6359410"/>
   <trkpt lat="46.7542160" lon="7.6359510"/>
   <trkpt lat="46.7541830" lon="7.6359540"/>
   <trkpt lat="46.7541580" lon="7.6359660"/>
   <trkpt lat="46.7541220" lon="7.6359790"/>
   <trkpt lat="46.7540920" lon="7.6359960"/>
   <trkpt lat="46.7540680" lon="7.6360140"/>
   <trkpt lat="46.7540320" lon="7.6360270"/>
   <trkpt lat="46.7540080" lon="7.6360390"/>
   <trkpt lat="46.7539770" lon="7.6360550"/>
   <trkpt lat="46.7539510" lon="7.6360690"/>
   <trkpt lat="46.7539240" lon="7.6360890"/>
   <trkpt lat="46.7538900" lon="7.6361020"/>
   <trkpt lat="46.7538630" lon="7.6361170"/>
   <trkpt lat="46.7538280" lon="7.6361380"/>
   <trkpt lat="46.7537990" lon="7.6361500"/>
   <trkpt lat="46.7537680" lon="7.6361680"/>
   <trkpt lat="46.7537400" lon="7.6361850"/>
   <trkpt lat="46.7537150" lon="7.6362060"/>
   <trkpt lat="46.7536810" lon="7.6362250"/>
   <trkpt lat="46.7536530" lon="7.6362430"/>
   <trkpt lat="46.7536190" lon="7.6362640"/>
   <trkpt lat="46.7535950" lon="7.6362790"/>
   <trkpt lat="46.7535670" lon="7.6363030"/>
   <trkpt lat="46.7535360" lon="7.6363150"/>
   <trkpt lat="46.7535150" lon="7.6363310"/>
   <trkpt lat="46.7534840" lon="7.6363470"/>
   <trkpt lat="46.7534550" lon="7.6363580"/>
   <trkpt lat="46.7534300" lon="7.6363760"/>
   <trkpt lat="46.7534010" lon="7.6363930"/>
   <trkpt lat="46.7533760" lon="7.6364080"/>
   <trkpt lat="46.7533450" lon="7.6364210"/>
   <trkpt lat="46.7533210" lon="7.6364320"/>
   <trkpt lat="46.7532890" lon="7.6364520"/>
   <trkpt lat="46.7532620" lon="7.6364720"/>
   <trkpt lat="46.7532400" lon="7.6364900"/>
   <trkpt lat="46.7532070" lon="7.6365060"/>
   <trkpt lat="46.7531850" lon="7.6365220"/>
   <trkpt lat="46.7531530" lon="7.6365400"/>
   <trkpt lat="46.7531230" lon="7.6365530"/>
   <trkpt lat="46.7530920" lon="7.6365640"/>
   <trkpt lat="46.7530590" lon="7.6365790"/>
   <trkpt lat="46.7530370" lon="7.6365940"/>
   <trkpt lat="46.7530090" lon="7.6366050"/>
   <trkpt lat="46.7529870" lon="7.6366210"/>
   <trkpt lat="46.7529660" lon="7.6366330"/>
   <trkpt lat="46.7529360" lon="7.6366450"/>
   <trkpt lat="46.7529190" lon="7.6366660"/>
   <trkpt lat="46.7528850" lon="7.6366820"/>
   <trkpt lat="46.7528630" lon="7.6366870"/>
   <trkpt lat="46.7528360" lon="7.6366980"/>
   <trkpt lat="46.7528070" lon="7.6366990"/>
   <trkpt lat="46.7527770" lon="7.6367120"/>
   <trkpt lat="46.7527470" lon="7.6367240"/>
   <trkpt lat="46.7527230" lon="7.6367330"/>
   <trkpt lat="46.7526820" lon="7.6367410"/>
   <trkpt lat="46.7526500" lon="7.6367460"/>
   <trkpt lat="46.7526160" lon="7.6367560"/>
   <trkpt lat="46.7525810" lon="7.6367610"/>
   <trkpt lat="46.7525510" lon="7.6367780"/>
   <trkpt lat="46.7525150" lon="7.6367840"/>
   <trkpt lat="46.7524890" lon="7.6367860"/>
   <trkpt lat="46.7524580" lon="7.6367970"/>
   <trkpt lat="46.7524300" lon="7.6368040"/>
   <trkpt lat="46.7524090" lon="7.6368150"/>
   <trkpt lat="46.7523720" lon="7.6368220"/>
   <trkpt lat="46.7523460" lon="7.6368290"/>
   <trkpt lat="46.7523150" lon="7.6368380"/>
   <trkpt lat="46.7522840" lon="7.6368440"/>
   <trkpt lat="46.7522610" lon="7.6368620"/>
   <trkpt lat="46.7522280" lon="7.6368730"/>
   <trkpt lat="46.7522060" lon="7.6368840"/>
   <trkpt lat="46.7521730" lon="7.6368980"/>
   <trkpt lat="46.7521400" lon="7.6368980"/>
   <trkpt lat="46.7521110" lon="7.6369080"/>
   <trkpt lat="46.7520730" lon="7.6369160"/>
   <trkpt lat="46.7520450" lon="7.6369230"/>
   <trkpt lat="46.7520120" lon="7.6369320"/>
   <trkpt lat="46.7519820" lon="7.6369430"/>
   <trkpt lat="46.7519520" lon="7.6369490"/>
   <trkpt lat="46.7519150" lon="7.6369580"/>
   <trkpt lat="46.7518860" lon="7.6369690"/>
   <trkpt lat="46.7518480" lon="7.6369770"/>
   <trkpt lat="46.7518250" lon="7.6369830"/>
   <trkpt lat="46.7517920" lon="7.6369910"/>
   <trkpt lat="46.7517660" lon="7.6369960"/>
   <trkpt lat="46.7517410" lon="7.6370020"/>
   <trkpt lat="46.7517080" lon="7.6370020"/>
   <trkpt lat="46.7516860" lon="7.6370060"/>
   <trkpt lat="46.7516490" lon="7.6370020"/>
   <trkpt lat="46.7516240" lon="7.6370050"/>
   <trkpt lat="46.7515890" lon="7.6369990"/>
   <trkpt lat="46.7515570" lon="7.6369930"/>
   <trkpt lat="46.7515300" lon="7.6369900"/>
   <trkpt lat="46.7514940" lon="7.6369780"/>
   <trkpt lat="46.7514720" lon="7.6369740"/>
   <trkpt lat="46.7514390" lon="7.6369640"/>
   <trkpt lat="46.7514060" lon="7.6369580"/>
   <trkpt lat="46.7513800" lon="7.6369600"/>
   <trkpt lat="46.7513470" lon="7.6369560"/>
   <trkpt lat="46.7513170" lon="7.6369620"/>
   <trkpt lat="46.7512880" lon="7.6369620"/>
   <trkpt lat="46.7512580" lon="7.6369540"/>
   <trkpt lat="46.7512250" lon="7.6369570"/>
   <trkpt lat="46.7511920" lon="7.6369500"/>
   <trkpt lat="46.7511670" lon="7.6369530"/>
   <trkpt lat="46.7511310" lon="7.6369490"/>
   <trkpt lat="46.7511050" lon="7.6369430"/>
   <trkpt lat="46.7510750" lon="7.6369380"/>
   <trkpt lat="46.7510430" lon="7.6369380"/>
   <trkpt lat="46.7510190" lon="7.6369390"/>
   <trkpt lat="46.7509850" lon="7.6369370"/>
   <trkpt lat="46.7509610" lon="7.6369430"/>
   <trkpt lat="46.7509210" lon="7.6369420"/>
   <trkpt lat="46.7508900" lon="7.6369390"/>
   <trkpt lat="46.7508560" lon="7.6369360"/>
   <trkpt lat="46.7508220" lon="7.6369320"/>
   <trkpt lat="46.7507910" lon="7.6369350"/>
   <trkpt lat="46.7507550" lon="7.6369320"/>
   <trkpt lat="46.7507300" lon="7.6369220"/>
   <trkpt lat="46.7506930" lon="7.6369170"/>
   <trkpt lat="46.7506640" lon="7.6369140"/>
   <trkpt lat="46.7506320" lon="7.6369070"/>
   <trkpt lat="46.7506000" lon="7.6368930"/>
   <trkpt lat="46.7505720" lon="7.6368900"/>
   <trkpt lat="46.7505380" lon="7.6368760"/>
   <trkpt lat="46.7505130" lon="7.6368570"/>
   <trkpt lat="46.7504770" lon="7.6368430"/>
   <trkpt lat="46.7504430" lon="7.6368350"/>
   <trkpt lat="46.7504120" lon="7.6368310"/>
   <trkpt lat="46.7503750" lon="7.6368180"/>
   <trkpt lat="46.7503510" lon="7.6368080"/>
   <trkpt lat="46.7503190" lon="7.6367950"/>
   <trkpt lat="46.7502920" lon="7.6367840"/>
   <trkpt lat="46.7502610" lon="7.6367730"/>
   <trkpt lat="46.7502280" lon="7.6367540"/>
   <trkpt lat="46.7502010" lon="7.6367500"/>
   <trkpt lat="46.7501690" lon="7.6367340"/>
   <trkpt lat="46.7501430" lon="7.6367220"/>
   <trkpt lat="46.7501130" lon="7.6367090"/>
   <trkpt lat="46.7500870" lon="7.6366940"/>
   <trkpt lat="46.7500570" lon="7.6366850"/>
   <trkpt lat="46.7500210" lon="7.6366710"/>
   <trkpt lat="46.7499980" lon="7.6366690"/>
   <trkpt lat="46.7499630" lon="7.6366570"/>
   <trkpt lat="46.7499330" lon="7.6366430"/>
   <trkpt lat="46.7498990" lon="7.6366300"/>
   <trkpt lat="46.7498680" lon="7.6366160"/>
   <trkpt lat="46.7498440" lon="7.6366090"/>
   <trkpt lat="46.7498100" lon="7.6365880"/>
   <trkpt lat="46.7497810" lon="7.6365790"/>
   <trkpt lat="46.7497460" lon="7.6365670"/>
   <trkpt lat="46.7497130" lon="7.6365560"/>
   <trkpt lat="46.7496860" lon="7.6365440"/>
   <trkpt lat="46.7496570" lon="7.6365300"/>
   <trkpt lat="46.7496340" lon="7.6365230"/>
   <trkpt lat="46.7496040" lon="7.6365100"/>
   <trkpt lat="46.7495830" lon="7.6365070"/>
   <trkpt lat="46.7495490" lon="7.6365020"/>
   <trkpt lat="46.7495170" lon="7.6364860"/>
   <trkpt lat="46.7494820" lon="7.6364710"/>
   <trkpt lat="46.7494480" lon="7.6364500"/>
   <trkpt lat="46.7494210" lon="7.6364450"/>
   <trkpt lat="46.7493870" lon="7.6364340"/>
   <trkpt lat="46.7493570" lon="7.6364240"/>
   <trkpt lat="46.7493290" lon="7.6364200"/>
   <trkpt lat="46.7492910" lon="7.6364140"/>
   <trkpt lat="46.7492650" lon="7.6364230"/>
   <trkpt lat="46.7492330" lon="7.6364320"/>
   <trkpt lat="46.7492060" lon="7.6364410"/>
   <trkpt lat="46.7491790" lon="7.6364520"/>
   <trkpt lat="46.7491550" lon="7.6364610"/>
   <trkpt lat="46.7491310" lon="7.6364700"/>
   <trkpt lat="46.7490970" lon="7.6364820"/>
   <trkpt lat="46.7490670" lon="7.6364960"/>
   <trkpt lat="46.7490330" lon="7.6365140"/>
   <trkpt lat="46.7490010" lon="7.6365280"/>
   <trkpt lat="46.7489730" lon="7.6365380"/>
   <trkpt lat="46.7489410" lon="7.6365570"/>
   <trkpt lat="46.7489140" lon="7.6365760"/>
   <trkpt lat="46.7488840" lon="7.6366010"/>
   <trkpt lat="46.7488530" lon="7.6366240"/>
   <trkpt lat="46.7488300" lon="7.6366470"/>
   <trkpt lat="46.7488000" lon="7.6366730"/>
   <trkpt lat="46.7487790" lon="7.6366920"/>
   <trkpt lat="46.7487490" lon="7.6367170"/>
   <trkpt lat="46.7487220" lon="7.6367390"/>
   <trkpt lat="46.7486960" lon="7.6367630"/>
   <trkpt lat="46.7486660" lon="7.6367860"/>
   <trkpt lat="46.7486440" lon="7.6368040"/>
   <trkpt lat="46.7486120" lon="7.6368280"/>
   <trkpt lat="46.7485800" lon="7.6368500"/>
   <trkpt lat="46.7485530" lon="7.6368700"/>
   <trkpt lat="46.7485230" lon="7.6368870"/>
   <trkpt lat="46.7484940" lon="7.6369050"/>
   <trkpt lat="46.7484680" lon="7.6369240"/>
   <trkpt lat="46.7484450" lon="7.6369420"/>
   <trkpt lat="46.7484250" lon="7.6369600"/>
   <trkpt lat="46.7484010" lon="7.6369850"/>
   <trkpt lat="46.7483880" lon="7.6370220"/>
   <trkpt lat="46.7483680" lon="7.6370630"/>
   <trkpt lat="46.7483520" lon="7.6370900"/>
   <trkpt lat="46.7483430" lon="7.6371420"/>
   <trkpt lat="46.7483300" lon="7.6371850"/>
   <trkpt lat="46.7483230" lon="7.6372340"/>
   <trkpt lat="46.7483070" lon="7.6372780"/>
   <trkpt lat="46.7483010" lon="7.6373150"/>
   <trkpt lat="46.7482860" lon="7.6373690"/>
   <trkpt lat="46.7482680" lon="7.6374060"/>
   <trkpt lat="46.7482550" lon="7.6374540"/>
   <trkpt lat="46.7482440" lon="7.6375010"/>
   <trkpt lat="46.7482400" lon="7.6375420"/>
   <trkpt lat="46.7482400" lon="7.6375960"/>
   <trkpt lat="46.7482380" lon="7.6376320"/>
   <trkpt lat="46.7482380" lon="7.6376840"/>
   <trkpt lat="46.7482370" lon="7.6377280"/>
   <trkpt lat="46.7482360" lon="7.6377720"/>
   <trkpt lat="46.7482280" lon="7.6378290"/>
   <trkpt lat="46.7482250" lon="7.6378670"/>
   <trkpt lat="46.7482170" lon="7.6379170"/>
   <trkpt lat="46.7482030" lon="7.6379550"/>
   <trkpt lat="46.7481940" lon="7.6379940"/>
   <trkpt lat="46.7481740" lon="7.6380320"/>
   <trkpt lat="46.7481610" lon="7.6380640"/>
   <trkpt lat="46.7481440" lon="7.6381060"/>
   <trkpt lat="46.7481280" lon="7.6381350"/>
   <trkpt lat="46.7481160" lon="7.6381700"/>
   <trkpt lat="46.7481020" lon="7.6382030"/>
   <trkpt lat="46.7480890" lon="7.6382350"/>
   <trkpt lat="46.7480760" lon="7.6382710"/>
   <trkpt lat="46.7480630" lon="7.6383010"/>
   <trkpt lat="46.7480460" lon="7.6383380"/>
   <trkpt lat="46.7480310" lon="7.6383590"/>
   <trkpt lat="46.7480110" lon="7.6383890"/>
   <trkpt lat="46.7479910" lon="7.6384260"/>
   <trkpt lat="46.7479680" lon="7.6384480"/>
   <trkpt lat="46.7479440" lon="7.6384760"/>
   <trkpt lat="46.7479160" lon="7.6384970"/>
   <trkpt lat="46.7478940" lon="7.6385220"/>
   <trkpt lat="46.7478600" lon="7.6385430"/>
   <trkpt lat="46.7478370" lon="7.6385650"/>
   <trkpt lat="46.7478020" lon="7.6385850"/>
   <trkpt lat="46.7477710" lon="7.6386020"/>
   <trkpt lat="46.7477410" lon="7.6386270"/>
   <trkpt lat="46.7477040" lon="7.6386480"/>
   <trkpt lat="46.7476780" lon="7.6386700"/>
   <trkpt lat="46.7476440" lon="7.6386920"/>
   <trkpt lat="46.7476200" lon="7.6387120"/>
   <trkpt lat="46.7475910" lon="7.6387350"/>
   <trkpt lat="46.7475620" lon="7.6387530"/>
   <trkpt lat="46.7475430" lon="7.6387670"/>
   <trkpt lat="46.7475130" lon="7.6387880"/>
   <trkpt lat="46.7474880" lon="7.6388020"/>
   <trkpt lat="46.7474630" lon="7.6388280"/>
   <trkpt lat="46.7474370" lon="7.6388480"/>
   <trkpt lat="46.7474160" lon="7.6388690"/>
   <trkpt lat="46.7473870" lon="7.6388850"/>
   <trkpt lat="46.7473610" lon="7.6388970"/>
   <trkpt lat="46.7473340" lon="7.6389180"/>
   <trkpt lat="46.7473080" lon="7.6389350"/>
   <trkpt lat="46.7472840" lon="7.6389580"/>
   <trkpt lat="46.7472530" lon="7.6389760"/>
   <trkpt lat="46.7472270" lon="7.6389870"/>
   <trkpt lat="46.7471980" lon="7.6390120"/>
   <trkpt lat="46.7471680" lon="7.6390290"/>
   <trkpt lat="46.7471480" lon="7.6390500"/>
   <trkpt lat="46.7471200" lon="7.6390700"/>
   <trkpt lat="46.7470990" lon="7.6390880"/>
   <trkpt lat="46.7470690" lon="7.6391070"/>
   <trkpt lat="46.7470440" lon="7.6391180"/>
   <trkpt lat="46.7470160" lon="7.6391380"/>
   <trkpt lat="46.7469830" lon="7.6391560"/>
   <trkpt lat="46.7469620" lon="7.6391710"/>
   <trkpt lat="46.7469250" lon="7.6391930"/>
   <trkpt lat="46.7468970" lon="7.6392120"/>
   <trkpt lat="46.7468720" lon="7.6392360"/>
   <trkpt lat="46.7468390" lon="7.6392600"/>
   <trkpt lat="46.7468120" lon="7.6392780"/>
   <trkpt lat="46.7467770" lon="7.6392970"/>
   <trkpt lat="46.7467460" lon="7.6393110"/>
   <trkpt lat="46.7467260" lon="7.6393320"/>
   <trkpt lat="46.7466970" lon="7.6393430"/>
   <trkpt lat="46.7466780" lon="7.6393560"/>
   <trkpt lat="46.7466490" lon="7.6393750"/>
   <trkpt lat="46.7466230" lon="7.6393870"/>
   <trkpt lat="46.7465970" lon="7.6394020"/>
   <trkpt lat="46.7465650" lon="7.6394120"/>
   <trkpt lat="46.7465420" lon="7.6394230"/>
   <trkpt lat="46.7465120" lon="7.6394380"/>
   <trkpt lat="46.7464830" lon="7.6394490"/>
   <trkpt lat="46.7464550" lon="7.6394630"/>
   <trkpt lat="46.7464240" lon="7.6394720"/>
   <trkpt lat="46.7464020" lon="7.6394850"/>
   <trkpt lat="46.7463730" lon="7.6394950"/>
   <trkpt lat="46.7463480" lon="7.6395060"/>
   <trkpt lat="46.7463190" lon="7.6395240"/>
   <trkpt lat="46.7462900" lon="7.6395410"/>
   <trkpt lat="46.7462590" lon="7.6395550"/>
   <trkpt lat="46.7462240" lon="7.6395680"/>
   <trkpt lat="46.7461920" lon="7.6395810"/>
   <trkpt lat="46.7461580" lon="7.6395950"/>
   <trkpt lat="46.7461230" lon="7.6396070"/>
   <trkpt lat="46.7460960" lon="7.6396220"/>
   <trkpt lat="46.7460640" lon="7.6396470"/>
   <trkpt lat="46.7460390" lon="7.6396710"/>
   <trkpt lat="46.7460140" lon="7.6396980"/>
   <trkpt lat="46.7459910" lon="7.6397200"/>
   <trkpt lat="46.7459670" lon="7.6397450"/>
   <trkpt lat="46.7459420" lon="7.6397680"/>
   <trkpt lat="46.7459230" lon="7.6397910"/>
   <trkpt lat="46.7458990" lon="7.6398160"/>
   <trkpt lat="46.7458720" lon="7.6398390"/>
   <trkpt lat="46.7458480" lon="7.6398630"/>
   <trkpt lat="46.7458200" lon="7.6398870"/>
   <trkpt lat="46.7457950" lon="7.6399070"/>
   <trkpt lat="46.7457630" lon="7.6399360"/>
   <trkpt lat="46.7457330" lon="7.6399600"/>
   <trkpt lat="46.7457040" lon="7.6399880"/>
   <trkpt lat="46.7456850" lon="7.6400090"/>
   <trkpt lat="46.7456680" lon="7.6400280"/>
   <trkpt lat="46.7456430" lon="7.6400500"/>
   <trkpt lat="46.7456210" lon="7.6400680"/>
   <trkpt lat="46.7455970" lon="7.6400910"/>
   <trkpt lat="46.7455660" lon="7.6401050"/>
   <trkpt lat="46.7455470" lon="7.6401220"/>
   <trkpt lat="46.7455160" lon="7.6401520"/>
   <trkpt lat="46.7454930" lon="7.6401740"/>
   <trkpt lat="46.7454690" lon="7.6402040"/>
   <trkpt lat="46.7454360" lon="7.6402330"/>
   <trkpt lat="46.7454140" lon="7.6402540"/>
   <trkpt lat="46.7453860" lon="7.6402880"/>
   <trkpt lat="46.7453580" lon="7.6403090"/>
   <trkpt lat="46.7453350" lon="7.6403370"/>
   <trkpt lat="46.7453060" lon="7.6403650"/>
   <trkpt lat="46.7452850" lon="7.6403870"/>
   <trkpt lat="46.7452560" lon="7.6404190"/>
   <trkpt lat="46.7452320" lon="7.6404410"/>
   <trkpt lat="46.7452090" lon="7.6404710"/>
   <trkpt lat="46.7451850" lon="7.6405040"/>
   <trkpt lat="46.7451690" lon="7.6405270"/>
   <trkpt lat="46.7451440" lon="7.6405620"/>
   <trkpt lat="46.7451230" lon="7.6405810"/>
   <trkpt lat="46.7450980" lon="7.6406120"/>
   <trkpt lat="46.7450720" lon="7.6406400"/>
   <trkpt lat="46.7450520" lon="7.6406690"/>
   <trkpt lat="46.7450290" lon="7.6407020"/>
   <trkpt lat="46.7450090" lon="7.6407210"/>
   <trkpt lat="46.7449870" lon="7.6407540"/>
   <trkpt lat="46.7449670" lon="7.6407850"/>
   <trkpt lat="46.7449520" lon="7.6408200"/>
   <trkpt lat="46.7449250" lon="7.6408560"/>
   <trkpt lat="46.7449070" lon="7.6408800"/>
   <trkpt lat="46.7448840" lon="7.6409180"/>
   <trkpt lat="46.7448640" lon="7.6409470"/>
   <trkpt lat="46.7448450" lon="7.6409800"/>
   <trkpt lat="46.7448210" lon="7.6410160"/>
   <trkpt lat="46.7448090" lon="7.6410400"/>
   <trkpt lat="46.7447880" lon="7.6410860"/>
   <trkpt lat="46.7447680" lon="7.6411160"/>
   <trkpt lat="46.7447490" lon="7.6411530"/>
   <trkpt lat="46.7447280" lon="7.6411860"/>
   <trkpt lat="46.7447080" lon="7.6412160"/>
   <trkpt lat="46.7446820" lon="7.6412550"/>
   <trkpt lat="46.7446650" lon="7.6412830"/>
   <trkpt lat="46.7446430" lon="7.6413220"/>
   <trkpt lat="46.7446210" lon="7.6413570"/>
   <trkpt lat="46.7446050" lon="7.6413930"/>
   <trkpt lat="46.7445830" lon="7.6414400"/>
   <trkpt lat="46.7445690" lon="7.6414670"/>
   <trkpt lat="46.7445490" lon="7.6415090"/>
   <trkpt lat="46.7445260" lon="7.6415440"/>
   <trkpt lat="46.7445050" lon="7.6415790"/>
   <trkpt lat="46.7444800" lon="7.6416240"/>
   <trkpt lat="46.7444620" lon="7.6416600"/>
   <trkpt lat="46.7444400" lon="7.6417010"/>
   <trkpt lat="46.7444270" lon="7.6417270"/>
   <trkpt lat="46.7444100" lon="7.6417620"/>
   <trkpt lat="46.7443890" lon="7.6417960"/>
   <trkpt lat="46.7443710" lon="7.6418320"/>
   <trkpt lat="46.7443490" lon="7.6418810"/>
   <trkpt lat="46.7443280" lon="7.6419180"/>
   <trkpt lat="46.7443060" lon="7.6419600"/>
   <trkpt lat="46.7442880" lon="7.6419980"/>
   <trkpt lat="46.7442760" lon="7.6420330"/>
   <trkpt lat="46.7442640" lon="7.6420660"/>
   <trkpt lat="46.7442470" lon="7.6420940"/>
   <trkpt lat="46.7442340" lon="7.6421190"/>
   <trkpt lat="46.7442310" lon="7.6421530"/>
   <trkpt lat="46.7442160" lon="7.6422000"/>
   <trkpt lat="46.7441940" lon="7.6422300"/>
   <trkpt lat="46.7441800" lon="7.6422650"/>
   <trkpt lat="46.7441610" lon="7.6423000"/>
   <trkpt lat="46.7441470" lon="7.6423310"/>
   <trkpt lat="46.7441270" lon="7.6423690"/>
   <trkpt lat="46.7441060" lon="7.6424000"/>
   <trkpt lat="46.7440910" lon="7.6424370"/>
   <trkpt lat="46.7440690" lon="7.6424780"/>
   <trkpt lat="46.7440590" lon="7.6425200"/>
   <trkpt lat="46.7440540" lon="7.6425700"/>
   <trkpt lat="46.7440650" lon="7.6426010"/>
   <trkpt lat="46.7440920" lon="7.6426350"/>
   <trkpt lat="46.7441160" lon="7.6426580"/>
   <trkpt lat="46.7441430" lon="7.6426770"/>
   <trkpt lat="46.7441740" lon="7.6427010"/>
   <trkpt lat="46.7441970" lon="7.6427180"/>
   <trkpt lat="46.7442280" lon="7.6427460"/>
   <trkpt lat="46.7442490" lon="7.6427740"/>
   <trkpt lat="46.7442700" lon="7.6428040"/>
   <trkpt lat="46.7442950" lon="7.6428380"/>
   <trkpt lat="46.7443120" lon="7.6428630"/>
   <trkpt lat="46.7443400" lon="7.6428900"/>
   <trkpt lat="46.7443620" lon="7.6429090"/>
   <trkpt lat="46.7443890" lon="7.6429300"/>
   <trkpt lat="46.7444180" lon="7.6429530"/>
   <trkpt lat="46.7444430" lon="7.6429640"/>
   <trkpt lat="46.7444750" lon="7.6429880"/>
   <trkpt lat="46.7445040" lon="7.6429960"/>
   <trkpt lat="46.7445330" lon="7.6429980"/>
   <trkpt lat="46.7445600" lon="7.6429860"/>
   <trkpt lat="46.7445820" lon="7.6429600"/>
   <trkpt lat="46.7446090" lon="7.6429290"/>
   <trkpt lat="46.7446230" lon="7.6429040"/>
   <trkpt lat="46.7446430" lon="7.6428620"/>
   <trkpt lat="46.7446620" lon="7.6428320"/>
   <trkpt lat="46.7446800" lon="7.6427940"/>
   <trkpt lat="46.7446990" lon="7.6427580"/>
   <trkpt lat="46.7447160" lon="7.6427240"/>
   <trkpt lat="46.7447380" lon="7.6426810"/>
   <trkpt lat="46.7447520" lon="7.6426480"/>
   <trkpt lat="46.7447740" lon="7.6425980"/>
   <trkpt lat="46.7447930" lon="7.6425600"/>
   <trkpt lat="46.7448070" lon="7.6425190"/>
   <trkpt lat="46.7448290" lon="7.6424810"/>
   <trkpt lat="46.7448400" lon="7.6424480"/>
   <trkpt lat="46.7448630" lon="7.6424090"/>
   <trkpt lat="46.7448800" lon="7.6423800"/>
   <trkpt lat="46.7448980" lon="7.6423390"/>
   <trkpt lat="46.7449170" lon="7.6423020"/>
   <trkpt lat="46.7449320" lon="7.6422630"/>
   <trkpt lat="46.7449570" lon="7.6422180"/>
   <trkpt lat="46.7449700" lon="7.6421950"/>
   <trkpt lat="46.7449890" lon="7.6421540"/>
   <trkpt lat="46.7450070" lon="7.6421230"/>
   <trkpt lat="46.7450250" lon="7.6420820"/>
   <trkpt lat="46.7450460" lon="7.6420390"/>
   <trkpt lat="46.7450610" lon="7.6420050"/>
   <trkpt lat="46.7450810" lon="7.6419670"/>
   <trkpt lat="46.7450970" lon="7.6419380"/>
   <trkpt lat="46.7451070" lon="7.6418930"/>
   <trkpt lat="46.7451240" lon="7.6418530"/>
   <trkpt lat="46.7451350" lon="7.6418230"/>
   <trkpt lat="46.7451510" lon="7.6417790"/>
   <trkpt lat="46.7451670" lon="7.6417530"/>
   <trkpt lat="46.7451820" lon="7.6417120"/>
   <trkpt lat="46.7452030" lon="7.6416740"/>
   <trkpt lat="46.7452190" lon="7.6416380"/>
   <trkpt lat="46.7452420" lon="7.6416020"/>
   <trkpt lat="46.7452620" lon="7.6415740"/>
   <trkpt lat="46.7452860" lon="7.6415320"/>
   <trkpt lat="46.7453120" lon="7.6414990"/>
   <trkpt lat="46.7453310" lon="7.6414650"/>
   <trkpt lat="46.7453550" lon="7.6414300"/>
   <trkpt lat="46.7453690" lon="7.6414070"/>
   <trkpt lat="46.7453910" lon="7.6413670"/>
   <trkpt lat="46.7454120" lon="7.6413360"/>
   <trkpt lat="46.7454340" lon="7.6412950"/>
   <trkpt lat="46.7454600" lon="7.6412620"/>
   <trkpt lat="46.7454790" lon="7.6412380"/>
   <trkpt lat="46.7455050" lon="7.6412000"/>
   <trkpt lat="46.7455200" lon="7.6411770"/>
   <trkpt lat="46.7455440" lon="7.6411360"/>
   <trkpt lat="46.7455670" lon="7.6411100"/>
   <trkpt lat="46.7455870" lon="7.6410730"/>
   <trkpt lat="46.7456110" lon="7.6410390"/>
   <trkpt lat="46.7456250" lon="7.6410130"/>
   <trkpt lat="46.7456500" lon="7.6409770"/>
   <trkpt lat="46.7456660" lon="7.6409490"/>
   <trkpt lat="46.7456890" lon="7.6409090"/>
   <trkpt lat="46.7457130" lon="7.6408860"/>
   <trkpt lat="46.7457310" lon="7.6408530"/>
   <trkpt lat="46.7457600" lon="7.6408240"/>
   <trkpt lat="46.7457770" lon="7.6407930"/>
   <trkpt lat="46.7458010" lon="7.6407600"/>
   <trkpt lat="46.7458250" lon="7.6407400"/>
   <trkpt lat="46.7458520" lon="7.6407080"/>
   <trkpt lat="46.7458770" lon="7.6406800"/>
   <trkpt lat="46.7458960" lon="7.6406510"/>
   <trkpt lat="46.7459330" lon="7.6406190"/>
   <trkpt lat="46.7459540" lon="7.6406010"/>
   <trkpt lat="46.7459840" lon="7.6405730"/>
   <trkpt lat="46.7460110" lon="7.6405540"/>
   <trkpt lat="46.7460370" lon="7.6405310"/>
   <trkpt lat="46.7460660" lon="7.6405140"/>
   <trkpt lat="46.7460870" lon="7.6404890"/>
   <trkpt lat="46.7461170" lon="7.6404630"/>
   <trkpt lat="46.7461410" lon="7.6404510"/>
   <trkpt lat="46.7461700" lon="7.6404240"/>
   <trkpt lat="46.7461950" lon="7.6404090"/>
   <trkpt lat="46.7462180" lon="7.6403840"/>
   <trkpt lat="46.7462460" lon="7.6403650"/>
   <trkpt lat="46.7462690" lon="7.6403500"/>
   <trkpt lat="46.7463040" lon="7.6403230"/>
   <trkpt lat="46.7463280" lon="7.6402990"/>
   <trkpt lat="46.7463550" lon="7.6402730"/>
   <trkpt lat="46.7463870" lon="7.6402530"/>
   <trkpt lat="46.7464110" lon="7.6402280"/>
   <trkpt lat="46.7464400" lon="7.6402120"/>
   <trkpt lat="46.7464610" lon="7.6401960"/>
   <trkpt lat="46.7464940" lon="7.6401700"/>
   <trkpt lat="46.7465190" lon="7.6401550"/>
   <trkpt lat="46.7465460" lon="7.6401330"/>
   <trkpt lat="46.7465750" lon="7.6401130"/>
   <trkpt lat="46.7465980" lon="7.6400880"/>
   <trkpt lat="46.7466300" lon="7.6400630"/>
   <trkpt lat="46.7466470" lon="7.6400430"/>
   <trkpt lat="46.7466780" lon="7.6400150"/>
   <trkpt lat="46.7467000" lon="7.6399940"/>
   <trkpt lat="46.7467250" lon="7.6399690"/>
   <trkpt lat="46.7467530" lon="7.6399480"/>
   <trkpt lat="46.7467760" lon="7.6399250"/>
   <trkpt lat="46.7468110" lon="7.6398960"/>
   <trkpt lat="46.7468300" lon="7.6398760"/>
   <trkpt lat="46.7468590" lon="7.6398490"/>
   <trkpt lat="46.7468880" lon="7.6398290"/>
   <trkpt lat="46.7469120" lon="7.6398090"/>
   <trkpt lat="46.7469450" lon="7.6397840"/>
   <trkpt lat="46.7469680" lon="7.6397670"/>
   <trkpt lat="46.7470020" lon="7.6397370"/>
   <trkpt lat="46.7470280" lon="7.6397180"/>
   <trkpt lat="46.7470580" lon="7.6396900"/>
   <trkpt lat="46.7470820" lon="7.6396670"/>
   <trkpt lat="46.7471080" lon="7.6396410"/>
   <trkpt lat="46.7471370" lon="7.6396140"/>
   <trkpt lat="46.7471590" lon="7.6395940"/>
   <trkpt lat="46.7471920" lon="7.6395700"/>
   <trkpt lat="46.7472190" lon="7.6395590"/>
   <trkpt lat="46.7472480" lon="7.6395370"/>
   <trkpt lat="46.7472800" lon="7.6395180"/>
   <trkpt lat="46.7473030" lon="7.6394920"/>
   <trkpt lat="46.7473370" lon="7.6394740"/>
   <trkpt lat="46.7473630" lon="7.6394580"/>
   <trkpt lat="46.7473990" lon="7.6394360"/>
   <trkpt lat="46.7474270" lon="7.6394240"/>
   <trkpt lat="46.7474600" lon="7.6394150"/>
   <trkpt lat="46.7474900" lon="7.6394230"/>
   <trkpt lat="46.7475160" lon="7.6394340"/>
   <trkpt lat="46.7475450" lon="7.6394630"/>
   <trkpt lat="46.7475620" lon="7.6394790"/>
   <trkpt lat="46.7475930" lon="7.6395130"/>
   <trkpt lat="46.7476100" lon="7.6395290"/>
   <trkpt lat="46.7476350" lon="7.6395520"/>
   <trkpt lat="46.7476530" lon="7.6395810"/>
   <trkpt lat="46.7476680" lon="7.6396000"/>
   <trkpt lat="46.7476920" lon="7.6396350"/>
   <trkpt lat="46.7477090" lon="7.6396450"/>
   <trkpt lat="46.7477310" lon="7.6396290"/>
   <trkpt lat="46.7477550" lon="7.6396100"/>
   <trkpt lat="46.7477730" lon="7.6395900"/>
   <trkpt lat="46.7478040" lon="7.6395590"/>
   <trkpt lat="46.7478340" lon="7.6395430"/>
   <trkpt lat="46.7478630" lon="7.6395220"/>
   <trkpt lat="46.7478930" lon="7.6394990"/>
   <trkpt lat="46.7479250" lon="7.6394750"/>
   <trkpt lat="46.7479610" lon="7.6394660"/>
   <trkpt lat="46.7479880" lon="7.6394520"/>
   <trkpt lat="46.7480250" lon="7.6394370"/>
   <trkpt lat="46.7480540" lon="7.6394290"/>
   <trkpt lat="46.7480920" lon="7.6394200"/>
   <trkpt lat="46.7481260" lon="7.6394170"/>
   <trkpt lat="46.7481550" lon="7.6394030"/>
   <trkpt lat="46.7481850" lon="7.6393960"/>
   <trkpt lat="46.7482090" lon="7.6393790"/>
   <trkpt lat="46.7482410" lon="7.6393570"/>
   <trkpt lat="46.7482650" lon="7.6393380"/>
   <trkpt lat="46.7482990" lon="7.6393150"/>
   <trkpt lat="46.7483250" lon="7.6392990"/>
   <trkpt lat="46.7483540" lon="7.6392780"/>
   <trkpt lat="46.7483850" lon="7.6392540"/>
   <trkpt lat="46.7484090" lon="7.6392310"/>
   <trkpt lat="46.7484410" lon="7.6392070"/>
   <trkpt lat="46.7484630" lon="7.6391890"/>
   <trkpt lat="46.7484890" lon="7.6391630"/>
   <trkpt lat="46.7485120" lon="7.6391420"/>
   <trkpt lat="46.7485350" lon="7.6391200"/>
   <trkpt lat="46.7485640" lon="7.6391010"/>
   <trkpt lat="46.7485850" lon="7.6390850"/>
   <trkpt lat="46.7486180" lon="7.6390640"/>
   <trkpt lat="46.7486470" lon="7.6390440"/>
   <trkpt lat="46.7486700" lon="7.6390170"/>
   <trkpt lat="46.7486980" lon="7.6389980"/>
   <trkpt lat="46.7487160" lon="7.6389730"/>
   <trkpt lat="46.7487450" lon="7.6389490"/>
   <trkpt lat="46.7487690" lon="7.6389340"/>
   <trkpt lat="46.7487970" lon="7.6389050"/>
   <trkpt lat="46.7488220" lon="7.6388800"/>
   <trkpt lat="46.7488470" lon="7.6388560"/>
   <trkpt lat="46.7488730" lon="7.6388300"/>
   <trkpt lat="46.7489000" lon="7.6388130"/>
   <trkpt lat="46.7489330" lon="7.6387910"/>
   <trkpt lat="46.7489600" lon="7.6387760"/>
   <trkpt lat="46.7489870" lon="7.6387480"/>
   <trkpt lat="46.7490120" lon="7.6387280"/>
   <trkpt lat="46.7490320" lon="7.6387030"/>
   <trkpt lat="46.7490570" lon="7.6386730"/>
   <trkpt lat="46.7490750" lon="7.6386600"/>
   <trkpt lat="46.7491030" lon="7.6386340"/>
   <trkpt lat="46.7491240" lon="7.6386190"/>
   <trkpt lat="46.7491480" lon="7.6385950"/>
   <trkpt lat="46.7491780" lon="7.6385730"/>
   <trkpt lat="46.7492010" lon="7.6385520"/>
   <trkpt lat="46.7492290" lon="7.6385260"/>
   <trkpt lat="46.7492510" lon="7.6385000"/>
   <trkpt lat="46.7492720" lon="7.6384780"/>
   <trkpt lat="46.7492990" lon="7.6384620"/>
   <trkpt lat="46.7493180" lon="7.6384430"/>
   <trkpt lat="46.7493500" lon="7.6384220"/>
   <trkpt lat="46.7493690" lon="7.6384070"/>
   <trkpt lat="46.7494020" lon="7.6383810"/>
   <trkpt lat="46.7494290" lon="7.6383660"/>
   <trkpt lat="46.7494590" lon="7.6383450"/>
   <trkpt lat="46.7494850" lon="7.6383220"/>
   <trkpt lat="46.7495040" lon="7.6382970"/>
   <trkpt lat="46.7495320" lon="7.6382660"/>
   <trkpt lat="46.7495490" lon="7.6382430"/>
   <trkpt lat="46.7495790" lon="7.6382140"/>
   <trkpt lat="46.7496040" lon="7.6381960"/>
   <trkpt lat="46.7496340" lon="7.6381650"/>
   <trkpt lat="46.7496630" lon="7.6381470"/>
   <trkpt lat="46.7496850" lon="7.6381280"/>
   <trkpt lat="46.7497130" lon="7.6381020"/>
   <trkpt lat="46.7497340" lon="7.6380770"/>
   <trkpt lat="46.7497690" lon="7.6380520"/>
   <trkpt lat="46.7497960" lon="7.6380380"/>
   <trkpt lat="46.7498250" lon="7.6380140"/>
   <trkpt lat="46.7498520" lon="7.6379950"/>
   <trkpt lat="46.7498820" lon="7.6379670"/>
   <trkpt lat="46.7499110" lon="7.6379480"/>
   <trkpt lat="46.7499280" lon="7.6379230"/>
   <trkpt lat="46.7499600" lon="7.6378940"/>
   <trkpt lat="46.7499820" lon="7.6378680"/>
   <trkpt lat="46.7500140" lon="7.6378380"/>
   <trkpt lat="46.7500420" lon="7.6378160"/>
   <trkpt lat="46.7500660" lon="7.6377880"/>
   <trkpt lat="46.7500920" lon="7.6377620"/>
   <trkpt lat="46.7501130" lon="7.6377410"/>
   <trkpt lat="46.7501420" lon="7.6377180"/>
   <trkpt lat="46.7501610" lon="7.6377010"/>
   <trkpt lat="46.7501880" lon="7.6376830"/>
   <trkpt lat="46.7502130" lon="7.6376660"/>
   <trkpt lat="46.7502320" lon="7.6376390"/>
   <trkpt lat="46.7502570" lon="7.6376130"/>
   <trkpt lat="46.7502790" lon="7.6375890"/>
   <trkpt lat="46.7503080" lon="7.6375610"/>
   <trkpt lat="46.7503380" lon="7.6375430"/>
   <trkpt lat="46.7503710" lon="7.6375140"/>
   <trkpt lat="46.7504020" lon="7.6374920"/>
   <trkpt lat="46.7504240" lon="7.6374690"/>
   <trkpt lat="46.7504540" lon="7.6374470"/>
   <trkpt lat="46.7504800" lon="7.6374260"/>
   <trkpt lat="46.7505070" lon="7.6374050"/>
   <trkpt lat="46.7505330" lon="7.6373840"/>
   <trkpt lat="46.7505660" lon="7.6373590"/>
   <trkpt lat="46.7505940" lon="7.6373370"/>
   <trkpt lat="46.7506190" lon="7.6373140"/>
   <trkpt lat="46.7506440" lon="7.6372920"/>
   <trkpt lat="46.7506710" lon="7.6372790"/>
   <trkpt lat="46.7507020" lon="7.6372670"/>
   <trkpt lat="46.7507280" lon="7.6372540"/>
   <trkpt lat="46.7507630" lon="7.6372440"/>
   <trkpt lat="46.7507880" lon="7.6372390"/>
   <trkpt lat="46.7508140" lon="7.6372260"/>
   <trkpt lat="46.7508470" lon="7.6372200"/>
   <trkpt lat="46.7508750" lon="7.6372080"/>
   <trkpt lat="46.7509100" lon="7.6372010"/>
   <trkpt lat="46.7509400" lon="7.6371980"/>
   <trkpt lat="46.7509660" lon="7.6371920"/>
   <trkpt lat="46.7509980" lon="7.6371900"/>
   <trkpt lat="46.7510290" lon="7.6371860"/>
   <trkpt lat="46.7510610" lon="7.6371810"/>
   <trkpt lat="46.7510840" lon="7.6371840"/>
   <trkpt lat="46.7511120" lon="7.6371780"/>
   <trkpt lat="46.7511430" lon="7.6371780"/>
   <trkpt lat="46.7511730" lon="7.6371760"/>
   <trkpt lat="46.7512030" lon="7.6371770"/>
   <trkpt lat="46.7512300" lon="7.6371710"/>
   <trkpt lat="46.7512640" lon="7.6371670"/>
   <trkpt lat="46.7512930" lon="7.6371600"/>
   <trkpt lat="46.7513190" lon="7.6371520"/>
   <trkpt lat="46.7513510" lon="7.6371560"/>
   <trkpt lat="46.7513760" lon="7.6371520"/>
   <trkpt lat="46.7514020" lon="7.6371560"/>
   <trkpt lat="46.7514200" lon="7.6371440"/>
   <trkpt lat="46.7514430" lon="7.6371110"/>
   <trkpt lat="46.7514580" lon="7.6370820"/>
   <trkpt lat="46.7514750" lon="7.6370490"/>
   <trkpt lat="46.7515050" lon="7.6370310"/>
   <trkpt lat="46.7515270" lon="7.6370220"/>
   <trkpt lat="46.7515620" lon="7.6370250"/>
   <trkpt lat="46.7515890" lon="7.6370290"/>
   <trkpt lat="46.7516200" lon="7.6370280"/>
   <trkpt lat="46.7516530" lon="7.6370380"/>
   <trkpt lat="46.7516790" lon="7.6370290"/>
   <trkpt lat="46.7517130" lon="7.6370280"/>
   <trkpt lat="46.7517400" lon="7.6370250"/>
   <trkpt lat="46.7517780" lon="7.6370140"/>
   <trkpt lat="46.7518070" lon="7.6370050"/>
   <trkpt lat="46.7518450" lon="7.6369920"/>
   <trkpt lat="46.7518800" lon="7.6369830"/>
   <trkpt lat="46.7519160" lon="7.6369700"/>
   <trkpt lat="46.7519470" lon="7.6369670"/>
   <trkpt lat="46.7519770" lon="7.6369580"/>
   <trkpt lat="46.7520140" lon="7.6369530"/>
   <trkpt lat="46.7520410" lon="7.6369430"/>
   <trkpt lat="46.7520750" lon="7.6369330"/>
   <trkpt lat="46.7521050" lon="7.6369200"/>
   <trkpt lat="46.7521350" lon="7.6369110"/>
   <trkpt lat="46.7521640" lon="7.6369040"/>
   <trkpt lat="46.7521920" lon="7.6368950"/>
   <trkpt lat="46.7522260" lon="7.6368940"/>
   <trkpt lat="46.7522500" lon="7.6368970"/>
   <trkpt lat="46.7522810" lon="7.6368890"/>
   <trkpt lat="46.7523100" lon="7.6368820"/>
   <trkpt lat="46.7523370" lon="7.6368670"/>
   <trkpt lat="46.7523670" lon="7.6368580"/>
   <trkpt lat="46.7523950" lon="7.6368490"/>
   <trkpt lat="46.7524290" lon="7.6368460"/>
   <trkpt lat="46.7524570" lon="7.6368400"/>
   <trkpt lat="46.7524900" lon="7.6368330"/>
   <trkpt lat="46.7525170" lon="7.6368290"/>
   <trkpt lat="46.7525470" lon="7.6368150"/>
   <trkpt lat="46.7525810" lon="7.6368120"/>
   <trkpt lat="46.7526080" lon="7.6368050"/>
   <trkpt lat="46.7526410" lon="7.6367980"/>
   <trkpt lat="46.7526690" lon="7.6367930"/>
   <trkpt lat="46.7527020" lon="7.6367830"/>
   <trkpt lat="46.7527340" lon="7.6367760"/>
   <trkpt lat="46.7527580" lon="7.6367710"/>
   <trkpt lat="46.7527940" lon="7.6367660"/>
   <trkpt lat="46.7528140" lon="7.6367550"/>
   <trkpt lat="46.7528400" lon="7.6367370"/>
   <trkpt lat="46.7528660" lon="7.6367260"/>
   <trkpt lat="46.7528890" lon="7.6367060"/>
   <trkpt lat="46.7529190" lon="7.6366900"/>
   <trkpt lat="46.7529420" lon="7.6366820"/>
   <trkpt lat="46.7529700" lon="7.6366710"/>
   <trkpt lat="46.7529960" lon="7.6366620"/>
   <trkpt lat="46.7530190" lon="7.6366520"/>
   <trkpt lat="46.7530490" lon="7.6366430"/>
   <trkpt lat="46.7530740" lon="7.6366320"/>
   <trkpt lat="46.7531020" lon="7.6366210"/>
   <trkpt lat="46.7531300" lon="7.6366120"/>
   <trkpt lat="46.7531550" lon="7.6365970"/>
   <trkpt lat="46.7531840" lon="7.6365840"/>
   <trkpt lat="46.7532100" lon="7.6365680"/>
   <trkpt lat="46.7532420" lon="7.6365500"/>
   <trkpt lat="46.7532700" lon="7.6365360"/>
   <trkpt lat="46.7532980" lon="7.6365190"/>
   <trkpt lat="46.7533330" lon="7.6365000"/>
   <trkpt lat="46.7533600" lon="7.6364830"/>
   <trkpt lat="46.7533900" lon="7.6364600"/>
   <trkpt lat="46.7534190" lon="7.6364430"/>
   <trkpt lat="46.7534490" lon="7.6364230"/>
   <trkpt lat="46.7534790" lon="7.6364140"/>
   <trkpt lat="46.7535070" lon="7.6363980"/>
   <trkpt lat="46.7535370" lon="7.6363830"/>
   <trkpt lat="46.7535610" lon="7.6363670"/>
   <trkpt lat="46.7535910" lon="7.6363490"/>
   <trkpt lat="46.7536130" lon="7.6363360"/>
   <trkpt lat="46.7536390" lon="7.6363120"/>
   <trkpt lat="46.7536690" lon="7.6362950"/>
   <trkpt lat="46.7537000" lon="7.6362750"/>
   <trkpt lat="46.7537310" lon="7.6362560"/>
   <trkpt lat="46.7537570" lon="7.6362410"/>
   <trkpt lat="46.7537890" lon="7.6362160"/>
   <trkpt lat="46.7538150" lon="7.6362050"/>
   <trkpt lat="46.7538460" lon="7.6361870"/>
   <trkpt lat="46.7538720" lon="7.6361750"/>
   <trkpt lat="46.7539010" lon="7.6361540"/>
   <trkpt lat="46.7539310" lon="7.6361420"/>
   <trkpt lat="46.7539610" lon="7.6361260"/>
   <trkpt lat="46.7539900" lon="7.6361030"/>
   <trkpt lat="46.7540100" lon="7.6360870"/>
   <trkpt lat="46.7540410" lon="7.6360650"/>
   <trkpt lat="46.7540650" lon="7.6360540"/>
   <trkpt lat="46.7541000" lon="7.6360350"/>
   <trkpt lat="46.7541290" lon="7.6360250"/>
   <trkpt lat="46.7541600" lon="7.6360090"/>
   <trkpt lat="46.7541930" lon="7.6360080"/>
   <trkpt lat="46.7542190" lon="7.6360000"/>
   <trkpt lat="46.7542530" lon="7.6359910"/>
   <trkpt lat="46.7542800" lon="7.6359850"/>
   <trkpt lat="46.7543170" lon="7.6359700"/>
   <trkpt lat="46.7543420" lon="7.6359570"/>
   <trkpt lat="46.7543680" lon="7.6359370"/>
   <trkpt lat="46.7543980" lon="7.6359190"/>
   <trkpt lat="46.7544220" lon="7.6359000"/>
   <trkpt lat="46.7544560" lon="7.6358690"/>
   <trkpt lat="46.7544780" lon="7.6358480"/>
   <trkpt lat="46.7545050" lon="7.6358160"/>
   <trkpt lat="46.7545310" lon="7.6357750"/>
   <trkpt lat="46.7545470" lon="7.6357420"/>
   <trkpt lat="46.7545660" lon="7.6357060"/>
   <trkpt lat="46.7545750" lon="7.6356730"/>
   <trkpt lat="46.7545930" lon="7.6356340"/>
   <trkpt lat="46.7546080" lon="7.6355980"/>
   <trkpt lat="46.7546250" lon="7.6355600"/>
   <trkpt lat="46.7546470" lon="7.6355300"/>
   <trkpt lat="46.7546600" lon="7.6355020"/>
   <trkpt lat="46.7546810" lon="7.6354620"/>
   <trkpt lat="46.7546920" lon="7.6354270"/>
   <trkpt lat="46.7547090" lon="7.6353890"/>
   <trkpt lat="46.7547270" lon="7.6353530"/>
   <trkpt lat="46.7547400" lon="7.6353210"/>
   <trkpt lat="46.7547560" lon="7.6352750"/>
   <trkpt lat="46.7547680" lon="7.6352440"/>
   <trkpt lat="46.7547850" lon="7.6352030"/>
   <trkpt lat="46.7547990" lon="7.6351660"/>
   <trkpt lat="46.7548120" lon="7.6351280"/>
   <trkpt lat="46.7548360" lon="7.6350890"/>
   <trkpt lat="46.7548530" lon="7.6350560"/>
   <trkpt lat="46.7548720" lon="7.6350090"/>
   <trkpt lat="46.7548830" lon="7.6349770"/>
   <trkpt lat="46.7549040" lon="7.6349280"/>
   <trkpt lat="46.7549150" lon="7.6348970"/>
   <trkpt lat="46.7549290" lon="7.6348560"/>
   <trkpt lat="46.7549500" lon="7.6348130"/>
   <trkpt lat="46.7549640" lon="7.6347810"/>
   <trkpt lat="46.7549870" lon="7.6347360"/>
   <trkpt lat="46.7550040" lon="7.6347030"/>
   <trkpt lat="46.7550220" lon="7.6346590"/>
   <trkpt lat="46.7550420" lon="7.6346220"/>
   <trkpt lat="46.7550580" lon="7.6345850"/>
   <trkpt lat="46.7550770" lon="7.6345430"/>
   <trkpt lat="46.7550870" lon="7.6345170"/>
   <trkpt lat="46.7551020" lon="7.6344760"/>
   <trkpt lat="46.7551190" lon="7.6344380"/>
   <trkpt lat="46.7551380" lon="7.6344060"/>
   <trkpt lat="46.7551560" lon="7.6343680"/>
   <trkpt lat="46.7551720" lon="7.6343390"/>
   <trkpt lat="46.7551860" lon="7.6343140"/>
   <trkpt lat="46.7552040" lon="7.6342940"/>
   <trkpt lat="46.7552240" lon="7.6342570"/>
   <trkpt lat="46.7552490" lon="7.6342320"/>
   <trkpt lat="46.7552730" lon="7.6342040"/>
   <trkpt lat="46.7553000" lon="7.6341770"/>
   <trkpt lat="46.7553180" lon="7.6341510"/>
   <trkpt lat="46.7553420" lon="7.6341160"/>
   <trkpt lat="46.7553660" lon="7.6340910"/>
   <trkpt lat="46.7553860" lon="7.6340530"/>
   <trkpt lat="46.7554080" lon="7.6340210"/>
   <trkpt lat="46.7554280" lon="7.6339960"/>
   <trkpt lat="46.7554530" lon="7.6339620"/>
   <trkpt lat="46.7554690" lon="7.6339340"/>
   <trkpt lat="46.7554940" lon="7.6338950"/>
   <trkpt lat="46.7555110" lon="7.6338660"/>
   <trkpt lat="46.7555330" lon="7.6338330"/>
   <trkpt lat="46.7555640" lon="7.6338130"/>
   <trkpt lat="46.7555860" lon="7.6337920"/>
   <trkpt lat="46.7556190" lon="7.6337730"/>
   <trkpt lat="46.7556350" lon="7.6337560"/>
   <trkpt lat="46.7556650" lon="7.6337350"/>
   <trkpt lat="46.7556880" lon="7.6337160"/>
   <trkpt lat="46.7557170" lon="7.6337000"/>
   <trkpt lat="46.7557460" lon="7.6336850"/>
   <trkpt lat="46.7557710" lon="7.6336730"/>
   <trkpt lat="46.7558000" lon="7.6336490"/>
   <trkpt lat="46.7558210" lon="7.6336360"/>
   <trkpt lat="46.7558460" lon="7.6336200"/>
   <trkpt lat="46.7558750" lon="7.6336090"/>
   <trkpt lat="46.7558980" lon="7.6335950"/>
   <trkpt lat="46.7559290" lon="7.6335760"/>
   <trkpt lat="46.7559530" lon="7.6335590"/>
   <trkpt lat="46.7559800" lon="7.6335360"/>
   <trkpt lat="46.7560100" lon="7.6335210"/>
   <trkpt lat="46.7560340" lon="7.6335020"/>
   <trkpt lat="46.7560670" lon="7.6334850"/>
   <trkpt lat="46.7560900" lon="7.6334710"/>
   <trkpt lat="46.7561210" lon="7.6334470"/>
   <trkpt lat="46.7561440" lon="7.6334330"/>
   <trkpt lat="46.7561740" lon="7.6334140"/>
   <trkpt lat="46.7562000" lon="7.6333960"/>
   <trkpt lat="46.7562180" lon="7.6333750"/>
   <trkpt lat="46.7562510" lon="7.6333560"/>
   <trkpt lat="46.7562700" lon="7.6333420"/>
   <trkpt lat="46.7562970" lon="7.6333200"/>
   <trkpt lat="46.7563180" lon="7.6333050"/>
   <trkpt lat="46.7563450" lon="7.6332890"/>
   <trkpt lat="46.7563760" lon="7.6332880"/>
   <trkpt lat="46.7564020" lon="7.6332800"/>
   <trkpt lat="46.7564370" lon="7.6332630"/>
   <trkpt lat="46.7564640" lon="7.6332470"/>
   <trkpt lat="46.7564940" lon="7.6332230"/>
   <trkpt lat="46.7565210" lon="7.6331990"/>
   <trkpt lat="46.7565500" lon="7.6331830"/>
   <trkpt lat="46.7565840" lon="7.6331560"/>
   <trkpt lat="46.7566130" lon="7.6331410"/>
   <trkpt lat="46.7566470" lon="7.6331200"/>
   <trkpt lat="46.7566780" lon="7.6331030"/>
   <trkpt lat="46.7567120" lon="7.6330840"/>
   <trkpt lat="46.7567350" lon="7.6330610"/>
   <trkpt lat="46.7567640" lon="7.6330400"/>
   <trkpt lat="46.7567920" lon="7.6330270"/>
   <trkpt lat="46.7568170" lon="7.6330090"/>
   <trkpt lat="46.7568470" lon="7.6329910"/>
   <trkpt lat="46.7568740" lon="7.6329700"/>
   <trkpt lat="46.7569070" lon="7.6329490"/>
   <trkpt lat="46.7569380" lon="7.6329300"/>
   <trkpt lat="46.7569640" lon="7.6329030"/>
   <trkpt lat="46.7569970" lon="7.6328820"/>
   <trkpt lat="46.7570240" lon="7.6328590"/>
   <trkpt lat="46.7570580" lon="7.6328390"/>
   <trkpt lat="46.7570900" lon="7.6328260"/>
   <trkpt lat="46.7571190" lon="7.6328130"/>
   <trkpt lat="46.7571520" lon="7.6328010"/>
   <trkpt lat="46.7571760" lon="7.6327840"/>
   <trkpt lat="46.7572070" lon="7.6327730"/>
   <trkpt lat="46.7572320" lon="7.6327590"/>
   <trkpt lat="46.7572590" lon="7.6327410"/>
   <trkpt lat="46.7572800" lon="7.6327110"/>
   <trkpt lat="46.7573030" lon="7.6326790"/>
   <trkpt lat="46.7573300" lon="7.6326580"/>
   <trkpt lat="46.7573550" lon="7.6326320"/>
   <trkpt lat="46.7573820" lon="7.6326050"/>
   <trkpt lat="46.7573990" lon="7.6325760"/>
   <trkpt lat="46.7574220" lon="7.6325340"/>
   <trkpt lat="46.7574310" lon="7.6324900"/>
   <trkpt lat="46.7574460" lon="7.6324430"/>
   <trkpt lat="46.7574650" lon="7.6324090"/>
   <trkpt lat="46.7574810" lon="7.6323680"/>
   <trkpt lat="46.7575050" lon="7.6323290"/>
   <trkpt lat="46.7575170" lon="7.6322940"/>
   <trkpt lat="46.7575370" lon="7.6322490"/>
   <trkpt lat="46.7575530" lon="7.6322140"/>
   <trkpt lat="46.7575700" lon="7.6321720"/>
   <trkpt lat="46.7575900" lon="7.6321320"/>
   <trkpt lat="46.7576060" lon="7.6320930"/>
   <trkpt lat="46.7576320" lon="7.6320520"/>
   <trkpt lat="46.7576450" lon="7.6320170"/>
   <trkpt lat="46.7576660" lon="7.6319680"/>
   <trkpt lat="46.7576770" lon="7.6319360"/>
   <trkpt lat="46.7576970" lon="7.6318910"/>
   <trkpt lat="46.7577150" lon="7.6318550"/>
   <trkpt lat="46.7577300" lon="7.6318100"/>
   <trkpt lat="46.7577510" lon="7.6317610"/>
   <trkpt lat="46.7577640" lon="7.6317230"/>
   <trkpt lat="46.7577860" lon="7.6316770"/>
   <trkpt lat="46.7578070" lon="7.6316430"/>
   <trkpt lat="46.7578280" lon="7.6316000"/>
   <trkpt lat="46.7578500" lon="7.6315620"/>
   <trkpt lat="46.7578670" lon="7.6315180"/>
   <trkpt lat="46.7578840" lon="7.6314780"/>
   <trkpt lat="46.7579000" lon="7.6314390"/>
   <trkpt lat="46.7579200" lon="7.6314020"/>
   <trkpt lat="46.7579390" lon="7.6313660"/>
   <trkpt lat="46.7579490" lon="7.6313270"/>
   <trkpt lat="46.7579570" lon="7.6312850"/>
   <trkpt lat="46.7579640" lon="7.6312400"/>
   <trkpt lat="46.7579750" lon="7.6311940"/>
   <trkpt lat="46.7579770" lon="7.6311530"/>
   <trkpt lat="46.7579780" lon="7.6311090"/>
   <trkpt lat="46.7579850" lon="7.6310670"/>
   <trkpt lat="46.7579930" lon="7.6310200"/>
   <trkpt lat="46.7580010" lon="7.6309760"/>
   <trkpt lat="46.7580090" lon="7.6309340"/>
   <trkpt lat="46.7580180" lon="7.6308860"/>
   <trkpt lat="46.7579980" lon="7.6308780"/>
   <trkpt lat="46.7579960" lon="7.6308320"/>
   <trkpt lat="46.7579930" lon="7.6307810"/>
   <trkpt lat="46.7579960" lon="7.6307470"/>
   <trkpt lat="46.7580110" lon="7.6307050"/>
   <trkpt lat="46.7580180" lon="7.6306730"/>
   <trkpt lat="46.7580330" lon="7.6306240"/>
   <trkpt lat="46.7580460" lon="7.6305910"/>
   <trkpt lat="46.7580590" lon="7.6305480"/>
   <trkpt lat="46.7580780" lon="7.6305110"/>
   <trkpt lat="46.7580920" lon="7.6304730"/>
   <trkpt lat="46.7581120" lon="7.6304310"/>
   <trkpt lat="46.7581210" lon="7.6304030"/>
   <trkpt lat="46.7581390" lon="7.6303570"/>
   <trkpt lat="46.7581500" lon="7.6303260"/>
   <trkpt lat="46.7581660" lon="7.6302840"/>
   <trkpt lat="46.7581820" lon="7.6302500"/>
   <trkpt lat="46.7581990" lon="7.6302130"/>
   <trkpt lat="46.7582190" lon="7.6301750"/>
   <trkpt lat="46.7582290" lon="7.6301450"/>
   <trkpt lat="46.7582480" lon="7.6301060"/>
   <trkpt lat="46.7582680" lon="7.6300840"/>
   <trkpt lat="46.7582890" lon="7.6300460"/>
   <trkpt lat="46.7583090" lon="7.6300190"/>
   <trkpt lat="46.7583260" lon="7.6299850"/>
   <trkpt lat="46.7583510" lon="7.6299460"/>
   <trkpt lat="46.7583650" lon="7.6299210"/>
   <trkpt lat="46.7583880" lon="7.6298840"/>
   <trkpt lat="46.7584080" lon="7.6298600"/>
   <trkpt lat="46.7584270" lon="7.6298240"/>
   <trkpt lat="46.7584480" lon="7.6297840"/>
   <trkpt lat="46.7584470" lon="7.6297370"/>
   <trkpt lat="46.7584440" lon="7.6296770"/>
   <trkpt lat="46.7584330" lon="7.6296430"/>
   <trkpt lat="46.7584120" lon="7.6296000"/>
   <trkpt lat="46.7583920" lon="7.6295780"/>
   <trkpt lat="46.7583620" lon="7.6295470"/>
   <trkpt lat="46.7583370" lon="7.6295230"/>
   <trkpt lat="46.7583100" lon="7.6294970"/>
   <trkpt lat="46.7582830" lon="7.6294670"/>
   <trkpt lat="46.7582660" lon="7.6294470"/>
   <trkpt lat="46.7582380" lon="7.6294180"/>
   <trkpt lat="46.7582180" lon="7.6294010"/>
   <trkpt lat="46.7581890" lon="7.6293730"/>
   <trkpt lat="46.7581620" lon="7.6293550"/>
   <trkpt lat="46.7581350" lon="7.6293350"/>
   <trkpt lat="46.7581030" lon="7.6293080"/>
   <trkpt lat="46.7580780" lon="7.6292980"/>
   <trkpt lat="46.7580450" lon="7.6292740"/>
   <trkpt lat="46.7580190" lon="7.6292630"/>
   <trkpt lat="46.7579850" lon="7.6292460"/>
   <trkpt lat="46.7579570" lon="7.6292280"/>
   <trkpt lat="46.7579300" lon="7.6292090"/>
   <trkpt lat="46.7579000" lon="7.6291850"/>
   <trkpt lat="46.7578720" lon="7.6291660"/>
   <trkpt lat="46.7578450" lon="7.6291470"/>
   <trkpt lat="46.7578220" lon="7.6291310"/>
   <trkpt lat="46.7577920" lon="7.6291200"/>
   <trkpt lat="46.7577630" lon="7.6290960"/>
   <trkpt lat="46.7577370" lon="7.6290790"/>
   <trkpt lat="46.7576950" lon="7.6290540"/>
   <trkpt lat="46.7576690" lon="7.6290310"/>
   <trkpt lat="46.7576370" lon="7.6290080"/>
   <trkpt lat="46.7576120" lon="7.6289690"/>
   <trkpt lat="46.7575920" lon="7.6289300"/>
   <trkpt lat="46.7575810" lon="7.6288790"/>
   <trkpt lat="46.7575800" lon="7.6288400"/>
   <trkpt lat="46.7575910" lon="7.6287920"/>
   <trkpt lat="46.7576010" lon="7.6287570"/>
   <trkpt lat="46.7576080" lon="7.6287110"/>
   <trkpt lat="46.7576240" lon="7.6286710"/>
   <trkpt lat="46.7576310" lon="7.6286350"/>
   <trkpt lat="46.7576500" lon="7.6285850"/>
   <trkpt lat="46.7576650" lon="7.6285520"/>
   <trkpt lat="46.7576840" lon="7.6285100"/>
   <trkpt lat="46.7577020" lon="7.6284810"/>
   <trkpt lat="46.7577140" lon="7.6284430"/>
   <trkpt lat="46.7577330" lon="7.6284020"/>
   <trkpt lat="46.7577490" lon="7.6283670"/>
   <trkpt lat="46.7577730" lon="7.6283280"/>
   <trkpt lat="46.7577900" lon="7.6282970"/>
   <trkpt lat="46.7578050" lon="7.6282600"/>
   <trkpt lat="46.7578220" lon="7.6282200"/>
   <trkpt lat="46.7578330" lon="7.6281880"/>
   <trkpt lat="46.7578580" lon="7.6281520"/>
   <trkpt lat="46.7578830" lon="7.6281300"/>
   <trkpt lat="46.7579070" lon="7.6280930"/>
   <trkpt lat="46.7579310" lon="7.6280660"/>
   <trkpt lat="46.7579500" lon="7.6280380"/>
   <trkpt lat="46.7579750" lon="7.6280070"/>
   <trkpt lat="46.7579960" lon="7.6279840"/>
   <trkpt lat="46.7580240" lon="7.6279530"/>
   <trkpt lat="46.7580470" lon="7.6279330"/>
   <trkpt lat="46.7580680" lon="7.6279010"/>
   <trkpt lat="46.7580930" lon="7.6278680"/>
   <trkpt lat="46.7581060" lon="7.6278300"/>
   <trkpt lat="46.7581340" lon="7.6277940"/>
   <trkpt lat="46.7581550" lon="7.6277740"/>
   <trkpt lat="46.7581840" lon="7.6277450"/>
   <trkpt lat="46.7582090" lon="7.6277200"/>
   <trkpt lat="46.7582320" lon="7.6276890"/>
   <trkpt lat="46.7582540" lon="7.6276610"/>
   <trkpt lat="46.7582730" lon="7.6276260"/>
   <trkpt lat="46.7582990" lon="7.6275930"/>
   <trkpt lat="46.7583120" lon="7.6275630"/>
   <trkpt lat="46.7583400" lon="7.6275300"/>
   <trkpt lat="46.7583620" lon="7.6275040"/>
   <trkpt lat="46.7583840" lon="7.6274710"/>
   <trkpt lat="46.7584120" lon="7.6274450"/>
   <trkpt lat="46.7584370" lon="7.6274270"/>
   <trkpt lat="46.7584640" lon="7.6273970"/>
   <trkpt lat="46.7584810" lon="7.6273690"/>
   <trkpt lat="46.7585040" lon="7.6273300"/>
   <trkpt lat="46.7585290" lon="7.6273110"/>
   <trkpt lat="46.7585520" lon="7.6272810"/>
   <trkpt lat="46.7585790" lon="7.6272540"/>
   <trkpt lat="46.7585990" lon="7.6272230"/>
   <trkpt lat="46.7586260" lon="7.6271960"/>
   <trkpt lat="46.7586490" lon="7.6271730"/>
   <trkpt lat="46.7586750" lon="7.6271440"/>
   <trkpt lat="46.7586960" lon="7.6271190"/>
   <trkpt lat="46.7587240" lon="7.6270960"/>
   <trkpt lat="46.7587520" lon="7.6270750"/>
   <trkpt lat="46.7587770" lon="7.6270540"/>
   <trkpt lat="46.7588070" lon="7.6270350"/>
   <trkpt lat="46.7588380" lon="7.6270240"/>
   <trkpt lat="46.7588670" lon="7.6270120"/>
   <trkpt lat="46.7588870" lon="7.6269970"/>
   <trkpt lat="46.7589080" lon="7.6269850"/>
   <trkpt lat="46.7589310" lon="7.6269690"/>
   <trkpt lat="46.7589500" lon="7.6269550"/>
   <trkpt lat="46.7589790" lon="7.6269360"/>
   <trkpt lat="46.7590050" lon="7.6269150"/>
   <trkpt lat="46.7590360" lon="7.6268980"/>
   <trkpt lat="46.7590680" lon="7.6268840"/>
   <trkpt lat="46.7590940" lon="7.6268670"/>
   <trkpt lat="46.7591290" lon="7.6268450"/>
   <trkpt lat="46.7591590" lon="7.6268300"/>
   <trkpt lat="46.7591930" lon="7.6268070"/>
   <trkpt lat="46.7592200" lon="7.6267940"/>
   <trkpt lat="46.7592490" lon="7.6267790"/>
   <trkpt lat="46.7592780" lon="7.6267580"/>
   <trkpt lat="46.7593060" lon="7.6267380"/>
   <trkpt lat="46.7593420" lon="7.6267170"/>
   <trkpt lat="46.7593670" lon="7.6267090"/>
   <trkpt lat="46.7593980" lon="7.6266910"/>
   <trkpt lat="46.7594230" lon="7.6266840"/>
   <trkpt lat="46.7594530" lon="7.6266690"/>
   <trkpt lat="46.7594820" lon="7.6266580"/>
   <trkpt lat="46.7595080" lon="7.6266380"/>
   <trkpt lat="46.7595400" lon="7.6266240"/>
   <trkpt lat="46.7595640" lon="7.6266130"/>
   <trkpt lat="46.7595950" lon="7.6265990"/>
   <trkpt lat="46.7596200" lon="7.6265880"/>
   <trkpt lat="46.7596450" lon="7.6265690"/>
   <trkpt lat="46.7596740" lon="7.6265530"/>
   <trkpt lat="46.7597020" lon="7.6265400"/>
   <trkpt lat="46.7597360" lon="7.6265320"/>
   <trkpt lat="46.7597660" lon="7.6265300"/>
   <trkpt lat="46.7597980" lon="7.6265580"/>
   <trkpt lat="46.7598310" lon="7.6265930"/>
   <trkpt lat="46.7598580" lon="7.6266270"/>
   <trkpt lat="46.7598880" lon="7.6266700"/>
   <trkpt lat="46.7599040" lon="7.6266920"/>
   <trkpt lat="46.7599300" lon="7.6267390"/>
   <trkpt lat="46.7599450" lon="7.6267730"/>
   <trkpt lat="46.7599650" lon="7.6268130"/>
   <trkpt lat="46.7599820" lon="7.6268460"/>
   <trkpt lat="46.7600000" lon="7.6268720"/>
   <trkpt lat="46.7600230" lon="7.6269110"/>
   <trkpt lat="46.7600360" lon="7.6269310"/>
   <trkpt lat="46.7600580" lon="7.6269750"/>
   <trkpt lat="46.7600730" lon="7.6270120"/>
   <trkpt lat="46.7600880" lon="7.6270430"/>
   <trkpt lat="46.7601070" lon="7.6270840"/>
   <trkpt lat="46.7601230" lon="7.6271110"/>
   <trkpt lat="46.7601430" lon="7.6271550"/>
   <trkpt lat="46.7601560" lon="7.6271810"/>
   <trkpt lat="46.7601780" lon="7.6272150"/>
   <trkpt lat="46.7601960" lon="7.6272480"/>
   <trkpt lat="46.7602120" lon="7.6272830"/>
   <trkpt lat="46.7602350" lon="7.6273250"/>
   <trkpt lat="46.7602480" lon="7.6273560"/>
   <trkpt lat="46.7602690" lon="7.6273950"/>
   <trkpt lat="46.7602880" lon="7.6274250"/>
   <trkpt lat="46.7603070" lon="7.6274560"/>
   <trkpt lat="46.7603260" lon="7.6274920"/>
   <trkpt lat="46.7603430" lon="7.6275210"/>
   <trkpt lat="46.7603640" lon="7.6275640"/>
   <trkpt lat="46.7603760" lon="7.6275940"/>
   <trkpt lat="46.7603900" lon="7.6276410"/>
   <trkpt lat="46.7603960" lon="7.6276850"/>
   <trkpt lat="46.7604090" lon="7.6277220"/>
   <trkpt lat="46.7604240" lon="7.6277720"/>
   <trkpt lat="46.7604330" lon="7.6278010"/>
   <trkpt lat="46.7604470" lon="7.6278450"/>
   <trkpt lat="46.7604590" lon="7.6278770"/>
   <trkpt lat="46.7604700" lon="7.6279110"/>
   <trkpt lat="46.7604830" lon="7.6279520"/>
   <trkpt lat="46.7604970" lon="7.6279840"/>
   <trkpt lat="46.7605140" lon="7.6280290"/>
   <trkpt lat="46.7605260" lon="7.6280610"/>
   <trkpt lat="46.7605390" lon="7.6281090"/>
   <trkpt lat="46.7605450" lon="7.6281460"/>
   <trkpt lat="46.7605560" lon="7.6281810"/>
   <trkpt lat="46.7605640" lon="7.6282270"/>
   <trkpt lat="46.7605720" lon="7.6282650"/>
   <trkpt lat="46.7605770" lon="7.6283090"/>
   <trkpt lat="46.7605820" lon="7.6283360"/>
   <trkpt lat="46.7605910" lon="7.6283830"/>
   <trkpt lat="46.7605950" lon="7.6284220"/>
   <trkpt lat="46.7606080" lon="7.6284580"/>
   <trkpt lat="46.7606200" lon="7.6285090"/>
   <trkpt lat="46.7606340" lon="7.6285330"/>
   <trkpt lat="46.7606540" lon="7.6285720"/>
   <trkpt lat="46.7606670" lon="7.6285960"/>
   <trkpt lat="46.7606900" lon="7.6286170"/>
   <trkpt lat="46.7607150" lon="7.6286280"/>
   <trkpt lat="46.7607410" lon="7.6286360"/>
   <trkpt lat="46.7607690" lon="7.6286390"/>
   <trkpt lat="46.7607870" lon="7.6286460"/>
   <trkpt lat="46.7608180" lon="7.6286530"/>
   <trkpt lat="46.7608450" lon="7.6286580"/>
   <trkpt lat="46.7608720" lon="7.6286500"/>
   <trkpt lat="46.7609000" lon="7.6286470"/>
   <trkpt lat="46.7609190" lon="7.6286390"/>
   <trkpt lat="46.7609490" lon="7.6286400"/>
   <trkpt lat="46.7609680" lon="7.6286420"/>
   <trkpt lat="46.7609950" lon="7.6286470"/>
   <trkpt lat="46.7610200" lon="7.6286460"/>
   <trkpt lat="46.7610450" lon="7.6286430"/>
   <trkpt lat="46.7610740" lon="7.6286450"/>
   <trkpt lat="46.7610960" lon="7.6286460"/>
   <trkpt lat="46.7611240" lon="7.6286460"/>
   <trkpt lat="46.7611520" lon="7.6286480"/>
   <trkpt lat="46.7611780" lon="7.6286470"/>
   <trkpt lat="46.7612070" lon="7.6286580"/>
   <trkpt lat="46.7612330" lon="7.6286760"/>
   <trkpt lat="46.7612690" lon="7.6286930"/>
   <trkpt lat="46.7612880" lon="7.6287330"/>
   <trkpt lat="46.7613000" lon="7.6287660"/>
   <trkpt lat="46.7612970" lon="7.6288140"/>
   <trkpt lat="46.7612990" lon="7.6288420"/>
   <trkpt lat="46.7612980" lon="7.6288870"/>
   <trkpt lat="46.7612930" lon="7.6289330"/>
   <trkpt lat="46.7612950" lon="7.6289670"/>
   <trkpt lat="46.7612900" lon="7.6290160"/>
   <trkpt lat="46.7612890" lon="7.6290430"/>
   <trkpt lat="46.7612840" lon="7.6290780"/>
   <trkpt lat="46.7612710" lon="7.6291130"/>
   <trkpt lat="46.7612590" lon="7.6291430"/>
   <trkpt lat="46.7612340" lon="7.6291770"/>
   <trkpt lat="46.7612220" lon="7.6291980"/>
   <trkpt lat="46.7611960" lon="7.6292180"/>
   <trkpt lat="46.7611680" lon="7.6292260"/>
   <trkpt lat="46.7611480" lon="7.6292330"/>
   <trkpt lat="46.7611310" lon="7.6292220"/>
   <trkpt lat="46.7611140" lon="7.6292020"/>
   <trkpt lat="46.7611040" lon="7.6291780"/>
   <trkpt lat="46.7610930" lon="7.6291610"/>
   <trkpt lat="46.7610910" lon="7.6291540"/>
   <trkpt lat="46.7610990" lon="7.6291520"/>
   <trkpt lat="46.7610900" lon="7.6291340"/>
   <trkpt lat="46.7610820" lon="7.6291350"/>
   <trkpt lat="46.7610840" lon="7.6291370"/>
   <trkpt lat="46.7610780" lon="7.6291300"/>
   <trkpt lat="46.7610580" lon="7.6291100"/>
   <trkpt lat="46.7610390" lon="7.6291050"/>
   <trkpt lat="46.7610280" lon="7.6290990"/>
   <trkpt lat="46.7610200" lon="7.6290950"/>
   <trkpt lat="46.7610150" lon="7.6290930"/>
   <trkpt lat="46.7610000" lon="7.6290970"/>
   <trkpt lat="46.7609900" lon="7.6290980"/>
   <trkpt lat="46.7609790" lon="7.6290870"/>
   <trkpt lat="46.7609620" lon="7.6290800"/>
   <trkpt lat="46.7609530" lon="7.6290760"/>
   <trkpt lat="46.7609380" lon="7.6290710"/>
   <trkpt lat="46.7609150" lon="7.6290800"/>
   <trkpt lat="46.7608950" lon="7.6290820"/>
   <trkpt lat="46.7608790" lon="7.6290870"/>
   <trkpt lat="46.7608530" lon="7.6290880"/>
   <trkpt lat="46.7608310" lon="7.6291010"/>
   <trkpt lat="46.7608150" lon="7.6291000"/>
   <trkpt lat="46.7607950" lon="7.6291120"/>
   <trkpt lat="46.7607770" lon="7.6291170"/>
   <trkpt lat="46.7607710" lon="7.6291330"/>
   <trkpt lat="46.7607560" lon="7.6291470"/>
   <trkpt lat="46.7607370" lon="7.6291620"/>
   <trkpt lat="46.7607380" lon="7.6291830"/>
   <trkpt lat="46.7607240" lon="7.6291990"/>
   <trkpt lat="46.7607050" lon="7.6292130"/>
   <trkpt lat="46.7607040" lon="7.6292180"/>
   <trkpt lat="46.7606890" lon="7.6292320"/>
   <trkpt lat="46.7606760" lon="7.6292400"/>
   <trkpt lat="46.7606690" lon="7.6292510"/>
   <trkpt lat="46.7606560" lon="7.6292610"/>
   <trkpt lat="46.7606440" lon="7.6292680"/>
   <trkpt lat="46.7606320" lon="7.6292660"/>
   <trkpt lat="46.7606180" lon="7.6292710"/>
   <trkpt lat="46.7606080" lon="7.6292750"/>
   <trkpt lat="46.7605930" lon="7.6292810"/>
   <trkpt lat="46.7605790" lon="7.6292840"/>
   <trkpt lat="46.7605700" lon="7.6292910"/>
   <trkpt lat="46.7605600" lon="7.6292930"/>
   <trkpt lat="46.7605440" lon="7.6293030"/>
   <trkpt lat="46.7605420" lon="7.6293080"/>
   <trkpt lat="46.7605340" lon="7.6293180"/>
   <trkpt lat="46.7605180" lon="7.6293300"/>
   <trkpt lat="46.7605040" lon="7.6293350"/>
   <trkpt lat="46.7604840" lon="7.6293440"/>
   <trkpt lat="46.7604650" lon="7.6293490"/>
   <trkpt lat="46.7604520" lon="7.6293540"/>
   <trkpt lat="46.7604290" lon="7.6293600"/>
   <trkpt lat="46.7604120" lon="7.6293700"/>
   <trkpt lat="46.7603930" lon="7.6293740"/>
   <trkpt lat="46.7603660" lon="7.6293720"/>
   <trkpt lat="46.7603460" lon="7.6293750"/>
   <trkpt lat="46.7603230" lon="7.6293790"/>
   <trkpt lat="46.7603020" lon="7.6293810"/>
   <trkpt lat="46.7602800" lon="7.6293880"/>
   <trkpt lat="46.7602580" lon="7.6293870"/>
   <trkpt lat="46.7602390" lon="7.6293840"/>
   <trkpt lat="46.7602200" lon="7.6293870"/>
   <trkpt lat="46.7601940" lon="7.6293860"/>
   <trkpt lat="46.7601780" lon="7.6293790"/>
   <trkpt lat="46.7601550" lon="7.6293780"/>
   <trkpt lat="46.7601250" lon="7.6293720"/>
   <trkpt lat="46.7601040" lon="7.6293720"/>
   <trkpt lat="46.7600760" lon="7.6293710"/>
   <trkpt lat="46.7600470" lon="7.6293650"/>
   <trkpt lat="46.7600180" lon="7.6293700"/>
   <trkpt lat="46.7599890" lon="7.6293730"/>
   <trkpt lat="46.7599610" lon="7.6293720"/>
   <trkpt lat="46.7599320" lon="7.6293750"/>
   <trkpt lat="46.7599040" lon="7.6293700"/>
   <trkpt lat="46.7598800" lon="7.6293670"/>
   <trkpt lat="46.7598590" lon="7.6293690"/>
   <trkpt lat="46.7598280" lon="7.6293830"/>
   <trkpt lat="46.7598080" lon="7.6293930"/>
   <trkpt lat="46.7597790" lon="7.6294230"/>
   <trkpt lat="46.7597580" lon="7.6294480"/>
   <trkpt lat="46.7597330" lon="7.6294940"/>
   <trkpt lat="46.7597130" lon="7.6295250"/>
   <trkpt lat="46.7596900" lon="7.6295580"/>
   <trkpt lat="46.7596710" lon="7.6295860"/>
   <trkpt lat="46.7596520" lon="7.6296120"/>
   <trkpt lat="46.7596250" lon="7.6296430"/>
   <trkpt lat="46.7596110" lon="7.6296640"/>
   <trkpt lat="46.7595840" lon="7.6296970"/>
   <trkpt lat="46.7595660" lon="7.6297200"/>
   <trkpt lat="46.7595500" lon="7.6297500"/>
   <trkpt lat="46.7595360" lon="7.6297850"/>
   <trkpt lat="46.7595290" lon="7.6298090"/>
   <trkpt lat="46.7595220" lon="7.6298500"/>
   <trkpt lat="46.7595280" lon="7.6298780"/>
   <trkpt lat="46.7595430" lon="7.6299030"/>
   <trkpt lat="46.7595560" lon="7.6299350"/>
   <trkpt lat="46.7595690" lon="7.6299480"/>
   <trkpt lat="46.7595830" lon="7.6299690"/>
   <trkpt lat="46.7595970" lon="7.6299910"/>
   <trkpt lat="46.7596140" lon="7.6300110"/>
   <trkpt lat="46.7596290" lon="7.6300360"/>
   <trkpt lat="46.7596380" lon="7.6300540"/>
   <trkpt lat="46.7596440" lon="7.6300680"/>
   <trkpt lat="46.7596560" lon="7.6300890"/>
   <trkpt lat="46.7596620" lon="7.6301040"/>
   <trkpt lat="46.7596700" lon="7.6301180"/>
   <trkpt lat="46.7596780" lon="7.6301490"/>
   <trkpt lat="46.7596820" lon="7.6301650"/>
   <trkpt lat="46.7596870" lon="7.6301840"/>
   <trkpt lat="46.7596940" lon="7.6301930"/>
   <trkpt lat="46.7597020" lon="7.6302020"/>
   <trkpt lat="46.7597060" lon="7.6302160"/>
   <trkpt lat="46.7597070" lon="7.6302260"/>
   <trkpt lat="46.7597130" lon="7.6302440"/>
   <trkpt lat="46.7597220" lon="7.6302580"/>
   <trkpt lat="46.7597240" lon="7.6302610"/>
   <trkpt lat="46.7597260" lon="7.6302860"/>
   <trkpt lat="46.7597290" lon="7.6302980"/>
   <trkpt lat="46.7597360" lon="7.6303020"/>
   <trkpt lat="46.7597390" lon="7.6303110"/>
   <trkpt lat="46.7597400" lon="7.6303100"/>
   <trkpt lat="46.7597350" lon="7.6303310"/>
   <trkpt lat="46.7597180" lon="7.6303550"/>
   <trkpt lat="46.7596930" lon="7.6303870"/>
   <trkpt lat="46.7596750" lon="7.6304120"/>
   <trkpt lat="46.7596550" lon="7.6304470"/>
   <trkpt lat="46.7596270" lon="7.6304820"/>
   <trkpt lat="46.7596050" lon="7.6305090"/>
   <trkpt lat="46.7595820" lon="7.6305410"/>
   <trkpt lat="46.7595590" lon="7.6305690"/>
   <trkpt lat="46.7595400" lon="7.6306030"/>
   <trkpt lat="46.7595100" lon="7.6306420"/>
   <trkpt lat="46.7594840" lon="7.6306750"/>
   <trkpt lat="46.7594600" lon="7.6307080"/>
   <trkpt lat="46.7594350" lon="7.6307420"/>
   <trkpt lat="46.7594090" lon="7.6307690"/>
   <trkpt lat="46.7593800" lon="7.6308080"/>
   <trkpt lat="46.7593600" lon="7.6308320"/>
   <trkpt lat="46.7593360" lon="7.6308630"/>
   <trkpt lat="46.7593120" lon="7.6308940"/>
   <trkpt lat="46.7592860" lon="7.6309190"/>
   <trkpt lat="46.7592630" lon="7.6309530"/>
   <trkpt lat="46.7592480" lon="7.6309770"/>
   <trkpt lat="46.7592350" lon="7.6310080"/>
   <trkpt lat="46.7592120" lon="7.6310390"/>
   <trkpt lat="46.7591860" lon="7.6310680"/>
   <trkpt lat="46.7591530" lon="7.6310920"/>
   <trkpt lat="46.7591270" lon="7.6311110"/>
   <trkpt lat="46.7590990" lon="7.6311150"/>
   <trkpt lat="46.7590690" lon="7.6311130"/>
   <trkpt lat="46.7590410" lon="7.6311140"/>
   <trkpt lat="46.7590060" lon="7.6311130"/>
   <trkpt lat="46.7589820" lon="7.6311090"/>
   <trkpt lat="46.7589460" lon="7.6311030"/>
   <trkpt lat="46.7589120" lon="7.6310980"/>
   <trkpt lat="46.7588810" lon="7.6310970"/>
   <trkpt lat="46.7588470" lon="7.6311060"/>
   <trkpt lat="46.7588150" lon="7.6311120"/>
   <trkpt lat="46.7587840" lon="7.6311250"/>
   <trkpt lat="46.7587550" lon="7.6311430"/>
   <trkpt lat="46.7587240" lon="7.6311740"/>
   <trkpt lat="46.7587020" lon="7.6311940"/>
   <trkpt lat="46.7586720" lon="7.6312300"/>
   <trkpt lat="46.7586550" lon="7.6312630"/>
   <trkpt lat="46.7586320" lon="7.6313020"/>
   <trkpt lat="46.7586070" lon="7.6313430"/>
   <trkpt lat="46.7585870" lon="7.6313710"/>
   <trkpt lat="46.7585630" lon="7.6314060"/>
   <trkpt lat="46.7585430" lon="7.6314390"/>
   <trkpt lat="46.7585250" lon="7.6314810"/>
   <trkpt lat="46.7585130" lon="7.6315240"/>
   <trkpt lat="46.7585010" lon="7.6315640"/>
   <trkpt lat="46.7584860" lon="7.6316150"/>
   <trkpt lat="46.7584800" lon="7.6316520"/>
   <trkpt lat="46.7584690" lon="7.6317150"/>
   <trkpt lat="46.7584620" lon="7.6317540"/>
   <trkpt lat="46.7584620" lon="7.6318040"/>
   <trkpt lat="46.7584770" lon="7.6318620"/>
   <trkpt lat="46.7584910" lon="7.6319000"/>
   <trkpt lat="46.7585200" lon="7.6319420"/>
   <trkpt lat="46.7585380" lon="7.6319700"/>
   <trkpt lat="46.7585650" lon="7.6320010"/>
   <trkpt lat="46.7585880" lon="7.6320220"/>
   <trkpt lat="46.7586360" lon="7.6320360"/>
   <trkpt lat="46.7586760" lon="7.6320400"/>
   <trkpt lat="46.7587060" lon="7.6320440"/>
   <trkpt lat="46.7587420" lon="7.6320460"/>
   <trkpt lat="46.7587710" lon="7.6320590"/>
   <trkpt lat="46.7588020" lon="7.6320670"/>
   <trkpt lat="46.7588340" lon="7.6320720"/>
   <trkpt lat="46.7588630" lon="7.6320870"/>
   <trkpt lat="46.7588960" lon="7.6321120"/>
   <trkpt lat="46.7589250" lon="7.6321230"/>
   <trkpt lat="46.7589490" lon="7.6321630"/>
   <trkpt lat="46.7589700" lon="7.6321920"/>
   <trkpt lat="46.7589880" lon="7.6322430"/>
   <trkpt lat="46.7590040" lon="7.6322860"/>
   <trkpt lat="46.7590120" lon="7.6323360"/>
   <trkpt lat="46.7590140" lon="7.6323890"/>
   <trkpt lat="46.7590130" lon="7.6324370"/>
   <trkpt lat="46.7589980" lon="7.6324870"/>
   <trkpt lat="46.7589860" lon="7.6325190"/>
   <trkpt lat="46.7589530" lon="7.6325570"/>
   <trkpt lat="46.7589280" lon="7.6325800"/>
   <trkpt lat="46.7589030" lon="7.6326110"/>
   <trkpt lat="46.7588750" lon="7.6326360"/>
   <trkpt lat="46.7588470" lon="7.6326500"/>
   <trkpt lat="46.7588120" lon="7.6326530"/>
   <trkpt lat="46.7587880" lon="7.6326630"/>
   <trkpt lat="46.7587500" lon="7.6326610"/>
   <trkpt lat="46.7587200" lon="7.6326570"/>
   <trkpt lat="46.7586880" lon="7.6326510"/>
   <trkpt lat="46.7586540" lon="7.6326400"/>
   <trkpt lat="46.7586240" lon="7.6326400"/>
   <trkpt lat="46.7585830" lon="7.6326270"/>
   <trkpt lat="46.7585520" lon="7.6326260"/>
   <trkpt lat="46.7585180" lon="7.6326150"/>
   <trkpt lat="46.7584860" lon="7.6326030"/>
   <trkpt lat="46.7584570" lon="7.6325860"/>
   <trkpt lat="46.7584240" lon="7.6325590"/>
   <trkpt lat="46.7583980" lon="7.6325500"/>
   <trkpt lat="46.7583590" lon="7.6325350"/>
   <trkpt lat="46.7583290" lon="7.6325290"/>
   <trkpt lat="46.7582960" lon="7.6325180"/>
   <trkpt lat="46.7582660" lon="7.6324950"/>
   <trkpt lat="46.7582410" lon="7.6324820"/>
   <trkpt lat="46.7582120" lon="7.6324430"/>
   <trkpt lat="46.7581920" lon="7.6324090"/>
   <trkpt lat="46.7581760" lon="7.6323590"/>
   <trkpt lat="46.7581660" lon="7.6323170"/>
   <trkpt lat="46.7581580" lon="7.6322670"/>
   <trkpt lat="46.7581540" lon="7.6322120"/>
   <trkpt lat="46.7581460" lon="7.6321550"/>
   <trkpt lat="46.7581430" lon="7.6320960"/>
   <trkpt lat="46.7581470" lon="7.6320440"/>
   <trkpt lat="46.7581520" lon="7.6319810"/>
   <trkpt lat="46.7581440" lon="7.6319380"/>
   <trkpt lat="46.7581420" lon="7.6318820"/>
   <trkpt lat="46.7581480" lon="7.6318430"/>
   <trkpt lat="46.7581490" lon="7.6317810"/>
   <trkpt lat="46.7581580" lon="7.6317350"/>
   <trkpt lat="46.7581540" lon="7.6316840"/>
   <trkpt lat="46.7581550" lon="7.6316370"/>
   <trkpt lat="46.7581570" lon="7.6315940"/>
   <trkpt lat="46.7581530" lon="7.6315460"/>
   <trkpt lat="46.7581460" lon="7.6314980"/>
   <trkpt lat="46.7581470" lon="7.6314400"/>
   <trkpt lat="46.7581410" lon="7.6313910"/>
   <trkpt lat="46.7581500" lon="7.6313310"/>
   <trkpt lat="46.7581550" lon="7.6312850"/>
   <trkpt lat="46.7581660" lon="7.6312300"/>
   <trkpt lat="46.7581800" lon="7.6311840"/>
   <trkpt lat="46.7581830" lon="7.6311240"/>
   <trkpt lat="46.7581850" lon="7.6310690"/>
   <trkpt lat="46.7581810" lon="7.6310290"/>
   <trkpt lat="46.7581780" lon="7.6309770"/>
   <trkpt lat="46.7581850" lon="7.6309230"/>
   <trkpt lat="46.7581970" lon="7.6308760"/>
   <trkpt lat="46.7582060" lon="7.6308270"/>
   <trkpt lat="46.7582190" lon="7.6307840"/>
   <trkpt lat="46.7582280" lon="7.6307450"/>
   <trkpt lat="46.7582570" lon="7.6306980"/>
   <trkpt lat="46.7582760" lon="7.6306610"/>
   <trkpt lat="46.7583020" lon="7.6306170"/>
   <trkpt lat="46.7583210" lon="7.6305760"/>
   <trkpt lat="46.7583500" lon="7.6305240"/>
   <trkpt lat="46.7583670" lon="7.6304810"/>
   <trkpt lat="46.7583930" lon="7.6304330"/>
   <trkpt lat="46.7584040" lon="7.6303880"/>
   <trkpt lat="46.7584310" lon="7.6303460"/>
   <trkpt lat="46.7584550" lon="7.6303080"/>
   <trkpt lat="46.7584800" lon="7.6302690"/>
   <trkpt lat="46.7585080" lon="7.6302360"/>
   <trkpt lat="46.7585270" lon="7.6301950"/>
   <trkpt lat="46.7585550" lon="7.6301570"/>
   <trkpt lat="46.7585750" lon="7.6301220"/>
   <trkpt lat="46.7585990" lon="7.6300790"/>
   <trkpt lat="46.7586210" lon="7.6300350"/>
   <trkpt lat="46.7586460" lon="7.6299870"/>
   <trkpt lat="46.7586670" lon="7.6299510"/>
   <trkpt lat="46.7586960" lon="7.6299130"/>
   <trkpt lat="46.7587130" lon="7.6298680"/>
   <trkpt lat="46.7587360" lon="7.6298250"/>
   <trkpt lat="46.7587590" lon="7.6297900"/>
   <trkpt lat="46.7587840" lon="7.6297500"/>
   <trkpt lat="46.7588080" lon="7.6297120"/>
   <trkpt lat="46.7588300" lon="7.6296750"/>
   <trkpt lat="46.7588560" lon="7.6296380"/>
   <trkpt lat="46.7588780" lon="7.6296000"/>
   <trkpt lat="46.7589070" lon="7.6295580"/>
   <trkpt lat="46.7589310" lon="7.6295260"/>
   <trkpt lat="46.7589570" lon="7.6294790"/>
   <trkpt lat="46.7589810" lon="7.6294510"/>
   <trkpt lat="46.7590020" lon="7.6293940"/>
   <trkpt lat="46.7590200" lon="7.6293560"/>
   <trkpt lat="46.7590470" lon="7.6293110"/>
   <trkpt lat="46.7590630" lon="7.6292750"/>
   <trkpt lat="46.7590880" lon="7.6292390"/>
   <trkpt lat="46.7591090" lon="7.6292020"/>
   <trkpt lat="46.7591310" lon="7.6291610"/>
   <trkpt lat="46.7591520" lon="7.6291250"/>
   <trkpt lat="46.7591750" lon="7.6290800"/>
   <trkpt lat="46.7591980" lon="7.6290420"/>
   <trkpt lat="46.7592240" lon="7.6290040"/>
   <trkpt lat="46.7592490" lon="7.6289720"/>
   <trkpt lat="46.7592790" lon="7.6289420"/>
   <trkpt lat="46.7593040" lon="7.6289110"/>
   <trkpt lat="46.7593310" lon="7.6288840"/>
   <trkpt lat="46.7593590" lon="7.6288660"/>
   <trkpt lat="46.7593850" lon="7.6288370"/>
   <trkpt lat="46.7594250" lon="7.6288240"/>
   <trkpt lat="46.7594500" lon="7.6287910"/>
   <trkpt lat="46.7594960" lon="7.6287730"/>
   <trkpt lat="46.7595360" lon="7.6287460"/>
   <trkpt lat="46.7595750" lon="7.6287290"/>
   <trkpt lat="46.7596130" lon="7.6287090"/>
   <trkpt lat="46.7596470" lon="7.6286960"/>
  </trkseg>
 </trk>
</gpx>
