<?xml version="1.0" encoding="UTF-8"?>
<gpx creator="StravaGPX" version="1.1" xmlns="http://www.topografix.com/GPX/1/1" xmlns:xsi="http://www.w3.org/2001/XMLSchema-instance" xsi:schemaLocation="http://www.topografix.com/GPX/1/1 http://www.topografix.com/GPX/1/1/gpx.xsd http://www.garmin.com/xmlschemas/GpxExtensions/v3 http://www.garmin.com/xmlschemas/GpxExtensionsv3.xsd http://www.garmin.com/xmlschemas/TrackPointExtension/v1 http://www.garmin.com/xmlschemas/TrackPointExtensionv1.xsd" xmlns:gpxtpx="http://www.garmin.com/xmlschemas/TrackPointExtension/v1" xmlns:gpxx="http://www.garmin.com/xmlschemas/GpxExtensions/v3">
 <trk>
  <name>Brienzerseelauf</name>
  <type>running</type>
  <trkseg>
   <trkpt lat="46.6889660" lon="7.8967400"/>
   <trkpt lat="46.6889710" lon="7.8966860"/>
   <trkpt lat="46.6889680" lon="7.8966270"/>
   <trkpt lat="46.6889580" lon="7.8965740"/>
   <trkpt lat="46.6889440" lon="7.8965180"/>
   <trkpt lat="46.6889280" lon="7.8964690"/>
   <trkpt lat="46.6889070" lon="7.8964180"/>
   <trkpt lat="46.6888860" lon="7.8963770"/>
   <trkpt lat="46.6888610" lon="7.8963300"/>
   <trkpt lat="46.6888390" lon="7.8962900"/>
   <trkpt lat="46.6888110" lon="7.8962400"/>
   <trkpt lat="46.6887860" lon="7.8961960"/>
   <trkpt lat="46.6887640" lon="7.8961570"/>
   <trkpt lat="46.6887420" lon="7.8961190"/>
   <trkpt lat="46.6887190" lon="7.8960800"/>
   <trkpt lat="46.6886950" lon="7.8960420"/>
   <trkpt lat="46.6886720" lon="7.8960040"/>
   <trkpt lat="46.6886490" lon="7.8959630"/>
   <trkpt lat="46.6886310" lon="7.8959270"/>
   <trkpt lat="46.6886080" lon="7.8958830"/>
   <trkpt lat="46.6885870" lon="7.8958380"/>
   <trkpt lat="46.6885620" lon="7.8957970"/>
   <trkpt lat="46.6885380" lon="7.8957570"/>
   <trkpt lat="46.6885150" lon="7.8957230"/>
   <trkpt lat="46.6884920" lon="7.8956820"/>
   <trkpt lat="46.6884710" lon="7.8956490"/>
   <trkpt lat="46.6884480" lon="7.8956060"/>
   <trkpt lat="46.6884270" lon="7.8955660"/>
   <trkpt lat="46.6884030" lon="7.8955300"/>
   <trkpt lat="46.6883800" lon="7.8954940"/>
   <trkpt lat="46.6883560" lon="7.8954570"/>
   <trkpt lat="46.6883310" lon="7.8954170"/>
   <trkpt lat="46.6883080" lon="7.8953820"/>
   <trkpt lat="46.6882840" lon="7.8953380"/>
   <trkpt lat="46.6882650" lon="7.8953030"/>
   <trkpt lat="46.6882450" lon="7.8952620"/>
   <trkpt lat="46.6882250" lon="7.8952230"/>
   <trkpt lat="46.6882050" lon="7.8951850"/>
   <trkpt lat="46.6881840" lon="7.8951440"/>
   <trkpt lat="46.6881630" lon="7.8951080"/>
   <trkpt lat="46.6881420" lon="7.8950660"/>
   <trkpt lat="46.6881200" lon="7.8950290"/>
   <trkpt lat="46.6880990" lon="7.8949870"/>
   <trkpt lat="46.6880800" lon="7.8949450"/>
   <trkpt lat="46.6880580" lon="7.8949070"/>
   <trkpt lat="46.6880360" lon="7.8948650"/>
   <trkpt lat="46.6880130" lon="7.8948250"/>
   <trkpt lat="46.6879890" lon="7.8947810"/>
   <trkpt lat="46.6879670" lon="7.8947450"/>
   <trkpt lat="46.6879480" lon="7.8947040"/>
   <trkpt lat="46.6879280" lon="7.8946670"/>
   <trkpt lat="46.6879050" lon="7.8946280"/>
   <trkpt lat="46.6878830" lon="7.8945890"/>
   <trkpt lat="46.6878600" lon="7.8945490"/>
   <trkpt lat="46.6878370" lon="7.8945080"/>
   <trkpt lat="46.6878160" lon="7.8944710"/>
   <trkpt lat="46.6877980" lon="7.8944260"/>
   <trkpt lat="46.6877860" lon="7.8943890"/>
   <trkpt lat="46.6877800" lon="7.8943460"/>
   <trkpt lat="46.6877820" lon="7.8942950"/>
   <trkpt lat="46.6877900" lon="7.8942450"/>
   <trkpt lat="46.6878100" lon="7.8941970"/>
   <trkpt lat="46.6878310" lon="7.8941540"/>
   <trkpt lat="46.6878610" lon="7.8941110"/>
   <trkpt lat="46.6878890" lon="7.8940760"/>
   <trkpt lat="46.6879200" lon="7.8940450"/>
   <trkpt lat="46.6879530" lon="7.8940190"/>
   <trkpt lat="46.6879830" lon="7.8939970"/>
   <trkpt lat="46.6880140" lon="7.8939760"/>
   <trkpt lat="46.6880450" lon="7.8939540"/>
   <trkpt lat="46.6880750" lon="7.8939310"/>
   <trkpt lat="46.6881040" lon="7.8939050"/>
   <trkpt lat="46.6881290" lon="7.8938800"/>
   <trkpt lat="46.6881580" lon="7.8938540"/>
   <trkpt lat="46.6881830" lon="7.8938290"/>
   <trkpt lat="46.6882060" lon="7.8938050"/>
   <trkpt lat="46.6882340" lon="7.8937800"/>
   <trkpt lat="46.6882620" lon="7.8937560"/>
   <trkpt lat="46.6882960" lon="7.8937270"/>
   <trkpt lat="46.6883260" lon="7.8936990"/>
   <trkpt lat="46.6883560" lon="7.8936700"/>
   <trkpt lat="46.6883880" lon="7.8936410"/>
   <trkpt lat="46.6884190" lon="7.8936130"/>
   <trkpt lat="46.6884490" lon="7.8935840"/>
   <trkpt lat="46.6884760" lon="7.8935600"/>
   <trkpt lat="46.6885010" lon="7.8935370"/>
   <trkpt lat="46.6885260" lon="7.8935150"/>
   <trkpt lat="46.6885520" lon="7.8934860"/>
   <trkpt lat="46.6885820" lon="7.8934560"/>
   <trkpt lat="46.6886100" lon="7.8934360"/>
   <trkpt lat="46.6886430" lon="7.8934220"/>
   <trkpt lat="46.6886720" lon="7.8934200"/>
   <trkpt lat="46.6887050" lon="7.8934390"/>
   <trkpt lat="46.6887340" lon="7.8934780"/>
   <trkpt lat="46.6887570" lon="7.8935160"/>
   <trkpt lat="46.6887770" lon="7.8935670"/>
   <trkpt lat="46.6887950" lon="7.8936100"/>
   <trkpt lat="46.6888090" lon="7.8936520"/>
   <trkpt lat="46.6888290" lon="7.8937030"/>
   <trkpt lat="46.6888460" lon="7.8937510"/>
   <trkpt lat="46.6888600" lon="7.8937990"/>
   <trkpt lat="46.6888710" lon="7.8938400"/>
   <trkpt lat="46.6888860" lon="7.8938880"/>
   <trkpt lat="46.6889020" lon="7.8939360"/>
   <trkpt lat="46.6889210" lon="7.8939790"/>
   <trkpt lat="46.6889410" lon="7.8940310"/>
   <trkpt lat="46.6889550" lon="7.8940680"/>
   <trkpt lat="46.6889710" lon="7.8941110"/>
   <trkpt lat="46.6889860" lon="7.8941570"/>
   <trkpt lat="46.6890010" lon="7.8941980"/>
   <trkpt lat="46.6890180" lon="7.8942430"/>
   <trkpt lat="46.6890310" lon="7.8942830"/>
   <trkpt lat="46.6890460" lon="7.8943280"/>
   <trkpt lat="46.6890640" lon="7.8943770"/>
   <trkpt lat="46.6890810" lon="7.8944200"/>
   <trkpt lat="46.6891000" lon="7.8944670"/>
   <trkpt lat="46.6891150" lon="7.8945060"/>
   <trkpt lat="46.6891310" lon="7.8945510"/>
   <trkpt lat="46.6891490" lon="7.8945980"/>
   <trkpt lat="46.6891650" lon="7.8946390"/>
   <trkpt lat="46.6891840" lon="7.8946820"/>
   <trkpt lat="46.6892000" lon="7.8947200"/>
   <trkpt lat="46.6892150" lon="7.8947620"/>
   <trkpt lat="46.6892290" lon="7.8948060"/>
   <trkpt lat="46.6892460" lon="7.8948460"/>
   <trkpt lat="46.6892620" lon="7.8948910"/>
   <trkpt lat="46.6892760" lon="7.8949310"/>
   <trkpt lat="46.6892910" lon="7.8949770"/>
   <trkpt lat="46.6893060" lon="7.8950250"/>
   <trkpt lat="46.6893210" lon="7.8950670"/>
   <trkpt lat="46.6893370" lon="7.8951170"/>
   <trkpt lat="46.6893510" lon="7.8951570"/>
   <trkpt lat="46.6893680" lon="7.8951990"/>
   <trkpt lat="46.6893870" lon="7.8952440"/>
   <trkpt lat="46.6894030" lon="7.8952800"/>
   <trkpt lat="46.6894180" lon="7.8953250"/>
   <trkpt lat="46.6894330" lon="7.8953650"/>
   <trkpt lat="46.6894470" lon="7.8954130"/>
   <trkpt lat="46.6894600" lon="7.8954590"/>
   <trkpt lat="46.6894760" lon="7.8954970"/>
   <trkpt lat="46.6894920" lon="7.8955440"/>
   <trkpt lat="46.6895070" lon="7.8955830"/>
   <trkpt lat="46.6895200" lon="7.8956280"/>
   <trkpt lat="46.6895390" lon="7.8956750"/>
   <trkpt lat="46.6895600" lon="7.8957100"/>
   <trkpt lat="46.6895780" lon="7.8957410"/>
   <trkpt lat="46.6895970" lon="7.8957730"/>
   <trkpt lat="46.6896190" lon="7.8958120"/>
   <trkpt lat="46.6896420" lon="7.8958500"/>
   <trkpt lat="46.6896660" lon="7.8958850"/>
   <trkpt lat="46.6896890" lon="7.8959210"/>
   <trkpt lat="46.6897110" lon="7.8959550"/>
   <trkpt lat="46.6897310" lon="7.8959890"/>
   <trkpt lat="46.6897560" lon="7.8960250"/>
   <trkpt lat="46.6897780" lon="7.8960540"/>
   <trkpt lat="46.6898030" lon="7.8960880"/>
   <trkpt lat="46.6898300" lon="7.8961160"/>
   <trkpt lat="46.6898490" lon="7.8961400"/>
   <trkpt lat="46.6898730" lon="7.8961660"/>
   <trkpt lat="46.6898960" lon="7.8961890"/>
   <trkpt lat="46.6899200" lon="7.8962140"/>
   <trkpt lat="46.6899430" lon="7.8962390"/>
   <trkpt lat="46.6899690" lon="7.8962670"/>
   <trkpt lat="46.6899960" lon="7.8962970"/>
   <trkpt lat="46.6900210" lon="7.8963240"/>
   <trkpt lat="46.6900470" lon="7.8963540"/>
   <trkpt lat="46.6900740" lon="7.8963810"/>
   <trkpt lat="46.6901020" lon="7.8964110"/>
   <trkpt lat="46.6901290" lon="7.8964400"/>
   <trkpt lat="46.6901560" lon="7.8964740"/>
   <trkpt lat="46.6901810" lon="7.8965190"/>
   <trkpt lat="46.6902030" lon="7.8965640"/>
   <trkpt lat="46.6902200" lon="7.8966120"/>
   <trkpt lat="46.6902300" lon="7.8966660"/>
   <trkpt lat="46.6902410" lon="7.8967190"/>
   <trkpt lat="46.6902480" lon="7.8967690"/>
   <trkpt lat="46.6902560" lon="7.8968190"/>
   <trkpt lat="46.6902610" lon="7.8968690"/>
   <trkpt lat="46.6902610" lon="7.8969160"/>
   <trkpt lat="46.6902570" lon="7.8969700"/>
   <trkpt lat="46.6902490" lon="7.8970160"/>
   <trkpt lat="46.6902370" lon="7.8970630"/>
   <trkpt lat="46.6902220" lon="7.8971090"/>
   <trkpt lat="46.6902060" lon="7.8971490"/>
   <trkpt lat="46.6901870" lon="7.8971900"/>
   <trkpt lat="46.6901630" lon="7.8972260"/>
   <trkpt lat="46.6901360" lon="7.8972620"/>
   <trkpt lat="46.6901090" lon="7.8972970"/>
   <trkpt lat="46.6900780" lon="7.8973330"/>
   <trkpt lat="46.6900490" lon="7.8973680"/>
   <trkpt lat="46.6900200" lon="7.8973950"/>
   <trkpt lat="46.6899900" lon="7.8974200"/>
   <trkpt lat="46.6899600" lon="7.8974390"/>
   <trkpt lat="46.6899280" lon="7.8974420"/>
   <trkpt lat="46.6898970" lon="7.8974270"/>
   <trkpt lat="46.6898660" lon="7.8974100"/>
   <trkpt lat="46.6898310" lon="7.8973800"/>
   <trkpt lat="46.6898000" lon="7.8973500"/>
   <trkpt lat="46.6897670" lon="7.8973160"/>
   <trkpt lat="46.6897390" lon="7.8972800"/>
   <trkpt lat="46.6897170" lon="7.8972500"/>
   <trkpt lat="46.6896910" lon="7.8972130"/>
   <trkpt lat="46.6896650" lon="7.8971830"/>
   <trkpt lat="46.6896370" lon="7.8971510"/>
   <trkpt lat="46.6896090" lon="7.8971230"/>
   <trkpt lat="46.6895760" lon="7.8970980"/>
   <trkpt lat="46.6895420" lon="7.8970810"/>
   <trkpt lat="46.6895110" lon="7.8970760"/>
   <trkpt lat="46.6894780" lon="7.8970800"/>
   <trkpt lat="46.6894530" lon="7.8970950"/>
   <trkpt lat="46.6894260" lon="7.8971170"/>
   <trkpt lat="46.6893960" lon="7.8971430"/>
   <trkpt lat="46.6893660" lon="7.8971670"/>
   <trkpt lat="46.6893340" lon="7.8971950"/>
   <trkpt lat="46.6893030" lon="7.8972230"/>
   <trkpt lat="46.6892730" lon="7.8972500"/>
   <trkpt lat="46.6892430" lon="7.8972780"/>
   <trkpt lat="46.6892130" lon="7.8973030"/>
   <trkpt lat="46.6891850" lon="7.8973270"/>
   <trkpt lat="46.6891560" lon="7.8973520"/>
   <trkpt lat="46.6891210" lon="7.8973790"/>
   <trkpt lat="46.6890910" lon="7.8974100"/>
   <trkpt lat="46.6890560" lon="7.8974410"/>
   <trkpt lat="46.6890290" lon="7.8974710"/>
   <trkpt lat="46.6890030" lon="7.8975030"/>
   <trkpt lat="46.6889750" lon="7.8975330"/>
   <trkpt lat="46.6889500" lon="7.8975660"/>
   <trkpt lat="46.6889200" lon="7.8976020"/>
   <trkpt lat="46.6888950" lon="7.8976360"/>
   <trkpt lat="46.6888710" lon="7.8976750"/>
   <trkpt lat="46.6888480" lon="7.8977080"/>
   <trkpt lat="46.6888260" lon="7.8977370"/>
   <trkpt lat="46.6887990" lon="7.8977630"/>
   <trkpt lat="46.6887700" lon="7.8977860"/>
   <trkpt lat="46.6887410" lon="7.8978060"/>
   <trkpt lat="46.6887140" lon="7.8978290"/>
   <trkpt lat="46.6886890" lon="7.8978550"/>
   <trkpt lat="46.6886600" lon="7.8978820"/>
   <trkpt lat="46.6886340" lon="7.8979030"/>
   <trkpt lat="46.6886070" lon="7.8979290"/>
   <trkpt lat="46.6885810" lon="7.8979540"/>
   <trkpt lat="46.6885530" lon="7.8979790"/>
   <trkpt lat="46.6885230" lon="7.8980030"/>
   <trkpt lat="46.6884920" lon="7.8980290"/>
   <trkpt lat="46.6884630" lon="7.8980550"/>
   <trkpt lat="46.6884370" lon="7.8980780"/>
   <trkpt lat="46.6884120" lon="7.8981000"/>
   <trkpt lat="46.6883840" lon="7.8981230"/>
   <trkpt lat="46.6883570" lon="7.8981520"/>
   <trkpt lat="46.6883290" lon="7.8981750"/>
   <trkpt lat="46.6883030" lon="7.8981980"/>
   <trkpt lat="46.6882740" lon="7.8982220"/>
   <trkpt lat="46.6882430" lon="7.8982460"/>
   <trkpt lat="46.6882130" lon="7.8982700"/>
   <trkpt lat="46.6881810" lon="7.8982950"/>
   <trkpt lat="46.6881550" lon="7.8983210"/>
   <trkpt lat="46.6881370" lon="7.8983490"/>
   <trkpt lat="46.6881240" lon="7.8983890"/>
   <trkpt lat="46.6881230" lon="7.8984320"/>
   <trkpt lat="46.6881270" lon="7.8984790"/>
   <trkpt lat="46.6881300" lon="7.8985250"/>
   <trkpt lat="46.6881370" lon="7.8985730"/>
   <trkpt lat="46.6881440" lon="7.8986260"/>
   <trkpt lat="46.6881550" lon="7.8986760"/>
   <trkpt lat="46.6881690" lon="7.8987240"/>
   <trkpt lat="46.6881860" lon="7.8987640"/>
   <trkpt lat="46.6881990" lon="7.8988060"/>
   <trkpt lat="46.6882130" lon="7.8988480"/>
   <trkpt lat="46.6882290" lon="7.8988860"/>
   <trkpt lat="46.6882430" lon="7.8989280"/>
   <trkpt lat="46.6882550" lon="7.8989650"/>
   <trkpt lat="46.6882700" lon="7.8990140"/>
   <trkpt lat="46.6882860" lon="7.8990600"/>
   <trkpt lat="46.6883010" lon="7.8991050"/>
   <trkpt lat="46.6883160" lon="7.8991480"/>
   <trkpt lat="46.6883310" lon="7.8991870"/>
   <trkpt lat="46.6883460" lon="7.8992320"/>
   <trkpt lat="46.6883620" lon="7.8992740"/>
   <trkpt lat="46.6883770" lon="7.8993190"/>
   <trkpt lat="46.6883900" lon="7.8993650"/>
   <trkpt lat="46.6884020" lon="7.8994060"/>
   <trkpt lat="46.6884140" lon="7.8994530"/>
   <trkpt lat="46.6884240" lon="7.8994970"/>
   <trkpt lat="46.6884340" lon="7.8995420"/>
   <trkpt lat="46.6884440" lon="7.8995920"/>
   <trkpt lat="46.6884550" lon="7.8996370"/>
   <trkpt lat="46.6884620" lon="7.8996860"/>
   <trkpt lat="46.6884680" lon="7.8997320"/>
   <trkpt lat="46.6884720" lon="7.8997800"/>
   <trkpt lat="46.6884730" lon="7.8998280"/>
   <trkpt lat="46.6884750" lon="7.8998730"/>
   <trkpt lat="46.6884780" lon="7.8999240"/>
   <trkpt lat="46.6884810" lon="7.8999700"/>
   <trkpt lat="46.6884830" lon="7.9000170"/>
   <trkpt lat="46.6884840" lon="7.9000680"/>
   <trkpt lat="46.6884840" lon="7.9001140"/>
   <trkpt lat="46.6884840" lon="7.9001650"/>
   <trkpt lat="46.6884820" lon="7.9002130"/>
   <trkpt lat="46.6884810" lon="7.9002600"/>
   <trkpt lat="46.6884790" lon="7.9003060"/>
   <trkpt lat="46.6884770" lon="7.9003490"/>
   <trkpt lat="46.6884730" lon="7.9003980"/>
   <trkpt lat="46.6884700" lon="7.9004420"/>
   <trkpt lat="46.6884690" lon="7.9004880"/>
   <trkpt lat="46.6884690" lon="7.9005380"/>
   <trkpt lat="46.6884680" lon="7.9005830"/>
   <trkpt lat="46.6884690" lon="7.9006360"/>
   <trkpt lat="46.6884700" lon="7.9006850"/>
   <trkpt lat="46.6884730" lon="7.9007340"/>
   <trkpt lat="46.6884750" lon="7.9007830"/>
   <trkpt lat="46.6884780" lon="7.9008250"/>
   <trkpt lat="46.6884810" lon="7.9008720"/>
   <trkpt lat="46.6884840" lon="7.9009190"/>
   <trkpt lat="46.6884890" lon="7.9009670"/>
   <trkpt lat="46.6884950" lon="7.9010140"/>
   <trkpt lat="46.6885000" lon="7.9010570"/>
   <trkpt lat="46.6885050" lon="7.9011030"/>
   <trkpt lat="46.6885110" lon="7.9011480"/>
   <trkpt lat="46.6885160" lon="7.9011910"/>
   <trkpt lat="46.6885200" lon="7.9012360"/>
   <trkpt lat="46.6885260" lon="7.9012780"/>
   <trkpt lat="46.6885300" lon="7.9013290"/>
   <trkpt lat="46.6885350" lon="7.9013770"/>
   <trkpt lat="46.6885410" lon="7.9014240"/>
   <trkpt lat="46.6885490" lon="7.9014740"/>
   <trkpt lat="46.6885550" lon="7.9015170"/>
   <trkpt lat="46.6885610" lon="7.9015600"/>
   <trkpt lat="46.6885670" lon="7.9016050"/>
   <trkpt lat="46.6885730" lon="7.9016490"/>
   <trkpt lat="46.6885820" lon="7.9016970"/>
   <trkpt lat="46.6885880" lon="7.9017400"/>
   <trkpt lat="46.6885950" lon="7.9017890"/>
   <trkpt lat="46.6886020" lon="7.9018360"/>
   <trkpt lat="46.6886090" lon="7.9018790"/>
   <trkpt lat="46.6886160" lon="7.9019290"/>
   <trkpt lat="46.6886200" lon="7.9019710"/>
   <trkpt lat="46.6886230" lon="7.9020220"/>
   <trkpt lat="46.6886260" lon="7.9020690"/>
   <trkpt lat="46.6886290" lon="7.9021180"/>
   <trkpt lat="46.6886340" lon="7.9021720"/>
   <trkpt lat="46.6886370" lon="7.9022210"/>
   <trkpt lat="46.6886410" lon="7.9022760"/>
   <trkpt lat="46.6886450" lon="7.9023230"/>
   <trkpt lat="46.6886500" lon="7.9023720"/>
   <trkpt lat="46.6886540" lon="7.9024240"/>
   <trkpt lat="46.6886550" lon="7.9024720"/>
   <trkpt lat="46.6886570" lon="7.9025270"/>
   <trkpt lat="46.6886580" lon="7.9025760"/>
   <trkpt lat="46.6886620" lon="7.9026220"/>
   <trkpt lat="46.6886650" lon="7.9026690"/>
   <trkpt lat="46.6886670" lon="7.9027100"/>
   <trkpt lat="46.6886680" lon="7.9027550"/>
   <trkpt lat="46.6886680" lon="7.9028040"/>
   <trkpt lat="46.6886710" lon="7.9028520"/>
   <trkpt lat="46.6886740" lon="7.9029030"/>
   <trkpt lat="46.6886750" lon="7.9029480"/>
   <trkpt lat="46.6886760" lon="7.9029990"/>
   <trkpt lat="46.6886770" lon="7.9030520"/>
   <trkpt lat="46.6886770" lon="7.9030940"/>
   <trkpt lat="46.6886800" lon="7.9031420"/>
   <trkpt lat="46.6886810" lon="7.9031850"/>
   <trkpt lat="46.6886830" lon="7.9032330"/>
   <trkpt lat="46.6886880" lon="7.9032830"/>
   <trkpt lat="46.6886940" lon="7.9033310"/>
   <trkpt lat="46.6887020" lon="7.9033790"/>
   <trkpt lat="46.6887090" lon="7.9034200"/>
   <trkpt lat="46.6887130" lon="7.9034700"/>
   <trkpt lat="46.6887160" lon="7.9035210"/>
   <trkpt lat="46.6887180" lon="7.9035770"/>
   <trkpt lat="46.6887190" lon="7.9036300"/>
   <trkpt lat="46.6887190" lon="7.9036770"/>
   <trkpt lat="46.6887150" lon="7.9037310"/>
   <trkpt lat="46.6887100" lon="7.9037750"/>
   <trkpt lat="46.6887050" lon="7.9038260"/>
   <trkpt lat="46.6887000" lon="7.9038760"/>
   <trkpt lat="46.6886940" lon="7.9039220"/>
   <trkpt lat="46.6886870" lon="7.9039720"/>
   <trkpt lat="46.6886830" lon="7.9040140"/>
   <trkpt lat="46.6886790" lon="7.9040640"/>
   <trkpt lat="46.6886740" lon="7.9041150"/>
   <trkpt lat="46.6886710" lon="7.9041630"/>
   <trkpt lat="46.6886670" lon="7.9042180"/>
   <trkpt lat="46.6886630" lon="7.9042650"/>
   <trkpt lat="46.6886590" lon="7.9043140"/>
   <trkpt lat="46.6886560" lon="7.9043640"/>
   <trkpt lat="46.6886520" lon="7.9044080"/>
   <trkpt lat="46.6886480" lon="7.9044550"/>
   <trkpt lat="46.6886430" lon="7.9045020"/>
   <trkpt lat="46.6886400" lon="7.9045550"/>
   <trkpt lat="46.6886390" lon="7.9046060"/>
   <trkpt lat="46.6886410" lon="7.9046530"/>
   <trkpt lat="46.6886410" lon="7.9047080"/>
   <trkpt lat="46.6886400" lon="7.9047530"/>
   <trkpt lat="46.6886400" lon="7.9048020"/>
   <trkpt lat="46.6886420" lon="7.9048550"/>
   <trkpt lat="46.6886430" lon="7.9049020"/>
   <trkpt lat="46.6886450" lon="7.9049530"/>
   <trkpt lat="46.6886480" lon="7.9049970"/>
   <trkpt lat="46.6886480" lon="7.9050440"/>
   <trkpt lat="46.6886480" lon="7.9050890"/>
   <trkpt lat="46.6886490" lon="7.9051290"/>
   <trkpt lat="46.6886490" lon="7.9051770"/>
   <trkpt lat="46.6886480" lon="7.9052200"/>
   <trkpt lat="46.6886490" lon="7.9052660"/>
   <trkpt lat="46.6886480" lon="7.9053160"/>
   <trkpt lat="46.6886480" lon="7.9053570"/>
   <trkpt lat="46.6886470" lon="7.9054050"/>
   <trkpt lat="46.6886450" lon="7.9054530"/>
   <trkpt lat="46.6886450" lon="7.9055040"/>
   <trkpt lat="46.6886450" lon="7.9055540"/>
   <trkpt lat="46.6886440" lon="7.9055960"/>
   <trkpt lat="46.6886420" lon="7.9056460"/>
   <trkpt lat="46.6886390" lon="7.9056930"/>
   <trkpt lat="46.6886380" lon="7.9057450"/>
   <trkpt lat="46.6886390" lon="7.9057980"/>
   <trkpt lat="46.6886410" lon="7.9058420"/>
   <trkpt lat="46.6886430" lon="7.9058880"/>
   <trkpt lat="46.6886450" lon="7.9059340"/>
   <trkpt lat="46.6886470" lon="7.9059800"/>
   <trkpt lat="46.6886460" lon="7.9060300"/>
   <trkpt lat="46.6886440" lon="7.9060770"/>
   <trkpt lat="46.6886450" lon="7.9061290"/>
   <trkpt lat="46.6886430" lon="7.9061740"/>
   <trkpt lat="46.6886400" lon="7.9062210"/>
   <trkpt lat="46.6886380" lon="7.9062670"/>
   <trkpt lat="46.6886340" lon="7.9063130"/>
   <trkpt lat="46.6886320" lon="7.9063650"/>
   <trkpt lat="46.6886300" lon="7.9064060"/>
   <trkpt lat="46.6886280" lon="7.9064530"/>
   <trkpt lat="46.6886260" lon="7.9065050"/>
   <trkpt lat="46.6886230" lon="7.9065520"/>
   <trkpt lat="46.6886210" lon="7.9066040"/>
   <trkpt lat="46.6886190" lon="7.9066480"/>
   <trkpt lat="46.6886160" lon="7.9066920"/>
   <trkpt lat="46.6886120" lon="7.9067440"/>
   <trkpt lat="46.6886120" lon="7.9067890"/>
   <trkpt lat="46.6886110" lon="7.9068340"/>
   <trkpt lat="46.6886100" lon="7.9068720"/>
   <trkpt lat="46.6886110" lon="7.9069210"/>
   <trkpt lat="46.6886100" lon="7.9069730"/>
   <trkpt lat="46.6886110" lon="7.9070260"/>
   <trkpt lat="46.6886110" lon="7.9070800"/>
   <trkpt lat="46.6886110" lon="7.9071270"/>
   <trkpt lat="46.6886100" lon="7.9071750"/>
   <trkpt lat="46.6886080" lon="7.9072250"/>
   <trkpt lat="46.6886090" lon="7.9072780"/>
   <trkpt lat="46.6886100" lon="7.9073330"/>
   <trkpt lat="46.6886110" lon="7.9073730"/>
   <trkpt lat="46.6886120" lon="7.9074180"/>
   <trkpt lat="46.6886120" lon="7.9074620"/>
   <trkpt lat="46.6886140" lon="7.9075060"/>
   <trkpt lat="46.6886140" lon="7.9075640"/>
   <trkpt lat="46.6886160" lon="7.9076110"/>
   <trkpt lat="46.6886150" lon="7.9076610"/>
   <trkpt lat="46.6886150" lon="7.9077060"/>
   <trkpt lat="46.6886160" lon="7.9077530"/>
   <trkpt lat="46.6886180" lon="7.9078050"/>
   <trkpt lat="46.6886210" lon="7.9078510"/>
   <trkpt lat="46.6886230" lon="7.9079010"/>
   <trkpt lat="46.6886240" lon="7.9079520"/>
   <trkpt lat="46.6886250" lon="7.9080040"/>
   <trkpt lat="46.6886250" lon="7.9080580"/>
   <trkpt lat="46.6886260" lon="7.9081050"/>
   <trkpt lat="46.6886260" lon="7.9081550"/>
   <trkpt lat="46.6886260" lon="7.9082000"/>
   <trkpt lat="46.6886260" lon="7.9082470"/>
   <trkpt lat="46.6886230" lon="7.9082980"/>
   <trkpt lat="46.6886200" lon="7.9083470"/>
   <trkpt lat="46.6886160" lon="7.9084060"/>
   <trkpt lat="46.6886130" lon="7.9084570"/>
   <trkpt lat="46.6886120" lon="7.9085150"/>
   <trkpt lat="46.6886110" lon="7.9085650"/>
   <trkpt lat="46.6886110" lon="7.9086110"/>
   <trkpt lat="46.6886120" lon="7.9086620"/>
   <trkpt lat="46.6886140" lon="7.9087070"/>
   <trkpt lat="46.6886160" lon="7.9087620"/>
   <trkpt lat="46.6886180" lon="7.9088080"/>
   <trkpt lat="46.6886200" lon="7.9088540"/>
   <trkpt lat="46.6886270" lon="7.9089010"/>
   <trkpt lat="46.6886330" lon="7.9089410"/>
   <trkpt lat="46.6886380" lon="7.9089890"/>
   <trkpt lat="46.6886410" lon="7.9090290"/>
   <trkpt lat="46.6886450" lon="7.9090830"/>
   <trkpt lat="46.6886470" lon="7.9091320"/>
   <trkpt lat="46.6886470" lon="7.9091840"/>
   <trkpt lat="46.6886440" lon="7.9092420"/>
   <trkpt lat="46.6886410" lon="7.9092930"/>
   <trkpt lat="46.6886370" lon="7.9093460"/>
   <trkpt lat="46.6886340" lon="7.9093920"/>
   <trkpt lat="46.6886300" lon="7.9094420"/>
   <trkpt lat="46.6886280" lon="7.9094860"/>
   <trkpt lat="46.6886210" lon="7.9095330"/>
   <trkpt lat="46.6886150" lon="7.9095850"/>
   <trkpt lat="46.6886090" lon="7.9096310"/>
   <trkpt lat="46.6886040" lon="7.9096770"/>
   <trkpt lat="46.6885990" lon="7.9097220"/>
   <trkpt lat="46.6885930" lon="7.9097650"/>
   <trkpt lat="46.6885860" lon="7.9098140"/>
   <trkpt lat="46.6885780" lon="7.9098580"/>
   <trkpt lat="46.6885710" lon="7.9099040"/>
   <trkpt lat="46.6885620" lon="7.9099510"/>
   <trkpt lat="46.6885560" lon="7.9099950"/>
   <trkpt lat="46.6885510" lon="7.9100390"/>
   <trkpt lat="46.6885450" lon="7.9100850"/>
   <trkpt lat="46.6885390" lon="7.9101350"/>
   <trkpt lat="46.6885300" lon="7.9101820"/>
   <trkpt lat="46.6885220" lon="7.9102350"/>
   <trkpt lat="46.6885140" lon="7.9102860"/>
   <trkpt lat="46.6885060" lon="7.9103370"/>
   <trkpt lat="46.6884960" lon="7.9103940"/>
   <trkpt lat="46.6884880" lon="7.9104450"/>
   <trkpt lat="46.6884770" lon="7.9105040"/>
   <trkpt lat="46.6884680" lon="7.9105550"/>
   <trkpt lat="46.6884570" lon="7.9105990"/>
   <trkpt lat="46.6884480" lon="7.9106450"/>
   <trkpt lat="46.6884400" lon="7.9106880"/>
   <trkpt lat="46.6884340" lon="7.9107290"/>
   <trkpt lat="46.6884260" lon="7.9107750"/>
   <trkpt lat="46.6884180" lon="7.9108160"/>
   <trkpt lat="46.6884120" lon="7.9108650"/>
   <trkpt lat="46.6884070" lon="7.9109070"/>
   <trkpt lat="46.6884010" lon="7.9109540"/>
   <trkpt lat="46.6883960" lon="7.9109980"/>
   <trkpt lat="46.6883900" lon="7.9110450"/>
   <trkpt lat="46.6883820" lon="7.9110860"/>
   <trkpt lat="46.6883760" lon="7.9111230"/>
   <trkpt lat="46.6883690" lon="7.9111670"/>
   <trkpt lat="46.6883600" lon="7.9112090"/>
   <trkpt lat="46.6883490" lon="7.9112600"/>
   <trkpt lat="46.6883340" lon="7.9113110"/>
   <trkpt lat="46.6883230" lon="7.9113630"/>
   <trkpt lat="46.6883140" lon="7.9114180"/>
   <trkpt lat="46.6883070" lon="7.9114570"/>
   <trkpt lat="46.6883000" lon="7.9115040"/>
   <trkpt lat="46.6882910" lon="7.9115570"/>
   <trkpt lat="46.6882830" lon="7.9116090"/>
   <trkpt lat="46.6882740" lon="7.9116690"/>
   <trkpt lat="46.6882690" lon="7.9117120"/>
   <trkpt lat="46.6882640" lon="7.9117550"/>
   <trkpt lat="46.6882570" lon="7.9117910"/>
   <trkpt lat="46.6882490" lon="7.9118380"/>
   <trkpt lat="46.6882410" lon="7.9118840"/>
   <trkpt lat="46.6882330" lon="7.9119260"/>
   <trkpt lat="46.6882230" lon="7.9119840"/>
   <trkpt lat="46.6882130" lon="7.9120300"/>
   <trkpt lat="46.6882040" lon="7.9120810"/>
   <trkpt lat="46.6881970" lon="7.9121300"/>
   <trkpt lat="46.6881890" lon="7.9121800"/>
   <trkpt lat="46.6881800" lon="7.9122350"/>
   <trkpt lat="46.6881720" lon="7.9122750"/>
   <trkpt lat="46.6881660" lon="7.9123170"/>
   <trkpt lat="46.6881610" lon="7.9123620"/>
   <trkpt lat="46.6881550" lon="7.9124080"/>
   <trkpt lat="46.6881510" lon="7.9124620"/>
   <trkpt lat="46.6881480" lon="7.9125080"/>
   <trkpt lat="46.6881490" lon="7.9125580"/>
   <trkpt lat="46.6881530" lon="7.9126110"/>
   <trkpt lat="46.6881570" lon="7.9126630"/>
   <trkpt lat="46.6881610" lon="7.9127080"/>
   <trkpt lat="46.6881640" lon="7.9127550"/>
   <trkpt lat="46.6881670" lon="7.9128060"/>
   <trkpt lat="46.6881690" lon="7.9128560"/>
   <trkpt lat="46.6881730" lon="7.9129020"/>
   <trkpt lat="46.6881770" lon="7.9129520"/>
   <trkpt lat="46.6881790" lon="7.9129970"/>
   <trkpt lat="46.6881830" lon="7.9130500"/>
   <trkpt lat="46.6881860" lon="7.9130960"/>
   <trkpt lat="46.6881900" lon="7.9131420"/>
   <trkpt lat="46.6881930" lon="7.9131910"/>
   <trkpt lat="46.6881970" lon="7.9132370"/>
   <trkpt lat="46.6882000" lon="7.9132920"/>
   <trkpt lat="46.6882050" lon="7.9133380"/>
   <trkpt lat="46.6882080" lon="7.9133810"/>
   <trkpt lat="46.6882090" lon="7.9134260"/>
   <trkpt lat="46.6882090" lon="7.9134750"/>
   <trkpt lat="46.6882110" lon="7.9135320"/>
   <trkpt lat="46.6882150" lon="7.9135800"/>
   <trkpt lat="46.6882170" lon="7.9136250"/>
   <trkpt lat="46.6882200" lon="7.9136720"/>
   <trkpt lat="46.6882190" lon="7.9137220"/>
   <trkpt lat="46.6882210" lon="7.9137710"/>
   <trkpt lat="46.6882250" lon="7.9138100"/>
   <trkpt lat="46.6882280" lon="7.9138580"/>
   <trkpt lat="46.6882330" lon="7.9139030"/>
   <trkpt lat="46.6882350" lon="7.9139470"/>
   <trkpt lat="46.6882400" lon="7.9139970"/>
   <trkpt lat="46.6882430" lon="7.9140400"/>
   <trkpt lat="46.6882470" lon="7.9140890"/>
   <trkpt lat="46.6882480" lon="7.9141380"/>
   <trkpt lat="46.6882520" lon="7.9141840"/>
   <trkpt lat="46.6882530" lon="7.9142290"/>
   <trkpt lat="46.6882550" lon="7.9142710"/>
   <trkpt lat="46.6882580" lon="7.9143200"/>
   <trkpt lat="46.6882610" lon="7.9143690"/>
   <trkpt lat="46.6882630" lon="7.9144190"/>
   <trkpt lat="46.6882670" lon="7.9144700"/>
   <trkpt lat="46.6882690" lon="7.9145160"/>
   <trkpt lat="46.6882720" lon="7.9145650"/>
   <trkpt lat="46.6882750" lon="7.9146070"/>
   <trkpt lat="46.6882780" lon="7.9146520"/>
   <trkpt lat="46.6882830" lon="7.9146980"/>
   <trkpt lat="46.6882860" lon="7.9147450"/>
   <trkpt lat="46.6882900" lon="7.9148040"/>
   <trkpt lat="46.6882950" lon="7.9148560"/>
   <trkpt lat="46.6883000" lon="7.9149130"/>
   <trkpt lat="46.6883040" lon="7.9149650"/>
   <trkpt lat="46.6883090" lon="7.9150180"/>
   <trkpt lat="46.6883120" lon="7.9150690"/>
   <trkpt lat="46.6883180" lon="7.9151160"/>
   <trkpt lat="46.6883250" lon="7.9151720"/>
   <trkpt lat="46.6883330" lon="7.9152170"/>
   <trkpt lat="46.6883430" lon="7.9152640"/>
   <trkpt lat="46.6883530" lon="7.9153110"/>
   <trkpt lat="46.6883620" lon="7.9153540"/>
   <trkpt lat="46.6883710" lon="7.9154020"/>
   <trkpt lat="46.6883800" lon="7.9154460"/>
   <trkpt lat="46.6883890" lon="7.9154950"/>
   <trkpt lat="46.6883970" lon="7.9155490"/>
   <trkpt lat="46.6884040" lon="7.9155910"/>
   <trkpt lat="46.6884120" lon="7.9156380"/>
   <trkpt lat="46.6884170" lon="7.9156820"/>
   <trkpt lat="46.6884210" lon="7.9157340"/>
   <trkpt lat="46.6884240" lon="7.9157760"/>
   <trkpt lat="46.6884250" lon="7.9158310"/>
   <trkpt lat="46.6884250" lon="7.9158780"/>
   <trkpt lat="46.6884250" lon="7.9159330"/>
   <trkpt lat="46.6884220" lon="7.9159890"/>
   <trkpt lat="46.6884170" lon="7.9160390"/>
   <trkpt lat="46.6884120" lon="7.9160870"/>
   <trkpt lat="46.6884040" lon="7.9161270"/>
   <trkpt lat="46.6883970" lon="7.9161700"/>
   <trkpt lat="46.6883900" lon="7.9162130"/>
   <trkpt lat="46.6883810" lon="7.9162570"/>
   <trkpt lat="46.6883730" lon="7.9163030"/>
   <trkpt lat="46.6883640" lon="7.9163450"/>
   <trkpt lat="46.6883550" lon="7.9163920"/>
   <trkpt lat="46.6883450" lon="7.9164360"/>
   <trkpt lat="46.6883350" lon="7.9164850"/>
   <trkpt lat="46.6883240" lon="7.9165340"/>
   <trkpt lat="46.6883130" lon="7.9165830"/>
   <trkpt lat="46.6883010" lon="7.9166370"/>
   <trkpt lat="46.6882900" lon="7.9166800"/>
   <trkpt lat="46.6882810" lon="7.9167310"/>
   <trkpt lat="46.6882730" lon="7.9167740"/>
   <trkpt lat="46.6882640" lon="7.9168240"/>
   <trkpt lat="46.6882530" lon="7.9168750"/>
   <trkpt lat="46.6882440" lon="7.9169210"/>
   <trkpt lat="46.6882350" lon="7.9169730"/>
   <trkpt lat="46.6882270" lon="7.9170170"/>
   <trkpt lat="46.6882170" lon="7.9170690"/>
   <trkpt lat="46.6882100" lon="7.9171130"/>
   <trkpt lat="46.6882010" lon="7.9171590"/>
   <trkpt lat="46.6881930" lon="7.9172080"/>
   <trkpt lat="46.6881840" lon="7.9172520"/>
   <trkpt lat="46.6881720" lon="7.9173020"/>
   <trkpt lat="46.6881600" lon="7.9173430"/>
   <trkpt lat="46.6881470" lon="7.9173890"/>
   <trkpt lat="46.6881340" lon="7.9174330"/>
   <trkpt lat="46.6881240" lon="7.9174720"/>
   <trkpt lat="46.6881140" lon="7.9175230"/>
   <trkpt lat="46.6881070" lon="7.9175750"/>
   <trkpt lat="46.6881000" lon="7.9176190"/>
   <trkpt lat="46.6880910" lon="7.9176630"/>
   <trkpt lat="46.6880820" lon="7.9177040"/>
   <trkpt lat="46.6880700" lon="7.9177500"/>
   <trkpt lat="46.6880590" lon="7.9177970"/>
   <trkpt lat="46.6880470" lon="7.9178490"/>
   <trkpt lat="46.6880370" lon="7.9178920"/>
   <trkpt lat="46.6880230" lon="7.9179400"/>
   <trkpt lat="46.6880100" lon="7.9179880"/>
   <trkpt lat="46.6879980" lon="7.9180350"/>
   <trkpt lat="46.6879880" lon="7.9180820"/>
   <trkpt lat="46.6879790" lon="7.9181260"/>
   <trkpt lat="46.6879720" lon="7.9181750"/>
   <trkpt lat="46.6879670" lon="7.9182230"/>
   <trkpt lat="46.6879630" lon="7.9182740"/>
   <trkpt lat="46.6879590" lon="7.9183260"/>
   <trkpt lat="46.6879570" lon="7.9183710"/>
   <trkpt lat="46.6879590" lon="7.9184170"/>
   <trkpt lat="46.6879620" lon="7.9184580"/>
   <trkpt lat="46.6879690" lon="7.9185060"/>
   <trkpt lat="46.6879760" lon="7.9185530"/>
   <trkpt lat="46.6879860" lon="7.9185930"/>
   <trkpt lat="46.6879980" lon="7.9186400"/>
   <trkpt lat="46.6880090" lon="7.9186820"/>
   <trkpt lat="46.6880240" lon="7.9187260"/>
   <trkpt lat="46.6880400" lon="7.9187680"/>
   <trkpt lat="46.6880580" lon="7.9188090"/>
   <trkpt lat="46.6880770" lon="7.9188500"/>
   <trkpt lat="46.6880960" lon="7.9188860"/>
   <trkpt lat="46.6881180" lon="7.9189260"/>
   <trkpt lat="46.6881370" lon="7.9189660"/>
   <trkpt lat="46.6881580" lon="7.9190030"/>
   <trkpt lat="46.6881810" lon="7.9190390"/>
   <trkpt lat="46.6882040" lon="7.9190700"/>
   <trkpt lat="46.6882260" lon="7.9191040"/>
   <trkpt lat="46.6882450" lon="7.9191370"/>
   <trkpt lat="46.6882650" lon="7.9191760"/>
   <trkpt lat="46.6882830" lon="7.9192150"/>
   <trkpt lat="46.6883000" lon="7.9192490"/>
   <trkpt lat="46.6883180" lon="7.9192860"/>
   <trkpt lat="46.6883350" lon="7.9193240"/>
   <trkpt lat="46.6883530" lon="7.9193660"/>
   <trkpt lat="46.6883670" lon="7.9194130"/>
   <trkpt lat="46.6883830" lon="7.9194540"/>
   <trkpt lat="46.6883970" lon="7.9195070"/>
   <trkpt lat="46.6884130" lon="7.9195470"/>
   <trkpt lat="46.6884310" lon="7.9195920"/>
   <trkpt lat="46.6884460" lon="7.9196390"/>
   <trkpt lat="46.6884610" lon="7.9196750"/>
   <trkpt lat="46.6884740" lon="7.9197210"/>
   <trkpt lat="46.6884830" lon="7.9197640"/>
   <trkpt lat="46.6884950" lon="7.9198100"/>
   <trkpt lat="46.6885060" lon="7.9198600"/>
   <trkpt lat="46.6885170" lon="7.9199000"/>
   <trkpt lat="46.6885310" lon="7.9199470"/>
   <trkpt lat="46.6885410" lon="7.9199910"/>
   <trkpt lat="46.6885540" lon="7.9200280"/>
   <trkpt lat="46.6885680" lon="7.9200730"/>
   <trkpt lat="46.6885810" lon="7.9201090"/>
   <trkpt lat="46.6885950" lon="7.9201510"/>
   <trkpt lat="46.6886090" lon="7.9201890"/>
   <trkpt lat="46.6886260" lon="7.9202310"/>
   <trkpt lat="46.6886420" lon="7.9202750"/>
   <trkpt lat="46.6886600" lon="7.9203140"/>
   <trkpt lat="46.6886750" lon="7.9203600"/>
   <trkpt lat="46.6886860" lon="7.9204020"/>
   <trkpt lat="46.6887000" lon="7.9204470"/>
   <trkpt lat="46.6887140" lon="7.9204920"/>
   <trkpt lat="46.6887300" lon="7.9205310"/>
   <trkpt lat="46.6887450" lon="7.9205760"/>
   <trkpt lat="46.6887600" lon="7.9206150"/>
   <trkpt lat="46.6887740" lon="7.9206500"/>
   <trkpt lat="46.6887920" lon="7.9206860"/>
   <trkpt lat="46.6888140" lon="7.9207170"/>
   <trkpt lat="46.6888370" lon="7.9207550"/>
   <trkpt lat="46.6888630" lon="7.9207820"/>
   <trkpt lat="46.6888900" lon="7.9208150"/>
   <trkpt lat="46.6889140" lon="7.9208460"/>
   <trkpt lat="46.6889390" lon="7.9208710"/>
   <trkpt lat="46.6889630" lon="7.9209000"/>
   <trkpt lat="46.6889890" lon="7.9209200"/>
   <trkpt lat="46.6890160" lon="7.9209480"/>
   <trkpt lat="46.6890390" lon="7.9209760"/>
   <trkpt lat="46.6890660" lon="7.9210040"/>
   <trkpt lat="46.6890950" lon="7.9210250"/>
   <trkpt lat="46.6891240" lon="7.9210490"/>
   <trkpt lat="46.6891520" lon="7.9210750"/>
   <trkpt lat="46.6891770" lon="7.9210950"/>
   <trkpt lat="46.6892070" lon="7.9211140"/>
   <trkpt lat="46.6892380" lon="7.9211370"/>
   <trkpt lat="46.6892720" lon="7.9211580"/>
   <trkpt lat="46.6893080" lon="7.9211830"/>
   <trkpt lat="46.6893420" lon="7.9212010"/>
   <trkpt lat="46.6893770" lon="7.9212190"/>
   <trkpt lat="46.6894160" lon="7.9212410"/>
   <trkpt lat="46.6894510" lon="7.9212500"/>
   <trkpt lat="46.6894890" lon="7.9212670"/>
   <trkpt lat="46.6895230" lon="7.9212790"/>
   <trkpt lat="46.6895580" lon="7.9212960"/>
   <trkpt lat="46.6895880" lon="7.9213070"/>
   <trkpt lat="46.6896220" lon="7.9213180"/>
   <trkpt lat="46.6896510" lon="7.9213260"/>
   <trkpt lat="46.6896850" lon="7.9213320"/>
   <trkpt lat="46.6897190" lon="7.9213440"/>
   <trkpt lat="46.6897500" lon="7.9213520"/>
   <trkpt lat="46.6897840" lon="7.9213670"/>
   <trkpt lat="46.6898120" lon="7.9213800"/>
   <trkpt lat="46.6898430" lon="7.9213940"/>
   <trkpt lat="46.6898700" lon="7.9214110"/>
   <trkpt lat="46.6898990" lon="7.9214240"/>
   <trkpt lat="46.6899270" lon="7.9214360"/>
   <trkpt lat="46.6899570" lon="7.9214490"/>
   <trkpt lat="46.6899830" lon="7.9214640"/>
   <trkpt lat="46.6900110" lon="7.9214800"/>
   <trkpt lat="46.6900370" lon="7.9214960"/>
   <trkpt lat="46.6900630" lon="7.9215160"/>
   <trkpt lat="46.6900840" lon="7.9215350"/>
   <trkpt lat="46.6901040" lon="7.9215500"/>
   <trkpt lat="46.6901270" lon="7.9215660"/>
   <trkpt lat="46.6901540" lon="7.9215840"/>
   <trkpt lat="46.6901790" lon="7.9216040"/>
   <trkpt lat="46.6902060" lon="7.9216250"/>
   <trkpt lat="46.6902340" lon="7.9216490"/>
   <trkpt lat="46.6902650" lon="7.9216810"/>
   <trkpt lat="46.6902920" lon="7.9217050"/>
   <trkpt lat="46.6903200" lon="7.9217380"/>
   <trkpt lat="46.6903520" lon="7.9217720"/>
   <trkpt lat="46.6903820" lon="7.9218100"/>
   <trkpt lat="46.6904090" lon="7.9218450"/>
   <trkpt lat="46.6904410" lon="7.9218780"/>
   <trkpt lat="46.6904690" lon="7.9219090"/>
   <trkpt lat="46.6904970" lon="7.9219360"/>
   <trkpt lat="46.6905220" lon="7.9219600"/>
   <trkpt lat="46.6905430" lon="7.9219880"/>
   <trkpt lat="46.6905640" lon="7.9220230"/>
   <trkpt lat="46.6905850" lon="7.9220560"/>
   <trkpt lat="46.6906180" lon="7.9220870"/>
   <trkpt lat="46.6906470" lon="7.9221230"/>
   <trkpt lat="46.6906790" lon="7.9221490"/>
   <trkpt lat="46.6907090" lon="7.9221840"/>
   <trkpt lat="46.6907380" lon="7.9222170"/>
   <trkpt lat="46.6907680" lon="7.9222520"/>
   <trkpt lat="46.6907980" lon="7.9222920"/>
   <trkpt lat="46.6908270" lon="7.9223210"/>
   <trkpt lat="46.6908530" lon="7.9223600"/>
   <trkpt lat="46.6908800" lon="7.9223950"/>
   <trkpt lat="46.6909020" lon="7.9224330"/>
   <trkpt lat="46.6909200" lon="7.9224730"/>
   <trkpt lat="46.6909410" lon="7.9225040"/>
   <trkpt lat="46.6909660" lon="7.9225460"/>
   <trkpt lat="46.6909930" lon="7.9225810"/>
   <trkpt lat="46.6910150" lon="7.9226240"/>
   <trkpt lat="46.6910330" lon="7.9226590"/>
   <trkpt lat="46.6910550" lon="7.9227020"/>
   <trkpt lat="46.6910770" lon="7.9227520"/>
   <trkpt lat="46.6911010" lon="7.9227940"/>
   <trkpt lat="46.6911200" lon="7.9228430"/>
   <trkpt lat="46.6911390" lon="7.9228840"/>
   <trkpt lat="46.6911550" lon="7.9229210"/>
   <trkpt lat="46.6911730" lon="7.9229670"/>
   <trkpt lat="46.6911920" lon="7.9230060"/>
   <trkpt lat="46.6912110" lon="7.9230460"/>
   <trkpt lat="46.6912270" lon="7.9230770"/>
   <trkpt lat="46.6912450" lon="7.9231150"/>
   <trkpt lat="46.6912620" lon="7.9231490"/>
   <trkpt lat="46.6912810" lon="7.9231820"/>
   <trkpt lat="46.6912990" lon="7.9232230"/>
   <trkpt lat="46.6913130" lon="7.9232500"/>
   <trkpt lat="46.6913320" lon="7.9232880"/>
   <trkpt lat="46.6913460" lon="7.9233250"/>
   <trkpt lat="46.6913620" lon="7.9233610"/>
   <trkpt lat="46.6913820" lon="7.9234070"/>
   <trkpt lat="46.6914020" lon="7.9234450"/>
   <trkpt lat="46.6914230" lon="7.9234900"/>
   <trkpt lat="46.6914410" lon="7.9235380"/>
   <trkpt lat="46.6914590" lon="7.9235850"/>
   <trkpt lat="46.6914740" lon="7.9236300"/>
   <trkpt lat="46.6914840" lon="7.9236690"/>
   <trkpt lat="46.6914980" lon="7.9237140"/>
   <trkpt lat="46.6915120" lon="7.9237600"/>
   <trkpt lat="46.6915260" lon="7.9238090"/>
   <trkpt lat="46.6915400" lon="7.9238600"/>
   <trkpt lat="46.6915540" lon="7.9239090"/>
   <trkpt lat="46.6915680" lon="7.9239600"/>
   <trkpt lat="46.6915820" lon="7.9240030"/>
   <trkpt lat="46.6915940" lon="7.9240420"/>
   <trkpt lat="46.6916070" lon="7.9240910"/>
   <trkpt lat="46.6916200" lon="7.9241360"/>
   <trkpt lat="46.6916330" lon="7.9241760"/>
   <trkpt lat="46.6916460" lon="7.9242160"/>
   <trkpt lat="46.6916560" lon="7.9242610"/>
   <trkpt lat="46.6916670" lon="7.9243120"/>
   <trkpt lat="46.6916770" lon="7.9243590"/>
   <trkpt lat="46.6916870" lon="7.9244100"/>
   <trkpt lat="46.6916970" lon="7.9244550"/>
   <trkpt lat="46.6917080" lon="7.9245030"/>
   <trkpt lat="46.6917180" lon="7.9245530"/>
   <trkpt lat="46.6917280" lon="7.9245930"/>
   <trkpt lat="46.6917400" lon="7.9246410"/>
   <trkpt lat="46.6917530" lon="7.9246810"/>
   <trkpt lat="46.6917660" lon="7.9247220"/>
   <trkpt lat="46.6917790" lon="7.9247560"/>
   <trkpt lat="46.6917920" lon="7.9247910"/>
   <trkpt lat="46.6918100" lon="7.9248320"/>
   <trkpt lat="46.6918260" lon="7.9248680"/>
   <trkpt lat="46.6918440" lon="7.9249120"/>
   <trkpt lat="46.6918600" lon="7.9249530"/>
   <trkpt lat="46.6918770" lon="7.9249960"/>
   <trkpt lat="46.6918950" lon="7.9250400"/>
   <trkpt lat="46.6919110" lon="7.9250820"/>
   <trkpt lat="46.6919290" lon="7.9251230"/>
   <trkpt lat="46.6919460" lon="7.9251580"/>
   <trkpt lat="46.6919660" lon="7.9251980"/>
   <trkpt lat="46.6919850" lon="7.9252410"/>
   <trkpt lat="46.6920040" lon="7.9252770"/>
   <trkpt lat="46.6920240" lon="7.9253180"/>
   <trkpt lat="46.6920440" lon="7.9253550"/>
   <trkpt lat="46.6920650" lon="7.9253920"/>
   <trkpt lat="46.6920860" lon="7.9254310"/>
   <trkpt lat="46.6921110" lon="7.9254650"/>
   <trkpt lat="46.6921320" lon="7.9255080"/>
   <trkpt lat="46.6921510" lon="7.9255450"/>
   <trkpt lat="46.6921700" lon="7.9255800"/>
   <trkpt lat="46.6921810" lon="7.9256210"/>
   <trkpt lat="46.6921900" lon="7.9256630"/>
   <trkpt lat="46.6921920" lon="7.9257040"/>
   <trkpt lat="46.6921910" lon="7.9257420"/>
   <trkpt lat="46.6921840" lon="7.9257770"/>
   <trkpt lat="46.6921760" lon="7.9258120"/>
   <trkpt lat="46.6921580" lon="7.9258470"/>
   <trkpt lat="46.6921440" lon="7.9258810"/>
   <trkpt lat="46.6921320" lon="7.9259150"/>
   <trkpt lat="46.6921210" lon="7.9259510"/>
   <trkpt lat="46.6921130" lon="7.9259900"/>
   <trkpt lat="46.6921070" lon="7.9260260"/>
   <trkpt lat="46.6921050" lon="7.9260640"/>
   <trkpt lat="46.6921060" lon="7.9261040"/>
   <trkpt lat="46.6921110" lon="7.9261400"/>
   <trkpt lat="46.6921200" lon="7.9261750"/>
   <trkpt lat="46.6921330" lon="7.9261950"/>
   <trkpt lat="46.6921460" lon="7.9262170"/>
   <trkpt lat="46.6921610" lon="7.9262420"/>
   <trkpt lat="46.6921780" lon="7.9262660"/>
   <trkpt lat="46.6921950" lon="7.9262930"/>
   <trkpt lat="46.6922120" lon="7.9263190"/>
   <trkpt lat="46.6922300" lon="7.9263430"/>
   <trkpt lat="46.6922480" lon="7.9263670"/>
   <trkpt lat="46.6922640" lon="7.9263870"/>
   <trkpt lat="46.6922820" lon="7.9264100"/>
   <trkpt lat="46.6923010" lon="7.9264390"/>
   <trkpt lat="46.6923190" lon="7.9264590"/>
   <trkpt lat="46.6923390" lon="7.9264840"/>
   <trkpt lat="46.6923610" lon="7.9265080"/>
   <trkpt lat="46.6923820" lon="7.9265220"/>
   <trkpt lat="46.6924010" lon="7.9265440"/>
   <trkpt lat="46.6924200" lon="7.9265650"/>
   <trkpt lat="46.6924390" lon="7.9265840"/>
   <trkpt lat="46.6924580" lon="7.9266070"/>
   <trkpt lat="46.6924790" lon="7.9266290"/>
   <trkpt lat="46.6924970" lon="7.9266510"/>
   <trkpt lat="46.6925150" lon="7.9266730"/>
   <trkpt lat="46.6925330" lon="7.9266900"/>
   <trkpt lat="46.6925480" lon="7.9267210"/>
   <trkpt lat="46.6925600" lon="7.9267500"/>
   <trkpt lat="46.6925730" lon="7.9267750"/>
   <trkpt lat="46.6925790" lon="7.9268130"/>
   <trkpt lat="46.6925810" lon="7.9268430"/>
   <trkpt lat="46.6925800" lon="7.9268770"/>
   <trkpt lat="46.6925660" lon="7.9268990"/>
   <trkpt lat="46.6925530" lon="7.9269160"/>
   <trkpt lat="46.6925340" lon="7.9269320"/>
   <trkpt lat="46.6925090" lon="7.9269360"/>
   <trkpt lat="46.6924830" lon="7.9269440"/>
   <trkpt lat="46.6924480" lon="7.9269500"/>
   <trkpt lat="46.6924160" lon="7.9269560"/>
   <trkpt lat="46.6923880" lon="7.9269620"/>
   <trkpt lat="46.6923590" lon="7.9269620"/>
   <trkpt lat="46.6923290" lon="7.9269640"/>
   <trkpt lat="46.6922990" lon="7.9269580"/>
   <trkpt lat="46.6922720" lon="7.9269460"/>
   <trkpt lat="46.6922480" lon="7.9269370"/>
   <trkpt lat="46.6922200" lon="7.9269240"/>
   <trkpt lat="46.6921950" lon="7.9269140"/>
   <trkpt lat="46.6921720" lon="7.9269020"/>
   <trkpt lat="46.6921470" lon="7.9268920"/>
   <trkpt lat="46.6921230" lon="7.9268830"/>
   <trkpt lat="46.6920930" lon="7.9268700"/>
   <trkpt lat="46.6920680" lon="7.9268580"/>
   <trkpt lat="46.6920390" lon="7.9268470"/>
   <trkpt lat="46.6920110" lon="7.9268370"/>
   <trkpt lat="46.6919860" lon="7.9268300"/>
   <trkpt lat="46.6919600" lon="7.9268180"/>
   <trkpt lat="46.6919360" lon="7.9268080"/>
   <trkpt lat="46.6919090" lon="7.9268020"/>
   <trkpt lat="46.6918800" lon="7.9267950"/>
   <trkpt lat="46.6918530" lon="7.9267920"/>
   <trkpt lat="46.6918270" lon="7.9267820"/>
   <trkpt lat="46.6918020" lon="7.9267730"/>
   <trkpt lat="46.6917740" lon="7.9267680"/>
   <trkpt lat="46.6917440" lon="7.9267560"/>
   <trkpt lat="46.6917180" lon="7.9267470"/>
   <trkpt lat="46.6916910" lon="7.9267330"/>
   <trkpt lat="46.6916630" lon="7.9267180"/>
   <trkpt lat="46.6916350" lon="7.9267050"/>
   <trkpt lat="46.6916070" lon="7.9266850"/>
   <trkpt lat="46.6915830" lon="7.9266650"/>
   <trkpt lat="46.6915590" lon="7.9266400"/>
   <trkpt lat="46.6915380" lon="7.9266120"/>
   <trkpt lat="46.6915180" lon="7.9265860"/>
   <trkpt lat="46.6914970" lon="7.9265500"/>
   <trkpt lat="46.6914790" lon="7.9265150"/>
   <trkpt lat="46.6914620" lon="7.9264760"/>
   <trkpt lat="46.6914440" lon="7.9264330"/>
   <trkpt lat="46.6914290" lon="7.9263990"/>
   <trkpt lat="46.6914100" lon="7.9263480"/>
   <trkpt lat="46.6913970" lon="7.9263110"/>
   <trkpt lat="46.6913810" lon="7.9262680"/>
   <trkpt lat="46.6913670" lon="7.9262260"/>
   <trkpt lat="46.6913530" lon="7.9261890"/>
   <trkpt lat="46.6913380" lon="7.9261410"/>
   <trkpt lat="46.6913270" lon="7.9261040"/>
   <trkpt lat="46.6913130" lon="7.9260640"/>
   <trkpt lat="46.6912970" lon="7.9260220"/>
   <trkpt lat="46.6912820" lon="7.9259830"/>
   <trkpt lat="46.6912650" lon="7.9259440"/>
   <trkpt lat="46.6912470" lon="7.9259210"/>
   <trkpt lat="46.6912260" lon="7.9259060"/>
   <trkpt lat="46.6912110" lon="7.9259060"/>
   <trkpt lat="46.6911870" lon="7.9259210"/>
   <trkpt lat="46.6911580" lon="7.9259320"/>
   <trkpt lat="46.6911280" lon="7.9259380"/>
   <trkpt lat="46.6911010" lon="7.9259360"/>
   <trkpt lat="46.6910730" lon="7.9259340"/>
   <trkpt lat="46.6910450" lon="7.9259280"/>
   <trkpt lat="46.6910130" lon="7.9259320"/>
   <trkpt lat="46.6909930" lon="7.9259660"/>
   <trkpt lat="46.6909880" lon="7.9259820"/>
   <trkpt lat="46.6909630" lon="7.9259830"/>
   <trkpt lat="46.6909430" lon="7.9259840"/>
   <trkpt lat="46.6909170" lon="7.9259690"/>
   <trkpt lat="46.6908930" lon="7.9259590"/>
   <trkpt lat="46.6908690" lon="7.9259380"/>
   <trkpt lat="46.6908520" lon="7.9259100"/>
   <trkpt lat="46.6908400" lon="7.9258940"/>
   <trkpt lat="46.6908260" lon="7.9258650"/>
   <trkpt lat="46.6908160" lon="7.9258310"/>
   <trkpt lat="46.6908070" lon="7.9258100"/>
   <trkpt lat="46.6907980" lon="7.9257750"/>
   <trkpt lat="46.6907920" lon="7.9257460"/>
   <trkpt lat="46.6907850" lon="7.9257180"/>
   <trkpt lat="46.6907780" lon="7.9256860"/>
   <trkpt lat="46.6907730" lon="7.9256620"/>
   <trkpt lat="46.6907650" lon="7.9256250"/>
   <trkpt lat="46.6907570" lon="7.9255910"/>
   <trkpt lat="46.6907520" lon="7.9255600"/>
   <trkpt lat="46.6907430" lon="7.9255310"/>
   <trkpt lat="46.6907330" lon="7.9254920"/>
   <trkpt lat="46.6907250" lon="7.9254550"/>
   <trkpt lat="46.6907110" lon="7.9254160"/>
   <trkpt lat="46.6907000" lon="7.9253870"/>
   <trkpt lat="46.6906890" lon="7.9253600"/>
   <trkpt lat="46.6906780" lon="7.9253300"/>
   <trkpt lat="46.6906690" lon="7.9252950"/>
   <trkpt lat="46.6906560" lon="7.9252650"/>
   <trkpt lat="46.6906460" lon="7.9252320"/>
   <trkpt lat="46.6906360" lon="7.9251980"/>
   <trkpt lat="46.6906220" lon="7.9251610"/>
   <trkpt lat="46.6906110" lon="7.9251250"/>
   <trkpt lat="46.6906010" lon="7.9250970"/>
   <trkpt lat="46.6905860" lon="7.9250570"/>
   <trkpt lat="46.6905740" lon="7.9250210"/>
   <trkpt lat="46.6905630" lon="7.9249960"/>
   <trkpt lat="46.6905520" lon="7.9249580"/>
   <trkpt lat="46.6905420" lon="7.9249390"/>
   <trkpt lat="46.6905300" lon="7.9249150"/>
   <trkpt lat="46.6905160" lon="7.9248830"/>
   <trkpt lat="46.6905030" lon="7.9248600"/>
   <trkpt lat="46.6904910" lon="7.9248270"/>
   <trkpt lat="46.6904830" lon="7.9247890"/>
   <trkpt lat="46.6904710" lon="7.9247580"/>
   <trkpt lat="46.6904570" lon="7.9247220"/>
   <trkpt lat="46.6904430" lon="7.9246900"/>
   <trkpt lat="46.6904280" lon="7.9246560"/>
   <trkpt lat="46.6904140" lon="7.9246170"/>
   <trkpt lat="46.6904050" lon="7.9245880"/>
   <trkpt lat="46.6903900" lon="7.9245500"/>
   <trkpt lat="46.6903800" lon="7.9245170"/>
   <trkpt lat="46.6903670" lon="7.9244860"/>
   <trkpt lat="46.6903540" lon="7.9244550"/>
   <trkpt lat="46.6903450" lon="7.9244290"/>
   <trkpt lat="46.6903340" lon="7.9243980"/>
   <trkpt lat="46.6903210" lon="7.9243660"/>
   <trkpt lat="46.6903100" lon="7.9243450"/>
   <trkpt lat="46.6902940" lon="7.9243180"/>
   <trkpt lat="46.6902760" lon="7.9242950"/>
   <trkpt lat="46.6902570" lon="7.9242770"/>
   <trkpt lat="46.6902330" lon="7.9242540"/>
   <trkpt lat="46.6902130" lon="7.9242350"/>
   <trkpt lat="46.6901890" lon="7.9242190"/>
   <trkpt lat="46.6901570" lon="7.9242410"/>
   <trkpt lat="46.6901340" lon="7.9242490"/>
   <trkpt lat="46.6901140" lon="7.9242620"/>
   <trkpt lat="46.6900960" lon="7.9242960"/>
   <trkpt lat="46.6900810" lon="7.9243250"/>
   <trkpt lat="46.6900670" lon="7.9243610"/>
   <trkpt lat="46.6900560" lon="7.9243990"/>
   <trkpt lat="46.6900450" lon="7.9244460"/>
   <trkpt lat="46.6900480" lon="7.9244830"/>
   <trkpt lat="46.6900460" lon="7.9245240"/>
   <trkpt lat="46.6900430" lon="7.9245640"/>
   <trkpt lat="46.6900410" lon="7.9245950"/>
   <trkpt lat="46.6900410" lon="7.9246330"/>
   <trkpt lat="46.6900440" lon="7.9246620"/>
   <trkpt lat="46.6900460" lon="7.9246950"/>
   <trkpt lat="46.6900490" lon="7.9247360"/>
   <trkpt lat="46.6900540" lon="7.9247640"/>
   <trkpt lat="46.6900570" lon="7.9248060"/>
   <trkpt lat="46.6900610" lon="7.9248380"/>
   <trkpt lat="46.6900670" lon="7.9248680"/>
   <trkpt lat="46.6900740" lon="7.9249100"/>
   <trkpt lat="46.6900810" lon="7.9249390"/>
   <trkpt lat="46.6900890" lon="7.9249750"/>
   <trkpt lat="46.6900960" lon="7.9250150"/>
   <trkpt lat="46.6901040" lon="7.9250420"/>
   <trkpt lat="46.6901120" lon="7.9250800"/>
   <trkpt lat="46.6901190" lon="7.9251130"/>
   <trkpt lat="46.6901260" lon="7.9251440"/>
   <trkpt lat="46.6901310" lon="7.9251820"/>
   <trkpt lat="46.6901310" lon="7.9252090"/>
   <trkpt lat="46.6901320" lon="7.9252480"/>
   <trkpt lat="46.6901320" lon="7.9252800"/>
   <trkpt lat="46.6901300" lon="7.9253110"/>
   <trkpt lat="46.6901220" lon="7.9253460"/>
   <trkpt lat="46.6901090" lon="7.9253690"/>
   <trkpt lat="46.6900890" lon="7.9253930"/>
   <trkpt lat="46.6900620" lon="7.9254020"/>
   <trkpt lat="46.6900380" lon="7.9254070"/>
   <trkpt lat="46.6900130" lon="7.9253950"/>
   <trkpt lat="46.6899930" lon="7.9253760"/>
   <trkpt lat="46.6899710" lon="7.9253510"/>
   <trkpt lat="46.6899530" lon="7.9253120"/>
   <trkpt lat="46.6899400" lon="7.9252760"/>
   <trkpt lat="46.6899210" lon="7.9252430"/>
   <trkpt lat="46.6899060" lon="7.9252070"/>
   <trkpt lat="46.6898900" lon="7.9251710"/>
   <trkpt lat="46.6898770" lon="7.9251270"/>
   <trkpt lat="46.6898640" lon="7.9250960"/>
   <trkpt lat="46.6898470" lon="7.9250640"/>
   <trkpt lat="46.6898290" lon="7.9250360"/>
   <trkpt lat="46.6898120" lon="7.9250150"/>
   <trkpt lat="46.6897930" lon="7.9249910"/>
   <trkpt lat="46.6897750" lon="7.9249690"/>
   <trkpt lat="46.6897560" lon="7.9249470"/>
   <trkpt lat="46.6897350" lon="7.9249220"/>
   <trkpt lat="46.6897140" lon="7.9249010"/>
   <trkpt lat="46.6896910" lon="7.9248770"/>
   <trkpt lat="46.6896690" lon="7.9248530"/>
   <trkpt lat="46.6896460" lon="7.9248310"/>
   <trkpt lat="46.6896210" lon="7.9248120"/>
   <trkpt lat="46.6896000" lon="7.9247990"/>
   <trkpt lat="46.6895770" lon="7.9247850"/>
   <trkpt lat="46.6895550" lon="7.9247730"/>
   <trkpt lat="46.6895340" lon="7.9247650"/>
   <trkpt lat="46.6895110" lon="7.9247490"/>
   <trkpt lat="46.6894910" lon="7.9247360"/>
   <trkpt lat="46.6894690" lon="7.9247180"/>
   <trkpt lat="46.6894470" lon="7.9246950"/>
   <trkpt lat="46.6894270" lon="7.9246770"/>
   <trkpt lat="46.6894080" lon="7.9246530"/>
   <trkpt lat="46.6893920" lon="7.9246250"/>
   <trkpt lat="46.6893750" lon="7.9246020"/>
   <trkpt lat="46.6893560" lon="7.9245720"/>
   <trkpt lat="46.6893400" lon="7.9245490"/>
   <trkpt lat="46.6893250" lon="7.9245190"/>
   <trkpt lat="46.6893120" lon="7.9244900"/>
   <trkpt lat="46.6892990" lon="7.9244660"/>
   <trkpt lat="46.6892850" lon="7.9244370"/>
   <trkpt lat="46.6892710" lon="7.9244120"/>
   <trkpt lat="46.6892550" lon="7.9243860"/>
   <trkpt lat="46.6892360" lon="7.9243590"/>
   <trkpt lat="46.6892210" lon="7.9243400"/>
   <trkpt lat="46.6892060" lon="7.9243210"/>
   <trkpt lat="46.6891870" lon="7.9243000"/>
   <trkpt lat="46.6891690" lon="7.9242820"/>
   <trkpt lat="46.6891490" lon="7.9242640"/>
   <trkpt lat="46.6891330" lon="7.9242470"/>
   <trkpt lat="46.6891170" lon="7.9242310"/>
   <trkpt lat="46.6890970" lon="7.9242120"/>
   <trkpt lat="46.6890790" lon="7.9241990"/>
   <trkpt lat="46.6890590" lon="7.9241800"/>
   <trkpt lat="46.6890410" lon="7.9241620"/>
   <trkpt lat="46.6890240" lon="7.9241450"/>
   <trkpt lat="46.6890080" lon="7.9241200"/>
   <trkpt lat="46.6889940" lon="7.9241010"/>
   <trkpt lat="46.6889780" lon="7.9240810"/>
   <trkpt lat="46.6889680" lon="7.9240550"/>
   <trkpt lat="46.6889560" lon="7.9240290"/>
   <trkpt lat="46.6889450" lon="7.9240040"/>
   <trkpt lat="46.6889370" lon="7.9239710"/>
   <trkpt lat="46.6889270" lon="7.9239390"/>
   <trkpt lat="46.6889230" lon="7.9239040"/>
   <trkpt lat="46.6889230" lon="7.9238650"/>
   <trkpt lat="46.6889290" lon="7.9238230"/>
   <trkpt lat="46.6889450" lon="7.9237810"/>
   <trkpt lat="46.6889610" lon="7.9237450"/>
   <trkpt lat="46.6889810" lon="7.9237060"/>
   <trkpt lat="46.6890080" lon="7.9236880"/>
   <trkpt lat="46.6890400" lon="7.9236530"/>
   <trkpt lat="46.6890630" lon="7.9236290"/>
   <trkpt lat="46.6890860" lon="7.9236020"/>
   <trkpt lat="46.6891060" lon="7.9235710"/>
   <trkpt lat="46.6891250" lon="7.9235420"/>
   <trkpt lat="46.6891440" lon="7.9235010"/>
   <trkpt lat="46.6891530" lon="7.9234640"/>
   <trkpt lat="46.6891620" lon="7.9234280"/>
   <trkpt lat="46.6891720" lon="7.9233770"/>
   <trkpt lat="46.6891770" lon="7.9233310"/>
   <trkpt lat="46.6891830" lon="7.9232630"/>
   <trkpt lat="46.6891840" lon="7.9232170"/>
   <trkpt lat="46.6891850" lon="7.9231780"/>
   <trkpt lat="46.6891840" lon="7.9231190"/>
   <trkpt lat="46.6891840" lon="7.9230760"/>
   <trkpt lat="46.6891840" lon="7.9230290"/>
   <trkpt lat="46.6891850" lon="7.9229830"/>
   <trkpt lat="46.6891880" lon="7.9229440"/>
   <trkpt lat="46.6891950" lon="7.9229010"/>
   <trkpt lat="46.6892050" lon="7.9228610"/>
   <trkpt lat="46.6892180" lon="7.9228160"/>
   <trkpt lat="46.6892320" lon="7.9227750"/>
   <trkpt lat="46.6892460" lon="7.9227360"/>
   <trkpt lat="46.6892530" lon="7.9226960"/>
   <trkpt lat="46.6892580" lon="7.9226560"/>
   <trkpt lat="46.6892630" lon="7.9226070"/>
   <trkpt lat="46.6892650" lon="7.9225590"/>
   <trkpt lat="46.6892660" lon="7.9225120"/>
   <trkpt lat="46.6892590" lon="7.9224630"/>
   <trkpt lat="46.6892490" lon="7.9224190"/>
   <trkpt lat="46.6892370" lon="7.9223740"/>
   <trkpt lat="46.6892200" lon="7.9223330"/>
   <trkpt lat="46.6892010" lon="7.9222900"/>
   <trkpt lat="46.6891810" lon="7.9222530"/>
   <trkpt lat="46.6891600" lon="7.9222180"/>
   <trkpt lat="46.6891320" lon="7.9221810"/>
   <trkpt lat="46.6891070" lon="7.9221540"/>
   <trkpt lat="46.6890790" lon="7.9221180"/>
   <trkpt lat="46.6890540" lon="7.9220880"/>
   <trkpt lat="46.6890300" lon="7.9220600"/>
   <trkpt lat="46.6890050" lon="7.9220270"/>
   <trkpt lat="46.6889800" lon="7.9219910"/>
   <trkpt lat="46.6889530" lon="7.9219550"/>
   <trkpt lat="46.6889300" lon="7.9219190"/>
   <trkpt lat="46.6889060" lon="7.9218860"/>
   <trkpt lat="46.6888790" lon="7.9218510"/>
   <trkpt lat="46.6888520" lon="7.9218220"/>
   <trkpt lat="46.6888220" lon="7.9217950"/>
   <trkpt lat="46.6887910" lon="7.9217720"/>
   <trkpt lat="46.6887620" lon="7.9217460"/>
   <trkpt lat="46.6887290" lon="7.9217150"/>
   <trkpt lat="46.6886960" lon="7.9216880"/>
   <trkpt lat="46.6886650" lon="7.9216590"/>
   <trkpt lat="46.6886370" lon="7.9216290"/>
   <trkpt lat="46.6886090" lon="7.9215970"/>
   <trkpt lat="46.6885830" lon="7.9215620"/>
   <trkpt lat="46.6885560" lon="7.9215230"/>
   <trkpt lat="46.6885340" lon="7.9214860"/>
   <trkpt lat="46.6885160" lon="7.9214520"/>
   <trkpt lat="46.6884970" lon="7.9214090"/>
   <trkpt lat="46.6884790" lon="7.9213670"/>
   <trkpt lat="46.6884570" lon="7.9213260"/>
   <trkpt lat="46.6884350" lon="7.9212820"/>
   <trkpt lat="46.6884170" lon="7.9212450"/>
   <trkpt lat="46.6883950" lon="7.9212030"/>
   <trkpt lat="46.6883740" lon="7.9211730"/>
   <trkpt lat="46.6883550" lon="7.9211300"/>
   <trkpt lat="46.6883440" lon="7.9210900"/>
   <trkpt lat="46.6883350" lon="7.9210390"/>
   <trkpt lat="46.6883320" lon="7.9209880"/>
   <trkpt lat="46.6883250" lon="7.9209410"/>
   <trkpt lat="46.6883200" lon="7.9208910"/>
   <trkpt lat="46.6883150" lon="7.9208460"/>
   <trkpt lat="46.6883070" lon="7.9207970"/>
   <trkpt lat="46.6882990" lon="7.9207530"/>
   <trkpt lat="46.6882900" lon="7.9207090"/>
   <trkpt lat="46.6882820" lon="7.9206660"/>
   <trkpt lat="46.6882730" lon="7.9206240"/>
   <trkpt lat="46.6882580" lon="7.9205690"/>
   <trkpt lat="46.6882440" lon="7.9205210"/>
   <trkpt lat="46.6882290" lon="7.9204730"/>
   <trkpt lat="46.6882160" lon="7.9204280"/>
   <trkpt lat="46.6881950" lon="7.9203790"/>
   <trkpt lat="46.6881750" lon="7.9203310"/>
   <trkpt lat="46.6881550" lon="7.9202910"/>
   <trkpt lat="46.6881350" lon="7.9202440"/>
   <trkpt lat="46.6881120" lon="7.9202130"/>
   <trkpt lat="46.6880850" lon="7.9201680"/>
   <trkpt lat="46.6880630" lon="7.9201350"/>
   <trkpt lat="46.6880380" lon="7.9200930"/>
   <trkpt lat="46.6880180" lon="7.9200570"/>
   <trkpt lat="46.6880000" lon="7.9200220"/>
   <trkpt lat="46.6879850" lon="7.9199880"/>
   <trkpt lat="46.6879670" lon="7.9199570"/>
   <trkpt lat="46.6879440" lon="7.9199250"/>
   <trkpt lat="46.6879230" lon="7.9199000"/>
   <trkpt lat="46.6879010" lon="7.9198690"/>
   <trkpt lat="46.6878810" lon="7.9198480"/>
   <trkpt lat="46.6878630" lon="7.9198210"/>
   <trkpt lat="46.6878460" lon="7.9197950"/>
   <trkpt lat="46.6878290" lon="7.9197650"/>
   <trkpt lat="46.6878090" lon="7.9197340"/>
   <trkpt lat="46.6877900" lon="7.9197150"/>
   <trkpt lat="46.6877770" lon="7.9196860"/>
   <trkpt lat="46.6877640" lon="7.9196600"/>
   <trkpt lat="46.6877500" lon="7.9196330"/>
   <trkpt lat="46.6877340" lon="7.9195950"/>
   <trkpt lat="46.6877180" lon="7.9195660"/>
   <trkpt lat="46.6877010" lon="7.9195280"/>
   <trkpt lat="46.6876850" lon="7.9194910"/>
   <trkpt lat="46.6876680" lon="7.9194520"/>
   <trkpt lat="46.6876530" lon="7.9194050"/>
   <trkpt lat="46.6876410" lon="7.9193640"/>
   <trkpt lat="46.6876330" lon="7.9193150"/>
   <trkpt lat="46.6876190" lon="7.9192730"/>
   <trkpt lat="46.6876070" lon="7.9192290"/>
   <trkpt lat="46.6875930" lon="7.9191940"/>
   <trkpt lat="46.6875800" lon="7.9191560"/>
   <trkpt lat="46.6875710" lon="7.9191200"/>
   <trkpt lat="46.6875560" lon="7.9190850"/>
   <trkpt lat="46.6875420" lon="7.9190440"/>
   <trkpt lat="46.6875260" lon="7.9190050"/>
   <trkpt lat="46.6875090" lon="7.9189650"/>
   <trkpt lat="46.6874940" lon="7.9189280"/>
   <trkpt lat="46.6874760" lon="7.9188880"/>
   <trkpt lat="46.6874630" lon="7.9188460"/>
   <trkpt lat="46.6874470" lon="7.9188110"/>
   <trkpt lat="46.6874320" lon="7.9187750"/>
   <trkpt lat="46.6874190" lon="7.9187450"/>
   <trkpt lat="46.6874060" lon="7.9187040"/>
   <trkpt lat="46.6873950" lon="7.9186740"/>
   <trkpt lat="46.6873830" lon="7.9186490"/>
   <trkpt lat="46.6873720" lon="7.9186150"/>
   <trkpt lat="46.6873580" lon="7.9185830"/>
   <trkpt lat="46.6873460" lon="7.9185470"/>
   <trkpt lat="46.6873320" lon="7.9185180"/>
   <trkpt lat="46.6873170" lon="7.9184910"/>
   <trkpt lat="46.6873020" lon="7.9184590"/>
   <trkpt lat="46.6872890" lon="7.9184250"/>
   <trkpt lat="46.6872780" lon="7.9183830"/>
   <trkpt lat="46.6872680" lon="7.9183370"/>
   <trkpt lat="46.6872570" lon="7.9182890"/>
   <trkpt lat="46.6872490" lon="7.9182510"/>
   <trkpt lat="46.6872400" lon="7.9182120"/>
   <trkpt lat="46.6872350" lon="7.9181760"/>
   <trkpt lat="46.6872300" lon="7.9181400"/>
   <trkpt lat="46.6872250" lon="7.9180960"/>
   <trkpt lat="46.6872190" lon="7.9180540"/>
   <trkpt lat="46.6872130" lon="7.9180090"/>
   <trkpt lat="46.6872090" lon="7.9179660"/>
   <trkpt lat="46.6872030" lon="7.9179160"/>
   <trkpt lat="46.6871970" lon="7.9178600"/>
   <trkpt lat="46.6871940" lon="7.9178100"/>
   <trkpt lat="46.6871880" lon="7.9177610"/>
   <trkpt lat="46.6871800" lon="7.9177170"/>
   <trkpt lat="46.6871700" lon="7.9176730"/>
   <trkpt lat="46.6871590" lon="7.9176300"/>
   <trkpt lat="46.6871470" lon="7.9175860"/>
   <trkpt lat="46.6871320" lon="7.9175400"/>
   <trkpt lat="46.6871170" lon="7.9175030"/>
   <trkpt lat="46.6870980" lon="7.9174610"/>
   <trkpt lat="46.6870820" lon="7.9174240"/>
   <trkpt lat="46.6870610" lon="7.9173890"/>
   <trkpt lat="46.6870390" lon="7.9173560"/>
   <trkpt lat="46.6870250" lon="7.9173190"/>
   <trkpt lat="46.6870060" lon="7.9172800"/>
   <trkpt lat="46.6869900" lon="7.9172470"/>
   <trkpt lat="46.6869740" lon="7.9172060"/>
   <trkpt lat="46.6869610" lon="7.9171780"/>
   <trkpt lat="46.6869480" lon="7.9171460"/>
   <trkpt lat="46.6869330" lon="7.9171110"/>
   <trkpt lat="46.6869190" lon="7.9170700"/>
   <trkpt lat="46.6869060" lon="7.9170330"/>
   <trkpt lat="46.6868920" lon="7.9170040"/>
   <trkpt lat="46.6868810" lon="7.9169700"/>
   <trkpt lat="46.6868670" lon="7.9169360"/>
   <trkpt lat="46.6868600" lon="7.9169060"/>
   <trkpt lat="46.6868530" lon="7.9168680"/>
   <trkpt lat="46.6868470" lon="7.9168320"/>
   <trkpt lat="46.6868460" lon="7.9167880"/>
   <trkpt lat="46.6868400" lon="7.9167500"/>
   <trkpt lat="46.6868360" lon="7.9167060"/>
   <trkpt lat="46.6868320" lon="7.9166580"/>
   <trkpt lat="46.6868300" lon="7.9166140"/>
   <trkpt lat="46.6868270" lon="7.9165680"/>
   <trkpt lat="46.6868250" lon="7.9165240"/>
   <trkpt lat="46.6868260" lon="7.9164680"/>
   <trkpt lat="46.6868250" lon="7.9164210"/>
   <trkpt lat="46.6868230" lon="7.9163730"/>
   <trkpt lat="46.6868180" lon="7.9163270"/>
   <trkpt lat="46.6868080" lon="7.9162900"/>
   <trkpt lat="46.6867990" lon="7.9162430"/>
   <trkpt lat="46.6867930" lon="7.9162090"/>
   <trkpt lat="46.6867870" lon="7.9161680"/>
   <trkpt lat="46.6867820" lon="7.9161300"/>
   <trkpt lat="46.6867770" lon="7.9160880"/>
   <trkpt lat="46.6867690" lon="7.9160470"/>
   <trkpt lat="46.6867600" lon="7.9160150"/>
   <trkpt lat="46.6867490" lon="7.9159670"/>
   <trkpt lat="46.6867380" lon="7.9159260"/>
   <trkpt lat="46.6867280" lon="7.9158780"/>
   <trkpt lat="46.6867230" lon="7.9158340"/>
   <trkpt lat="46.6867170" lon="7.9157920"/>
   <trkpt lat="46.6867140" lon="7.9157470"/>
   <trkpt lat="46.6867110" lon="7.9157060"/>
   <trkpt lat="46.6867050" lon="7.9156560"/>
   <trkpt lat="46.6867000" lon="7.9156100"/>
   <trkpt lat="46.6866930" lon="7.9155570"/>
   <trkpt lat="46.6866860" lon="7.9155120"/>
   <trkpt lat="46.6866790" lon="7.9154680"/>
   <trkpt lat="46.6866700" lon="7.9154210"/>
   <trkpt lat="46.6866590" lon="7.9153850"/>
   <trkpt lat="46.6866470" lon="7.9153450"/>
   <trkpt lat="46.6866410" lon="7.9153130"/>
   <trkpt lat="46.6866300" lon="7.9152720"/>
   <trkpt lat="46.6866230" lon="7.9152250"/>
   <trkpt lat="46.6866140" lon="7.9151840"/>
   <trkpt lat="46.6866070" lon="7.9151330"/>
   <trkpt lat="46.6866030" lon="7.9150900"/>
   <trkpt lat="46.6865990" lon="7.9150410"/>
   <trkpt lat="46.6865950" lon="7.9149910"/>
   <trkpt lat="46.6865900" lon="7.9149480"/>
   <trkpt lat="46.6865850" lon="7.9148970"/>
   <trkpt lat="46.6865790" lon="7.9148530"/>
   <trkpt lat="46.6865730" lon="7.9148000"/>
   <trkpt lat="46.6865690" lon="7.9147620"/>
   <trkpt lat="46.6865580" lon="7.9147100"/>
   <trkpt lat="46.6865510" lon="7.9146670"/>
   <trkpt lat="46.6865390" lon="7.9146110"/>
   <trkpt lat="46.6865340" lon="7.9145640"/>
   <trkpt lat="46.6865300" lon="7.9145250"/>
   <trkpt lat="46.6865250" lon="7.9144750"/>
   <trkpt lat="46.6865130" lon="7.9144430"/>
   <trkpt lat="46.6864980" lon="7.9144070"/>
   <trkpt lat="46.6864820" lon="7.9143800"/>
   <trkpt lat="46.6864650" lon="7.9143490"/>
   <trkpt lat="46.6864470" lon="7.9143180"/>
   <trkpt lat="46.6864300" lon="7.9142970"/>
   <trkpt lat="46.6864070" lon="7.9142830"/>
   <trkpt lat="46.6863820" lon="7.9142680"/>
   <trkpt lat="46.6863570" lon="7.9142460"/>
   <trkpt lat="46.6863270" lon="7.9142150"/>
   <trkpt lat="46.6862990" lon="7.9141950"/>
   <trkpt lat="46.6862700" lon="7.9141760"/>
   <trkpt lat="46.6862380" lon="7.9141540"/>
   <trkpt lat="46.6862080" lon="7.9141430"/>
   <trkpt lat="46.6861750" lon="7.9141180"/>
   <trkpt lat="46.6861530" lon="7.9140970"/>
   <trkpt lat="46.6861320" lon="7.9140680"/>
   <trkpt lat="46.6861140" lon="7.9140340"/>
   <trkpt lat="46.6861000" lon="7.9139970"/>
   <trkpt lat="46.6860920" lon="7.9139490"/>
   <trkpt lat="46.6860850" lon="7.9139050"/>
   <trkpt lat="46.6860760" lon="7.9138600"/>
   <trkpt lat="46.6860710" lon="7.9138170"/>
   <trkpt lat="46.6860650" lon="7.9137760"/>
   <trkpt lat="46.6860540" lon="7.9137330"/>
   <trkpt lat="46.6860410" lon="7.9136960"/>
   <trkpt lat="46.6860240" lon="7.9136560"/>
   <trkpt lat="46.6860020" lon="7.9136240"/>
   <trkpt lat="46.6859840" lon="7.9135930"/>
   <trkpt lat="46.6859630" lon="7.9135560"/>
   <trkpt lat="46.6859400" lon="7.9135210"/>
   <trkpt lat="46.6859240" lon="7.9134820"/>
   <trkpt lat="46.6859220" lon="7.9134320"/>
   <trkpt lat="46.6859290" lon="7.9133790"/>
   <trkpt lat="46.6859460" lon="7.9133270"/>
   <trkpt lat="46.6859610" lon="7.9132740"/>
   <trkpt lat="46.6859770" lon="7.9132190"/>
   <trkpt lat="46.6859930" lon="7.9131680"/>
   <trkpt lat="46.6860080" lon="7.9131220"/>
   <trkpt lat="46.6860250" lon="7.9130730"/>
   <trkpt lat="46.6860350" lon="7.9130300"/>
   <trkpt lat="46.6860460" lon="7.9129790"/>
   <trkpt lat="46.6860590" lon="7.9129370"/>
   <trkpt lat="46.6860710" lon="7.9128870"/>
   <trkpt lat="46.6860820" lon="7.9128440"/>
   <trkpt lat="46.6860920" lon="7.9128030"/>
   <trkpt lat="46.6861090" lon="7.9127620"/>
   <trkpt lat="46.6861240" lon="7.9127270"/>
   <trkpt lat="46.6861450" lon="7.9126820"/>
   <trkpt lat="46.6861670" lon="7.9126510"/>
   <trkpt lat="46.6861920" lon="7.9126110"/>
   <trkpt lat="46.6862180" lon="7.9125740"/>
   <trkpt lat="46.6862350" lon="7.9125420"/>
   <trkpt lat="46.6862590" lon="7.9125050"/>
   <trkpt lat="46.6862780" lon="7.9124750"/>
   <trkpt lat="46.6863050" lon="7.9124370"/>
   <trkpt lat="46.6863260" lon="7.9124090"/>
   <trkpt lat="46.6863480" lon="7.9123700"/>
   <trkpt lat="46.6863650" lon="7.9123330"/>
   <trkpt lat="46.6863820" lon="7.9122880"/>
   <trkpt lat="46.6863970" lon="7.9122370"/>
   <trkpt lat="46.6864060" lon="7.9121920"/>
   <trkpt lat="46.6864050" lon="7.9121360"/>
   <trkpt lat="46.6864060" lon="7.9120940"/>
   <trkpt lat="46.6864070" lon="7.9120420"/>
   <trkpt lat="46.6864090" lon="7.9119900"/>
   <trkpt lat="46.6864090" lon="7.9119410"/>
   <trkpt lat="46.6864100" lon="7.9118900"/>
   <trkpt lat="46.6864070" lon="7.9118480"/>
   <trkpt lat="46.6864040" lon="7.9117940"/>
   <trkpt lat="46.6864010" lon="7.9117510"/>
   <trkpt lat="46.6863970" lon="7.9117010"/>
   <trkpt lat="46.6863950" lon="7.9116550"/>
   <trkpt lat="46.6863890" lon="7.9116070"/>
   <trkpt lat="46.6863860" lon="7.9115530"/>
   <trkpt lat="46.6863770" lon="7.9115120"/>
   <trkpt lat="46.6863740" lon="7.9114570"/>
   <trkpt lat="46.6863700" lon="7.9114180"/>
   <trkpt lat="46.6863650" lon="7.9113620"/>
   <trkpt lat="46.6863630" lon="7.9113120"/>
   <trkpt lat="46.6863610" lon="7.9112600"/>
   <trkpt lat="46.6863600" lon="7.9112080"/>
   <trkpt lat="46.6863590" lon="7.9111650"/>
   <trkpt lat="46.6863600" lon="7.9111130"/>
   <trkpt lat="46.6863620" lon="7.9110700"/>
   <trkpt lat="46.6863650" lon="7.9110230"/>
   <trkpt lat="46.6863670" lon="7.9109790"/>
   <trkpt lat="46.6863700" lon="7.9109340"/>
   <trkpt lat="46.6863720" lon="7.9108870"/>
   <trkpt lat="46.6863710" lon="7.9108420"/>
   <trkpt lat="46.6863720" lon="7.9107870"/>
   <trkpt lat="46.6863730" lon="7.9107390"/>
   <trkpt lat="46.6863740" lon="7.9106820"/>
   <trkpt lat="46.6863750" lon="7.9106280"/>
   <trkpt lat="46.6863740" lon="7.9105810"/>
   <trkpt lat="46.6863720" lon="7.9105330"/>
   <trkpt lat="46.6863690" lon="7.9104910"/>
   <trkpt lat="46.6863690" lon="7.9104360"/>
   <trkpt lat="46.6863670" lon="7.9103930"/>
   <trkpt lat="46.6863650" lon="7.9103430"/>
   <trkpt lat="46.6863640" lon="7.9103000"/>
   <trkpt lat="46.6863640" lon="7.9102550"/>
   <trkpt lat="46.6863630" lon="7.9102080"/>
   <trkpt lat="46.6863630" lon="7.9101730"/>
   <trkpt lat="46.6863630" lon="7.9101340"/>
   <trkpt lat="46.6863620" lon="7.9100900"/>
   <trkpt lat="46.6863630" lon="7.9100490"/>
   <trkpt lat="46.6863640" lon="7.9100040"/>
   <trkpt lat="46.6863630" lon="7.9099620"/>
   <trkpt lat="46.6863640" lon="7.9099120"/>
   <trkpt lat="46.6863650" lon="7.9098630"/>
   <trkpt lat="46.6863640" lon="7.9098160"/>
   <trkpt lat="46.6863650" lon="7.9097660"/>
   <trkpt lat="46.6863670" lon="7.9097240"/>
   <trkpt lat="46.6863720" lon="7.9096780"/>
   <trkpt lat="46.6863770" lon="7.9096330"/>
   <trkpt lat="46.6863800" lon="7.9095940"/>
   <trkpt lat="46.6863850" lon="7.9095520"/>
   <trkpt lat="46.6863880" lon="7.9095130"/>
   <trkpt lat="46.6863870" lon="7.9094730"/>
   <trkpt lat="46.6863850" lon="7.9094340"/>
   <trkpt lat="46.6863840" lon="7.9093890"/>
   <trkpt lat="46.6863830" lon="7.9093420"/>
   <trkpt lat="46.6863810" lon="7.9092900"/>
   <trkpt lat="46.6863800" lon="7.9092370"/>
   <trkpt lat="46.6863790" lon="7.9091900"/>
   <trkpt lat="46.6863770" lon="7.9091350"/>
   <trkpt lat="46.6863770" lon="7.9090850"/>
   <trkpt lat="46.6863760" lon="7.9090360"/>
   <trkpt lat="46.6863770" lon="7.9089890"/>
   <trkpt lat="46.6863770" lon="7.9089470"/>
   <trkpt lat="46.6863770" lon="7.9089050"/>
   <trkpt lat="46.6863770" lon="7.9088620"/>
   <trkpt lat="46.6863770" lon="7.9088110"/>
   <trkpt lat="46.6863790" lon="7.9087610"/>
   <trkpt lat="46.6863790" lon="7.9087130"/>
   <trkpt lat="46.6863820" lon="7.9086590"/>
   <trkpt lat="46.6863840" lon="7.9086180"/>
   <trkpt lat="46.6863880" lon="7.9085670"/>
   <trkpt lat="46.6863910" lon="7.9085260"/>
   <trkpt lat="46.6863910" lon="7.9084740"/>
   <trkpt lat="46.6863900" lon="7.9084200"/>
   <trkpt lat="46.6863870" lon="7.9083690"/>
   <trkpt lat="46.6863860" lon="7.9083200"/>
   <trkpt lat="46.6863850" lon="7.9082790"/>
   <trkpt lat="46.6863830" lon="7.9082270"/>
   <trkpt lat="46.6863810" lon="7.9081800"/>
   <trkpt lat="46.6863770" lon="7.9081310"/>
   <trkpt lat="46.6863760" lon="7.9080850"/>
   <trkpt lat="46.6863720" lon="7.9080400"/>
   <trkpt lat="46.6863680" lon="7.9079910"/>
   <trkpt lat="46.6863660" lon="7.9079490"/>
   <trkpt lat="46.6863680" lon="7.9078960"/>
   <trkpt lat="46.6863690" lon="7.9078480"/>
   <trkpt lat="46.6863690" lon="7.9078020"/>
   <trkpt lat="46.6863680" lon="7.9077530"/>
   <trkpt lat="46.6863680" lon="7.9077100"/>
   <trkpt lat="46.6863680" lon="7.9076590"/>
   <trkpt lat="46.6863670" lon="7.9076210"/>
   <trkpt lat="46.6863670" lon="7.9075760"/>
   <trkpt lat="46.6863650" lon="7.9075300"/>
   <trkpt lat="46.6863600" lon="7.9074920"/>
   <trkpt lat="46.6863550" lon="7.9074460"/>
   <trkpt lat="46.6863490" lon="7.9074100"/>
   <trkpt lat="46.6863440" lon="7.9073660"/>
   <trkpt lat="46.6863390" lon="7.9073230"/>
   <trkpt lat="46.6863340" lon="7.9072810"/>
   <trkpt lat="46.6863270" lon="7.9072390"/>
   <trkpt lat="46.6863210" lon="7.9072050"/>
   <trkpt lat="46.6863170" lon="7.9071630"/>
   <trkpt lat="46.6863130" lon="7.9071230"/>
   <trkpt lat="46.6863110" lon="7.9070870"/>
   <trkpt lat="46.6863080" lon="7.9070480"/>
   <trkpt lat="46.6863060" lon="7.9070060"/>
   <trkpt lat="46.6863040" lon="7.9069620"/>
   <trkpt lat="46.6863040" lon="7.9069180"/>
   <trkpt lat="46.6863040" lon="7.9068720"/>
   <trkpt lat="46.6863050" lon="7.9068210"/>
   <trkpt lat="46.6863060" lon="7.9067730"/>
   <trkpt lat="46.6863070" lon="7.9067180"/>
   <trkpt lat="46.6863080" lon="7.9066730"/>
   <trkpt lat="46.6863050" lon="7.9066210"/>
   <trkpt lat="46.6863020" lon="7.9065720"/>
   <trkpt lat="46.6862970" lon="7.9065270"/>
   <trkpt lat="46.6862920" lon="7.9064760"/>
   <trkpt lat="46.6862900" lon="7.9064300"/>
   <trkpt lat="46.6862850" lon="7.9063720"/>
   <trkpt lat="46.6862830" lon="7.9063230"/>
   <trkpt lat="46.6862790" lon="7.9062710"/>
   <trkpt lat="46.6862740" lon="7.9062150"/>
   <trkpt lat="46.6862710" lon="7.9061750"/>
   <trkpt lat="46.6862690" lon="7.9061290"/>
   <trkpt lat="46.6862670" lon="7.9060870"/>
   <trkpt lat="46.6862610" lon="7.9060400"/>
   <trkpt lat="46.6862580" lon="7.9059960"/>
   <trkpt lat="46.6862550" lon="7.9059550"/>
   <trkpt lat="46.6862510" lon="7.9059050"/>
   <trkpt lat="46.6862450" lon="7.9058580"/>
   <trkpt lat="46.6862410" lon="7.9058060"/>
   <trkpt lat="46.6862360" lon="7.9057550"/>
   <trkpt lat="46.6862300" lon="7.9057100"/>
   <trkpt lat="46.6862250" lon="7.9056580"/>
   <trkpt lat="46.6862180" lon="7.9056180"/>
   <trkpt lat="46.6862140" lon="7.9055680"/>
   <trkpt lat="46.6862120" lon="7.9055240"/>
   <trkpt lat="46.6862080" lon="7.9054780"/>
   <trkpt lat="46.6862030" lon="7.9054300"/>
   <trkpt lat="46.6861970" lon="7.9053860"/>
   <trkpt lat="46.6861910" lon="7.9053360"/>
   <trkpt lat="46.6861860" lon="7.9052960"/>
   <trkpt lat="46.6861810" lon="7.9052510"/>
   <trkpt lat="46.6861750" lon="7.9052060"/>
   <trkpt lat="46.6861690" lon="7.9051640"/>
   <trkpt lat="46.6861610" lon="7.9051150"/>
   <trkpt lat="46.6861500" lon="7.9050740"/>
   <trkpt lat="46.6861410" lon="7.9050250"/>
   <trkpt lat="46.6861320" lon="7.9049860"/>
   <trkpt lat="46.6861220" lon="7.9049420"/>
   <trkpt lat="46.6861120" lon="7.9048980"/>
   <trkpt lat="46.6861000" lon="7.9048580"/>
   <trkpt lat="46.6860890" lon="7.9048130"/>
   <trkpt lat="46.6860780" lon="7.9047790"/>
   <trkpt lat="46.6860680" lon="7.9047380"/>
   <trkpt lat="46.6860570" lon="7.9047000"/>
   <trkpt lat="46.6860480" lon="7.9046600"/>
   <trkpt lat="46.6860370" lon="7.9046180"/>
   <trkpt lat="46.6860260" lon="7.9045790"/>
   <trkpt lat="46.6860180" lon="7.9045360"/>
   <trkpt lat="46.6860120" lon="7.9044960"/>
   <trkpt lat="46.6860070" lon="7.9044530"/>
   <trkpt lat="46.6860040" lon="7.9044040"/>
   <trkpt lat="46.6860010" lon="7.9043540"/>
   <trkpt lat="46.6859960" lon="7.9043050"/>
   <trkpt lat="46.6859920" lon="7.9042550"/>
   <trkpt lat="46.6859840" lon="7.9042040"/>
   <trkpt lat="46.6859780" lon="7.9041580"/>
   <trkpt lat="46.6859700" lon="7.9041120"/>
   <trkpt lat="46.6859580" lon="7.9040630"/>
   <trkpt lat="46.6859440" lon="7.9040150"/>
   <trkpt lat="46.6859250" lon="7.9039670"/>
   <trkpt lat="46.6859060" lon="7.9039200"/>
   <trkpt lat="46.6858840" lon="7.9038720"/>
   <trkpt lat="46.6858650" lon="7.9038300"/>
   <trkpt lat="46.6858450" lon="7.9037870"/>
   <trkpt lat="46.6858230" lon="7.9037420"/>
   <trkpt lat="46.6858000" lon="7.9037040"/>
   <trkpt lat="46.6857780" lon="7.9036640"/>
   <trkpt lat="46.6857570" lon="7.9036320"/>
   <trkpt lat="46.6857360" lon="7.9036020"/>
   <trkpt lat="46.6857140" lon="7.9035690"/>
   <trkpt lat="46.6856930" lon="7.9035360"/>
   <trkpt lat="46.6856780" lon="7.9034930"/>
   <trkpt lat="46.6856580" lon="7.9034530"/>
   <trkpt lat="46.6856450" lon="7.9034120"/>
   <trkpt lat="46.6856340" lon="7.9033750"/>
   <trkpt lat="46.6856230" lon="7.9033290"/>
   <trkpt lat="46.6856150" lon="7.9032900"/>
   <trkpt lat="46.6856110" lon="7.9032550"/>
   <trkpt lat="46.6856080" lon="7.9032160"/>
   <trkpt lat="46.6856000" lon="7.9031800"/>
   <trkpt lat="46.6855970" lon="7.9031390"/>
   <trkpt lat="46.6855930" lon="7.9030940"/>
   <trkpt lat="46.6855880" lon="7.9030540"/>
   <trkpt lat="46.6855820" lon="7.9030040"/>
   <trkpt lat="46.6855790" lon="7.9029690"/>
   <trkpt lat="46.6855760" lon="7.9029310"/>
   <trkpt lat="46.6855720" lon="7.9028870"/>
   <trkpt lat="46.6855660" lon="7.9028540"/>
   <trkpt lat="46.6855580" lon="7.9028070"/>
   <trkpt lat="46.6855510" lon="7.9027730"/>
   <trkpt lat="46.6855440" lon="7.9027410"/>
   <trkpt lat="46.6855370" lon="7.9027010"/>
   <trkpt lat="46.6855310" lon="7.9026670"/>
   <trkpt lat="46.6855200" lon="7.9026250"/>
   <trkpt lat="46.6855140" lon="7.9025830"/>
   <trkpt lat="46.6855080" lon="7.9025460"/>
   <trkpt lat="46.6855020" lon="7.9025020"/>
   <trkpt lat="46.6854980" lon="7.9024680"/>
   <trkpt lat="46.6854940" lon="7.9024240"/>
   <trkpt lat="46.6854940" lon="7.9023770"/>
   <trkpt lat="46.6854940" lon="7.9023410"/>
   <trkpt lat="46.6854950" lon="7.9022920"/>
   <trkpt lat="46.6855010" lon="7.9022610"/>
   <trkpt lat="46.6855060" lon="7.9022150"/>
   <trkpt lat="46.6855110" lon="7.9021710"/>
   <trkpt lat="46.6855130" lon="7.9021310"/>
   <trkpt lat="46.6855160" lon="7.9020820"/>
   <trkpt lat="46.6855170" lon="7.9020410"/>
   <trkpt lat="46.6855160" lon="7.9019930"/>
   <trkpt lat="46.6855170" lon="7.9019450"/>
   <trkpt lat="46.6855170" lon="7.9019070"/>
   <trkpt lat="46.6855170" lon="7.9018600"/>
   <trkpt lat="46.6855190" lon="7.9018190"/>
   <trkpt lat="46.6855180" lon="7.9017740"/>
   <trkpt lat="46.6855190" lon="7.9017300"/>
   <trkpt lat="46.6855120" lon="7.9016910"/>
   <trkpt lat="46.6855080" lon="7.9016400"/>
   <trkpt lat="46.6855030" lon="7.9015960"/>
   <trkpt lat="46.6854960" lon="7.9015410"/>
   <trkpt lat="46.6854880" lon="7.9014940"/>
   <trkpt lat="46.6854760" lon="7.9014480"/>
   <trkpt lat="46.6854650" lon="7.9013990"/>
   <trkpt lat="46.6854540" lon="7.9013610"/>
   <trkpt lat="46.6854400" lon="7.9013130"/>
   <trkpt lat="46.6854290" lon="7.9012720"/>
   <trkpt lat="46.6854110" lon="7.9012290"/>
   <trkpt lat="46.6853980" lon="7.9011880"/>
   <trkpt lat="46.6853830" lon="7.9011580"/>
   <trkpt lat="46.6853660" lon="7.9011170"/>
   <trkpt lat="46.6853540" lon="7.9010850"/>
   <trkpt lat="46.6853400" lon="7.9010440"/>
   <trkpt lat="46.6853280" lon="7.9010060"/>
   <trkpt lat="46.6853130" lon="7.9009730"/>
   <trkpt lat="46.6852950" lon="7.9009350"/>
   <trkpt lat="46.6852800" lon="7.9009050"/>
   <trkpt lat="46.6852640" lon="7.9008650"/>
   <trkpt lat="46.6852490" lon="7.9008260"/>
   <trkpt lat="46.6852350" lon="7.9007920"/>
   <trkpt lat="46.6852200" lon="7.9007590"/>
   <trkpt lat="46.6852070" lon="7.9007260"/>
   <trkpt lat="46.6851920" lon="7.9006910"/>
   <trkpt lat="46.6851770" lon="7.9006550"/>
   <trkpt lat="46.6851610" lon="7.9006200"/>
   <trkpt lat="46.6851440" lon="7.9005820"/>
   <trkpt lat="46.6851280" lon="7.9005450"/>
   <trkpt lat="46.6851130" lon="7.9005040"/>
   <trkpt lat="46.6851000" lon="7.9004670"/>
   <trkpt lat="46.6850860" lon="7.9004330"/>
   <trkpt lat="46.6850720" lon="7.9003980"/>
   <trkpt lat="46.6850600" lon="7.9003570"/>
   <trkpt lat="46.6850470" lon="7.9003160"/>
   <trkpt lat="46.6850390" lon="7.9002780"/>
   <trkpt lat="46.6850270" lon="7.9002390"/>
   <trkpt lat="46.6850170" lon="7.9001940"/>
   <trkpt lat="46.6850020" lon="7.9001530"/>
   <trkpt lat="46.6849860" lon="7.9001050"/>
   <trkpt lat="46.6849760" lon="7.9000670"/>
   <trkpt lat="46.6849610" lon="7.9000250"/>
   <trkpt lat="46.6849450" lon="7.8999890"/>
   <trkpt lat="46.6849270" lon="7.8999510"/>
   <trkpt lat="46.6849070" lon="7.8999090"/>
   <trkpt lat="46.6848930" lon="7.8998800"/>
   <trkpt lat="46.6848770" lon="7.8998360"/>
   <trkpt lat="46.6848600" lon="7.8997910"/>
   <trkpt lat="46.6848460" lon="7.8997480"/>
   <trkpt lat="46.6848300" lon="7.8997000"/>
   <trkpt lat="46.6848160" lon="7.8996570"/>
   <trkpt lat="46.6848010" lon="7.8996070"/>
   <trkpt lat="46.6847900" lon="7.8995590"/>
   <trkpt lat="46.6847810" lon="7.8995160"/>
   <trkpt lat="46.6847680" lon="7.8994690"/>
   <trkpt lat="46.6847550" lon="7.8994290"/>
   <trkpt lat="46.6847390" lon="7.8993810"/>
   <trkpt lat="46.6847280" lon="7.8993380"/>
   <trkpt lat="46.6847140" lon="7.8992950"/>
   <trkpt lat="46.6847020" lon="7.8992460"/>
   <trkpt lat="46.6846920" lon="7.8992060"/>
   <trkpt lat="46.6846790" lon="7.8991590"/>
   <trkpt lat="46.6846670" lon="7.8991090"/>
   <trkpt lat="46.6846490" lon="7.8990590"/>
   <trkpt lat="46.6846380" lon="7.8990110"/>
   <trkpt lat="46.6846230" lon="7.8989710"/>
   <trkpt lat="46.6846070" lon="7.8989240"/>
   <trkpt lat="46.6845960" lon="7.8988780"/>
   <trkpt lat="46.6845830" lon="7.8988300"/>
   <trkpt lat="46.6845710" lon="7.8987790"/>
   <trkpt lat="46.6845590" lon="7.8987320"/>
   <trkpt lat="46.6845470" lon="7.8986820"/>
   <trkpt lat="46.6845370" lon="7.8986340"/>
   <trkpt lat="46.6845230" lon="7.8985850"/>
   <trkpt lat="46.6845100" lon="7.8985380"/>
   <trkpt lat="46.6844920" lon="7.8984920"/>
   <trkpt lat="46.6844770" lon="7.8984500"/>
   <trkpt lat="46.6844630" lon="7.8984120"/>
   <trkpt lat="46.6844460" lon="7.8983670"/>
   <trkpt lat="46.6844350" lon="7.8983230"/>
   <trkpt lat="46.6844170" lon="7.8982760"/>
   <trkpt lat="46.6844010" lon="7.8982270"/>
   <trkpt lat="46.6843850" lon="7.8981820"/>
   <trkpt lat="46.6843700" lon="7.8981380"/>
   <trkpt lat="46.6843530" lon="7.8980930"/>
   <trkpt lat="46.6843340" lon="7.8980430"/>
   <trkpt lat="46.6843200" lon="7.8980000"/>
   <trkpt lat="46.6843040" lon="7.8979590"/>
   <trkpt lat="46.6842860" lon="7.8979120"/>
   <trkpt lat="46.6842700" lon="7.8978770"/>
   <trkpt lat="46.6842510" lon="7.8978340"/>
   <trkpt lat="46.6842380" lon="7.8977940"/>
   <trkpt lat="46.6842200" lon="7.8977490"/>
   <trkpt lat="46.6842010" lon="7.8977030"/>
   <trkpt lat="46.6841830" lon="7.8976640"/>
   <trkpt lat="46.6841670" lon="7.8976240"/>
   <trkpt lat="46.6841510" lon="7.8975840"/>
   <trkpt lat="46.6841320" lon="7.8975440"/>
   <trkpt lat="46.6841150" lon="7.8974980"/>
   <trkpt lat="46.6840960" lon="7.8974560"/>
   <trkpt lat="46.6840770" lon="7.8974120"/>
   <trkpt lat="46.6840550" lon="7.8973730"/>
   <trkpt lat="46.6840330" lon="7.8973280"/>
   <trkpt lat="46.6840160" lon="7.8972850"/>
   <trkpt lat="46.6840000" lon="7.8972410"/>
   <trkpt lat="46.6839800" lon="7.8971880"/>
   <trkpt lat="46.6839580" lon="7.8971420"/>
   <trkpt lat="46.6839360" lon="7.8970930"/>
   <trkpt lat="46.6839160" lon="7.8970530"/>
   <trkpt lat="46.6838930" lon="7.8970060"/>
   <trkpt lat="46.6838750" lon="7.8969610"/>
   <trkpt lat="46.6838580" lon="7.8969240"/>
   <trkpt lat="46.6838400" lon="7.8968820"/>
   <trkpt lat="46.6838280" lon="7.8968490"/>
   <trkpt lat="46.6838090" lon="7.8968010"/>
   <trkpt lat="46.6837920" lon="7.8967540"/>
   <trkpt lat="46.6837770" lon="7.8967080"/>
   <trkpt lat="46.6837620" lon="7.8966620"/>
   <trkpt lat="46.6837440" lon="7.8966190"/>
   <trkpt lat="46.6837260" lon="7.8965710"/>
   <trkpt lat="46.6837120" lon="7.8965260"/>
   <trkpt lat="46.6836940" lon="7.8964820"/>
   <trkpt lat="46.6836760" lon="7.8964350"/>
   <trkpt lat="46.6836590" lon="7.8963920"/>
   <trkpt lat="46.6836390" lon="7.8963400"/>
   <trkpt lat="46.6836270" lon="7.8962980"/>
   <trkpt lat="46.6836110" lon="7.8962550"/>
   <trkpt lat="46.6835960" lon="7.8962060"/>
   <trkpt lat="46.6835810" lon="7.8961640"/>
   <trkpt lat="46.6835680" lon="7.8961140"/>
   <trkpt lat="46.6835570" lon="7.8960700"/>
   <trkpt lat="46.6835460" lon="7.8960250"/>
   <trkpt lat="46.6835340" lon="7.8959770"/>
   <trkpt lat="46.6835190" lon="7.8959310"/>
   <trkpt lat="46.6835040" lon="7.8958820"/>
   <trkpt lat="46.6834920" lon="7.8958420"/>
   <trkpt lat="46.6834790" lon="7.8958030"/>
   <trkpt lat="46.6834640" lon="7.8957560"/>
   <trkpt lat="46.6834490" lon="7.8957110"/>
   <trkpt lat="46.6834360" lon="7.8956690"/>
   <trkpt lat="46.6834210" lon="7.8956240"/>
   <trkpt lat="46.6834030" lon="7.8955780"/>
   <trkpt lat="46.6833880" lon="7.8955280"/>
   <trkpt lat="46.6833740" lon="7.8954800"/>
   <trkpt lat="46.6833610" lon="7.8954320"/>
   <trkpt lat="46.6833490" lon="7.8953880"/>
   <trkpt lat="46.6833350" lon="7.8953460"/>
   <trkpt lat="46.6833190" lon="7.8952980"/>
   <trkpt lat="46.6833040" lon="7.8952580"/>
   <trkpt lat="46.6832890" lon="7.8952130"/>
   <trkpt lat="46.6832770" lon="7.8951680"/>
   <trkpt lat="46.6832630" lon="7.8951180"/>
   <trkpt lat="46.6832500" lon="7.8950650"/>
   <trkpt lat="46.6832330" lon="7.8950150"/>
   <trkpt lat="46.6832180" lon="7.8949620"/>
   <trkpt lat="46.6832040" lon="7.8949190"/>
   <trkpt lat="46.6831870" lon="7.8948720"/>
   <trkpt lat="46.6831760" lon="7.8948250"/>
   <trkpt lat="46.6831620" lon="7.8947820"/>
   <trkpt lat="46.6831500" lon="7.8947370"/>
   <trkpt lat="46.6831380" lon="7.8946970"/>
   <trkpt lat="46.6831260" lon="7.8946510"/>
   <trkpt lat="46.6831130" lon="7.8946020"/>
   <trkpt lat="46.6830990" lon="7.8945550"/>
   <trkpt lat="46.6830870" lon="7.8944990"/>
   <trkpt lat="46.6830730" lon="7.8944440"/>
   <trkpt lat="46.6830610" lon="7.8943880"/>
   <trkpt lat="46.6830500" lon="7.8943350"/>
   <trkpt lat="46.6830370" lon="7.8942770"/>
   <trkpt lat="46.6830270" lon="7.8942220"/>
   <trkpt lat="46.6830170" lon="7.8941750"/>
   <trkpt lat="46.6830090" lon="7.8941270"/>
   <trkpt lat="46.6830030" lon="7.8940830"/>
   <trkpt lat="46.6829970" lon="7.8940330"/>
   <trkpt lat="46.6829910" lon="7.8939840"/>
   <trkpt lat="46.6829840" lon="7.8939370"/>
   <trkpt lat="46.6829760" lon="7.8938860"/>
   <trkpt lat="46.6829670" lon="7.8938350"/>
   <trkpt lat="46.6829600" lon="7.8937770"/>
   <trkpt lat="46.6829530" lon="7.8937200"/>
   <trkpt lat="46.6829450" lon="7.8936620"/>
   <trkpt lat="46.6829350" lon="7.8936100"/>
   <trkpt lat="46.6829150" lon="7.8935610"/>
   <trkpt lat="46.6828950" lon="7.8935170"/>
   <trkpt lat="46.6828770" lon="7.8934790"/>
   <trkpt lat="46.6828570" lon="7.8934450"/>
   <trkpt lat="46.6828330" lon="7.8934180"/>
   <trkpt lat="46.6828040" lon="7.8933910"/>
   <trkpt lat="46.6827600" lon="7.8933840"/>
   <trkpt lat="46.6827240" lon="7.8933660"/>
   <trkpt lat="46.6826880" lon="7.8933490"/>
   <trkpt lat="46.6826570" lon="7.8933370"/>
   <trkpt lat="46.6826220" lon="7.8933190"/>
   <trkpt lat="46.6825920" lon="7.8933030"/>
   <trkpt lat="46.6825540" lon="7.8933000"/>
   <trkpt lat="46.6825230" lon="7.8932900"/>
   <trkpt lat="46.6824920" lon="7.8932840"/>
   <trkpt lat="46.6824570" lon="7.8932780"/>
   <trkpt lat="46.6824210" lon="7.8932760"/>
   <trkpt lat="46.6823860" lon="7.8932720"/>
   <trkpt lat="46.6823550" lon="7.8932730"/>
   <trkpt lat="46.6823200" lon="7.8932690"/>
   <trkpt lat="46.6822880" lon="7.8932640"/>
   <trkpt lat="46.6822540" lon="7.8932620"/>
   <trkpt lat="46.6822200" lon="7.8932570"/>
   <trkpt lat="46.6821880" lon="7.8932520"/>
   <trkpt lat="46.6821520" lon="7.8932430"/>
   <trkpt lat="46.6821220" lon="7.8932400"/>
   <trkpt lat="46.6820890" lon="7.8932300"/>
   <trkpt lat="46.6820590" lon="7.8932220"/>
   <trkpt lat="46.6820230" lon="7.8932140"/>
   <trkpt lat="46.6819890" lon="7.8932020"/>
   <trkpt lat="46.6819510" lon="7.8931970"/>
   <trkpt lat="46.6819120" lon="7.8931890"/>
   <trkpt lat="46.6818770" lon="7.8931860"/>
   <trkpt lat="46.6818400" lon="7.8931810"/>
   <trkpt lat="46.6818080" lon="7.8931780"/>
   <trkpt lat="46.6817750" lon="7.8931700"/>
   <trkpt lat="46.6817450" lon="7.8931630"/>
   <trkpt lat="46.6817130" lon="7.8931560"/>
   <trkpt lat="46.6816790" lon="7.8931480"/>
   <trkpt lat="46.6816480" lon="7.8931460"/>
   <trkpt lat="46.6816140" lon="7.8931390"/>
   <trkpt lat="46.6815830" lon="7.8931370"/>
   <trkpt lat="46.6815510" lon="7.8931300"/>
   <trkpt lat="46.6815180" lon="7.8931200"/>
   <trkpt lat="46.6814860" lon="7.8931130"/>
   <trkpt lat="46.6814550" lon="7.8931030"/>
   <trkpt lat="46.6814220" lon="7.8930970"/>
   <trkpt lat="46.6813880" lon="7.8930850"/>
   <trkpt lat="46.6813580" lon="7.8930750"/>
   <trkpt lat="46.6813220" lon="7.8930600"/>
   <trkpt lat="46.6812910" lon="7.8930430"/>
   <trkpt lat="46.6812580" lon="7.8930290"/>
   <trkpt lat="46.6812240" lon="7.8930130"/>
   <trkpt lat="46.6811920" lon="7.8930040"/>
   <trkpt lat="46.6811580" lon="7.8929920"/>
   <trkpt lat="46.6811250" lon="7.8929880"/>
   <trkpt lat="46.6810900" lon="7.8929800"/>
   <trkpt lat="46.6810570" lon="7.8929760"/>
   <trkpt lat="46.6810200" lon="7.8929710"/>
   <trkpt lat="46.6809870" lon="7.8929640"/>
   <trkpt lat="46.6809530" lon="7.8929610"/>
   <trkpt lat="46.6809160" lon="7.8929540"/>
   <trkpt lat="46.6808810" lon="7.8929500"/>
   <trkpt lat="46.6808460" lon="7.8929440"/>
   <trkpt lat="46.6808150" lon="7.8929430"/>
   <trkpt lat="46.6807820" lon="7.8929360"/>
   <trkpt lat="46.6807490" lon="7.8929310"/>
   <trkpt lat="46.6807150" lon="7.8929330"/>
   <trkpt lat="46.6806810" lon="7.8929310"/>
   <trkpt lat="46.6806480" lon="7.8929340"/>
   <trkpt lat="46.6806110" lon="7.8929340"/>
   <trkpt lat="46.6805800" lon="7.8929360"/>
   <trkpt lat="46.6805470" lon="7.8929320"/>
   <trkpt lat="46.6805150" lon="7.8929270"/>
   <trkpt lat="46.6804830" lon="7.8929150"/>
   <trkpt lat="46.6804470" lon="7.8929040"/>
   <trkpt lat="46.6804100" lon="7.8928910"/>
   <trkpt lat="46.6803730" lon="7.8928710"/>
   <trkpt lat="46.6803470" lon="7.8928380"/>
   <trkpt lat="46.6803150" lon="7.8928070"/>
   <trkpt lat="46.6802890" lon="7.8927740"/>
   <trkpt lat="46.6802620" lon="7.8927390"/>
   <trkpt lat="46.6802390" lon="7.8927040"/>
   <trkpt lat="46.6802170" lon="7.8926730"/>
   <trkpt lat="46.6801930" lon="7.8926340"/>
   <trkpt lat="46.6801700" lon="7.8925980"/>
   <trkpt lat="46.6801440" lon="7.8925610"/>
   <trkpt lat="46.6801170" lon="7.8925240"/>
   <trkpt lat="46.6800910" lon="7.8924930"/>
   <trkpt lat="46.6800640" lon="7.8924610"/>
   <trkpt lat="46.6800380" lon="7.8924350"/>
   <trkpt lat="46.6800060" lon="7.8924100"/>
   <trkpt lat="46.6799740" lon="7.8923930"/>
   <trkpt lat="46.6799400" lon="7.8923820"/>
   <trkpt lat="46.6799040" lon="7.8923690"/>
   <trkpt lat="46.6798710" lon="7.8923610"/>
   <trkpt lat="46.6798390" lon="7.8923520"/>
   <trkpt lat="46.6798090" lon="7.8923450"/>
   <trkpt lat="46.6797770" lon="7.8923300"/>
   <trkpt lat="46.6797480" lon="7.8923180"/>
   <trkpt lat="46.6797140" lon="7.8923020"/>
   <trkpt lat="46.6796800" lon="7.8922850"/>
   <trkpt lat="46.6796470" lon="7.8922750"/>
   <trkpt lat="46.6796100" lon="7.8922610"/>
   <trkpt lat="46.6795810" lon="7.8922540"/>
   <trkpt lat="46.6795450" lon="7.8922400"/>
   <trkpt lat="46.6795150" lon="7.8922300"/>
   <trkpt lat="46.6794820" lon="7.8922210"/>
   <trkpt lat="46.6794490" lon="7.8922100"/>
   <trkpt lat="46.6794160" lon="7.8922020"/>
   <trkpt lat="46.6793830" lon="7.8921870"/>
   <trkpt lat="46.6793570" lon="7.8921780"/>
   <trkpt lat="46.6793250" lon="7.8921580"/>
   <trkpt lat="46.6792980" lon="7.8921400"/>
   <trkpt lat="46.6792660" lon="7.8921240"/>
   <trkpt lat="46.6792360" lon="7.8921080"/>
   <trkpt lat="46.6792100" lon="7.8920970"/>
   <trkpt lat="46.6791800" lon="7.8920820"/>
   <trkpt lat="46.6791510" lon="7.8920760"/>
   <trkpt lat="46.6791140" lon="7.8920640"/>
   <trkpt lat="46.6790810" lon="7.8920520"/>
   <trkpt lat="46.6790460" lon="7.8920360"/>
   <trkpt lat="46.6790140" lon="7.8920180"/>
   <trkpt lat="46.6789880" lon="7.8920020"/>
   <trkpt lat="46.6789570" lon="7.8919800"/>
   <trkpt lat="46.6789310" lon="7.8919620"/>
   <trkpt lat="46.6789030" lon="7.8919390"/>
   <trkpt lat="46.6788770" lon="7.8919170"/>
   <trkpt lat="46.6788510" lon="7.8918980"/>
   <trkpt lat="46.6788250" lon="7.8918740"/>
   <trkpt lat="46.6788000" lon="7.8918460"/>
   <trkpt lat="46.6787720" lon="7.8918130"/>
   <trkpt lat="46.6787460" lon="7.8917790"/>
   <trkpt lat="46.6787180" lon="7.8917540"/>
   <trkpt lat="46.6786920" lon="7.8917250"/>
   <trkpt lat="46.6786680" lon="7.8916990"/>
   <trkpt lat="46.6786410" lon="7.8916670"/>
   <trkpt lat="46.6786180" lon="7.8916360"/>
   <trkpt lat="46.6785920" lon="7.8916060"/>
   <trkpt lat="46.6785670" lon="7.8915770"/>
   <trkpt lat="46.6785450" lon="7.8915520"/>
   <trkpt lat="46.6785210" lon="7.8915260"/>
   <trkpt lat="46.6784980" lon="7.8915030"/>
   <trkpt lat="46.6784750" lon="7.8914770"/>
   <trkpt lat="46.6784510" lon="7.8914490"/>
   <trkpt lat="46.6784260" lon="7.8914190"/>
   <trkpt lat="46.6783990" lon="7.8913870"/>
   <trkpt lat="46.6783750" lon="7.8913620"/>
   <trkpt lat="46.6783440" lon="7.8913330"/>
   <trkpt lat="46.6783170" lon="7.8913090"/>
   <trkpt lat="46.6782880" lon="7.8912860"/>
   <trkpt lat="46.6782590" lon="7.8912670"/>
   <trkpt lat="46.6782300" lon="7.8912510"/>
   <trkpt lat="46.6781990" lon="7.8912340"/>
   <trkpt lat="46.6781710" lon="7.8912220"/>
   <trkpt lat="46.6781410" lon="7.8912060"/>
   <trkpt lat="46.6781090" lon="7.8911890"/>
   <trkpt lat="46.6780790" lon="7.8911740"/>
   <trkpt lat="46.6780480" lon="7.8911560"/>
   <trkpt lat="46.6780220" lon="7.8911430"/>
   <trkpt lat="46.6779910" lon="7.8911250"/>
   <trkpt lat="46.6779640" lon="7.8911110"/>
   <trkpt lat="46.6779350" lon="7.8910960"/>
   <trkpt lat="46.6779040" lon="7.8910800"/>
   <trkpt lat="46.6778720" lon="7.8910660"/>
   <trkpt lat="46.6778390" lon="7.8910490"/>
   <trkpt lat="46.6778100" lon="7.8910360"/>
   <trkpt lat="46.6777790" lon="7.8910210"/>
   <trkpt lat="46.6777500" lon="7.8910050"/>
   <trkpt lat="46.6777200" lon="7.8909870"/>
   <trkpt lat="46.6776920" lon="7.8909670"/>
   <trkpt lat="46.6776660" lon="7.8909520"/>
   <trkpt lat="46.6776380" lon="7.8909190"/>
   <trkpt lat="46.6776100" lon="7.8909000"/>
   <trkpt lat="46.6775800" lon="7.8908680"/>
   <trkpt lat="46.6775540" lon="7.8908460"/>
   <trkpt lat="46.6775240" lon="7.8908150"/>
   <trkpt lat="46.6774970" lon="7.8907900"/>
   <trkpt lat="46.6774640" lon="7.8907610"/>
   <trkpt lat="46.6774400" lon="7.8907360"/>
   <trkpt lat="46.6774130" lon="7.8907100"/>
   <trkpt lat="46.6773890" lon="7.8906790"/>
   <trkpt lat="46.6773670" lon="7.8906500"/>
   <trkpt lat="46.6773400" lon="7.8906190"/>
   <trkpt lat="46.6773160" lon="7.8905950"/>
   <trkpt lat="46.6772920" lon="7.8905700"/>
   <trkpt lat="46.6772640" lon="7.8905450"/>
   <trkpt lat="46.6772340" lon="7.8905230"/>
   <trkpt lat="46.6772040" lon="7.8905020"/>
   <trkpt lat="46.6771780" lon="7.8904860"/>
   <trkpt lat="46.6771470" lon="7.8904700"/>
   <trkpt lat="46.6771180" lon="7.8904650"/>
   <trkpt lat="46.6770890" lon="7.8904520"/>
   <trkpt lat="46.6770580" lon="7.8904410"/>
   <trkpt lat="46.6770280" lon="7.8904300"/>
   <trkpt lat="46.6769980" lon="7.8904070"/>
   <trkpt lat="46.6769730" lon="7.8903810"/>
   <trkpt lat="46.6769670" lon="7.8903290"/>
   <trkpt lat="46.6769720" lon="7.8902860"/>
   <trkpt lat="46.6769870" lon="7.8902370"/>
   <trkpt lat="46.6770070" lon="7.8901960"/>
   <trkpt lat="46.6770270" lon="7.8901540"/>
   <trkpt lat="46.6770460" lon="7.8901120"/>
   <trkpt lat="46.6770650" lon="7.8900720"/>
   <trkpt lat="46.6770890" lon="7.8900240"/>
   <trkpt lat="46.6771060" lon="7.8899910"/>
   <trkpt lat="46.6771260" lon="7.8899490"/>
   <trkpt lat="46.6771450" lon="7.8899170"/>
   <trkpt lat="46.6771640" lon="7.8898730"/>
   <trkpt lat="46.6771860" lon="7.8898320"/>
   <trkpt lat="46.6772050" lon="7.8897920"/>
   <trkpt lat="46.6772280" lon="7.8897460"/>
   <trkpt lat="46.6772430" lon="7.8897100"/>
   <trkpt lat="46.6772670" lon="7.8896590"/>
   <trkpt lat="46.6772820" lon="7.8896240"/>
   <trkpt lat="46.6773020" lon="7.8895800"/>
   <trkpt lat="46.6773190" lon="7.8895450"/>
   <trkpt lat="46.6773380" lon="7.8895050"/>
   <trkpt lat="46.6773590" lon="7.8894660"/>
   <trkpt lat="46.6773780" lon="7.8894250"/>
   <trkpt lat="46.6774010" lon="7.8893860"/>
   <trkpt lat="46.6774130" lon="7.8893560"/>
   <trkpt lat="46.6774330" lon="7.8893110"/>
   <trkpt lat="46.6774500" lon="7.8892830"/>
   <trkpt lat="46.6774720" lon="7.8892400"/>
   <trkpt lat="46.6774900" lon="7.8892070"/>
   <trkpt lat="46.6775100" lon="7.8891680"/>
   <trkpt lat="46.6775330" lon="7.8891260"/>
   <trkpt lat="46.6775490" lon="7.8890930"/>
   <trkpt lat="46.6775700" lon="7.8890480"/>
   <trkpt lat="46.6775840" lon="7.8890090"/>
   <trkpt lat="46.6775980" lon="7.8889770"/>
   <trkpt lat="46.6776130" lon="7.8889440"/>
   <trkpt lat="46.6776300" lon="7.8889010"/>
   <trkpt lat="46.6776500" lon="7.8888570"/>
   <trkpt lat="46.6776690" lon="7.8888140"/>
   <trkpt lat="46.6776880" lon="7.8887730"/>
   <trkpt lat="46.6777040" lon="7.8887350"/>
   <trkpt lat="46.6777250" lon="7.8886920"/>
   <trkpt lat="46.6777430" lon="7.8886580"/>
   <trkpt lat="46.6777610" lon="7.8886220"/>
   <trkpt lat="46.6777800" lon="7.8885870"/>
   <trkpt lat="46.6777980" lon="7.8885510"/>
   <trkpt lat="46.6778200" lon="7.8885120"/>
   <trkpt lat="46.6778360" lon="7.8884760"/>
   <trkpt lat="46.6778580" lon="7.8884360"/>
   <trkpt lat="46.6778750" lon="7.8884020"/>
   <trkpt lat="46.6778960" lon="7.8883610"/>
   <trkpt lat="46.6779130" lon="7.8883280"/>
   <trkpt lat="46.6779330" lon="7.8882890"/>
   <trkpt lat="46.6779550" lon="7.8882530"/>
   <trkpt lat="46.6779740" lon="7.8882150"/>
   <trkpt lat="46.6779950" lon="7.8881790"/>
   <trkpt lat="46.6780140" lon="7.8881430"/>
   <trkpt lat="46.6780370" lon="7.8881020"/>
   <trkpt lat="46.6780510" lon="7.8880620"/>
   <trkpt lat="46.6780720" lon="7.8880220"/>
   <trkpt lat="46.6780900" lon="7.8879880"/>
   <trkpt lat="46.6781100" lon="7.8879510"/>
   <trkpt lat="46.6781280" lon="7.8879200"/>
   <trkpt lat="46.6781460" lon="7.8878870"/>
   <trkpt lat="46.6781660" lon="7.8878530"/>
   <trkpt lat="46.6781840" lon="7.8878200"/>
   <trkpt lat="46.6782060" lon="7.8877820"/>
   <trkpt lat="46.6782240" lon="7.8877460"/>
   <trkpt lat="46.6782420" lon="7.8877080"/>
   <trkpt lat="46.6782530" lon="7.8876690"/>
   <trkpt lat="46.6782510" lon="7.8876220"/>
   <trkpt lat="46.6782380" lon="7.8875770"/>
   <trkpt lat="46.6782180" lon="7.8875430"/>
   <trkpt lat="46.6781940" lon="7.8875060"/>
   <trkpt lat="46.6781740" lon="7.8874770"/>
   <trkpt lat="46.6781470" lon="7.8874420"/>
   <trkpt lat="46.6781230" lon="7.8874170"/>
   <trkpt lat="46.6780930" lon="7.8873900"/>
   <trkpt lat="46.6780670" lon="7.8873680"/>
   <trkpt lat="46.6780380" lon="7.8873440"/>
   <trkpt lat="46.6780080" lon="7.8873210"/>
   <trkpt lat="46.6779670" lon="7.8873250"/>
   <trkpt lat="46.6779330" lon="7.8873150"/>
   <trkpt lat="46.6779030" lon="7.8873140"/>
   <trkpt lat="46.6778660" lon="7.8873100"/>
   <trkpt lat="46.6778340" lon="7.8873030"/>
   <trkpt lat="46.6777990" lon="7.8872900"/>
   <trkpt lat="46.6777660" lon="7.8872790"/>
   <trkpt lat="46.6777290" lon="7.8872590"/>
   <trkpt lat="46.6776990" lon="7.8872420"/>
   <trkpt lat="46.6776670" lon="7.8872210"/>
   <trkpt lat="46.6776390" lon="7.8871990"/>
   <trkpt lat="46.6776070" lon="7.8871690"/>
   <trkpt lat="46.6775780" lon="7.8871360"/>
   <trkpt lat="46.6775460" lon="7.8871050"/>
   <trkpt lat="46.6775130" lon="7.8870710"/>
   <trkpt lat="46.6774830" lon="7.8870440"/>
   <trkpt lat="46.6774530" lon="7.8870110"/>
   <trkpt lat="46.6774240" lon="7.8869880"/>
   <trkpt lat="46.6773940" lon="7.8869670"/>
   <trkpt lat="46.6773650" lon="7.8869520"/>
   <trkpt lat="46.6773370" lon="7.8869280"/>
   <trkpt lat="46.6773110" lon="7.8869060"/>
   <trkpt lat="46.6772880" lon="7.8868680"/>
   <trkpt lat="46.6772660" lon="7.8868370"/>
   <trkpt lat="46.6772440" lon="7.8868040"/>
   <trkpt lat="46.6772230" lon="7.8867690"/>
   <trkpt lat="46.6771990" lon="7.8867350"/>
   <trkpt lat="46.6771750" lon="7.8866970"/>
   <trkpt lat="46.6771570" lon="7.8866600"/>
   <trkpt lat="46.6771350" lon="7.8866220"/>
   <trkpt lat="46.6771140" lon="7.8865890"/>
   <trkpt lat="46.6770850" lon="7.8865620"/>
   <trkpt lat="46.6770590" lon="7.8865320"/>
   <trkpt lat="46.6770340" lon="7.8865030"/>
   <trkpt lat="46.6770110" lon="7.8864700"/>
   <trkpt lat="46.6769870" lon="7.8864390"/>
   <trkpt lat="46.6769630" lon="7.8864000"/>
   <trkpt lat="46.6769410" lon="7.8863660"/>
   <trkpt lat="46.6769160" lon="7.8863270"/>
   <trkpt lat="46.6768960" lon="7.8862970"/>
   <trkpt lat="46.6768740" lon="7.8862620"/>
   <trkpt lat="46.6768580" lon="7.8862390"/>
   <trkpt lat="46.6768560" lon="7.8862060"/>
   <trkpt lat="46.6768590" lon="7.8861720"/>
   <trkpt lat="46.6768730" lon="7.8861390"/>
   <trkpt lat="46.6768940" lon="7.8861100"/>
   <trkpt lat="46.6769260" lon="7.8860780"/>
   <trkpt lat="46.6769540" lon="7.8860470"/>
   <trkpt lat="46.6769910" lon="7.8860260"/>
   <trkpt lat="46.6770250" lon="7.8860010"/>
   <trkpt lat="46.6770530" lon="7.8859770"/>
   <trkpt lat="46.6770860" lon="7.8859530"/>
   <trkpt lat="46.6771160" lon="7.8859320"/>
   <trkpt lat="46.6771490" lon="7.8859130"/>
   <trkpt lat="46.6771830" lon="7.8858960"/>
   <trkpt lat="46.6772160" lon="7.8858770"/>
   <trkpt lat="46.6772520" lon="7.8858600"/>
   <trkpt lat="46.6772840" lon="7.8858470"/>
   <trkpt lat="46.6773200" lon="7.8858450"/>
   <trkpt lat="46.6773520" lon="7.8858480"/>
   <trkpt lat="46.6773790" lon="7.8858720"/>
   <trkpt lat="46.6774050" lon="7.8858990"/>
   <trkpt lat="46.6774340" lon="7.8859210"/>
   <trkpt lat="46.6774640" lon="7.8859460"/>
   <trkpt lat="46.6774890" lon="7.8859660"/>
   <trkpt lat="46.6775180" lon="7.8859940"/>
   <trkpt lat="46.6775440" lon="7.8860180"/>
   <trkpt lat="46.6775750" lon="7.8860460"/>
   <trkpt lat="46.6776010" lon="7.8860700"/>
   <trkpt lat="46.6776290" lon="7.8860950"/>
   <trkpt lat="46.6776550" lon="7.8861290"/>
   <trkpt lat="46.6776800" lon="7.8861570"/>
   <trkpt lat="46.6777110" lon="7.8861900"/>
   <trkpt lat="46.6777370" lon="7.8862170"/>
   <trkpt lat="46.6777620" lon="7.8862460"/>
   <trkpt lat="46.6777880" lon="7.8862730"/>
   <trkpt lat="46.6778110" lon="7.8862970"/>
   <trkpt lat="46.6778370" lon="7.8863280"/>
   <trkpt lat="46.6778630" lon="7.8863510"/>
   <trkpt lat="46.6778920" lon="7.8863810"/>
   <trkpt lat="46.6779180" lon="7.8864030"/>
   <trkpt lat="46.6779470" lon="7.8864270"/>
   <trkpt lat="46.6779760" lon="7.8864490"/>
   <trkpt lat="46.6780030" lon="7.8864660"/>
   <trkpt lat="46.6780310" lon="7.8864860"/>
   <trkpt lat="46.6780590" lon="7.8864990"/>
   <trkpt lat="46.6780910" lon="7.8865110"/>
   <trkpt lat="46.6781180" lon="7.8865160"/>
   <trkpt lat="46.6781530" lon="7.8865200"/>
   <trkpt lat="46.6781820" lon="7.8865240"/>
   <trkpt lat="46.6782130" lon="7.8865300"/>
   <trkpt lat="46.6782430" lon="7.8865390"/>
   <trkpt lat="46.6782740" lon="7.8865480"/>
   <trkpt lat="46.6783070" lon="7.8865560"/>
   <trkpt lat="46.6783380" lon="7.8865580"/>
   <trkpt lat="46.6783710" lon="7.8865670"/>
   <trkpt lat="46.6784020" lon="7.8865730"/>
   <trkpt lat="46.6784360" lon="7.8865790"/>
   <trkpt lat="46.6784660" lon="7.8865890"/>
   <trkpt lat="46.6784980" lon="7.8865960"/>
   <trkpt lat="46.6785310" lon="7.8866080"/>
   <trkpt lat="46.6785640" lon="7.8866190"/>
   <trkpt lat="46.6786010" lon="7.8866320"/>
   <trkpt lat="46.6786300" lon="7.8866410"/>
   <trkpt lat="46.6786600" lon="7.8866500"/>
   <trkpt lat="46.6786900" lon="7.8866580"/>
   <trkpt lat="46.6787210" lon="7.8866660"/>
   <trkpt lat="46.6787510" lon="7.8866780"/>
   <trkpt lat="46.6787830" lon="7.8866840"/>
   <trkpt lat="46.6788160" lon="7.8866930"/>
   <trkpt lat="46.6788460" lon="7.8867020"/>
   <trkpt lat="46.6788800" lon="7.8867110"/>
   <trkpt lat="46.6789090" lon="7.8867190"/>
   <trkpt lat="46.6789410" lon="7.8867250"/>
   <trkpt lat="46.6789710" lon="7.8867380"/>
   <trkpt lat="46.6790030" lon="7.8867510"/>
   <trkpt lat="46.6790360" lon="7.8867650"/>
   <trkpt lat="46.6790700" lon="7.8867760"/>
   <trkpt lat="46.6791030" lon="7.8867860"/>
   <trkpt lat="46.6791310" lon="7.8867960"/>
   <trkpt lat="46.6791640" lon="7.8868060"/>
   <trkpt lat="46.6791940" lon="7.8868180"/>
   <trkpt lat="46.6792220" lon="7.8868290"/>
   <trkpt lat="46.6792510" lon="7.8868420"/>
   <trkpt lat="46.6792790" lon="7.8868570"/>
   <trkpt lat="46.6793120" lon="7.8868740"/>
   <trkpt lat="46.6793400" lon="7.8868940"/>
   <trkpt lat="46.6793710" lon="7.8869140"/>
   <trkpt lat="46.6794000" lon="7.8869350"/>
   <trkpt lat="46.6794300" lon="7.8869490"/>
   <trkpt lat="46.6794590" lon="7.8869640"/>
   <trkpt lat="46.6794860" lon="7.8869720"/>
   <trkpt lat="46.6795160" lon="7.8869830"/>
   <trkpt lat="46.6795460" lon="7.8869890"/>
   <trkpt lat="46.6795780" lon="7.8869910"/>
   <trkpt lat="46.6796080" lon="7.8869930"/>
   <trkpt lat="46.6796380" lon="7.8869950"/>
   <trkpt lat="46.6796720" lon="7.8869970"/>
   <trkpt lat="46.6797020" lon="7.8869950"/>
   <trkpt lat="46.6797340" lon="7.8869960"/>
   <trkpt lat="46.6797640" lon="7.8869970"/>
   <trkpt lat="46.6797970" lon="7.8869980"/>
   <trkpt lat="46.6798280" lon="7.8870020"/>
   <trkpt lat="46.6798580" lon="7.8869980"/>
   <trkpt lat="46.6798920" lon="7.8869980"/>
   <trkpt lat="46.6799230" lon="7.8869970"/>
   <trkpt lat="46.6799570" lon="7.8870000"/>
   <trkpt lat="46.6799890" lon="7.8870050"/>
   <trkpt lat="46.6800200" lon="7.8870060"/>
   <trkpt lat="46.6800530" lon="7.8870100"/>
   <trkpt lat="46.6800850" lon="7.8870130"/>
   <trkpt lat="46.6801210" lon="7.8870140"/>
   <trkpt lat="46.6801520" lon="7.8870140"/>
   <trkpt lat="46.6801860" lon="7.8870180"/>
   <trkpt lat="46.6802180" lon="7.8870240"/>
   <trkpt lat="46.6802480" lon="7.8870220"/>
   <trkpt lat="46.6802760" lon="7.8870340"/>
   <trkpt lat="46.6803050" lon="7.8870360"/>
   <trkpt lat="46.6803390" lon="7.8870420"/>
   <trkpt lat="46.6803700" lon="7.8870470"/>
   <trkpt lat="46.6804050" lon="7.8870500"/>
   <trkpt lat="46.6804350" lon="7.8870520"/>
   <trkpt lat="46.6804690" lon="7.8870560"/>
   <trkpt lat="46.6805000" lon="7.8870640"/>
   <trkpt lat="46.6805320" lon="7.8870700"/>
   <trkpt lat="46.6805640" lon="7.8870840"/>
   <trkpt lat="46.6805920" lon="7.8870990"/>
   <trkpt lat="46.6806260" lon="7.8871200"/>
   <trkpt lat="46.6806570" lon="7.8871400"/>
   <trkpt lat="46.6806880" lon="7.8871630"/>
   <trkpt lat="46.6807170" lon="7.8871870"/>
   <trkpt lat="46.6807440" lon="7.8872110"/>
   <trkpt lat="46.6807730" lon="7.8872380"/>
   <trkpt lat="46.6807990" lon="7.8872600"/>
   <trkpt lat="46.6808260" lon="7.8872850"/>
   <trkpt lat="46.6808540" lon="7.8873110"/>
   <trkpt lat="46.6808850" lon="7.8873400"/>
   <trkpt lat="46.6809130" lon="7.8873670"/>
   <trkpt lat="46.6809440" lon="7.8873950"/>
   <trkpt lat="46.6809720" lon="7.8874200"/>
   <trkpt lat="46.6809980" lon="7.8874540"/>
   <trkpt lat="46.6810260" lon="7.8874860"/>
   <trkpt lat="46.6810530" lon="7.8875150"/>
   <trkpt lat="46.6810790" lon="7.8875490"/>
   <trkpt lat="46.6811050" lon="7.8875760"/>
   <trkpt lat="46.6811330" lon="7.8876080"/>
   <trkpt lat="46.6811590" lon="7.8876310"/>
   <trkpt lat="46.6811890" lon="7.8876610"/>
   <trkpt lat="46.6812160" lon="7.8876850"/>
   <trkpt lat="46.6812440" lon="7.8877160"/>
   <trkpt lat="46.6812720" lon="7.8877470"/>
   <trkpt lat="46.6812980" lon="7.8877740"/>
   <trkpt lat="46.6813250" lon="7.8878070"/>
   <trkpt lat="46.6813520" lon="7.8878380"/>
   <trkpt lat="46.6813780" lon="7.8878720"/>
   <trkpt lat="46.6814030" lon="7.8879000"/>
   <trkpt lat="46.6814290" lon="7.8879350"/>
   <trkpt lat="46.6814530" lon="7.8879640"/>
   <trkpt lat="46.6814780" lon="7.8879970"/>
   <trkpt lat="46.6815030" lon="7.8880310"/>
   <trkpt lat="46.6815280" lon="7.8880630"/>
   <trkpt lat="46.6815520" lon="7.8881010"/>
   <trkpt lat="46.6815750" lon="7.8881300"/>
   <trkpt lat="46.6815990" lon="7.8881700"/>
   <trkpt lat="46.6816190" lon="7.8882010"/>
   <trkpt lat="46.6816430" lon="7.8882400"/>
   <trkpt lat="46.6816670" lon="7.8882790"/>
   <trkpt lat="46.6816900" lon="7.8883150"/>
   <trkpt lat="46.6817130" lon="7.8883510"/>
   <trkpt lat="46.6817350" lon="7.8883820"/>
   <trkpt lat="46.6817590" lon="7.8884180"/>
   <trkpt lat="46.6817840" lon="7.8884440"/>
   <trkpt lat="46.6818110" lon="7.8884780"/>
   <trkpt lat="46.6818340" lon="7.8885000"/>
   <trkpt lat="46.6818600" lon="7.8885320"/>
   <trkpt lat="46.6818850" lon="7.8885620"/>
   <trkpt lat="46.6819120" lon="7.8885950"/>
   <trkpt lat="46.6819420" lon="7.8886240"/>
   <trkpt lat="46.6819690" lon="7.8886470"/>
   <trkpt lat="46.6820070" lon="7.8886600"/>
   <trkpt lat="46.6820340" lon="7.8886740"/>
   <trkpt lat="46.6820660" lon="7.8886970"/>
   <trkpt lat="46.6820930" lon="7.8887150"/>
   <trkpt lat="46.6821240" lon="7.8887380"/>
   <trkpt lat="46.6821540" lon="7.8887560"/>
   <trkpt lat="46.6821860" lon="7.8887760"/>
   <trkpt lat="46.6822180" lon="7.8887970"/>
   <trkpt lat="46.6822480" lon="7.8888160"/>
   <trkpt lat="46.6822790" lon="7.8888380"/>
   <trkpt lat="46.6823060" lon="7.8888530"/>
   <trkpt lat="46.6823360" lon="7.8888750"/>
   <trkpt lat="46.6823650" lon="7.8888880"/>
   <trkpt lat="46.6823970" lon="7.8889050"/>
   <trkpt lat="46.6824260" lon="7.8889250"/>
   <trkpt lat="46.6824570" lon="7.8889420"/>
   <trkpt lat="46.6824870" lon="7.8889630"/>
   <trkpt lat="46.6825150" lon="7.8889790"/>
   <trkpt lat="46.6825450" lon="7.8890000"/>
   <trkpt lat="46.6825750" lon="7.8890210"/>
   <trkpt lat="46.6826060" lon="7.8890490"/>
   <trkpt lat="46.6826340" lon="7.8890700"/>
   <trkpt lat="46.6826630" lon="7.8890920"/>
   <trkpt lat="46.6826940" lon="7.8891130"/>
   <trkpt lat="46.6827260" lon="7.8891390"/>
   <trkpt lat="46.6827580" lon="7.8891640"/>
   <trkpt lat="46.6827870" lon="7.8891810"/>
   <trkpt lat="46.6828180" lon="7.8891990"/>
   <trkpt lat="46.6828470" lon="7.8892120"/>
   <trkpt lat="46.6828780" lon="7.8892260"/>
   <trkpt lat="46.6829090" lon="7.8892410"/>
   <trkpt lat="46.6829420" lon="7.8892540"/>
   <trkpt lat="46.6829740" lon="7.8892680"/>
   <trkpt lat="46.6830040" lon="7.8892790"/>
   <trkpt lat="46.6830350" lon="7.8892930"/>
   <trkpt lat="46.6830660" lon="7.8893030"/>
   <trkpt lat="46.6830980" lon="7.8893170"/>
   <trkpt lat="46.6831290" lon="7.8893310"/>
   <trkpt lat="46.6831600" lon="7.8893410"/>
   <trkpt lat="46.6831920" lon="7.8893530"/>
   <trkpt lat="46.6832210" lon="7.8893640"/>
   <trkpt lat="46.6832530" lon="7.8893760"/>
   <trkpt lat="46.6832850" lon="7.8893820"/>
   <trkpt lat="46.6833160" lon="7.8893850"/>
   <trkpt lat="46.6833510" lon="7.8893830"/>
   <trkpt lat="46.6833880" lon="7.8893720"/>
   <trkpt lat="46.6834200" lon="7.8893660"/>
   <trkpt lat="46.6834540" lon="7.8893620"/>
   <trkpt lat="46.6834870" lon="7.8893600"/>
   <trkpt lat="46.6835190" lon="7.8893580"/>
   <trkpt lat="46.6835540" lon="7.8893540"/>
   <trkpt lat="46.6835890" lon="7.8893510"/>
   <trkpt lat="46.6836240" lon="7.8893450"/>
   <trkpt lat="46.6836580" lon="7.8893400"/>
   <trkpt lat="46.6836910" lon="7.8893340"/>
   <trkpt lat="46.6837250" lon="7.8893300"/>
   <trkpt lat="46.6837580" lon="7.8893260"/>
   <trkpt lat="46.6837920" lon="7.8893230"/>
   <trkpt lat="46.6838250" lon="7.8893190"/>
   <trkpt lat="46.6838590" lon="7.8893090"/>
   <trkpt lat="46.6838890" lon="7.8893010"/>
   <trkpt lat="46.6839180" lon="7.8892920"/>
   <trkpt lat="46.6839480" lon="7.8892810"/>
   <trkpt lat="46.6839770" lon="7.8892690"/>
   <trkpt lat="46.6840070" lon="7.8892580"/>
   <trkpt lat="46.6840370" lon="7.8892480"/>
   <trkpt lat="46.6840670" lon="7.8892370"/>
   <trkpt lat="46.6840990" lon="7.8892280"/>
   <trkpt lat="46.6841300" lon="7.8892180"/>
   <trkpt lat="46.6841630" lon="7.8892090"/>
   <trkpt lat="46.6841960" lon="7.8892010"/>
   <trkpt lat="46.6842310" lon="7.8891960"/>
   <trkpt lat="46.6842640" lon="7.8891900"/>
   <trkpt lat="46.6842980" lon="7.8891860"/>
   <trkpt lat="46.6843350" lon="7.8891820"/>
   <trkpt lat="46.6843710" lon="7.8891740"/>
   <trkpt lat="46.6844080" lon="7.8891700"/>
   <trkpt lat="46.6844390" lon="7.8891630"/>
   <trkpt lat="46.6844710" lon="7.8891600"/>
   <trkpt lat="46.6845030" lon="7.8891550"/>
   <trkpt lat="46.6845400" lon="7.8891500"/>
   <trkpt lat="46.6845730" lon="7.8891470"/>
   <trkpt lat="46.6846080" lon="7.8891400"/>
   <trkpt lat="46.6846440" lon="7.8891330"/>
   <trkpt lat="46.6846780" lon="7.8891230"/>
   <trkpt lat="46.6847120" lon="7.8891170"/>
   <trkpt lat="46.6847400" lon="7.8891120"/>
   <trkpt lat="46.6847720" lon="7.8891000"/>
   <trkpt lat="46.6848020" lon="7.8890920"/>
   <trkpt lat="46.6848350" lon="7.8890780"/>
   <trkpt lat="46.6848690" lon="7.8890630"/>
   <trkpt lat="46.6849000" lon="7.8890480"/>
   <trkpt lat="46.6849360" lon="7.8890290"/>
   <trkpt lat="46.6849640" lon="7.8890150"/>
   <trkpt lat="46.6849970" lon="7.8890020"/>
   <trkpt lat="46.6850260" lon="7.8889890"/>
   <trkpt lat="46.6850570" lon="7.8889730"/>
   <trkpt lat="46.6850900" lon="7.8889620"/>
   <trkpt lat="46.6851190" lon="7.8889510"/>
   <trkpt lat="46.6851530" lon="7.8889360"/>
   <trkpt lat="46.6851830" lon="7.8889180"/>
   <trkpt lat="46.6852160" lon="7.8888960"/>
   <trkpt lat="46.6852420" lon="7.8888750"/>
   <trkpt lat="46.6852700" lon="7.8888550"/>
   <trkpt lat="46.6852980" lon="7.8888390"/>
   <trkpt lat="46.6853280" lon="7.8888180"/>
   <trkpt lat="46.6853600" lon="7.8888000"/>
   <trkpt lat="46.6853900" lon="7.8887850"/>
   <trkpt lat="46.6854260" lon="7.8887750"/>
   <trkpt lat="46.6854560" lon="7.8887730"/>
   <trkpt lat="46.6854890" lon="7.8887650"/>
   <trkpt lat="46.6855220" lon="7.8887600"/>
   <trkpt lat="46.6855550" lon="7.8887520"/>
   <trkpt lat="46.6855870" lon="7.8887470"/>
   <trkpt lat="46.6856170" lon="7.8887440"/>
   <trkpt lat="46.6856510" lon="7.8887440"/>
   <trkpt lat="46.6856840" lon="7.8887470"/>
   <trkpt lat="46.6857210" lon="7.8887480"/>
   <trkpt lat="46.6857520" lon="7.8887540"/>
   <trkpt lat="46.6857840" lon="7.8887600"/>
   <trkpt lat="46.6858160" lon="7.8887690"/>
   <trkpt lat="46.6858470" lon="7.8887780"/>
   <trkpt lat="46.6858810" lon="7.8887890"/>
   <trkpt lat="46.6859090" lon="7.8887980"/>
   <trkpt lat="46.6859430" lon="7.8888070"/>
   <trkpt lat="46.6859730" lon="7.8888250"/>
   <trkpt lat="46.6860060" lon="7.8888390"/>
   <trkpt lat="46.6860380" lon="7.8888650"/>
   <trkpt lat="46.6860680" lon="7.8888850"/>
   <trkpt lat="46.6861010" lon="7.8889110"/>
   <trkpt lat="46.6861300" lon="7.8889260"/>
   <trkpt lat="46.6861620" lon="7.8889480"/>
   <trkpt lat="46.6861880" lon="7.8889700"/>
   <trkpt lat="46.6862170" lon="7.8889900"/>
   <trkpt lat="46.6862440" lon="7.8890060"/>
   <trkpt lat="46.6862730" lon="7.8890200"/>
   <trkpt lat="46.6863020" lon="7.8890360"/>
   <trkpt lat="46.6863320" lon="7.8890480"/>
   <trkpt lat="46.6863680" lon="7.8890600"/>
   <trkpt lat="46.6864000" lon="7.8890720"/>
   <trkpt lat="46.6864390" lon="7.8890850"/>
   <trkpt lat="46.6864740" lon="7.8890990"/>
   <trkpt lat="46.6865070" lon="7.8891160"/>
   <trkpt lat="46.6865380" lon="7.8891380"/>
   <trkpt lat="46.6865670" lon="7.8891540"/>
   <trkpt lat="46.6865990" lon="7.8891760"/>
   <trkpt lat="46.6866300" lon="7.8891960"/>
   <trkpt lat="46.6866590" lon="7.8892190"/>
   <trkpt lat="46.6866890" lon="7.8892440"/>
   <trkpt lat="46.6867190" lon="7.8892710"/>
   <trkpt lat="46.6867500" lon="7.8893000"/>
   <trkpt lat="46.6867800" lon="7.8893240"/>
   <trkpt lat="46.6868110" lon="7.8893510"/>
   <trkpt lat="46.6868420" lon="7.8893690"/>
   <trkpt lat="46.6868830" lon="7.8893720"/>
   <trkpt lat="46.6869130" lon="7.8893800"/>
   <trkpt lat="46.6869480" lon="7.8893910"/>
   <trkpt lat="46.6869780" lon="7.8894030"/>
   <trkpt lat="46.6870090" lon="7.8894170"/>
   <trkpt lat="46.6870420" lon="7.8894370"/>
   <trkpt lat="46.6870730" lon="7.8894560"/>
   <trkpt lat="46.6871050" lon="7.8894760"/>
   <trkpt lat="46.6871330" lon="7.8894940"/>
   <trkpt lat="46.6871660" lon="7.8895170"/>
   <trkpt lat="46.6871970" lon="7.8895350"/>
   <trkpt lat="46.6872300" lon="7.8895580"/>
   <trkpt lat="46.6872590" lon="7.8895790"/>
   <trkpt lat="46.6872890" lon="7.8896040"/>
   <trkpt lat="46.6873180" lon="7.8896260"/>
   <trkpt lat="46.6873430" lon="7.8896460"/>
   <trkpt lat="46.6873710" lon="7.8896650"/>
   <trkpt lat="46.6874010" lon="7.8896840"/>
   <trkpt lat="46.6874310" lon="7.8897040"/>
   <trkpt lat="46.6874590" lon="7.8897220"/>
   <trkpt lat="46.6874890" lon="7.8897440"/>
   <trkpt lat="46.6875160" lon="7.8897640"/>
   <trkpt lat="46.6875440" lon="7.8897890"/>
   <trkpt lat="46.6875710" lon="7.8898110"/>
   <trkpt lat="46.6875970" lon="7.8898380"/>
   <trkpt lat="46.6876250" lon="7.8898610"/>
   <trkpt lat="46.6876540" lon="7.8898880"/>
   <trkpt lat="46.6876810" lon="7.8899140"/>
   <trkpt lat="46.6877070" lon="7.8899450"/>
   <trkpt lat="46.6877340" lon="7.8899730"/>
   <trkpt lat="46.6877600" lon="7.8900020"/>
   <trkpt lat="46.6877890" lon="7.8900360"/>
   <trkpt lat="46.6878150" lon="7.8900640"/>
   <trkpt lat="46.6878430" lon="7.8900960"/>
   <trkpt lat="46.6878710" lon="7.8901220"/>
   <trkpt lat="46.6878970" lon="7.8901500"/>
   <trkpt lat="46.6879240" lon="7.8901720"/>
   <trkpt lat="46.6879500" lon="7.8901970"/>
   <trkpt lat="46.6879740" lon="7.8902270"/>
   <trkpt lat="46.6880010" lon="7.8902660"/>
   <trkpt lat="46.6880240" lon="7.8902990"/>
   <trkpt lat="46.6880500" lon="7.8903390"/>
   <trkpt lat="46.6880740" lon="7.8903710"/>
   <trkpt lat="46.6881010" lon="7.8904090"/>
   <trkpt lat="46.6881270" lon="7.8904390"/>
   <trkpt lat="46.6881520" lon="7.8904750"/>
   <trkpt lat="46.6881780" lon="7.8905020"/>
   <trkpt lat="46.6882060" lon="7.8905350"/>
   <trkpt lat="46.6882300" lon="7.8905620"/>
   <trkpt lat="46.6882580" lon="7.8906010"/>
   <trkpt lat="46.6882860" lon="7.8906360"/>
   <trkpt lat="46.6883150" lon="7.8906740"/>
   <trkpt lat="46.6883390" lon="7.8907070"/>
   <trkpt lat="46.6883650" lon="7.8907400"/>
   <trkpt lat="46.6883920" lon="7.8907800"/>
   <trkpt lat="46.6884150" lon="7.8908120"/>
   <trkpt lat="46.6884370" lon="7.8908500"/>
   <trkpt lat="46.6884580" lon="7.8908830"/>
   <trkpt lat="46.6884820" lon="7.8909260"/>
   <trkpt lat="46.6885040" lon="7.8909630"/>
   <trkpt lat="46.6885270" lon="7.8910070"/>
   <trkpt lat="46.6885480" lon="7.8910490"/>
   <trkpt lat="46.6885710" lon="7.8910950"/>
   <trkpt lat="46.6885930" lon="7.8911380"/>
   <trkpt lat="46.6886150" lon="7.8911740"/>
   <trkpt lat="46.6886380" lon="7.8912120"/>
   <trkpt lat="46.6886590" lon="7.8912400"/>
   <trkpt lat="46.6886860" lon="7.8912790"/>
   <trkpt lat="46.6887080" lon="7.8913100"/>
   <trkpt lat="46.6887350" lon="7.8913450"/>
   <trkpt lat="46.6887590" lon="7.8913840"/>
   <trkpt lat="46.6887850" lon="7.8914220"/>
   <trkpt lat="46.6888100" lon="7.8914670"/>
   <trkpt lat="46.6888320" lon="7.8915040"/>
   <trkpt lat="46.6888570" lon="7.8915530"/>
   <trkpt lat="46.6888780" lon="7.8915900"/>
   <trkpt lat="46.6889020" lon="7.8916350"/>
   <trkpt lat="46.6889240" lon="7.8916720"/>
   <trkpt lat="46.6889460" lon="7.8917110"/>
   <trkpt lat="46.6889700" lon="7.8917490"/>
   <trkpt lat="46.6889930" lon="7.8917830"/>
   <trkpt lat="46.6890180" lon="7.8918230"/>
   <trkpt lat="46.6890400" lon="7.8918570"/>
   <trkpt lat="46.6890670" lon="7.8919010"/>
   <trkpt lat="46.6890870" lon="7.8919300"/>
   <trkpt lat="46.6891100" lon="7.8919700"/>
   <trkpt lat="46.6891320" lon="7.8920080"/>
   <trkpt lat="46.6891540" lon="7.8920510"/>
   <trkpt lat="46.6891740" lon="7.8920950"/>
   <trkpt lat="46.6891930" lon="7.8921360"/>
   <trkpt lat="46.6892120" lon="7.8921870"/>
   <trkpt lat="46.6892270" lon="7.8922240"/>
   <trkpt lat="46.6892420" lon="7.8922700"/>
   <trkpt lat="46.6892570" lon="7.8923120"/>
   <trkpt lat="46.6892720" lon="7.8923580"/>
   <trkpt lat="46.6892860" lon="7.8924030"/>
   <trkpt lat="46.6893000" lon="7.8924420"/>
   <trkpt lat="46.6893170" lon="7.8924870"/>
   <trkpt lat="46.6893310" lon="7.8925270"/>
   <trkpt lat="46.6893450" lon="7.8925720"/>
   <trkpt lat="46.6893580" lon="7.8926120"/>
   <trkpt lat="46.6893730" lon="7.8926630"/>
   <trkpt lat="46.6893880" lon="7.8927030"/>
   <trkpt lat="46.6894050" lon="7.8927500"/>
   <trkpt lat="46.6894200" lon="7.8927950"/>
   <trkpt lat="46.6894370" lon="7.8928390"/>
   <trkpt lat="46.6894520" lon="7.8928860"/>
   <trkpt lat="46.6894670" lon="7.8929270"/>
   <trkpt lat="46.6894810" lon="7.8929750"/>
   <trkpt lat="46.6894950" lon="7.8930190"/>
   <trkpt lat="46.6895120" lon="7.8930650"/>
   <trkpt lat="46.6895280" lon="7.8931110"/>
   <trkpt lat="46.6895460" lon="7.8931530"/>
   <trkpt lat="46.6895650" lon="7.8932010"/>
   <trkpt lat="46.6895810" lon="7.8932410"/>
   <trkpt lat="46.6896010" lon="7.8932850"/>
   <trkpt lat="46.6896200" lon="7.8933280"/>
   <trkpt lat="46.6896380" lon="7.8933740"/>
   <trkpt lat="46.6896550" lon="7.8934190"/>
   <trkpt lat="46.6896700" lon="7.8934590"/>
   <trkpt lat="46.6896880" lon="7.8935080"/>
   <trkpt lat="46.6897020" lon="7.8935470"/>
   <trkpt lat="46.6897190" lon="7.8935970"/>
   <trkpt lat="46.6897350" lon="7.8936440"/>
   <trkpt lat="46.6897510" lon="7.8936920"/>
   <trkpt lat="46.6897660" lon="7.8937420"/>
   <trkpt lat="46.6897810" lon="7.8937900"/>
   <trkpt lat="46.6897970" lon="7.8938420"/>
   <trkpt lat="46.6898070" lon="7.8938860"/>
   <trkpt lat="46.6898230" lon="7.8939360"/>
   <trkpt lat="46.6898370" lon="7.8939820"/>
   <trkpt lat="46.6898550" lon="7.8940320"/>
   <trkpt lat="46.6898730" lon="7.8940760"/>
   <trkpt lat="46.6898900" lon="7.8941200"/>
   <trkpt lat="46.6899060" lon="7.8941680"/>
   <trkpt lat="46.6899220" lon="7.8942100"/>
   <trkpt lat="46.6899390" lon="7.8942630"/>
   <trkpt lat="46.6899550" lon="7.8943020"/>
   <trkpt lat="46.6899710" lon="7.8943540"/>
   <trkpt lat="46.6899850" lon="7.8944010"/>
   <trkpt lat="46.6899980" lon="7.8944520"/>
   <trkpt lat="46.6900090" lon="7.8944970"/>
   <trkpt lat="46.6900240" lon="7.8945400"/>
   <trkpt lat="46.6900400" lon="7.8945910"/>
   <trkpt lat="46.6900580" lon="7.8946330"/>
   <trkpt lat="46.6900760" lon="7.8946850"/>
   <trkpt lat="46.6900910" lon="7.8947260"/>
   <trkpt lat="46.6901110" lon="7.8947800"/>
   <trkpt lat="46.6901320" lon="7.8948230"/>
   <trkpt lat="46.6901520" lon="7.8948670"/>
   <trkpt lat="46.6901710" lon="7.8949060"/>
   <trkpt lat="46.6901910" lon="7.8949510"/>
   <trkpt lat="46.6902070" lon="7.8949990"/>
   <trkpt lat="46.6902240" lon="7.8950440"/>
   <trkpt lat="46.6902390" lon="7.8950950"/>
   <trkpt lat="46.6902520" lon="7.8951390"/>
   <trkpt lat="46.6902680" lon="7.8951950"/>
   <trkpt lat="46.6902810" lon="7.8952410"/>
   <trkpt lat="46.6902910" lon="7.8952950"/>
   <trkpt lat="46.6902930" lon="7.8953460"/>
   <trkpt lat="46.6902970" lon="7.8954010"/>
   <trkpt lat="46.6902980" lon="7.8954520"/>
   <trkpt lat="46.6903030" lon="7.8954970"/>
   <trkpt lat="46.6903090" lon="7.8955470"/>
   <trkpt lat="46.6903180" lon="7.8955910"/>
   <trkpt lat="46.6903270" lon="7.8956380"/>
   <trkpt lat="46.6903370" lon="7.8956810"/>
   <trkpt lat="46.6903480" lon="7.8957340"/>
   <trkpt lat="46.6903590" lon="7.8957800"/>
   <trkpt lat="46.6903700" lon="7.8958290"/>
   <trkpt lat="46.6903800" lon="7.8958770"/>
   <trkpt lat="46.6903920" lon="7.8959260"/>
   <trkpt lat="46.6904020" lon="7.8959720"/>
   <trkpt lat="46.6904130" lon="7.8960200"/>
   <trkpt lat="46.6904250" lon="7.8960690"/>
   <trkpt lat="46.6904360" lon="7.8961120"/>
   <trkpt lat="46.6904470" lon="7.8961540"/>
   <trkpt lat="46.6904520" lon="7.8961880"/>
   <trkpt lat="46.6904380" lon="7.8962240"/>
   <trkpt lat="46.6904190" lon="7.8962560"/>
   <trkpt lat="46.6903850" lon="7.8962730"/>
   <trkpt lat="46.6903500" lon="7.8962980"/>
   <trkpt lat="46.6903180" lon="7.8963250"/>
   <trkpt lat="46.6902830" lon="7.8963530"/>
   <trkpt lat="46.6902510" lon="7.8963790"/>
   <trkpt lat="46.6902170" lon="7.8964070"/>
   <trkpt lat="46.6901870" lon="7.8964340"/>
   <trkpt lat="46.6901560" lon="7.8964590"/>
   <trkpt lat="46.6901290" lon="7.8964850"/>
   <trkpt lat="46.6900980" lon="7.8965160"/>
   <trkpt lat="46.6900660" lon="7.8965430"/>
   <trkpt lat="46.6900360" lon="7.8965720"/>
   <trkpt lat="46.6900040" lon="7.8965980"/>
   <trkpt lat="46.6899720" lon="7.8966270"/>
   <trkpt lat="46.6899410" lon="7.8966570"/>
   <trkpt lat="46.6899090" lon="7.8966850"/>
   <trkpt lat="46.6898740" lon="7.8967100"/>
   <trkpt lat="46.6898400" lon="7.8967320"/>
   <trkpt lat="46.6898080" lon="7.8967540"/>
   <trkpt lat="46.6897700" lon="7.8967840"/>
   <trkpt lat="46.6897360" lon="7.8968100"/>
   <trkpt lat="46.6897010" lon="7.8968430"/>
   <trkpt lat="46.6896700" lon="7.8968720"/>
   <trkpt lat="46.6896410" lon="7.8969020"/>
   <trkpt lat="46.6896080" lon="7.8969320"/>
   <trkpt lat="46.6895750" lon="7.8969660"/>
   <trkpt lat="46.6895400" lon="7.8969980"/>
   <trkpt lat="46.6895050" lon="7.8970280"/>
   <trkpt lat="46.6894690" lon="7.8970590"/>
   <trkpt lat="46.6894370" lon="7.8970910"/>
   <trkpt lat="46.6894010" lon="7.8971230"/>
   <trkpt lat="46.6893760" lon="7.8971500"/>
   <trkpt lat="46.6893420" lon="7.8971800"/>
   <trkpt lat="46.6893140" lon="7.8972040"/>
   <trkpt lat="46.6892800" lon="7.8972320"/>
   <trkpt lat="46.6892480" lon="7.8972630"/>
   <trkpt lat="46.6892160" lon="7.8972940"/>
   <trkpt lat="46.6891850" lon="7.8973240"/>
   <trkpt lat="46.6891530" lon="7.8973570"/>
   <trkpt lat="46.6891160" lon="7.8973860"/>
   <trkpt lat="46.6890770" lon="7.8974010"/>
   <trkpt lat="46.6890410" lon="7.8973850"/>
   <trkpt lat="46.6890170" lon="7.8973400"/>
   <trkpt lat="46.6890010" lon="7.8972920"/>
   <trkpt lat="46.6889950" lon="7.8972240"/>
   <trkpt lat="46.6889920" lon="7.8971630"/>
   <trkpt lat="46.6889910" lon="7.8970850"/>
   <trkpt lat="46.6889850" lon="7.8970230"/>
   <trkpt lat="46.6889790" lon="7.8969530"/>
   <trkpt lat="46.6889710" lon="7.8968880"/>
   <trkpt lat="46.6889680" lon="7.8968190"/>
   <trkpt lat="46.6889610" lon="7.8967540"/>
   <trkpt lat="46.6889550" lon="7.8966960"/>
   <trkpt lat="46.6889500" lon="7.8966400"/>
  </trkseg>
 </trk>
</gpx>
