<?xml version="1.0" encoding="UTF-8"?>
<gpx creator="StravaGPX" version="1.1" xmlns="http://www.topografix.com/GPX/1/1" xmlns:xsi="http://www.w3.org/2001/XMLSchema-instance" xsi:schemaLocation="http://www.topografix.com/GPX/1/1 http://www.topografix.com/GPX/1/1/gpx.xsd http://www.garmin.com/xmlschemas/GpxExtensions/v3 http://www.garmin.com/xmlschemas/GpxExtensionsv3.xsd http://www.garmin.com/xmlschemas/TrackPointExtension/v1 http://www.garmin.com/xmlschemas/TrackPointExtensionv1.xsd" xmlns:gpxtpx="http://www.garmin.com/xmlschemas/TrackPointExtension/v1" xmlns:gpxx="http://www.garmin.com/xmlschemas/GpxExtensions/v3">
 <trk>
  <name>Thuner Stadtlauf</name>
  <type>running</type>
  <trkseg>
   <trkpt lat="46.7558340" lon="7.6313170"/>
   <trkpt lat="46.7558060" lon="7.6312810"/>
   <trkpt lat="46.7557770" lon="7.6312520"/>
   <trkpt lat="46.7557500" lon="7.6312180"/>
   <trkpt lat="46.7557170" lon="7.6311820"/>
   <trkpt lat="46.7556940" lon="7.6311550"/>
   <trkpt lat="46.7556650" lon="7.6311190"/>
   <trkpt lat="46.7556390" lon="7.6310900"/>
   <trkpt lat="46.7556080" lon="7.6310580"/>
   <trkpt lat="46.7555810" lon="7.6310320"/>
   <trkpt lat="46.7555560" lon="7.6310070"/>
   <trkpt lat="46.7555320" lon="7.6309790"/>
   <trkpt lat="46.7555100" lon="7.6309500"/>
   <trkpt lat="46.7554870" lon="7.6309210"/>
   <trkpt lat="46.7554650" lon="7.6308950"/>
   <trkpt lat="46.7554400" lon="7.6308780"/>
   <trkpt lat="46.7554090" lon="7.6308600"/>
   <trkpt lat="46.7553830" lon="7.6308370"/>
   <trkpt lat="46.7553550" lon="7.6308180"/>
   <trkpt lat="46.7553280" lon="7.6307900"/>
   <trkpt lat="46.7553010" lon="7.6307690"/>
   <trkpt lat="46.7552740" lon="7.6307400"/>
   <trkpt lat="46.7552500" lon="7.6307110"/>
   <trkpt lat="46.7552220" lon="7.6306830"/>
   <trkpt lat="46.7551960" lon="7.6306510"/>
   <trkpt lat="46.7551720" lon="7.6306200"/>
   <trkpt lat="46.7551470" lon="7.6305920"/>
   <trkpt lat="46.7551240" lon="7.6305640"/>
   <trkpt lat="46.7551060" lon="7.6305340"/>
   <trkpt lat="46.7550850" lon="7.6305010"/>
   <trkpt lat="46.7550620" lon="7.6304720"/>
   <trkpt lat="46.7550350" lon="7.6304470"/>
   <trkpt lat="46.7550040" lon="7.6304310"/>
   <trkpt lat="46.7549730" lon="7.6304170"/>
   <trkpt lat="46.7549380" lon="7.6303980"/>
   <trkpt lat="46.7549010" lon="7.6303880"/>
   <trkpt lat="46.7548650" lon="7.6303810"/>
   <trkpt lat="46.7548320" lon="7.6303800"/>
   <trkpt lat="46.7547950" lon="7.6303840"/>
   <trkpt lat="46.7547640" lon="7.6303930"/>
   <trkpt lat="46.7547330" lon="7.6304160"/>
   <trkpt lat="46.7547060" lon="7.6304390"/>
   <trkpt lat="46.7546820" lon="7.6304720"/>
   <trkpt lat="46.7546520" lon="7.6305090"/>
   <trkpt lat="46.7546240" lon="7.6305400"/>
   <trkpt lat="46.7545980" lon="7.6305800"/>
   <trkpt lat="46.7545720" lon="7.6306160"/>
   <trkpt lat="46.7545520" lon="7.6306500"/>
   <trkpt lat="46.7545260" lon="7.6306840"/>
   <trkpt lat="46.7545060" lon="7.6307150"/>
   <trkpt lat="46.7544870" lon="7.6307430"/>
   <trkpt lat="46.7544660" lon="7.6307680"/>
   <trkpt lat="46.7544470" lon="7.6308010"/>
   <trkpt lat="46.7544250" lon="7.6308360"/>
   <trkpt lat="46.7544050" lon="7.6308670"/>
   <trkpt lat="46.7543820" lon="7.6309030"/>
   <trkpt lat="46.7543590" lon="7.6309390"/>
   <trkpt lat="46.7543400" lon="7.6309720"/>
   <trkpt lat="46.7543180" lon="7.6310070"/>
   <trkpt lat="46.7542980" lon="7.6310360"/>
   <trkpt lat="46.7542800" lon="7.6310670"/>
   <trkpt lat="46.7542560" lon="7.6311030"/>
   <trkpt lat="46.7542350" lon="7.6311310"/>
   <trkpt lat="46.7542120" lon="7.6311600"/>
   <trkpt lat="46.7541860" lon="7.6311900"/>
   <trkpt lat="46.7541610" lon="7.6312150"/>
   <trkpt lat="46.7541360" lon="7.6312420"/>
   <trkpt lat="46.7541130" lon="7.6312680"/>
   <trkpt lat="46.7540930" lon="7.6312980"/>
   <trkpt lat="46.7540690" lon="7.6313210"/>
   <trkpt lat="46.7540460" lon="7.6313420"/>
   <trkpt lat="46.7540250" lon="7.6313690"/>
   <trkpt lat="46.7539990" lon="7.6313980"/>
   <trkpt lat="46.7539770" lon="7.6314240"/>
   <trkpt lat="46.7539560" lon="7.6314520"/>
   <trkpt lat="46.7539360" lon="7.6314810"/>
   <trkpt lat="46.7539150" lon="7.6315100"/>
   <trkpt lat="46.7538950" lon="7.6315380"/>
   <trkpt lat="46.7538710" lon="7.6315690"/>
   <trkpt lat="46.7538500" lon="7.6315960"/>
   <trkpt lat="46.7538270" lon="7.6316220"/>
   <trkpt lat="46.7538030" lon="7.6316470"/>
   <trkpt lat="46.7537800" lon="7.6316740"/>
   <trkpt lat="46.7537560" lon="7.6317010"/>
   <trkpt lat="46.7537330" lon="7.6317280"/>
   <trkpt lat="46.7537090" lon="7.6317560"/>
   <trkpt lat="46.7536840" lon="7.6317830"/>
   <trkpt lat="46.7536600" lon="7.6318090"/>
   <trkpt lat="46.7536360" lon="7.6318340"/>
   <trkpt lat="46.7536110" lon="7.6318580"/>
   <trkpt lat="46.7535880" lon="7.6318830"/>
   <trkpt lat="46.7535630" lon="7.6319090"/>
   <trkpt lat="46.7535390" lon="7.6319370"/>
   <trkpt lat="46.7535110" lon="7.6319690"/>
   <trkpt lat="46.7534860" lon="7.6319950"/>
   <trkpt lat="46.7534620" lon="7.6320190"/>
   <trkpt lat="46.7534360" lon="7.6320460"/>
   <trkpt lat="46.7534130" lon="7.6320710"/>
   <trkpt lat="46.7533880" lon="7.6320980"/>
   <trkpt lat="46.7533640" lon="7.6321240"/>
   <trkpt lat="46.7533410" lon="7.6321500"/>
   <trkpt lat="46.7533150" lon="7.6321770"/>
   <trkpt lat="46.7532900" lon="7.6322010"/>
   <trkpt lat="46.7532630" lon="7.6322250"/>
   <trkpt lat="46.7532360" lon="7.6322500"/>
   <trkpt lat="46.7532050" lon="7.6322760"/>
   <trkpt lat="46.7531750" lon="7.6323020"/>
   <trkpt lat="46.7531470" lon="7.6323250"/>
   <trkpt lat="46.7531230" lon="7.6323460"/>
   <trkpt lat="46.7530960" lon="7.6323650"/>
   <trkpt lat="46.7530710" lon="7.6323830"/>
   <trkpt lat="46.7530440" lon="7.6324030"/>
   <trkpt lat="46.7530140" lon="7.6324240"/>
   <trkpt lat="46.7529840" lon="7.6324460"/>
   <trkpt lat="46.7529550" lon="7.6324690"/>
   <trkpt lat="46.7529300" lon="7.6324920"/>
   <trkpt lat="46.7529030" lon="7.6325100"/>
   <trkpt lat="46.7528770" lon="7.6325290"/>
   <trkpt lat="46.7528500" lon="7.6325490"/>
   <trkpt lat="46.7528210" lon="7.6325690"/>
   <trkpt lat="46.7527950" lon="7.6325880"/>
   <trkpt lat="46.7527670" lon="7.6326070"/>
   <trkpt lat="46.7527400" lon="7.6326260"/>
   <trkpt lat="46.7527160" lon="7.6326470"/>
   <trkpt lat="46.7526900" lon="7.6326660"/>
   <trkpt lat="46.7526630" lon="7.6326870"/>
   <trkpt lat="46.7526340" lon="7.6327060"/>
   <trkpt lat="46.7526060" lon="7.6327240"/>
   <trkpt lat="46.7525780" lon="7.6327440"/>
   <trkpt lat="46.7525460" lon="7.6327660"/>
   <trkpt lat="46.7525110" lon="7.6327940"/>
   <trkpt lat="46.7524710" lon="7.6328240"/>
   <trkpt lat="46.7524410" lon="7.6328500"/>
   <trkpt lat="46.7524100" lon="7.6328810"/>
   <trkpt lat="46.7523800" lon="7.6329050"/>
   <trkpt lat="46.7523530" lon="7.6329320"/>
   <trkpt lat="46.7523220" lon="7.6329560"/>
   <trkpt lat="46.7522950" lon="7.6329750"/>
   <trkpt lat="46.7522680" lon="7.6329980"/>
   <trkpt lat="46.7522400" lon="7.6330190"/>
   <trkpt lat="46.7522150" lon="7.6330460"/>
   <trkpt lat="46.7521900" lon="7.6330700"/>
   <trkpt lat="46.7521610" lon="7.6330870"/>
   <trkpt lat="46.7521330" lon="7.6331120"/>
   <trkpt lat="46.7521040" lon="7.6331360"/>
   <trkpt lat="46.7520780" lon="7.6331600"/>
   <trkpt lat="46.7520490" lon="7.6331820"/>
   <trkpt lat="46.7520230" lon="7.6331990"/>
   <trkpt lat="46.7520010" lon="7.6332190"/>
   <trkpt lat="46.7519760" lon="7.6332380"/>
   <trkpt lat="46.7519520" lon="7.6332600"/>
   <trkpt lat="46.7519220" lon="7.6332850"/>
   <trkpt lat="46.7518950" lon="7.6333030"/>
   <trkpt lat="46.7518660" lon="7.6333270"/>
   <trkpt lat="46.7518360" lon="7.6333490"/>
   <trkpt lat="46.7518090" lon="7.6333680"/>
   <trkpt lat="46.7517800" lon="7.6333890"/>
   <trkpt lat="46.7517520" lon="7.6334050"/>
   <trkpt lat="46.7517250" lon="7.6334280"/>
   <trkpt lat="46.7516940" lon="7.6334460"/>
   <trkpt lat="46.7516660" lon="7.6334600"/>
   <trkpt lat="46.7516370" lon="7.6334760"/>
   <trkpt lat="46.7516070" lon="7.6334910"/>
   <trkpt lat="46.7515780" lon="7.6335100"/>
   <trkpt lat="46.7515440" lon="7.6335310"/>
   <trkpt lat="46.7515140" lon="7.6335490"/>
   <trkpt lat="46.7514820" lon="7.6335680"/>
   <trkpt lat="46.7514520" lon="7.6335830"/>
   <trkpt lat="46.7514230" lon="7.6336050"/>
   <trkpt lat="46.7513900" lon="7.6336240"/>
   <trkpt lat="46.7513630" lon="7.6336390"/>
   <trkpt lat="46.7513320" lon="7.6336530"/>
   <trkpt lat="46.7513030" lon="7.6336660"/>
   <trkpt lat="46.7512750" lon="7.6336860"/>
   <trkpt lat="46.7512430" lon="7.6337040"/>
   <trkpt lat="46.7512140" lon="7.6337200"/>
   <trkpt lat="46.7511820" lon="7.6337400"/>
   <trkpt lat="46.7511510" lon="7.6337580"/>
   <trkpt lat="46.7511220" lon="7.6337800"/>
   <trkpt lat="46.7510910" lon="7.6337980"/>
   <trkpt lat="46.7510630" lon="7.6338130"/>
   <trkpt lat="46.7510340" lon="7.6338320"/>
   <trkpt lat="46.7510040" lon="7.6338470"/>
   <trkpt lat="46.7509780" lon="7.6338670"/>
   <trkpt lat="46.7509460" lon="7.6338840"/>
   <trkpt lat="46.7509160" lon="7.6338980"/>
   <trkpt lat="46.7508810" lon="7.6339080"/>
   <trkpt lat="46.7508500" lon="7.6339130"/>
   <trkpt lat="46.7508210" lon="7.6339230"/>
   <trkpt lat="46.7507850" lon="7.6339270"/>
   <trkpt lat="46.7507560" lon="7.6339310"/>
   <trkpt lat="46.7507240" lon="7.6339310"/>
   <trkpt lat="46.7506920" lon="7.6339330"/>
   <trkpt lat="46.7506610" lon="7.6339390"/>
   <trkpt lat="46.7506240" lon="7.6339410"/>
   <trkpt lat="46.7505900" lon="7.6339440"/>
   <trkpt lat="46.7505580" lon="7.6339440"/>
   <trkpt lat="46.7505260" lon="7.6339430"/>
   <trkpt lat="46.7504950" lon="7.6339440"/>
   <trkpt lat="46.7504610" lon="7.6339430"/>
   <trkpt lat="46.7504300" lon="7.6339410"/>
   <trkpt lat="46.7504000" lon="7.6339370"/>
   <trkpt lat="46.7503700" lon="7.6339320"/>
   <trkpt lat="46.7503400" lon="7.6339290"/>
   <trkpt lat="46.7503100" lon="7.6339230"/>
   <trkpt lat="46.7502790" lon="7.6339200"/>
   <trkpt lat="46.7502480" lon="7.6339160"/>
   <trkpt lat="46.7502190" lon="7.6339090"/>
   <trkpt lat="46.7501870" lon="7.6339070"/>
   <trkpt lat="46.7501530" lon="7.6338990"/>
   <trkpt lat="46.7501210" lon="7.6338930"/>
   <trkpt lat="46.7500900" lon="7.6338820"/>
   <trkpt lat="46.7500590" lon="7.6338690"/>
   <trkpt lat="46.7500280" lon="7.6338610"/>
   <trkpt lat="46.7499950" lon="7.6338490"/>
   <trkpt lat="46.7499660" lon="7.6338370"/>
   <trkpt lat="46.7499380" lon="7.6338270"/>
   <trkpt lat="46.7499090" lon="7.6338150"/>
   <trkpt lat="46.7498820" lon="7.6338030"/>
   <trkpt lat="46.7498520" lon="7.6337880"/>
   <trkpt lat="46.7498230" lon="7.6337720"/>
   <trkpt lat="46.7497920" lon="7.6337560"/>
   <trkpt lat="46.7497640" lon="7.6337410"/>
   <trkpt lat="46.7497390" lon="7.6337240"/>
   <trkpt lat="46.7497120" lon="7.6337050"/>
   <trkpt lat="46.7496830" lon="7.6336840"/>
   <trkpt lat="46.7496530" lon="7.6336650"/>
   <trkpt lat="46.7496230" lon="7.6336440"/>
   <trkpt lat="46.7495940" lon="7.6336270"/>
   <trkpt lat="46.7495650" lon="7.6336120"/>
   <trkpt lat="46.7495350" lon="7.6336000"/>
   <trkpt lat="46.7495070" lon="7.6335910"/>
   <trkpt lat="46.7494750" lon="7.6335820"/>
   <trkpt lat="46.7494480" lon="7.6335740"/>
   <trkpt lat="46.7494220" lon="7.6335690"/>
   <trkpt lat="46.7493950" lon="7.6335640"/>
   <trkpt lat="46.7493640" lon="7.6335590"/>
   <trkpt lat="46.7493320" lon="7.6335580"/>
   <trkpt lat="46.7493040" lon="7.6335610"/>
   <trkpt lat="46.7492730" lon="7.6335660"/>
   <trkpt lat="46.7492420" lon="7.6335700"/>
   <trkpt lat="46.7492090" lon="7.6335800"/>
   <trkpt lat="46.7491770" lon="7.6335910"/>
   <trkpt lat="46.7491470" lon="7.6336080"/>
   <trkpt lat="46.7491150" lon="7.6336270"/>
   <trkpt lat="46.7490830" lon="7.6336480"/>
   <trkpt lat="46.7490520" lon="7.6336720"/>
   <trkpt lat="46.7490230" lon="7.6336930"/>
   <trkpt lat="46.7489950" lon="7.6337170"/>
   <trkpt lat="46.7489670" lon="7.6337400"/>
   <trkpt lat="46.7489400" lon="7.6337670"/>
   <trkpt lat="46.7489170" lon="7.6337910"/>
   <trkpt lat="46.7488930" lon="7.6338180"/>
   <trkpt lat="46.7488680" lon="7.6338470"/>
   <trkpt lat="46.7488400" lon="7.6338740"/>
   <trkpt lat="46.7488090" lon="7.6339000"/>
   <trkpt lat="46.7487820" lon="7.6339260"/>
   <trkpt lat="46.7487540" lon="7.6339520"/>
   <trkpt lat="46.7487280" lon="7.6339810"/>
   <trkpt lat="46.7487030" lon="7.6340070"/>
   <trkpt lat="46.7486810" lon="7.6340340"/>
   <trkpt lat="46.7486570" lon="7.6340630"/>
   <trkpt lat="46.7486320" lon="7.6340920"/>
   <trkpt lat="46.7486090" lon="7.6341170"/>
   <trkpt lat="46.7485830" lon="7.6341440"/>
   <trkpt lat="46.7485550" lon="7.6341690"/>
   <trkpt lat="46.7485300" lon="7.6341950"/>
   <trkpt lat="46.7485030" lon="7.6342190"/>
   <trkpt lat="46.7484760" lon="7.6342430"/>
   <trkpt lat="46.7484510" lon="7.6342660"/>
   <trkpt lat="46.7484220" lon="7.6342900"/>
   <trkpt lat="46.7483970" lon="7.6343130"/>
   <trkpt lat="46.7483690" lon="7.6343400"/>
   <trkpt lat="46.7483420" lon="7.6343650"/>
   <trkpt lat="46.7483160" lon="7.6343900"/>
   <trkpt lat="46.7482900" lon="7.6344150"/>
   <trkpt lat="46.7482670" lon="7.6344400"/>
   <trkpt lat="46.7482410" lon="7.6344700"/>
   <trkpt lat="46.7482170" lon="7.6344960"/>
   <trkpt lat="46.7481940" lon="7.6345260"/>
   <trkpt lat="46.7481710" lon="7.6345550"/>
   <trkpt lat="46.7481490" lon="7.6345850"/>
   <trkpt lat="46.7481280" lon="7.6346180"/>
   <trkpt lat="46.7481080" lon="7.6346490"/>
   <trkpt lat="46.7480870" lon="7.6346800"/>
   <trkpt lat="46.7480630" lon="7.6347150"/>
   <trkpt lat="46.7480400" lon="7.6347470"/>
   <trkpt lat="46.7480200" lon="7.6347760"/>
   <trkpt lat="46.7479980" lon="7.6348110"/>
   <trkpt lat="46.7479810" lon="7.6348390"/>
   <trkpt lat="46.7479590" lon="7.6348740"/>
   <trkpt lat="46.7479370" lon="7.6349020"/>
   <trkpt lat="46.7479130" lon="7.6349340"/>
   <trkpt lat="46.7478850" lon="7.6349650"/>
   <trkpt lat="46.7478580" lon="7.6349980"/>
   <trkpt lat="46.7478350" lon="7.6350290"/>
   <trkpt lat="46.7478140" lon="7.6350560"/>
   <trkpt lat="46.7477910" lon="7.6350850"/>
   <trkpt lat="46.7477670" lon="7.6351130"/>
   <trkpt lat="46.7477420" lon="7.6351410"/>
   <trkpt lat="46.7477180" lon="7.6351690"/>
   <trkpt lat="46.7476900" lon="7.6351970"/>
   <trkpt lat="46.7476670" lon="7.6352250"/>
   <trkpt lat="46.7476410" lon="7.6352550"/>
   <trkpt lat="46.7476150" lon="7.6352830"/>
   <trkpt lat="46.7475930" lon="7.6353130"/>
   <trkpt lat="46.7475710" lon="7.6353460"/>
   <trkpt lat="46.7475510" lon="7.6353760"/>
   <trkpt lat="46.7475290" lon="7.6354070"/>
   <trkpt lat="46.7475060" lon="7.6354380"/>
   <trkpt lat="46.7474830" lon="7.6354680"/>
   <trkpt lat="46.7474590" lon="7.6355000"/>
   <trkpt lat="46.7474350" lon="7.6355300"/>
   <trkpt lat="46.7474130" lon="7.6355620"/>
   <trkpt lat="46.7473920" lon="7.6355930"/>
   <trkpt lat="46.7473720" lon="7.6356260"/>
   <trkpt lat="46.7473500" lon="7.6356590"/>
   <trkpt lat="46.7473290" lon="7.6356890"/>
   <trkpt lat="46.7473090" lon="7.6357190"/>
   <trkpt lat="46.7472860" lon="7.6357520"/>
   <trkpt lat="46.7472640" lon="7.6357850"/>
   <trkpt lat="46.7472430" lon="7.6358160"/>
   <trkpt lat="46.7472190" lon="7.6358480"/>
   <trkpt lat="46.7471960" lon="7.6358820"/>
   <trkpt lat="46.7471720" lon="7.6359170"/>
   <trkpt lat="46.7471490" lon="7.6359530"/>
   <trkpt lat="46.7471290" lon="7.6359890"/>
   <trkpt lat="46.7471100" lon="7.6360280"/>
   <trkpt lat="46.7470920" lon="7.6360590"/>
   <trkpt lat="46.7470750" lon="7.6360910"/>
   <trkpt lat="46.7470580" lon="7.6361240"/>
   <trkpt lat="46.7470360" lon="7.6361610"/>
   <trkpt lat="46.7470160" lon="7.6361860"/>
   <trkpt lat="46.7469910" lon="7.6362110"/>
   <trkpt lat="46.7469580" lon="7.6362240"/>
   <trkpt lat="46.7469250" lon="7.6362320"/>
   <trkpt lat="46.7468910" lon="7.6362220"/>
   <trkpt lat="46.7468630" lon="7.6362040"/>
   <trkpt lat="46.7468330" lon="7.6361810"/>
   <trkpt lat="46.7468030" lon="7.6361490"/>
   <trkpt lat="46.7467770" lon="7.6361210"/>
   <trkpt lat="46.7467500" lon="7.6360930"/>
   <trkpt lat="46.7467230" lon="7.6360620"/>
   <trkpt lat="46.7466980" lon="7.6360350"/>
   <trkpt lat="46.7466740" lon="7.6360030"/>
   <trkpt lat="46.7466520" lon="7.6359720"/>
   <trkpt lat="46.7466290" lon="7.6359390"/>
   <trkpt lat="46.7466090" lon="7.6359030"/>
   <trkpt lat="46.7465890" lon="7.6358710"/>
   <trkpt lat="46.7465670" lon="7.6358320"/>
   <trkpt lat="46.7465470" lon="7.6357950"/>
   <trkpt lat="46.7465240" lon="7.6357600"/>
   <trkpt lat="46.7465050" lon="7.6357200"/>
   <trkpt lat="46.7464880" lon="7.6356840"/>
   <trkpt lat="46.7464710" lon="7.6356450"/>
   <trkpt lat="46.7464540" lon="7.6356060"/>
   <trkpt lat="46.7464360" lon="7.6355720"/>
   <trkpt lat="46.7464210" lon="7.6355310"/>
   <trkpt lat="46.7464050" lon="7.6354960"/>
   <trkpt lat="46.7463890" lon="7.6354570"/>
   <trkpt lat="46.7463770" lon="7.6354130"/>
   <trkpt lat="46.7463600" lon="7.6353770"/>
   <trkpt lat="46.7463470" lon="7.6353330"/>
   <trkpt lat="46.7463370" lon="7.6352940"/>
   <trkpt lat="46.7463230" lon="7.6352610"/>
   <trkpt lat="46.7463100" lon="7.6352170"/>
   <trkpt lat="46.7462960" lon="7.6351790"/>
   <trkpt lat="46.7462820" lon="7.6351390"/>
   <trkpt lat="46.7462700" lon="7.6350960"/>
   <trkpt lat="46.7462550" lon="7.6350640"/>
   <trkpt lat="46.7462420" lon="7.6350210"/>
   <trkpt lat="46.7462310" lon="7.6349770"/>
   <trkpt lat="46.7462170" lon="7.6349360"/>
   <trkpt lat="46.7462040" lon="7.6348930"/>
   <trkpt lat="46.7461910" lon="7.6348520"/>
   <trkpt lat="46.7461790" lon="7.6348020"/>
   <trkpt lat="46.7461680" lon="7.6347550"/>
   <trkpt lat="46.7461540" lon="7.6347130"/>
   <trkpt lat="46.7461410" lon="7.6346660"/>
   <trkpt lat="46.7461280" lon="7.6346260"/>
   <trkpt lat="46.7461140" lon="7.6345850"/>
   <trkpt lat="46.7461010" lon="7.6345460"/>
   <trkpt lat="46.7460870" lon="7.6345130"/>
   <trkpt lat="46.7460730" lon="7.6344710"/>
   <trkpt lat="46.7460610" lon="7.6344360"/>
   <trkpt lat="46.7460460" lon="7.6344050"/>
   <trkpt lat="46.7460330" lon="7.6343660"/>
   <trkpt lat="46.7460190" lon="7.6343290"/>
   <trkpt lat="46.7460030" lon="7.6342880"/>
   <trkpt lat="46.7459890" lon="7.6342500"/>
   <trkpt lat="46.7459740" lon="7.6342150"/>
   <trkpt lat="46.7459570" lon="7.6341780"/>
   <trkpt lat="46.7459410" lon="7.6341430"/>
   <trkpt lat="46.7459220" lon="7.6341070"/>
   <trkpt lat="46.7459030" lon="7.6340700"/>
   <trkpt lat="46.7458840" lon="7.6340330"/>
   <trkpt lat="46.7458670" lon="7.6339960"/>
   <trkpt lat="46.7458500" lon="7.6339550"/>
   <trkpt lat="46.7458320" lon="7.6339170"/>
   <trkpt lat="46.7458130" lon="7.6338780"/>
   <trkpt lat="46.7457920" lon="7.6338410"/>
   <trkpt lat="46.7457700" lon="7.6338050"/>
   <trkpt lat="46.7457510" lon="7.6337720"/>
   <trkpt lat="46.7457270" lon="7.6337420"/>
   <trkpt lat="46.7457050" lon="7.6337050"/>
   <trkpt lat="46.7456870" lon="7.6336700"/>
   <trkpt lat="46.7456660" lon="7.6336280"/>
   <trkpt lat="46.7456490" lon="7.6335910"/>
   <trkpt lat="46.7456320" lon="7.6335550"/>
   <trkpt lat="46.7456130" lon="7.6335150"/>
   <trkpt lat="46.7455950" lon="7.6334820"/>
   <trkpt lat="46.7455720" lon="7.6334490"/>
   <trkpt lat="46.7455480" lon="7.6334150"/>
   <trkpt lat="46.7455260" lon="7.6333880"/>
   <trkpt lat="46.7455010" lon="7.6333500"/>
   <trkpt lat="46.7454790" lon="7.6333180"/>
   <trkpt lat="46.7454520" lon="7.6332860"/>
   <trkpt lat="46.7454290" lon="7.6332570"/>
   <trkpt lat="46.7454040" lon="7.6332300"/>
   <trkpt lat="46.7453800" lon="7.6331970"/>
   <trkpt lat="46.7453600" lon="7.6331660"/>
   <trkpt lat="46.7453340" lon="7.6331320"/>
   <trkpt lat="46.7453090" lon="7.6330990"/>
   <trkpt lat="46.7452840" lon="7.6330760"/>
   <trkpt lat="46.7452570" lon="7.6330460"/>
   <trkpt lat="46.7452350" lon="7.6330250"/>
   <trkpt lat="46.7452100" lon="7.6330060"/>
   <trkpt lat="46.7451820" lon="7.6329910"/>
   <trkpt lat="46.7451560" lon="7.6329900"/>
   <trkpt lat="46.7451270" lon="7.6330050"/>
   <trkpt lat="46.7450990" lon="7.6330310"/>
   <trkpt lat="46.7450680" lon="7.6330640"/>
   <trkpt lat="46.7450380" lon="7.6330970"/>
   <trkpt lat="46.7450130" lon="7.6331240"/>
   <trkpt lat="46.7449850" lon="7.6331570"/>
   <trkpt lat="46.7449600" lon="7.6331850"/>
   <trkpt lat="46.7449380" lon="7.6332150"/>
   <trkpt lat="46.7449150" lon="7.6332450"/>
   <trkpt lat="46.7448940" lon="7.6332700"/>
   <trkpt lat="46.7448680" lon="7.6333010"/>
   <trkpt lat="46.7448480" lon="7.6333310"/>
   <trkpt lat="46.7448250" lon="7.6333690"/>
   <trkpt lat="46.7448050" lon="7.6334040"/>
   <trkpt lat="46.7447880" lon="7.6334430"/>
   <trkpt lat="46.7447730" lon="7.6334850"/>
   <trkpt lat="46.7447570" lon="7.6335240"/>
   <trkpt lat="46.7447410" lon="7.6335600"/>
   <trkpt lat="46.7447240" lon="7.6335990"/>
   <trkpt lat="46.7447060" lon="7.6336300"/>
   <trkpt lat="46.7446840" lon="7.6336620"/>
   <trkpt lat="46.7446620" lon="7.6336940"/>
   <trkpt lat="46.7446410" lon="7.6337250"/>
   <trkpt lat="46.7446190" lon="7.6337540"/>
   <trkpt lat="46.7445990" lon="7.6337780"/>
   <trkpt lat="46.7445800" lon="7.6338030"/>
   <trkpt lat="46.7445620" lon="7.6338300"/>
   <trkpt lat="46.7445430" lon="7.6338600"/>
   <trkpt lat="46.7445230" lon="7.6338890"/>
   <trkpt lat="46.7445070" lon="7.6339180"/>
   <trkpt lat="46.7444930" lon="7.6339520"/>
   <trkpt lat="46.7444900" lon="7.6339870"/>
   <trkpt lat="46.7444850" lon="7.6340180"/>
   <trkpt lat="46.7444870" lon="7.6340560"/>
   <trkpt lat="46.7445000" lon="7.6341000"/>
   <trkpt lat="46.7445180" lon="7.6341360"/>
   <trkpt lat="46.7445400" lon="7.6341650"/>
   <trkpt lat="46.7445660" lon="7.6341900"/>
   <trkpt lat="46.7445960" lon="7.6342250"/>
   <trkpt lat="46.7446210" lon="7.6342560"/>
   <trkpt lat="46.7446450" lon="7.6342830"/>
   <trkpt lat="46.7446710" lon="7.6343140"/>
   <trkpt lat="46.7446930" lon="7.6343400"/>
   <trkpt lat="46.7447180" lon="7.6343710"/>
   <trkpt lat="46.7447410" lon="7.6344050"/>
   <trkpt lat="46.7447640" lon="7.6344340"/>
   <trkpt lat="46.7447860" lon="7.6344680"/>
   <trkpt lat="46.7448060" lon="7.6344970"/>
   <trkpt lat="46.7448270" lon="7.6345250"/>
   <trkpt lat="46.7448450" lon="7.6345560"/>
   <trkpt lat="46.7448680" lon="7.6345830"/>
   <trkpt lat="46.7448910" lon="7.6346160"/>
   <trkpt lat="46.7449100" lon="7.6346460"/>
   <trkpt lat="46.7449300" lon="7.6346730"/>
   <trkpt lat="46.7449500" lon="7.6347100"/>
   <trkpt lat="46.7449690" lon="7.6347450"/>
   <trkpt lat="46.7449870" lon="7.6347810"/>
   <trkpt lat="46.7450040" lon="7.6348170"/>
   <trkpt lat="46.7450210" lon="7.6348550"/>
   <trkpt lat="46.7450330" lon="7.6348970"/>
   <trkpt lat="46.7450460" lon="7.6349360"/>
   <trkpt lat="46.7450610" lon="7.6349780"/>
   <trkpt lat="46.7450770" lon="7.6350180"/>
   <trkpt lat="46.7450890" lon="7.6350560"/>
   <trkpt lat="46.7450990" lon="7.6350960"/>
   <trkpt lat="46.7451030" lon="7.6351350"/>
   <trkpt lat="46.7451080" lon="7.6351770"/>
   <trkpt lat="46.7451130" lon="7.6352230"/>
   <trkpt lat="46.7451260" lon="7.6352620"/>
   <trkpt lat="46.7451430" lon="7.6353010"/>
   <trkpt lat="46.7451650" lon="7.6353280"/>
   <trkpt lat="46.7451950" lon="7.6353460"/>
   <trkpt lat="46.7452260" lon="7.6353520"/>
   <trkpt lat="46.7452560" lon="7.6353400"/>
   <trkpt lat="46.7452860" lon="7.6353180"/>
   <trkpt lat="46.7453160" lon="7.6352950"/>
   <trkpt lat="46.7453480" lon="7.6352640"/>
   <trkpt lat="46.7453760" lon="7.6352330"/>
   <trkpt lat="46.7454100" lon="7.6352010"/>
   <trkpt lat="46.7454430" lon="7.6351740"/>
   <trkpt lat="46.7454720" lon="7.6351500"/>
   <trkpt lat="46.7455030" lon="7.6351250"/>
   <trkpt lat="46.7455310" lon="7.6351030"/>
   <trkpt lat="46.7455630" lon="7.6350850"/>
   <trkpt lat="46.7456010" lon="7.6350680"/>
   <trkpt lat="46.7456300" lon="7.6350530"/>
   <trkpt lat="46.7456590" lon="7.6350410"/>
   <trkpt lat="46.7456850" lon="7.6350330"/>
   <trkpt lat="46.7457080" lon="7.6350280"/>
   <trkpt lat="46.7457360" lon="7.6350270"/>
   <trkpt lat="46.7457600" lon="7.6350250"/>
   <trkpt lat="46.7457860" lon="7.6350250"/>
   <trkpt lat="46.7458090" lon="7.6350340"/>
   <trkpt lat="46.7458380" lon="7.6350460"/>
   <trkpt lat="46.7458680" lon="7.6350610"/>
   <trkpt lat="46.7459000" lon="7.6350820"/>
   <trkpt lat="46.7459350" lon="7.6350990"/>
   <trkpt lat="46.7459620" lon="7.6351150"/>
   <trkpt lat="46.7459920" lon="7.6351340"/>
   <trkpt lat="46.7460210" lon="7.6351610"/>
   <trkpt lat="46.7460460" lon="7.6351830"/>
   <trkpt lat="46.7460690" lon="7.6352200"/>
   <trkpt lat="46.7460900" lon="7.6352540"/>
   <trkpt lat="46.7461040" lon="7.6352970"/>
   <trkpt lat="46.7461070" lon="7.6353440"/>
   <trkpt lat="46.7461080" lon="7.6353870"/>
   <trkpt lat="46.7461030" lon="7.6354380"/>
   <trkpt lat="46.7460960" lon="7.6354780"/>
   <trkpt lat="46.7460880" lon="7.6355210"/>
   <trkpt lat="46.7460790" lon="7.6355650"/>
   <trkpt lat="46.7460730" lon="7.6356100"/>
   <trkpt lat="46.7460640" lon="7.6356610"/>
   <trkpt lat="46.7460590" lon="7.6357020"/>
   <trkpt lat="46.7460510" lon="7.6357420"/>
   <trkpt lat="46.7460410" lon="7.6357780"/>
   <trkpt lat="46.7460330" lon="7.6358130"/>
   <trkpt lat="46.7460270" lon="7.6358560"/>
   <trkpt lat="46.7460250" lon="7.6358940"/>
   <trkpt lat="46.7460240" lon="7.6359390"/>
   <trkpt lat="46.7460190" lon="7.6359850"/>
   <trkpt lat="46.7460120" lon="7.6360220"/>
   <trkpt lat="46.7459980" lon="7.6360620"/>
   <trkpt lat="46.7459770" lon="7.6360930"/>
   <trkpt lat="46.7459560" lon="7.6361230"/>
   <trkpt lat="46.7459280" lon="7.6361520"/>
   <trkpt lat="46.7459050" lon="7.6361840"/>
   <trkpt lat="46.7458850" lon="7.6362290"/>
   <trkpt lat="46.7458680" lon="7.6362690"/>
   <trkpt lat="46.7458560" lon="7.6363110"/>
   <trkpt lat="46.7458470" lon="7.6363590"/>
   <trkpt lat="46.7458400" lon="7.6364020"/>
   <trkpt lat="46.7458340" lon="7.6364450"/>
   <trkpt lat="46.7458290" lon="7.6364810"/>
   <trkpt lat="46.7458270" lon="7.6365160"/>
   <trkpt lat="46.7458220" lon="7.6365570"/>
   <trkpt lat="46.7458180" lon="7.6365950"/>
   <trkpt lat="46.7458110" lon="7.6366420"/>
   <trkpt lat="46.7458030" lon="7.6366790"/>
   <trkpt lat="46.7457980" lon="7.6367230"/>
   <trkpt lat="46.7457920" lon="7.6367700"/>
   <trkpt lat="46.7457820" lon="7.6368130"/>
   <trkpt lat="46.7457710" lon="7.6368610"/>
   <trkpt lat="46.7457630" lon="7.6369030"/>
   <trkpt lat="46.7457550" lon="7.6369470"/>
   <trkpt lat="46.7457450" lon="7.6369970"/>
   <trkpt lat="46.7457380" lon="7.6370410"/>
   <trkpt lat="46.7457310" lon="7.6370880"/>
   <trkpt lat="46.7457240" lon="7.6371200"/>
   <trkpt lat="46.7457150" lon="7.6371520"/>
   <trkpt lat="46.7457080" lon="7.6371860"/>
   <trkpt lat="46.7457020" lon="7.6372230"/>
   <trkpt lat="46.7457010" lon="7.6372570"/>
   <trkpt lat="46.7456910" lon="7.6372910"/>
   <trkpt lat="46.7456770" lon="7.6373150"/>
   <trkpt lat="46.7456580" lon="7.6373290"/>
   <trkpt lat="46.7456330" lon="7.6373450"/>
   <trkpt lat="46.7456060" lon="7.6373580"/>
   <trkpt lat="46.7455730" lon="7.6373690"/>
   <trkpt lat="46.7455450" lon="7.6373960"/>
   <trkpt lat="46.7455270" lon="7.6374380"/>
   <trkpt lat="46.7455200" lon="7.6374830"/>
   <trkpt lat="46.7455260" lon="7.6375310"/>
   <trkpt lat="46.7455360" lon="7.6375710"/>
   <trkpt lat="46.7455510" lon="7.6376190"/>
   <trkpt lat="46.7455690" lon="7.6376640"/>
   <trkpt lat="46.7455940" lon="7.6376970"/>
   <trkpt lat="46.7456180" lon="7.6377380"/>
   <trkpt lat="46.7456370" lon="7.6377660"/>
   <trkpt lat="46.7456590" lon="7.6378020"/>
   <trkpt lat="46.7456790" lon="7.6378360"/>
   <trkpt lat="46.7457000" lon="7.6378660"/>
   <trkpt lat="46.7457250" lon="7.6379000"/>
   <trkpt lat="46.7457460" lon="7.6379240"/>
   <trkpt lat="46.7457690" lon="7.6379550"/>
   <trkpt lat="46.7457900" lon="7.6379870"/>
   <trkpt lat="46.7458120" lon="7.6380160"/>
   <trkpt lat="46.7458350" lon="7.6380540"/>
   <trkpt lat="46.7458540" lon="7.6380810"/>
   <trkpt lat="46.7458780" lon="7.6381120"/>
   <trkpt lat="46.7459010" lon="7.6381430"/>
   <trkpt lat="46.7459280" lon="7.6381710"/>
   <trkpt lat="46.7459550" lon="7.6382060"/>
   <trkpt lat="46.7459760" lon="7.6382300"/>
   <trkpt lat="46.7460010" lon="7.6382620"/>
   <trkpt lat="46.7460250" lon="7.6382910"/>
   <trkpt lat="46.7460520" lon="7.6383130"/>
   <trkpt lat="46.7460880" lon="7.6383350"/>
   <trkpt lat="46.7461180" lon="7.6383390"/>
   <trkpt lat="46.7461490" lon="7.6383380"/>
   <trkpt lat="46.7461770" lon="7.6383370"/>
   <trkpt lat="46.7462010" lon="7.6383360"/>
   <trkpt lat="46.7462290" lon="7.6383420"/>
   <trkpt lat="46.7462540" lon="7.6383490"/>
   <trkpt lat="46.7462830" lon="7.6383550"/>
   <trkpt lat="46.7463120" lon="7.6383540"/>
   <trkpt lat="46.7463410" lon="7.6383440"/>
   <trkpt lat="46.7463720" lon="7.6383260"/>
   <trkpt lat="46.7463960" lon="7.6383060"/>
   <trkpt lat="46.7464230" lon="7.6382820"/>
   <trkpt lat="46.7464540" lon="7.6382590"/>
   <trkpt lat="46.7464810" lon="7.6382320"/>
   <trkpt lat="46.7465110" lon="7.6382040"/>
   <trkpt lat="46.7465350" lon="7.6381770"/>
   <trkpt lat="46.7465630" lon="7.6381490"/>
   <trkpt lat="46.7465910" lon="7.6381180"/>
   <trkpt lat="46.7466150" lon="7.6380930"/>
   <trkpt lat="46.7466420" lon="7.6380710"/>
   <trkpt lat="46.7466620" lon="7.6380460"/>
   <trkpt lat="46.7466940" lon="7.6380100"/>
   <trkpt lat="46.7467050" lon="7.6379980"/>
   <trkpt lat="46.7467260" lon="7.6379700"/>
   <trkpt lat="46.7467520" lon="7.6379390"/>
   <trkpt lat="46.7467750" lon="7.6379110"/>
   <trkpt lat="46.7468000" lon="7.6378830"/>
   <trkpt lat="46.7468400" lon="7.6378370"/>
   <trkpt lat="46.7468520" lon="7.6378240"/>
   <trkpt lat="46.7468780" lon="7.6377930"/>
   <trkpt lat="46.7469020" lon="7.6377670"/>
   <trkpt lat="46.7469250" lon="7.6377350"/>
   <trkpt lat="46.7469500" lon="7.6377000"/>
   <trkpt lat="46.7469700" lon="7.6376690"/>
   <trkpt lat="46.7469910" lon="7.6376310"/>
   <trkpt lat="46.7470110" lon="7.6375940"/>
   <trkpt lat="46.7470360" lon="7.6375420"/>
   <trkpt lat="46.7470440" lon="7.6375240"/>
   <trkpt lat="46.7470600" lon="7.6374920"/>
   <trkpt lat="46.7470760" lon="7.6374580"/>
   <trkpt lat="46.7470930" lon="7.6374220"/>
   <trkpt lat="46.7471080" lon="7.6373920"/>
   <trkpt lat="46.7471260" lon="7.6373580"/>
   <trkpt lat="46.7471420" lon="7.6373310"/>
   <trkpt lat="46.7471570" lon="7.6373030"/>
   <trkpt lat="46.7471720" lon="7.6372720"/>
   <trkpt lat="46.7471910" lon="7.6372420"/>
   <trkpt lat="46.7472100" lon="7.6372070"/>
   <trkpt lat="46.7472290" lon="7.6371730"/>
   <trkpt lat="46.7472510" lon="7.6371370"/>
   <trkpt lat="46.7472690" lon="7.6371010"/>
   <trkpt lat="46.7472860" lon="7.6370410"/>
   <trkpt lat="46.7472890" lon="7.6370200"/>
   <trkpt lat="46.7472850" lon="7.6369820"/>
   <trkpt lat="46.7472700" lon="7.6369460"/>
   <trkpt lat="46.7472400" lon="7.6369010"/>
   <trkpt lat="46.7472280" lon="7.6368860"/>
   <trkpt lat="46.7471990" lon="7.6368380"/>
   <trkpt lat="46.7471910" lon="7.6368250"/>
   <trkpt lat="46.7471740" lon="7.6367890"/>
   <trkpt lat="46.7471560" lon="7.6367510"/>
   <trkpt lat="46.7471370" lon="7.6367180"/>
   <trkpt lat="46.7471030" lon="7.6366620"/>
   <trkpt lat="46.7470920" lon="7.6366480"/>
   <trkpt lat="46.7470680" lon="7.6366180"/>
   <trkpt lat="46.7470450" lon="7.6365910"/>
   <trkpt lat="46.7470210" lon="7.6365640"/>
   <trkpt lat="46.7469920" lon="7.6365350"/>
   <trkpt lat="46.7469580" lon="7.6364940"/>
   <trkpt lat="46.7469460" lon="7.6364780"/>
   <trkpt lat="46.7469270" lon="7.6364450"/>
   <trkpt lat="46.7469180" lon="7.6364080"/>
   <trkpt lat="46.7469240" lon="7.6363630"/>
   <trkpt lat="46.7469340" lon="7.6363280"/>
   <trkpt lat="46.7469530" lon="7.6362970"/>
   <trkpt lat="46.7469780" lon="7.6362700"/>
   <trkpt lat="46.7470050" lon="7.6362380"/>
   <trkpt lat="46.7470450" lon="7.6361870"/>
   <trkpt lat="46.7470560" lon="7.6361720"/>
   <trkpt lat="46.7470730" lon="7.6361390"/>
   <trkpt lat="46.7470950" lon="7.6361020"/>
   <trkpt lat="46.7471140" lon="7.6360740"/>
   <trkpt lat="46.7471350" lon="7.6360430"/>
   <trkpt lat="46.7471570" lon="7.6360130"/>
   <trkpt lat="46.7471750" lon="7.6359780"/>
   <trkpt lat="46.7471970" lon="7.6359410"/>
   <trkpt lat="46.7472190" lon="7.6359040"/>
   <trkpt lat="46.7472450" lon="7.6358690"/>
   <trkpt lat="46.7472680" lon="7.6358370"/>
   <trkpt lat="46.7472950" lon="7.6358070"/>
   <trkpt lat="46.7473190" lon="7.6357810"/>
   <trkpt lat="46.7473410" lon="7.6357490"/>
   <trkpt lat="46.7473700" lon="7.6357140"/>
   <trkpt lat="46.7473930" lon="7.6356850"/>
   <trkpt lat="46.7474180" lon="7.6356490"/>
   <trkpt lat="46.7474440" lon="7.6356150"/>
   <trkpt lat="46.7474700" lon="7.6355870"/>
   <trkpt lat="46.7475010" lon="7.6355570"/>
   <trkpt lat="46.7475280" lon="7.6355280"/>
   <trkpt lat="46.7475540" lon="7.6354960"/>
   <trkpt lat="46.7475780" lon="7.6354640"/>
   <trkpt lat="46.7475960" lon="7.6354340"/>
   <trkpt lat="46.7476170" lon="7.6353980"/>
   <trkpt lat="46.7476340" lon="7.6353660"/>
   <trkpt lat="46.7476560" lon="7.6353330"/>
   <trkpt lat="46.7476790" lon="7.6353040"/>
   <trkpt lat="46.7477000" lon="7.6352760"/>
   <trkpt lat="46.7477280" lon="7.6352450"/>
   <trkpt lat="46.7477500" lon="7.6352150"/>
   <trkpt lat="46.7477750" lon="7.6351790"/>
   <trkpt lat="46.7477970" lon="7.6351440"/>
   <trkpt lat="46.7478150" lon="7.6351120"/>
   <trkpt lat="46.7478390" lon="7.6350750"/>
   <trkpt lat="46.7478620" lon="7.6350410"/>
   <trkpt lat="46.7478860" lon="7.6350050"/>
   <trkpt lat="46.7479100" lon="7.6349740"/>
   <trkpt lat="46.7479310" lon="7.6349430"/>
   <trkpt lat="46.7479520" lon="7.6349090"/>
   <trkpt lat="46.7479750" lon="7.6348810"/>
   <trkpt lat="46.7479990" lon="7.6348520"/>
   <trkpt lat="46.7480220" lon="7.6348220"/>
   <trkpt lat="46.7480450" lon="7.6347930"/>
   <trkpt lat="46.7480680" lon="7.6347610"/>
   <trkpt lat="46.7480900" lon="7.6347350"/>
   <trkpt lat="46.7481120" lon="7.6347070"/>
   <trkpt lat="46.7481370" lon="7.6346760"/>
   <trkpt lat="46.7481580" lon="7.6346480"/>
   <trkpt lat="46.7481840" lon="7.6346170"/>
   <trkpt lat="46.7482090" lon="7.6345850"/>
   <trkpt lat="46.7482350" lon="7.6345530"/>
   <trkpt lat="46.7482600" lon="7.6345200"/>
   <trkpt lat="46.7482810" lon="7.6344850"/>
   <trkpt lat="46.7483040" lon="7.6344540"/>
   <trkpt lat="46.7483280" lon="7.6344220"/>
   <trkpt lat="46.7483530" lon="7.6343950"/>
   <trkpt lat="46.7483820" lon="7.6343680"/>
   <trkpt lat="46.7484060" lon="7.6343420"/>
   <trkpt lat="46.7484340" lon="7.6343130"/>
   <trkpt lat="46.7484590" lon="7.6342860"/>
   <trkpt lat="46.7484830" lon="7.6342600"/>
   <trkpt lat="46.7485100" lon="7.6342340"/>
   <trkpt lat="46.7485360" lon="7.6342120"/>
   <trkpt lat="46.7485640" lon="7.6341870"/>
   <trkpt lat="46.7485930" lon="7.6341620"/>
   <trkpt lat="46.7486160" lon="7.6341360"/>
   <trkpt lat="46.7486440" lon="7.6341100"/>
   <trkpt lat="46.7486680" lon="7.6340880"/>
   <trkpt lat="46.7486920" lon="7.6340620"/>
   <trkpt lat="46.7487130" lon="7.6340330"/>
   <trkpt lat="46.7487340" lon="7.6340070"/>
   <trkpt lat="46.7487590" lon="7.6339850"/>
   <trkpt lat="46.7487830" lon="7.6339630"/>
   <trkpt lat="46.7488090" lon="7.6339350"/>
   <trkpt lat="46.7488380" lon="7.6339050"/>
   <trkpt lat="46.7488640" lon="7.6338790"/>
   <trkpt lat="46.7488900" lon="7.6338520"/>
   <trkpt lat="46.7489170" lon="7.6338230"/>
   <trkpt lat="46.7489410" lon="7.6337990"/>
   <trkpt lat="46.7489680" lon="7.6337720"/>
   <trkpt lat="46.7489920" lon="7.6337490"/>
   <trkpt lat="46.7490150" lon="7.6337220"/>
   <trkpt lat="46.7490400" lon="7.6336950"/>
   <trkpt lat="46.7490650" lon="7.6336680"/>
   <trkpt lat="46.7490910" lon="7.6336410"/>
   <trkpt lat="46.7491170" lon="7.6336190"/>
   <trkpt lat="46.7491450" lon="7.6335960"/>
   <trkpt lat="46.7491770" lon="7.6335790"/>
   <trkpt lat="46.7492090" lon="7.6335640"/>
   <trkpt lat="46.7492460" lon="7.6335550"/>
   <trkpt lat="46.7492810" lon="7.6335540"/>
   <trkpt lat="46.7493140" lon="7.6335490"/>
   <trkpt lat="46.7493450" lon="7.6335480"/>
   <trkpt lat="46.7493780" lon="7.6335480"/>
   <trkpt lat="46.7494120" lon="7.6335490"/>
   <trkpt lat="46.7494430" lon="7.6335500"/>
   <trkpt lat="46.7494730" lon="7.6335560"/>
   <trkpt lat="46.7495010" lon="7.6335600"/>
   <trkpt lat="46.7495340" lon="7.6335710"/>
   <trkpt lat="46.7495660" lon="7.6335850"/>
   <trkpt lat="46.7495990" lon="7.6335990"/>
   <trkpt lat="46.7496270" lon="7.6336160"/>
   <trkpt lat="46.7496550" lon="7.6336340"/>
   <trkpt lat="46.7496840" lon="7.6336550"/>
   <trkpt lat="46.7497060" lon="7.6336750"/>
   <trkpt lat="46.7497330" lon="7.6336930"/>
   <trkpt lat="46.7497620" lon="7.6337120"/>
   <trkpt lat="46.7497860" lon="7.6337270"/>
   <trkpt lat="46.7498140" lon="7.6337430"/>
   <trkpt lat="46.7498410" lon="7.6337630"/>
   <trkpt lat="46.7498700" lon="7.6337760"/>
   <trkpt lat="46.7499030" lon="7.6337890"/>
   <trkpt lat="46.7499340" lon="7.6337990"/>
   <trkpt lat="46.7499650" lon="7.6338090"/>
   <trkpt lat="46.7499950" lon="7.6338180"/>
   <trkpt lat="46.7500230" lon="7.6338250"/>
   <trkpt lat="46.7500530" lon="7.6338330"/>
   <trkpt lat="46.7500830" lon="7.6338420"/>
   <trkpt lat="46.7501160" lon="7.6338500"/>
   <trkpt lat="46.7501500" lon="7.6338570"/>
   <trkpt lat="46.7501790" lon="7.6338630"/>
   <trkpt lat="46.7502070" lon="7.6338690"/>
   <trkpt lat="46.7502350" lon="7.6338760"/>
   <trkpt lat="46.7502660" lon="7.6338820"/>
   <trkpt lat="46.7502990" lon="7.6338910"/>
   <trkpt lat="46.7503330" lon="7.6338990"/>
   <trkpt lat="46.7503620" lon="7.6339070"/>
   <trkpt lat="46.7503920" lon="7.6339140"/>
   <trkpt lat="46.7504210" lon="7.6339180"/>
   <trkpt lat="46.7504550" lon="7.6339220"/>
   <trkpt lat="46.7504850" lon="7.6339300"/>
   <trkpt lat="46.7505150" lon="7.6339320"/>
   <trkpt lat="46.7505470" lon="7.6339370"/>
   <trkpt lat="46.7505730" lon="7.6339330"/>
   <trkpt lat="46.7506050" lon="7.6339350"/>
   <trkpt lat="46.7506340" lon="7.6339360"/>
   <trkpt lat="46.7506650" lon="7.6339340"/>
   <trkpt lat="46.7507000" lon="7.6339390"/>
   <trkpt lat="46.7507280" lon="7.6339340"/>
   <trkpt lat="46.7507680" lon="7.6339310"/>
   <trkpt lat="46.7507990" lon="7.6339320"/>
   <trkpt lat="46.7508300" lon="7.6339280"/>
   <trkpt lat="46.7508670" lon="7.6339260"/>
   <trkpt lat="46.7508970" lon="7.6339210"/>
   <trkpt lat="46.7509300" lon="7.6339160"/>
   <trkpt lat="46.7509600" lon="7.6339040"/>
   <trkpt lat="46.7509850" lon="7.6338900"/>
   <trkpt lat="46.7510130" lon="7.6338710"/>
   <trkpt lat="46.7510350" lon="7.6338510"/>
   <trkpt lat="46.7510600" lon="7.6338340"/>
   <trkpt lat="46.7510870" lon="7.6338220"/>
   <trkpt lat="46.7511110" lon="7.6338090"/>
   <trkpt lat="46.7511420" lon="7.6337910"/>
   <trkpt lat="46.7511730" lon="7.6337760"/>
   <trkpt lat="46.7512020" lon="7.6337580"/>
   <trkpt lat="46.7512340" lon="7.6337400"/>
   <trkpt lat="46.7512590" lon="7.6337230"/>
   <trkpt lat="46.7512890" lon="7.6337050"/>
   <trkpt lat="46.7513140" lon="7.6336910"/>
   <trkpt lat="46.7513380" lon="7.6336720"/>
   <trkpt lat="46.7513660" lon="7.6336560"/>
   <trkpt lat="46.7513920" lon="7.6336400"/>
   <trkpt lat="46.7514210" lon="7.6336240"/>
   <trkpt lat="46.7514480" lon="7.6336040"/>
   <trkpt lat="46.7514740" lon="7.6335850"/>
   <trkpt lat="46.7515040" lon="7.6335650"/>
   <trkpt lat="46.7515320" lon="7.6335520"/>
   <trkpt lat="46.7515650" lon="7.6335350"/>
   <trkpt lat="46.7515960" lon="7.6335180"/>
   <trkpt lat="46.7516270" lon="7.6335010"/>
   <trkpt lat="46.7516600" lon="7.6334840"/>
   <trkpt lat="46.7516880" lon="7.6334630"/>
   <trkpt lat="46.7517150" lon="7.6334430"/>
   <trkpt lat="46.7517420" lon="7.6334230"/>
   <trkpt lat="46.7517660" lon="7.6334060"/>
   <trkpt lat="46.7517950" lon="7.6333860"/>
   <trkpt lat="46.7518180" lon="7.6333690"/>
   <trkpt lat="46.7518460" lon="7.6333470"/>
   <trkpt lat="46.7518800" lon="7.6333230"/>
   <trkpt lat="46.7519070" lon="7.6333000"/>
   <trkpt lat="46.7519360" lon="7.6332740"/>
   <trkpt lat="46.7519640" lon="7.6332560"/>
   <trkpt lat="46.7519900" lon="7.6332280"/>
   <trkpt lat="46.7520130" lon="7.6332040"/>
   <trkpt lat="46.7520310" lon="7.6331790"/>
   <trkpt lat="46.7520530" lon="7.6331540"/>
   <trkpt lat="46.7520740" lon="7.6331280"/>
   <trkpt lat="46.7520930" lon="7.6331020"/>
   <trkpt lat="46.7521150" lon="7.6330760"/>
   <trkpt lat="46.7521380" lon="7.6330530"/>
   <trkpt lat="46.7521610" lon="7.6330280"/>
   <trkpt lat="46.7521860" lon="7.6330040"/>
   <trkpt lat="46.7522040" lon="7.6329760"/>
   <trkpt lat="46.7522240" lon="7.6329500"/>
   <trkpt lat="46.7522450" lon="7.6329230"/>
   <trkpt lat="46.7522720" lon="7.6328960"/>
   <trkpt lat="46.7523010" lon="7.6328700"/>
   <trkpt lat="46.7523280" lon="7.6328390"/>
   <trkpt lat="46.7523600" lon="7.6328090"/>
   <trkpt lat="46.7523900" lon="7.6327780"/>
   <trkpt lat="46.7524230" lon="7.6327490"/>
   <trkpt lat="46.7524560" lon="7.6327200"/>
   <trkpt lat="46.7524840" lon="7.6326970"/>
   <trkpt lat="46.7525120" lon="7.6326790"/>
   <trkpt lat="46.7525380" lon="7.6326630"/>
   <trkpt lat="46.7525590" lon="7.6326450"/>
   <trkpt lat="46.7525850" lon="7.6326280"/>
   <trkpt lat="46.7526090" lon="7.6326120"/>
   <trkpt lat="46.7526370" lon="7.6326000"/>
   <trkpt lat="46.7526670" lon="7.6325860"/>
   <trkpt lat="46.7526960" lon="7.6325720"/>
   <trkpt lat="46.7527260" lon="7.6325570"/>
   <trkpt lat="46.7527570" lon="7.6325470"/>
   <trkpt lat="46.7527940" lon="7.6325350"/>
   <trkpt lat="46.7528340" lon="7.6325190"/>
   <trkpt lat="46.7528700" lon="7.6325090"/>
   <trkpt lat="46.7529120" lon="7.6324920"/>
   <trkpt lat="46.7529450" lon="7.6324790"/>
   <trkpt lat="46.7529730" lon="7.6324620"/>
   <trkpt lat="46.7530060" lon="7.6324400"/>
   <trkpt lat="46.7530300" lon="7.6324210"/>
   <trkpt lat="46.7530560" lon="7.6324020"/>
   <trkpt lat="46.7530840" lon="7.6323830"/>
   <trkpt lat="46.7531090" lon="7.6323650"/>
   <trkpt lat="46.7531410" lon="7.6323410"/>
   <trkpt lat="46.7531680" lon="7.6323220"/>
   <trkpt lat="46.7531960" lon="7.6323010"/>
   <trkpt lat="46.7532260" lon="7.6322810"/>
   <trkpt lat="46.7532520" lon="7.6322600"/>
   <trkpt lat="46.7532830" lon="7.6322340"/>
   <trkpt lat="46.7533090" lon="7.6322140"/>
   <trkpt lat="46.7533360" lon="7.6321890"/>
   <trkpt lat="46.7533650" lon="7.6321620"/>
   <trkpt lat="46.7533880" lon="7.6321370"/>
   <trkpt lat="46.7534140" lon="7.6321100"/>
   <trkpt lat="46.7534370" lon="7.6320840"/>
   <trkpt lat="46.7534600" lon="7.6320550"/>
   <trkpt lat="46.7534850" lon="7.6320230"/>
   <trkpt lat="46.7535060" lon="7.6319990"/>
   <trkpt lat="46.7535310" lon="7.6319660"/>
   <trkpt lat="46.7535570" lon="7.6319380"/>
   <trkpt lat="46.7535830" lon="7.6319130"/>
   <trkpt lat="46.7536120" lon="7.6318830"/>
   <trkpt lat="46.7536340" lon="7.6318580"/>
   <trkpt lat="46.7536570" lon="7.6318310"/>
   <trkpt lat="46.7536820" lon="7.6318030"/>
   <trkpt lat="46.7537040" lon="7.6317790"/>
   <trkpt lat="46.7537300" lon="7.6317480"/>
   <trkpt lat="46.7537530" lon="7.6317210"/>
   <trkpt lat="46.7537780" lon="7.6316900"/>
   <trkpt lat="46.7538040" lon="7.6316510"/>
   <trkpt lat="46.7538260" lon="7.6316260"/>
   <trkpt lat="46.7538510" lon="7.6315950"/>
   <trkpt lat="46.7538760" lon="7.6315670"/>
   <trkpt lat="46.7538990" lon="7.6315390"/>
   <trkpt lat="46.7539220" lon="7.6315100"/>
   <trkpt lat="46.7539450" lon="7.6314840"/>
   <trkpt lat="46.7539690" lon="7.6314550"/>
   <trkpt lat="46.7539940" lon="7.6314240"/>
   <trkpt lat="46.7540190" lon="7.6313930"/>
   <trkpt lat="46.7540460" lon="7.6313620"/>
   <trkpt lat="46.7540710" lon="7.6313340"/>
   <trkpt lat="46.7540960" lon="7.6313070"/>
   <trkpt lat="46.7541220" lon="7.6312800"/>
   <trkpt lat="46.7541460" lon="7.6312520"/>
   <trkpt lat="46.7541720" lon="7.6312240"/>
   <trkpt lat="46.7541950" lon="7.6311960"/>
   <trkpt lat="46.7542180" lon="7.6311660"/>
   <trkpt lat="46.7542410" lon="7.6311380"/>
   <trkpt lat="46.7542610" lon="7.6311100"/>
   <trkpt lat="46.7542820" lon="7.6310780"/>
   <trkpt lat="46.7543020" lon="7.6310500"/>
   <trkpt lat="46.7543230" lon="7.6310170"/>
   <trkpt lat="46.7543440" lon="7.6309840"/>
   <trkpt lat="46.7543620" lon="7.6309540"/>
   <trkpt lat="46.7543840" lon="7.6309180"/>
   <trkpt lat="46.7544030" lon="7.6308830"/>
   <trkpt lat="46.7544250" lon="7.6308470"/>
   <trkpt lat="46.7544460" lon="7.6308120"/>
   <trkpt lat="46.7544690" lon="7.6307850"/>
   <trkpt lat="46.7544960" lon="7.6307680"/>
   <trkpt lat="46.7545250" lon="7.6307680"/>
   <trkpt lat="46.7545540" lon="7.6307850"/>
   <trkpt lat="46.7545820" lon="7.6308170"/>
   <trkpt lat="46.7546050" lon="7.6308530"/>
   <trkpt lat="46.7546250" lon="7.6308970"/>
   <trkpt lat="46.7546360" lon="7.6309410"/>
   <trkpt lat="46.7546420" lon="7.6309930"/>
   <trkpt lat="46.7546440" lon="7.6310430"/>
   <trkpt lat="46.7546440" lon="7.6310920"/>
   <trkpt lat="46.7546330" lon="7.6311410"/>
   <trkpt lat="46.7546280" lon="7.6311860"/>
   <trkpt lat="46.7546200" lon="7.6312390"/>
   <trkpt lat="46.7546080" lon="7.6312900"/>
   <trkpt lat="46.7545960" lon="7.6313360"/>
   <trkpt lat="46.7545820" lon="7.6313860"/>
   <trkpt lat="46.7545700" lon="7.6314300"/>
   <trkpt lat="46.7545580" lon="7.6314790"/>
   <trkpt lat="46.7545430" lon="7.6315250"/>
   <trkpt lat="46.7545310" lon="7.6315660"/>
   <trkpt lat="46.7545180" lon="7.6316100"/>
   <trkpt lat="46.7545080" lon="7.6316490"/>
   <trkpt lat="46.7544930" lon="7.6316950"/>
   <trkpt lat="46.7544760" lon="7.6317370"/>
   <trkpt lat="46.7544580" lon="7.6317820"/>
   <trkpt lat="46.7544390" lon="7.6318240"/>
   <trkpt lat="46.7544180" lon="7.6318530"/>
   <trkpt lat="46.7543980" lon="7.6318860"/>
   <trkpt lat="46.7543760" lon="7.6319180"/>
   <trkpt lat="46.7543530" lon="7.6319470"/>
   <trkpt lat="46.7543270" lon="7.6319750"/>
   <trkpt lat="46.7543020" lon="7.6319970"/>
   <trkpt lat="46.7542780" lon="7.6320200"/>
   <trkpt lat="46.7542520" lon="7.6320460"/>
   <trkpt lat="46.7542250" lon="7.6320750"/>
   <trkpt lat="46.7541980" lon="7.6321030"/>
   <trkpt lat="46.7541680" lon="7.6321290"/>
   <trkpt lat="46.7541410" lon="7.6321550"/>
   <trkpt lat="46.7541120" lon="7.6321800"/>
   <trkpt lat="46.7540850" lon="7.6322030"/>
   <trkpt lat="46.7540580" lon="7.6322270"/>
   <trkpt lat="46.7540300" lon="7.6322530"/>
   <trkpt lat="46.7540060" lon="7.6322810"/>
   <trkpt lat="46.7539810" lon="7.6323130"/>
   <trkpt lat="46.7539610" lon="7.6323440"/>
   <trkpt lat="46.7539370" lon="7.6323720"/>
   <trkpt lat="46.7539160" lon="7.6323990"/>
   <trkpt lat="46.7538920" lon="7.6324270"/>
   <trkpt lat="46.7538670" lon="7.6324590"/>
   <trkpt lat="46.7538450" lon="7.6324890"/>
   <trkpt lat="46.7538220" lon="7.6325180"/>
   <trkpt lat="46.7538000" lon="7.6325500"/>
   <trkpt lat="46.7537770" lon="7.6325770"/>
   <trkpt lat="46.7537520" lon="7.6326050"/>
   <trkpt lat="46.7537290" lon="7.6326320"/>
   <trkpt lat="46.7537030" lon="7.6326580"/>
   <trkpt lat="46.7536780" lon="7.6326840"/>
   <trkpt lat="46.7536530" lon="7.6327090"/>
   <trkpt lat="46.7536290" lon="7.6327370"/>
   <trkpt lat="46.7536070" lon="7.6327660"/>
   <trkpt lat="46.7535880" lon="7.6327960"/>
   <trkpt lat="46.7535690" lon="7.6328290"/>
   <trkpt lat="46.7535520" lon="7.6328620"/>
   <trkpt lat="46.7535320" lon="7.6328950"/>
   <trkpt lat="46.7535110" lon="7.6329220"/>
   <trkpt lat="46.7534880" lon="7.6329480"/>
   <trkpt lat="46.7534630" lon="7.6329720"/>
   <trkpt lat="46.7534380" lon="7.6329930"/>
   <trkpt lat="46.7534110" lon="7.6330140"/>
   <trkpt lat="46.7533840" lon="7.6330330"/>
   <trkpt lat="46.7533560" lon="7.6330500"/>
   <trkpt lat="46.7533250" lon="7.6330680"/>
   <trkpt lat="46.7532950" lon="7.6330880"/>
   <trkpt lat="46.7532630" lon="7.6331090"/>
   <trkpt lat="46.7532330" lon="7.6331300"/>
   <trkpt lat="46.7532010" lon="7.6331570"/>
   <trkpt lat="46.7531700" lon="7.6331850"/>
   <trkpt lat="46.7531420" lon="7.6332070"/>
   <trkpt lat="46.7531120" lon="7.6332320"/>
   <trkpt lat="46.7530850" lon="7.6332520"/>
   <trkpt lat="46.7530590" lon="7.6332780"/>
   <trkpt lat="46.7530310" lon="7.6332980"/>
   <trkpt lat="46.7530080" lon="7.6333170"/>
   <trkpt lat="46.7529800" lon="7.6333370"/>
   <trkpt lat="46.7529550" lon="7.6333520"/>
   <trkpt lat="46.7529280" lon="7.6333710"/>
   <trkpt lat="46.7529000" lon="7.6333900"/>
   <trkpt lat="46.7528760" lon="7.6334100"/>
   <trkpt lat="46.7528460" lon="7.6334380"/>
   <trkpt lat="46.7528220" lon="7.6334650"/>
   <trkpt lat="46.7527940" lon="7.6334850"/>
   <trkpt lat="46.7527630" lon="7.6335030"/>
   <trkpt lat="46.7527380" lon="7.6335170"/>
   <trkpt lat="46.7527120" lon="7.6335340"/>
   <trkpt lat="46.7526920" lon="7.6335450"/>
   <trkpt lat="46.7526680" lon="7.6335540"/>
   <trkpt lat="46.7526490" lon="7.6335660"/>
   <trkpt lat="46.7526320" lon="7.6335780"/>
   <trkpt lat="46.7526140" lon="7.6335900"/>
   <trkpt lat="46.7525940" lon="7.6336000"/>
   <trkpt lat="46.7525710" lon="7.6336120"/>
   <trkpt lat="46.7525480" lon="7.6336310"/>
   <trkpt lat="46.7525260" lon="7.6336520"/>
   <trkpt lat="46.7524990" lon="7.6336750"/>
   <trkpt lat="46.7524730" lon="7.6337100"/>
   <trkpt lat="46.7524570" lon="7.6337490"/>
   <trkpt lat="46.7524460" lon="7.6337960"/>
   <trkpt lat="46.7524500" lon="7.6338430"/>
   <trkpt lat="46.7524650" lon="7.6338700"/>
   <trkpt lat="46.7524950" lon="7.6338850"/>
   <trkpt lat="46.7525240" lon="7.6338940"/>
   <trkpt lat="46.7525550" lon="7.6338910"/>
   <trkpt lat="46.7525900" lon="7.6338900"/>
   <trkpt lat="46.7526210" lon="7.6338860"/>
   <trkpt lat="46.7526550" lon="7.6338760"/>
   <trkpt lat="46.7526890" lon="7.6338720"/>
   <trkpt lat="46.7527210" lon="7.6338670"/>
   <trkpt lat="46.7527590" lon="7.6338590"/>
   <trkpt lat="46.7527900" lon="7.6338510"/>
   <trkpt lat="46.7528200" lon="7.6338420"/>
   <trkpt lat="46.7528480" lon="7.6338310"/>
   <trkpt lat="46.7528750" lon="7.6338190"/>
   <trkpt lat="46.7529080" lon="7.6338070"/>
   <trkpt lat="46.7529370" lon="7.6337990"/>
   <trkpt lat="46.7529680" lon="7.6337870"/>
   <trkpt lat="46.7530000" lon="7.6337750"/>
   <trkpt lat="46.7530330" lon="7.6337650"/>
   <trkpt lat="46.7530670" lon="7.6337550"/>
   <trkpt lat="46.7530960" lon="7.6337430"/>
   <trkpt lat="46.7531230" lon="7.6337280"/>
   <trkpt lat="46.7531490" lon="7.6337150"/>
   <trkpt lat="46.7531760" lon="7.6337030"/>
   <trkpt lat="46.7532040" lon="7.6336930"/>
   <trkpt lat="46.7532300" lon="7.6336790"/>
   <trkpt lat="46.7532580" lon="7.6336670"/>
   <trkpt lat="46.7532900" lon="7.6336530"/>
   <trkpt lat="46.7533210" lon="7.6336390"/>
   <trkpt lat="46.7533590" lon="7.6336330"/>
   <trkpt lat="46.7533880" lon="7.6336220"/>
   <trkpt lat="46.7534180" lon="7.6336120"/>
   <trkpt lat="46.7534460" lon="7.6336000"/>
   <trkpt lat="46.7534770" lon="7.6335880"/>
   <trkpt lat="46.7535090" lon="7.6335760"/>
   <trkpt lat="46.7535370" lon="7.6335640"/>
   <trkpt lat="46.7535700" lon="7.6335480"/>
   <trkpt lat="46.7536010" lon="7.6335350"/>
   <trkpt lat="46.7536310" lon="7.6335240"/>
   <trkpt lat="46.7536630" lon="7.6335140"/>
   <trkpt lat="46.7536930" lon="7.6335070"/>
   <trkpt lat="46.7537240" lon="7.6334970"/>
   <trkpt lat="46.7537550" lon="7.6334940"/>
   <trkpt lat="46.7537860" lon="7.6334880"/>
   <trkpt lat="46.7538200" lon="7.6334800"/>
   <trkpt lat="46.7538470" lon="7.6334710"/>
   <trkpt lat="46.7538740" lon="7.6334610"/>
   <trkpt lat="46.7539030" lon="7.6334550"/>
   <trkpt lat="46.7539350" lon="7.6334430"/>
   <trkpt lat="46.7539650" lon="7.6334340"/>
   <trkpt lat="46.7539950" lon="7.6334210"/>
   <trkpt lat="46.7540200" lon="7.6334070"/>
   <trkpt lat="46.7540450" lon="7.6333880"/>
   <trkpt lat="46.7540720" lon="7.6333680"/>
   <trkpt lat="46.7541000" lon="7.6333500"/>
   <trkpt lat="46.7541270" lon="7.6333330"/>
   <trkpt lat="46.7541570" lon="7.6333140"/>
   <trkpt lat="46.7541860" lon="7.6332990"/>
   <trkpt lat="46.7542160" lon="7.6332820"/>
   <trkpt lat="46.7542480" lon="7.6332580"/>
   <trkpt lat="46.7542770" lon="7.6332440"/>
   <trkpt lat="46.7543050" lon="7.6332280"/>
   <trkpt lat="46.7543330" lon="7.6332210"/>
   <trkpt lat="46.7543590" lon="7.6332100"/>
   <trkpt lat="46.7543850" lon="7.6331950"/>
   <trkpt lat="46.7544150" lon="7.6331800"/>
   <trkpt lat="46.7544470" lon="7.6331700"/>
   <trkpt lat="46.7544770" lon="7.6331550"/>
   <trkpt lat="46.7545070" lon="7.6331380"/>
   <trkpt lat="46.7545380" lon="7.6331220"/>
   <trkpt lat="46.7545640" lon="7.6331080"/>
   <trkpt lat="46.7545910" lon="7.6330960"/>
   <trkpt lat="46.7546180" lon="7.6330740"/>
   <trkpt lat="46.7546460" lon="7.6330590"/>
   <trkpt lat="46.7546740" lon="7.6330460"/>
   <trkpt lat="46.7546970" lon="7.6330290"/>
   <trkpt lat="46.7547220" lon="7.6330190"/>
   <trkpt lat="46.7547490" lon="7.6330080"/>
   <trkpt lat="46.7547760" lon="7.6329990"/>
   <trkpt lat="46.7548060" lon="7.6329930"/>
   <trkpt lat="46.7548310" lon="7.6329880"/>
   <trkpt lat="46.7548560" lon="7.6329770"/>
   <trkpt lat="46.7548870" lon="7.6329700"/>
   <trkpt lat="46.7549180" lon="7.6329590"/>
   <trkpt lat="46.7549560" lon="7.6329520"/>
   <trkpt lat="46.7549880" lon="7.6329450"/>
   <trkpt lat="46.7550210" lon="7.6329340"/>
   <trkpt lat="46.7550520" lon="7.6329230"/>
   <trkpt lat="46.7550790" lon="7.6329130"/>
   <trkpt lat="46.7551080" lon="7.6329030"/>
   <trkpt lat="46.7551370" lon="7.6328960"/>
   <trkpt lat="46.7551680" lon="7.6328900"/>
   <trkpt lat="46.7551980" lon="7.6328830"/>
   <trkpt lat="46.7552280" lon="7.6328730"/>
   <trkpt lat="46.7552610" lon="7.6328640"/>
   <trkpt lat="46.7552930" lon="7.6328580"/>
   <trkpt lat="46.7553240" lon="7.6328480"/>
   <trkpt lat="46.7553620" lon="7.6328380"/>
   <trkpt lat="46.7553930" lon="7.6328310"/>
   <trkpt lat="46.7554270" lon="7.6328240"/>
   <trkpt lat="46.7554620" lon="7.6328180"/>
   <trkpt lat="46.7554920" lon="7.6328140"/>
   <trkpt lat="46.7555280" lon="7.6328080"/>
   <trkpt lat="46.7555600" lon="7.6328020"/>
   <trkpt lat="46.7555930" lon="7.6327910"/>
   <trkpt lat="46.7556260" lon="7.6327810"/>
   <trkpt lat="46.7556540" lon="7.6327690"/>
   <trkpt lat="46.7556860" lon="7.6327570"/>
   <trkpt lat="46.7557100" lon="7.6327440"/>
   <trkpt lat="46.7557380" lon="7.6327340"/>
   <trkpt lat="46.7557660" lon="7.6327230"/>
   <trkpt lat="46.7557930" lon="7.6327140"/>
   <trkpt lat="46.7558230" lon="7.6327030"/>
   <trkpt lat="46.7558470" lon="7.6326900"/>
   <trkpt lat="46.7558750" lon="7.6326800"/>
   <trkpt lat="46.7559070" lon="7.6326680"/>
   <trkpt lat="46.7559360" lon="7.6326540"/>
   <trkpt lat="46.7559700" lon="7.6326380"/>
   <trkpt lat="46.7559970" lon="7.6326160"/>
   <trkpt lat="46.7560250" lon="7.6325930"/>
   <trkpt lat="46.7560550" lon="7.6325700"/>
   <trkpt lat="46.7560820" lon="7.6325400"/>
   <trkpt lat="46.7561110" lon="7.6325120"/>
   <trkpt lat="46.7561360" lon="7.6324890"/>
   <trkpt lat="46.7561580" lon="7.6324660"/>
   <trkpt lat="46.7561820" lon="7.6324480"/>
   <trkpt lat="46.7562050" lon="7.6324410"/>
   <trkpt lat="46.7562290" lon="7.6324560"/>
   <trkpt lat="46.7562510" lon="7.6324720"/>
   <trkpt lat="46.7562780" lon="7.6324800"/>
   <trkpt lat="46.7563070" lon="7.6324840"/>
   <trkpt lat="46.7563400" lon="7.6324850"/>
   <trkpt lat="46.7563790" lon="7.6324840"/>
   <trkpt lat="46.7564110" lon="7.6324790"/>
   <trkpt lat="46.7564440" lon="7.6324760"/>
   <trkpt lat="46.7564780" lon="7.6324750"/>
   <trkpt lat="46.7565090" lon="7.6324750"/>
   <trkpt lat="46.7565410" lon="7.6324730"/>
   <trkpt lat="46.7565700" lon="7.6324730"/>
   <trkpt lat="46.7565970" lon="7.6324700"/>
   <trkpt lat="46.7566250" lon="7.6324750"/>
   <trkpt lat="46.7566550" lon="7.6324760"/>
   <trkpt lat="46.7566830" lon="7.6324670"/>
   <trkpt lat="46.7567150" lon="7.6324450"/>
   <trkpt lat="46.7567500" lon="7.6324160"/>
   <trkpt lat="46.7567810" lon="7.6323940"/>
   <trkpt lat="46.7568060" lon="7.6323930"/>
   <trkpt lat="46.7568250" lon="7.6324220"/>
   <trkpt lat="46.7568400" lon="7.6324560"/>
   <trkpt lat="46.7568560" lon="7.6324920"/>
   <trkpt lat="46.7568710" lon="7.6325360"/>
   <trkpt lat="46.7568880" lon="7.6325870"/>
   <trkpt lat="46.7569050" lon="7.6326370"/>
   <trkpt lat="46.7569230" lon="7.6326780"/>
   <trkpt lat="46.7569390" lon="7.6327180"/>
   <trkpt lat="46.7569520" lon="7.6327610"/>
   <trkpt lat="46.7569610" lon="7.6327950"/>
   <trkpt lat="46.7569570" lon="7.6328400"/>
   <trkpt lat="46.7569440" lon="7.6328710"/>
   <trkpt lat="46.7569230" lon="7.6328940"/>
   <trkpt lat="46.7568970" lon="7.6329160"/>
   <trkpt lat="46.7568670" lon="7.6329260"/>
   <trkpt lat="46.7568340" lon="7.6329410"/>
   <trkpt lat="46.7568020" lon="7.6329600"/>
   <trkpt lat="46.7567730" lon="7.6329800"/>
   <trkpt lat="46.7567410" lon="7.6329990"/>
   <trkpt lat="46.7567160" lon="7.6330180"/>
   <trkpt lat="46.7566850" lon="7.6330380"/>
   <trkpt lat="46.7566570" lon="7.6330550"/>
   <trkpt lat="46.7566280" lon="7.6330720"/>
   <trkpt lat="46.7566000" lon="7.6330920"/>
   <trkpt lat="46.7565770" lon="7.6331040"/>
   <trkpt lat="46.7565480" lon="7.6331240"/>
   <trkpt lat="46.7565220" lon="7.6331390"/>
   <trkpt lat="46.7564940" lon="7.6331580"/>
   <trkpt lat="46.7564630" lon="7.6331790"/>
   <trkpt lat="46.7564370" lon="7.6331970"/>
   <trkpt lat="46.7564080" lon="7.6332190"/>
   <trkpt lat="46.7563770" lon="7.6332390"/>
   <trkpt lat="46.7563490" lon="7.6332630"/>
   <trkpt lat="46.7563180" lon="7.6332870"/>
   <trkpt lat="46.7562920" lon="7.6333090"/>
   <trkpt lat="46.7562600" lon="7.6333300"/>
   <trkpt lat="46.7562320" lon="7.6333480"/>
   <trkpt lat="46.7562050" lon="7.6333710"/>
   <trkpt lat="46.7561760" lon="7.6333920"/>
   <trkpt lat="46.7561530" lon="7.6334130"/>
   <trkpt lat="46.7561260" lon="7.6334400"/>
   <trkpt lat="46.7561020" lon="7.6334620"/>
   <trkpt lat="46.7560750" lon="7.6334820"/>
   <trkpt lat="46.7560480" lon="7.6335040"/>
   <trkpt lat="46.7560220" lon="7.6335220"/>
   <trkpt lat="46.7559950" lon="7.6335350"/>
   <trkpt lat="46.7559660" lon="7.6335510"/>
   <trkpt lat="46.7559390" lon="7.6335700"/>
   <trkpt lat="46.7559070" lon="7.6335940"/>
   <trkpt lat="46.7558780" lon="7.6336120"/>
   <trkpt lat="46.7558480" lon="7.6336320"/>
   <trkpt lat="46.7558200" lon="7.6336500"/>
   <trkpt lat="46.7557950" lon="7.6336680"/>
   <trkpt lat="46.7557680" lon="7.6336860"/>
   <trkpt lat="46.7557410" lon="7.6337020"/>
   <trkpt lat="46.7557140" lon="7.6337200"/>
   <trkpt lat="46.7556850" lon="7.6337420"/>
   <trkpt lat="46.7556560" lon="7.6337620"/>
   <trkpt lat="46.7556250" lon="7.6337850"/>
   <trkpt lat="46.7556000" lon="7.6338100"/>
   <trkpt lat="46.7555750" lon="7.6338330"/>
   <trkpt lat="46.7555530" lon="7.6338610"/>
   <trkpt lat="46.7555340" lon="7.6338900"/>
   <trkpt lat="46.7555110" lon="7.6339190"/>
   <trkpt lat="46.7554880" lon="7.6339450"/>
   <trkpt lat="46.7554640" lon="7.6339690"/>
   <trkpt lat="46.7554370" lon="7.6339970"/>
   <trkpt lat="46.7554130" lon="7.6340220"/>
   <trkpt lat="46.7553880" lon="7.6340510"/>
   <trkpt lat="46.7553660" lon="7.6340760"/>
   <trkpt lat="46.7553420" lon="7.6341050"/>
   <trkpt lat="46.7553160" lon="7.6341350"/>
   <trkpt lat="46.7552920" lon="7.6341590"/>
   <trkpt lat="46.7552660" lon="7.6341880"/>
   <trkpt lat="46.7552410" lon="7.6342120"/>
   <trkpt lat="46.7552170" lon="7.6342450"/>
   <trkpt lat="46.7551940" lon="7.6342780"/>
   <trkpt lat="46.7551770" lon="7.6343080"/>
   <trkpt lat="46.7551570" lon="7.6343420"/>
   <trkpt lat="46.7551410" lon="7.6343740"/>
   <trkpt lat="46.7551210" lon="7.6344140"/>
   <trkpt lat="46.7551040" lon="7.6344550"/>
   <trkpt lat="46.7550910" lon="7.6344900"/>
   <trkpt lat="46.7550740" lon="7.6345320"/>
   <trkpt lat="46.7550580" lon="7.6345690"/>
   <trkpt lat="46.7550410" lon="7.6346080"/>
   <trkpt lat="46.7550210" lon="7.6346480"/>
   <trkpt lat="46.7550040" lon="7.6346810"/>
   <trkpt lat="46.7549850" lon="7.6347200"/>
   <trkpt lat="46.7549650" lon="7.6347580"/>
   <trkpt lat="46.7549460" lon="7.6347950"/>
   <trkpt lat="46.7549260" lon="7.6348350"/>
   <trkpt lat="46.7549080" lon="7.6348770"/>
   <trkpt lat="46.7548920" lon="7.6349140"/>
   <trkpt lat="46.7548740" lon="7.6349470"/>
   <trkpt lat="46.7548580" lon="7.6349830"/>
   <trkpt lat="46.7548390" lon="7.6350240"/>
   <trkpt lat="46.7548230" lon="7.6350610"/>
   <trkpt lat="46.7548080" lon="7.6351030"/>
   <trkpt lat="46.7547920" lon="7.6351410"/>
   <trkpt lat="46.7547760" lon="7.6351780"/>
   <trkpt lat="46.7547560" lon="7.6352210"/>
   <trkpt lat="46.7547390" lon="7.6352520"/>
   <trkpt lat="46.7547220" lon="7.6352890"/>
   <trkpt lat="46.7547040" lon="7.6353270"/>
   <trkpt lat="46.7546920" lon="7.6353680"/>
   <trkpt lat="46.7546760" lon="7.6354080"/>
   <trkpt lat="46.7546600" lon="7.6354430"/>
   <trkpt lat="46.7546430" lon="7.6354860"/>
   <trkpt lat="46.7546270" lon="7.6355240"/>
   <trkpt lat="46.7546130" lon="7.6355590"/>
   <trkpt lat="46.7545950" lon="7.6355940"/>
   <trkpt lat="46.7545810" lon="7.6356240"/>
   <trkpt lat="46.7545650" lon="7.6356580"/>
   <trkpt lat="46.7545500" lon="7.6356950"/>
   <trkpt lat="46.7545390" lon="7.6357340"/>
   <trkpt lat="46.7545200" lon="7.6357710"/>
   <trkpt lat="46.7544980" lon="7.6357980"/>
   <trkpt lat="46.7544700" lon="7.6358220"/>
   <trkpt lat="46.7544380" lon="7.6358440"/>
   <trkpt lat="46.7544080" lon="7.6358620"/>
   <trkpt lat="46.7543730" lon="7.6358830"/>
   <trkpt lat="46.7543460" lon="7.6358980"/>
   <trkpt lat="46.7543170" lon="7.6359160"/>
   <trkpt lat="46.7542900" lon="7.6359310"/>
   <trkpt lat="46.7542590" lon="7.6359480"/>
   <trkpt lat="46.7542280" lon="7.6359620"/>
   <trkpt lat="46.7541960" lon="7.6359760"/>
   <trkpt lat="46.7541640" lon="7.6359880"/>
   <trkpt lat="46.7541290" lon="7.6359990"/>
   <trkpt lat="46.7540980" lon="7.6360140"/>
   <trkpt lat="46.7540670" lon="7.6360300"/>
   <trkpt lat="46.7540380" lon="7.6360460"/>
   <trkpt lat="46.7540100" lon="7.6360630"/>
   <trkpt lat="46.7539810" lon="7.6360800"/>
   <trkpt lat="46.7539550" lon="7.6360950"/>
   <trkpt lat="46.7539260" lon="7.6361120"/>
   <trkpt lat="46.7539010" lon="7.6361270"/>
   <trkpt lat="46.7538750" lon="7.6361440"/>
   <trkpt lat="46.7538480" lon="7.6361600"/>
   <trkpt lat="46.7538230" lon="7.6361750"/>
   <trkpt lat="46.7537940" lon="7.6361880"/>
   <trkpt lat="46.7537700" lon="7.6362040"/>
   <trkpt lat="46.7537420" lon="7.6362180"/>
   <trkpt lat="46.7537140" lon="7.6362330"/>
   <trkpt lat="46.7536870" lon="7.6362490"/>
   <trkpt lat="46.7536580" lon="7.6362660"/>
   <trkpt lat="46.7536330" lon="7.6362810"/>
   <trkpt lat="46.7536050" lon="7.6362960"/>
   <trkpt lat="46.7535740" lon="7.6363130"/>
   <trkpt lat="46.7535450" lon="7.6363330"/>
   <trkpt lat="46.7535130" lon="7.6363530"/>
   <trkpt lat="46.7534880" lon="7.6363730"/>
   <trkpt lat="46.7534580" lon="7.6363920"/>
   <trkpt lat="46.7534270" lon="7.6364050"/>
   <trkpt lat="46.7533950" lon="7.6364210"/>
   <trkpt lat="46.7533540" lon="7.6364320"/>
   <trkpt lat="46.7533270" lon="7.6364500"/>
   <trkpt lat="46.7532950" lon="7.6364700"/>
   <trkpt lat="46.7532630" lon="7.6364880"/>
   <trkpt lat="46.7532370" lon="7.6365090"/>
   <trkpt lat="46.7532060" lon="7.6365280"/>
   <trkpt lat="46.7531800" lon="7.6365400"/>
   <trkpt lat="46.7531540" lon="7.6365550"/>
   <trkpt lat="46.7531280" lon="7.6365670"/>
   <trkpt lat="46.7531010" lon="7.6365790"/>
   <trkpt lat="46.7530680" lon="7.6365880"/>
   <trkpt lat="46.7530380" lon="7.6366020"/>
   <trkpt lat="46.7530120" lon="7.6366170"/>
   <trkpt lat="46.7529860" lon="7.6366330"/>
   <trkpt lat="46.7529600" lon="7.6366480"/>
   <trkpt lat="46.7529310" lon="7.6366620"/>
   <trkpt lat="46.7529030" lon="7.6366720"/>
   <trkpt lat="46.7528750" lon="7.6366820"/>
   <trkpt lat="46.7528430" lon="7.6366970"/>
   <trkpt lat="46.7528140" lon="7.6367090"/>
   <trkpt lat="46.7527850" lon="7.6367190"/>
   <trkpt lat="46.7527580" lon="7.6367300"/>
   <trkpt lat="46.7527300" lon="7.6367350"/>
   <trkpt lat="46.7526990" lon="7.6367390"/>
   <trkpt lat="46.7526730" lon="7.6367470"/>
   <trkpt lat="46.7526420" lon="7.6367610"/>
   <trkpt lat="46.7526140" lon="7.6367670"/>
   <trkpt lat="46.7525850" lon="7.6367750"/>
   <trkpt lat="46.7525530" lon="7.6367840"/>
   <trkpt lat="46.7525210" lon="7.6367920"/>
   <trkpt lat="46.7524890" lon="7.6368040"/>
   <trkpt lat="46.7524570" lon="7.6368140"/>
   <trkpt lat="46.7524280" lon="7.6368210"/>
   <trkpt lat="46.7523960" lon="7.6368300"/>
   <trkpt lat="46.7523670" lon="7.6368400"/>
   <trkpt lat="46.7523380" lon="7.6368510"/>
   <trkpt lat="46.7523080" lon="7.6368620"/>
   <trkpt lat="46.7522800" lon="7.6368730"/>
   <trkpt lat="46.7522490" lon="7.6368870"/>
   <trkpt lat="46.7522200" lon="7.6368930"/>
   <trkpt lat="46.7521890" lon="7.6369000"/>
   <trkpt lat="46.7521600" lon="7.6369050"/>
   <trkpt lat="46.7521310" lon="7.6369150"/>
   <trkpt lat="46.7521000" lon="7.6369250"/>
   <trkpt lat="46.7520710" lon="7.6369320"/>
   <trkpt lat="46.7520420" lon="7.6369400"/>
   <trkpt lat="46.7520140" lon="7.6369480"/>
   <trkpt lat="46.7519900" lon="7.6369580"/>
   <trkpt lat="46.7519590" lon="7.6369620"/>
   <trkpt lat="46.7519270" lon="7.6369680"/>
   <trkpt lat="46.7518960" lon="7.6369790"/>
   <trkpt lat="46.7518610" lon="7.6369840"/>
   <trkpt lat="46.7518300" lon="7.6369870"/>
   <trkpt lat="46.7518000" lon="7.6369950"/>
   <trkpt lat="46.7517690" lon="7.6370020"/>
   <trkpt lat="46.7517400" lon="7.6370060"/>
   <trkpt lat="46.7517080" lon="7.6370080"/>
   <trkpt lat="46.7516700" lon="7.6370130"/>
   <trkpt lat="46.7516410" lon="7.6370110"/>
   <trkpt lat="46.7516130" lon="7.6370090"/>
   <trkpt lat="46.7515820" lon="7.6370120"/>
   <trkpt lat="46.7515510" lon="7.6370140"/>
   <trkpt lat="46.7515170" lon="7.6370160"/>
   <trkpt lat="46.7514840" lon="7.6370180"/>
   <trkpt lat="46.7514580" lon="7.6370170"/>
   <trkpt lat="46.7514320" lon="7.6370110"/>
   <trkpt lat="46.7514050" lon="7.6370030"/>
   <trkpt lat="46.7513800" lon="7.6369960"/>
   <trkpt lat="46.7513490" lon="7.6369910"/>
   <trkpt lat="46.7513150" lon="7.6369870"/>
   <trkpt lat="46.7512820" lon="7.6369880"/>
   <trkpt lat="46.7512500" lon="7.6369820"/>
   <trkpt lat="46.7512240" lon="7.6369770"/>
   <trkpt lat="46.7511950" lon="7.6369750"/>
   <trkpt lat="46.7511680" lon="7.6369700"/>
   <trkpt lat="46.7511380" lon="7.6369660"/>
   <trkpt lat="46.7511050" lon="7.6369620"/>
   <trkpt lat="46.7510780" lon="7.6369590"/>
   <trkpt lat="46.7510470" lon="7.6369590"/>
   <trkpt lat="46.7510160" lon="7.6369600"/>
   <trkpt lat="46.7509850" lon="7.6369620"/>
   <trkpt lat="46.7509530" lon="7.6369590"/>
   <trkpt lat="46.7509230" lon="7.6369550"/>
   <trkpt lat="46.7508880" lon="7.6369490"/>
   <trkpt lat="46.7508560" lon="7.6369480"/>
   <trkpt lat="46.7508270" lon="7.6369490"/>
   <trkpt lat="46.7507930" lon="7.6369510"/>
   <trkpt lat="46.7507630" lon="7.6369500"/>
   <trkpt lat="46.7507300" lon="7.6369530"/>
   <trkpt lat="46.7507020" lon="7.6369500"/>
   <trkpt lat="46.7506760" lon="7.6369400"/>
   <trkpt lat="46.7506510" lon="7.6369290"/>
   <trkpt lat="46.7506270" lon="7.6369230"/>
   <trkpt lat="46.7505960" lon="7.6369160"/>
   <trkpt lat="46.7505660" lon="7.6368990"/>
   <trkpt lat="46.7505330" lon="7.6368890"/>
   <trkpt lat="46.7505020" lon="7.6368740"/>
   <trkpt lat="46.7504750" lon="7.6368580"/>
   <trkpt lat="46.7504440" lon="7.6368440"/>
   <trkpt lat="46.7504150" lon="7.6368280"/>
   <trkpt lat="46.7503850" lon="7.6368200"/>
   <trkpt lat="46.7503520" lon="7.6368060"/>
   <trkpt lat="46.7503270" lon="7.6368010"/>
   <trkpt lat="46.7502950" lon="7.6367950"/>
   <trkpt lat="46.7502610" lon="7.6367820"/>
   <trkpt lat="46.7502280" lon="7.6367760"/>
   <trkpt lat="46.7501920" lon="7.6367620"/>
   <trkpt lat="46.7501570" lon="7.6367470"/>
   <trkpt lat="46.7501220" lon="7.6367320"/>
   <trkpt lat="46.7500890" lon="7.6367130"/>
   <trkpt lat="46.7500560" lon="7.6367020"/>
   <trkpt lat="46.7500220" lon="7.6366900"/>
   <trkpt lat="46.7499910" lon="7.6366810"/>
   <trkpt lat="46.7499620" lon="7.6366670"/>
   <trkpt lat="46.7499340" lon="7.6366510"/>
   <trkpt lat="46.7499070" lon="7.6366390"/>
   <trkpt lat="46.7498780" lon="7.6366250"/>
   <trkpt lat="46.7498470" lon="7.6366120"/>
   <trkpt lat="46.7498110" lon="7.6365970"/>
   <trkpt lat="46.7497800" lon="7.6365850"/>
   <trkpt lat="46.7497510" lon="7.6365730"/>
   <trkpt lat="46.7497210" lon="7.6365590"/>
   <trkpt lat="46.7496940" lon="7.6365470"/>
   <trkpt lat="46.7496660" lon="7.6365360"/>
   <trkpt lat="46.7496390" lon="7.6365230"/>
   <trkpt lat="46.7496090" lon="7.6365110"/>
   <trkpt lat="46.7495750" lon="7.6364980"/>
   <trkpt lat="46.7495440" lon="7.6364910"/>
   <trkpt lat="46.7495110" lon="7.6364810"/>
   <trkpt lat="46.7494840" lon="7.6364690"/>
   <trkpt lat="46.7494510" lon="7.6364580"/>
   <trkpt lat="46.7494130" lon="7.6364480"/>
   <trkpt lat="46.7493800" lon="7.6364460"/>
   <trkpt lat="46.7493470" lon="7.6364350"/>
   <trkpt lat="46.7493170" lon="7.6364280"/>
   <trkpt lat="46.7492890" lon="7.6364280"/>
   <trkpt lat="46.7492540" lon="7.6364280"/>
   <trkpt lat="46.7492290" lon="7.6364350"/>
   <trkpt lat="46.7491970" lon="7.6364440"/>
   <trkpt lat="46.7491670" lon="7.6364560"/>
   <trkpt lat="46.7491390" lon="7.6364720"/>
   <trkpt lat="46.7491090" lon="7.6364890"/>
   <trkpt lat="46.7490800" lon="7.6365020"/>
   <trkpt lat="46.7490490" lon="7.6365190"/>
   <trkpt lat="46.7490180" lon="7.6365330"/>
   <trkpt lat="46.7489890" lon="7.6365510"/>
   <trkpt lat="46.7489560" lon="7.6365700"/>
   <trkpt lat="46.7489320" lon="7.6365840"/>
   <trkpt lat="46.7489040" lon="7.6366070"/>
   <trkpt lat="46.7488690" lon="7.6366260"/>
   <trkpt lat="46.7488430" lon="7.6366480"/>
   <trkpt lat="46.7488140" lon="7.6366730"/>
   <trkpt lat="46.7487880" lon="7.6366980"/>
   <trkpt lat="46.7487650" lon="7.6367180"/>
   <trkpt lat="46.7487420" lon="7.6367440"/>
   <trkpt lat="46.7487170" lon="7.6367720"/>
   <trkpt lat="46.7486880" lon="7.6367990"/>
   <trkpt lat="46.7486600" lon="7.6368170"/>
   <trkpt lat="46.7486320" lon="7.6368360"/>
   <trkpt lat="46.7486020" lon="7.6368550"/>
   <trkpt lat="46.7485770" lon="7.6368720"/>
   <trkpt lat="46.7485480" lon="7.6368880"/>
   <trkpt lat="46.7485200" lon="7.6369050"/>
   <trkpt lat="46.7484940" lon="7.6369190"/>
   <trkpt lat="46.7484680" lon="7.6369340"/>
   <trkpt lat="46.7484410" lon="7.6369480"/>
   <trkpt lat="46.7484160" lon="7.6369720"/>
   <trkpt lat="46.7483920" lon="7.6369990"/>
   <trkpt lat="46.7483710" lon="7.6370280"/>
   <trkpt lat="46.7483510" lon="7.6370680"/>
   <trkpt lat="46.7483310" lon="7.6371050"/>
   <trkpt lat="46.7483140" lon="7.6371530"/>
   <trkpt lat="46.7483010" lon="7.6371960"/>
   <trkpt lat="46.7482930" lon="7.6372410"/>
   <trkpt lat="46.7482830" lon="7.6372910"/>
   <trkpt lat="46.7482760" lon="7.6373300"/>
   <trkpt lat="46.7482670" lon="7.6373750"/>
   <trkpt lat="46.7482580" lon="7.6374200"/>
   <trkpt lat="46.7482500" lon="7.6374610"/>
   <trkpt lat="46.7482410" lon="7.6375050"/>
   <trkpt lat="46.7482330" lon="7.6375460"/>
   <trkpt lat="46.7482280" lon="7.6375930"/>
   <trkpt lat="46.7482270" lon="7.6376390"/>
   <trkpt lat="46.7482290" lon="7.6376830"/>
   <trkpt lat="46.7482290" lon="7.6377320"/>
   <trkpt lat="46.7482290" lon="7.6377770"/>
   <trkpt lat="46.7482290" lon="7.6378260"/>
   <trkpt lat="46.7482240" lon="7.6378740"/>
   <trkpt lat="46.7482210" lon="7.6379210"/>
   <trkpt lat="46.7482100" lon="7.6379660"/>
   <trkpt lat="46.7481980" lon="7.6380040"/>
   <trkpt lat="46.7481850" lon="7.6380440"/>
   <trkpt lat="46.7481670" lon="7.6380850"/>
   <trkpt lat="46.7481470" lon="7.6381090"/>
   <trkpt lat="46.7481250" lon="7.6381450"/>
   <trkpt lat="46.7481030" lon="7.6381800"/>
   <trkpt lat="46.7480870" lon="7.6382130"/>
   <trkpt lat="46.7480690" lon="7.6382490"/>
   <trkpt lat="46.7480510" lon="7.6382770"/>
   <trkpt lat="46.7480340" lon="7.6383110"/>
   <trkpt lat="46.7480190" lon="7.6383460"/>
   <trkpt lat="46.7480040" lon="7.6383790"/>
   <trkpt lat="46.7479850" lon="7.6384120"/>
   <trkpt lat="46.7479690" lon="7.6384370"/>
   <trkpt lat="46.7479510" lon="7.6384640"/>
   <trkpt lat="46.7479250" lon="7.6384850"/>
   <trkpt lat="46.7479000" lon="7.6385080"/>
   <trkpt lat="46.7478670" lon="7.6385330"/>
   <trkpt lat="46.7478350" lon="7.6385550"/>
   <trkpt lat="46.7478060" lon="7.6385790"/>
   <trkpt lat="46.7477750" lon="7.6386040"/>
   <trkpt lat="46.7477460" lon="7.6386290"/>
   <trkpt lat="46.7477140" lon="7.6386530"/>
   <trkpt lat="46.7476840" lon="7.6386700"/>
   <trkpt lat="46.7476560" lon="7.6386890"/>
   <trkpt lat="46.7476270" lon="7.6387080"/>
   <trkpt lat="46.7476000" lon="7.6387290"/>
   <trkpt lat="46.7475720" lon="7.6387490"/>
   <trkpt lat="46.7475430" lon="7.6387680"/>
   <trkpt lat="46.7475170" lon="7.6387920"/>
   <trkpt lat="46.7474880" lon="7.6388150"/>
   <trkpt lat="46.7474630" lon="7.6388350"/>
   <trkpt lat="46.7474340" lon="7.6388550"/>
   <trkpt lat="46.7474060" lon="7.6388730"/>
   <trkpt lat="46.7473810" lon="7.6388950"/>
   <trkpt lat="46.7473520" lon="7.6389170"/>
   <trkpt lat="46.7473270" lon="7.6389350"/>
   <trkpt lat="46.7472970" lon="7.6389550"/>
   <trkpt lat="46.7472690" lon="7.6389770"/>
   <trkpt lat="46.7472440" lon="7.6389970"/>
   <trkpt lat="46.7472150" lon="7.6390160"/>
   <trkpt lat="46.7471870" lon="7.6390330"/>
   <trkpt lat="46.7471580" lon="7.6390540"/>
   <trkpt lat="46.7471300" lon="7.6390690"/>
   <trkpt lat="46.7471030" lon="7.6390890"/>
   <trkpt lat="46.7470740" lon="7.6391050"/>
   <trkpt lat="46.7470470" lon="7.6391210"/>
   <trkpt lat="46.7470180" lon="7.6391390"/>
   <trkpt lat="46.7469880" lon="7.6391590"/>
   <trkpt lat="46.7469630" lon="7.6391790"/>
   <trkpt lat="46.7469350" lon="7.6392020"/>
   <trkpt lat="46.7469070" lon="7.6392230"/>
   <trkpt lat="46.7468810" lon="7.6392430"/>
   <trkpt lat="46.7468520" lon="7.6392650"/>
   <trkpt lat="46.7468270" lon="7.6392790"/>
   <trkpt lat="46.7467990" lon="7.6392970"/>
   <trkpt lat="46.7467700" lon="7.6393140"/>
   <trkpt lat="46.7467440" lon="7.6393310"/>
   <trkpt lat="46.7467140" lon="7.6393470"/>
   <trkpt lat="46.7466880" lon="7.6393620"/>
   <trkpt lat="46.7466630" lon="7.6393790"/>
   <trkpt lat="46.7466380" lon="7.6393940"/>
   <trkpt lat="46.7466120" lon="7.6394080"/>
   <trkpt lat="46.7465810" lon="7.6394280"/>
   <trkpt lat="46.7465500" lon="7.6394410"/>
   <trkpt lat="46.7465250" lon="7.6394540"/>
   <trkpt lat="46.7464940" lon="7.6394670"/>
   <trkpt lat="46.7464660" lon="7.6394800"/>
   <trkpt lat="46.7464400" lon="7.6394970"/>
   <trkpt lat="46.7464090" lon="7.6395120"/>
   <trkpt lat="46.7463820" lon="7.6395220"/>
   <trkpt lat="46.7463540" lon="7.6395370"/>
   <trkpt lat="46.7463250" lon="7.6395520"/>
   <trkpt lat="46.7462980" lon="7.6395720"/>
   <trkpt lat="46.7462650" lon="7.6395870"/>
   <trkpt lat="46.7462380" lon="7.6395990"/>
   <trkpt lat="46.7462090" lon="7.6396130"/>
   <trkpt lat="46.7461780" lon="7.6396250"/>
   <trkpt lat="46.7461500" lon="7.6396400"/>
   <trkpt lat="46.7461180" lon="7.6396520"/>
   <trkpt lat="46.7460880" lon="7.6396650"/>
   <trkpt lat="46.7460600" lon="7.6396840"/>
   <trkpt lat="46.7460310" lon="7.6397050"/>
   <trkpt lat="46.7460060" lon="7.6397260"/>
   <trkpt lat="46.7459830" lon="7.6397480"/>
   <trkpt lat="46.7459590" lon="7.6397710"/>
   <trkpt lat="46.7459380" lon="7.6397950"/>
   <trkpt lat="46.7459120" lon="7.6398200"/>
   <trkpt lat="46.7458900" lon="7.6398390"/>
   <trkpt lat="46.7458650" lon="7.6398630"/>
   <trkpt lat="46.7458370" lon="7.6398860"/>
   <trkpt lat="46.7458140" lon="7.6399060"/>
   <trkpt lat="46.7457870" lon="7.6399290"/>
   <trkpt lat="46.7457590" lon="7.6399500"/>
   <trkpt lat="46.7457340" lon="7.6399650"/>
   <trkpt lat="46.7457050" lon="7.6399890"/>
   <trkpt lat="46.7456820" lon="7.6400110"/>
   <trkpt lat="46.7456600" lon="7.6400300"/>
   <trkpt lat="46.7456350" lon="7.6400540"/>
   <trkpt lat="46.7456140" lon="7.6400750"/>
   <trkpt lat="46.7455890" lon="7.6401010"/>
   <trkpt lat="46.7455620" lon="7.6401240"/>
   <trkpt lat="46.7455340" lon="7.6401510"/>
   <trkpt lat="46.7455040" lon="7.6401800"/>
   <trkpt lat="46.7454790" lon="7.6402030"/>
   <trkpt lat="46.7454540" lon="7.6402310"/>
   <trkpt lat="46.7454290" lon="7.6402520"/>
   <trkpt lat="46.7454080" lon="7.6402760"/>
   <trkpt lat="46.7453800" lon="7.6403020"/>
   <trkpt lat="46.7453550" lon="7.6403250"/>
   <trkpt lat="46.7453320" lon="7.6403510"/>
   <trkpt lat="46.7453040" lon="7.6403750"/>
   <trkpt lat="46.7452810" lon="7.6403940"/>
   <trkpt lat="46.7452560" lon="7.6404170"/>
   <trkpt lat="46.7452330" lon="7.6404420"/>
   <trkpt lat="46.7452110" lon="7.6404680"/>
   <trkpt lat="46.7451880" lon="7.6404930"/>
   <trkpt lat="46.7451660" lon="7.6405160"/>
   <trkpt lat="46.7451440" lon="7.6405480"/>
   <trkpt lat="46.7451190" lon="7.6405810"/>
   <trkpt lat="46.7450980" lon="7.6406060"/>
   <trkpt lat="46.7450740" lon="7.6406410"/>
   <trkpt lat="46.7450530" lon="7.6406670"/>
   <trkpt lat="46.7450330" lon="7.6406950"/>
   <trkpt lat="46.7450140" lon="7.6407260"/>
   <trkpt lat="46.7449950" lon="7.6407550"/>
   <trkpt lat="46.7449750" lon="7.6407850"/>
   <trkpt lat="46.7449540" lon="7.6408160"/>
   <trkpt lat="46.7449310" lon="7.6408480"/>
   <trkpt lat="46.7449090" lon="7.6408820"/>
   <trkpt lat="46.7448860" lon="7.6409130"/>
   <trkpt lat="46.7448640" lon="7.6409470"/>
   <trkpt lat="46.7448430" lon="7.6409810"/>
   <trkpt lat="46.7448230" lon="7.6410160"/>
   <trkpt lat="46.7448020" lon="7.6410550"/>
   <trkpt lat="46.7447820" lon="7.6410920"/>
   <trkpt lat="46.7447650" lon="7.6411280"/>
   <trkpt lat="46.7447470" lon="7.6411640"/>
   <trkpt lat="46.7447300" lon="7.6411970"/>
   <trkpt lat="46.7447120" lon="7.6412310"/>
   <trkpt lat="46.7446930" lon="7.6412650"/>
   <trkpt lat="46.7446750" lon="7.6412990"/>
   <trkpt lat="46.7446560" lon="7.6413340"/>
   <trkpt lat="46.7446390" lon="7.6413650"/>
   <trkpt lat="46.7446220" lon="7.6414000"/>
   <trkpt lat="46.7446030" lon="7.6414330"/>
   <trkpt lat="46.7445850" lon="7.6414670"/>
   <trkpt lat="46.7445670" lon="7.6415030"/>
   <trkpt lat="46.7445480" lon="7.6415380"/>
   <trkpt lat="46.7445300" lon="7.6415740"/>
   <trkpt lat="46.7445130" lon="7.6416070"/>
   <trkpt lat="46.7444970" lon="7.6416370"/>
   <trkpt lat="46.7444800" lon="7.6416690"/>
   <trkpt lat="46.7444620" lon="7.6417020"/>
   <trkpt lat="46.7444430" lon="7.6417430"/>
   <trkpt lat="46.7444240" lon="7.6417800"/>
   <trkpt lat="46.7444080" lon="7.6418110"/>
   <trkpt lat="46.7443930" lon="7.6418470"/>
   <trkpt lat="46.7443770" lon="7.6418820"/>
   <trkpt lat="46.7443620" lon="7.6419180"/>
   <trkpt lat="46.7443460" lon="7.6419540"/>
   <trkpt lat="46.7443310" lon="7.6419870"/>
   <trkpt lat="46.7443150" lon="7.6420250"/>
   <trkpt lat="46.7442980" lon="7.6420610"/>
   <trkpt lat="46.7442800" lon="7.6420910"/>
   <trkpt lat="46.7442630" lon="7.6421200"/>
   <trkpt lat="46.7442450" lon="7.6421520"/>
   <trkpt lat="46.7442240" lon="7.6421930"/>
   <trkpt lat="46.7442070" lon="7.6422370"/>
   <trkpt lat="46.7441920" lon="7.6422760"/>
   <trkpt lat="46.7441730" lon="7.6423180"/>
   <trkpt lat="46.7441540" lon="7.6423520"/>
   <trkpt lat="46.7441350" lon="7.6423920"/>
   <trkpt lat="46.7441170" lon="7.6424280"/>
   <trkpt lat="46.7441020" lon="7.6424660"/>
   <trkpt lat="46.7440860" lon="7.6425090"/>
   <trkpt lat="46.7440760" lon="7.6425410"/>
   <trkpt lat="46.7440770" lon="7.6425840"/>
   <trkpt lat="46.7440890" lon="7.6426200"/>
   <trkpt lat="46.7441120" lon="7.6426480"/>
   <trkpt lat="46.7441420" lon="7.6426760"/>
   <trkpt lat="46.7441670" lon="7.6426960"/>
   <trkpt lat="46.7441990" lon="7.6427200"/>
   <trkpt lat="46.7442280" lon="7.6427390"/>
   <trkpt lat="46.7442530" lon="7.6427600"/>
   <trkpt lat="46.7442820" lon="7.6427800"/>
   <trkpt lat="46.7443050" lon="7.6428020"/>
   <trkpt lat="46.7443290" lon="7.6428250"/>
   <trkpt lat="46.7443550" lon="7.6428520"/>
   <trkpt lat="46.7443750" lon="7.6428730"/>
   <trkpt lat="46.7443970" lon="7.6428940"/>
   <trkpt lat="46.7444180" lon="7.6429160"/>
   <trkpt lat="46.7444420" lon="7.6429350"/>
   <trkpt lat="46.7444740" lon="7.6429610"/>
   <trkpt lat="46.7445020" lon="7.6429800"/>
   <trkpt lat="46.7445340" lon="7.6429790"/>
   <trkpt lat="46.7445630" lon="7.6429620"/>
   <trkpt lat="46.7445810" lon="7.6429350"/>
   <trkpt lat="46.7445980" lon="7.6428940"/>
   <trkpt lat="46.7446140" lon="7.6428550"/>
   <trkpt lat="46.7446320" lon="7.6428130"/>
   <trkpt lat="46.7446530" lon="7.6427700"/>
   <trkpt lat="46.7446720" lon="7.6427360"/>
   <trkpt lat="46.7446920" lon="7.6426940"/>
   <trkpt lat="46.7447100" lon="7.6426640"/>
   <trkpt lat="46.7447300" lon="7.6426320"/>
   <trkpt lat="46.7447510" lon="7.6426010"/>
   <trkpt lat="46.7447690" lon="7.6425710"/>
   <trkpt lat="46.7447900" lon="7.6425350"/>
   <trkpt lat="46.7448100" lon="7.6425000"/>
   <trkpt lat="46.7448280" lon="7.6424610"/>
   <trkpt lat="46.7448460" lon="7.6424210"/>
   <trkpt lat="46.7448600" lon="7.6423840"/>
   <trkpt lat="46.7448790" lon="7.6423470"/>
   <trkpt lat="46.7448990" lon="7.6423140"/>
   <trkpt lat="46.7449190" lon="7.6422760"/>
   <trkpt lat="46.7449350" lon="7.6422350"/>
   <trkpt lat="46.7449490" lon="7.6421960"/>
   <trkpt lat="46.7449680" lon="7.6421560"/>
   <trkpt lat="46.7449860" lon="7.6421270"/>
   <trkpt lat="46.7450050" lon="7.6420910"/>
   <trkpt lat="46.7450240" lon="7.6420560"/>
   <trkpt lat="46.7450400" lon="7.6420160"/>
   <trkpt lat="46.7450580" lon="7.6419740"/>
   <trkpt lat="46.7450730" lon="7.6419390"/>
   <trkpt lat="46.7450950" lon="7.6419020"/>
   <trkpt lat="46.7451160" lon="7.6418680"/>
   <trkpt lat="46.7451340" lon="7.6418330"/>
   <trkpt lat="46.7451550" lon="7.6417890"/>
   <trkpt lat="46.7451690" lon="7.6417500"/>
   <trkpt lat="46.7451870" lon="7.6417060"/>
   <trkpt lat="46.7452050" lon="7.6416660"/>
   <trkpt lat="46.7452220" lon="7.6416270"/>
   <trkpt lat="46.7452410" lon="7.6415850"/>
   <trkpt lat="46.7452560" lon="7.6415470"/>
   <trkpt lat="46.7452780" lon="7.6415080"/>
   <trkpt lat="46.7453010" lon="7.6414760"/>
   <trkpt lat="46.7453250" lon="7.6414400"/>
   <trkpt lat="46.7453490" lon="7.6414060"/>
   <trkpt lat="46.7453700" lon="7.6413750"/>
   <trkpt lat="46.7453940" lon="7.6413410"/>
   <trkpt lat="46.7454160" lon="7.6413120"/>
   <trkpt lat="46.7454370" lon="7.6412850"/>
   <trkpt lat="46.7454620" lon="7.6412560"/>
   <trkpt lat="46.7454790" lon="7.6412280"/>
   <trkpt lat="46.7455030" lon="7.6411930"/>
   <trkpt lat="46.7455250" lon="7.6411570"/>
   <trkpt lat="46.7455440" lon="7.6411200"/>
   <trkpt lat="46.7455640" lon="7.6410810"/>
   <trkpt lat="46.7455820" lon="7.6410480"/>
   <trkpt lat="46.7456040" lon="7.6410090"/>
   <trkpt lat="46.7456250" lon="7.6409760"/>
   <trkpt lat="46.7456450" lon="7.6409400"/>
   <trkpt lat="46.7456680" lon="7.6409030"/>
   <trkpt lat="46.7456880" lon="7.6408720"/>
   <trkpt lat="46.7457160" lon="7.6408400"/>
   <trkpt lat="46.7457390" lon="7.6408140"/>
   <trkpt lat="46.7457620" lon="7.6407850"/>
   <trkpt lat="46.7457880" lon="7.6407550"/>
   <trkpt lat="46.7458110" lon="7.6407280"/>
   <trkpt lat="46.7458390" lon="7.6407030"/>
   <trkpt lat="46.7458650" lon="7.6406780"/>
   <trkpt lat="46.7458910" lon="7.6406540"/>
   <trkpt lat="46.7459200" lon="7.6406260"/>
   <trkpt lat="46.7459440" lon="7.6406000"/>
   <trkpt lat="46.7459730" lon="7.6405700"/>
   <trkpt lat="46.7460000" lon="7.6405490"/>
   <trkpt lat="46.7460280" lon="7.6405320"/>
   <trkpt lat="46.7460570" lon="7.6405150"/>
   <trkpt lat="46.7460820" lon="7.6404960"/>
   <trkpt lat="46.7461100" lon="7.6404690"/>
   <trkpt lat="46.7461370" lon="7.6404500"/>
   <trkpt lat="46.7461650" lon="7.6404290"/>
   <trkpt lat="46.7461960" lon="7.6404060"/>
   <trkpt lat="46.7462210" lon="7.6403870"/>
   <trkpt lat="46.7462530" lon="7.6403660"/>
   <trkpt lat="46.7462800" lon="7.6403530"/>
   <trkpt lat="46.7463070" lon="7.6403320"/>
   <trkpt lat="46.7463360" lon="7.6403080"/>
   <trkpt lat="46.7463580" lon="7.6402840"/>
   <trkpt lat="46.7463880" lon="7.6402540"/>
   <trkpt lat="46.7464140" lon="7.6402320"/>
   <trkpt lat="46.7464410" lon="7.6402060"/>
   <trkpt lat="46.7464670" lon="7.6401790"/>
   <trkpt lat="46.7464890" lon="7.6401550"/>
   <trkpt lat="46.7465210" lon="7.6401280"/>
   <trkpt lat="46.7465460" lon="7.6401080"/>
   <trkpt lat="46.7465730" lon="7.6400850"/>
   <trkpt lat="46.7465980" lon="7.6400610"/>
   <trkpt lat="46.7466170" lon="7.6400270"/>
   <trkpt lat="46.7466440" lon="7.6399990"/>
   <trkpt lat="46.7466670" lon="7.6399780"/>
   <trkpt lat="46.7466920" lon="7.6399560"/>
   <trkpt lat="46.7467170" lon="7.6399380"/>
   <trkpt lat="46.7467410" lon="7.6399180"/>
   <trkpt lat="46.7467700" lon="7.6398950"/>
   <trkpt lat="46.7467960" lon="7.6398770"/>
   <trkpt lat="46.7468240" lon="7.6398520"/>
   <trkpt lat="46.7468550" lon="7.6398280"/>
   <trkpt lat="46.7468810" lon="7.6398040"/>
   <trkpt lat="46.7469120" lon="7.6397870"/>
   <trkpt lat="46.7469410" lon="7.6397710"/>
   <trkpt lat="46.7469690" lon="7.6397560"/>
   <trkpt lat="46.7470000" lon="7.6397370"/>
   <trkpt lat="46.7470250" lon="7.6397220"/>
   <trkpt lat="46.7470550" lon="7.6397040"/>
   <trkpt lat="46.7470840" lon="7.6396850"/>
   <trkpt lat="46.7471110" lon="7.6396650"/>
   <trkpt lat="46.7471410" lon="7.6396440"/>
   <trkpt lat="46.7471670" lon="7.6396240"/>
   <trkpt lat="46.7471950" lon="7.6395980"/>
   <trkpt lat="46.7472200" lon="7.6395700"/>
   <trkpt lat="46.7472430" lon="7.6395380"/>
   <trkpt lat="46.7472680" lon="7.6395110"/>
   <trkpt lat="46.7472900" lon="7.6394900"/>
   <trkpt lat="46.7473170" lon="7.6394710"/>
   <trkpt lat="46.7473450" lon="7.6394520"/>
   <trkpt lat="46.7473700" lon="7.6394280"/>
   <trkpt lat="46.7474000" lon="7.6394130"/>
   <trkpt lat="46.7474260" lon="7.6394050"/>
   <trkpt lat="46.7474540" lon="7.6393980"/>
   <trkpt lat="46.7474830" lon="7.6393970"/>
   <trkpt lat="46.7475140" lon="7.6394010"/>
   <trkpt lat="46.7475460" lon="7.6394180"/>
   <trkpt lat="46.7475720" lon="7.6394370"/>
   <trkpt lat="46.7476000" lon="7.6394630"/>
   <trkpt lat="46.7476190" lon="7.6394920"/>
   <trkpt lat="46.7476390" lon="7.6395180"/>
   <trkpt lat="46.7476560" lon="7.6395510"/>
   <trkpt lat="46.7476720" lon="7.6395840"/>
   <trkpt lat="46.7476930" lon="7.6396040"/>
   <trkpt lat="46.7477180" lon="7.6396200"/>
   <trkpt lat="46.7477430" lon="7.6396240"/>
   <trkpt lat="46.7477720" lon="7.6396080"/>
   <trkpt lat="46.7477990" lon="7.6395840"/>
   <trkpt lat="46.7478260" lon="7.6395580"/>
   <trkpt lat="46.7478550" lon="7.6395320"/>
   <trkpt lat="46.7478800" lon="7.6395140"/>
   <trkpt lat="46.7479040" lon="7.6394970"/>
   <trkpt lat="46.7479320" lon="7.6394770"/>
   <trkpt lat="46.7479590" lon="7.6394560"/>
   <trkpt lat="46.7479880" lon="7.6394370"/>
   <trkpt lat="46.7480180" lon="7.6394220"/>
   <trkpt lat="46.7480440" lon="7.6394100"/>
   <trkpt lat="46.7480730" lon="7.6394060"/>
   <trkpt lat="46.7481010" lon="7.6394010"/>
   <trkpt lat="46.7481380" lon="7.6393950"/>
   <trkpt lat="46.7481680" lon="7.6393890"/>
   <trkpt lat="46.7481990" lon="7.6393800"/>
   <trkpt lat="46.7482260" lon="7.6393660"/>
   <trkpt lat="46.7482500" lon="7.6393520"/>
   <trkpt lat="46.7482750" lon="7.6393270"/>
   <trkpt lat="46.7483040" lon="7.6393020"/>
   <trkpt lat="46.7483280" lon="7.6392830"/>
   <trkpt lat="46.7483550" lon="7.6392520"/>
   <trkpt lat="46.7483800" lon="7.6392270"/>
   <trkpt lat="46.7484040" lon="7.6392010"/>
   <trkpt lat="46.7484310" lon="7.6391770"/>
   <trkpt lat="46.7484540" lon="7.6391550"/>
   <trkpt lat="46.7484790" lon="7.6391270"/>
   <trkpt lat="46.7485020" lon="7.6391040"/>
   <trkpt lat="46.7485250" lon="7.6390810"/>
   <trkpt lat="46.7485490" lon="7.6390550"/>
   <trkpt lat="46.7485680" lon="7.6390330"/>
   <trkpt lat="46.7485980" lon="7.6390100"/>
   <trkpt lat="46.7486270" lon="7.6389920"/>
   <trkpt lat="46.7486510" lon="7.6389730"/>
   <trkpt lat="46.7486810" lon="7.6389580"/>
   <trkpt lat="46.7487070" lon="7.6389390"/>
   <trkpt lat="46.7487340" lon="7.6389160"/>
   <trkpt lat="46.7487590" lon="7.6388950"/>
   <trkpt lat="46.7487850" lon="7.6388710"/>
   <trkpt lat="46.7488140" lon="7.6388490"/>
   <trkpt lat="46.7488370" lon="7.6388270"/>
   <trkpt lat="46.7488640" lon="7.6388020"/>
   <trkpt lat="46.7488910" lon="7.6387820"/>
   <trkpt lat="46.7489180" lon="7.6387630"/>
   <trkpt lat="46.7489450" lon="7.6387380"/>
   <trkpt lat="46.7489700" lon="7.6387170"/>
   <trkpt lat="46.7489980" lon="7.6386960"/>
   <trkpt lat="46.7490230" lon="7.6386740"/>
   <trkpt lat="46.7490480" lon="7.6386520"/>
   <trkpt lat="46.7490730" lon="7.6386300"/>
   <trkpt lat="46.7490990" lon="7.6386090"/>
   <trkpt lat="46.7491280" lon="7.6385860"/>
   <trkpt lat="46.7491570" lon="7.6385670"/>
   <trkpt lat="46.7491850" lon="7.6385450"/>
   <trkpt lat="46.7492150" lon="7.6385250"/>
   <trkpt lat="46.7492410" lon="7.6385020"/>
   <trkpt lat="46.7492700" lon="7.6384760"/>
   <trkpt lat="46.7492930" lon="7.6384590"/>
   <trkpt lat="46.7493180" lon="7.6384380"/>
   <trkpt lat="46.7493440" lon="7.6384160"/>
   <trkpt lat="46.7493710" lon="7.6383940"/>
   <trkpt lat="46.7494000" lon="7.6383720"/>
   <trkpt lat="46.7494300" lon="7.6383490"/>
   <trkpt lat="46.7494590" lon="7.6383240"/>
   <trkpt lat="46.7494860" lon="7.6383010"/>
   <trkpt lat="46.7495100" lon="7.6382750"/>
   <trkpt lat="46.7495360" lon="7.6382490"/>
   <trkpt lat="46.7495630" lon="7.6382290"/>
   <trkpt lat="46.7495890" lon="7.6382020"/>
   <trkpt lat="46.7496150" lon="7.6381790"/>
   <trkpt lat="46.7496410" lon="7.6381570"/>
   <trkpt lat="46.7496680" lon="7.6381410"/>
   <trkpt lat="46.7496900" lon="7.6381170"/>
   <trkpt lat="46.7497140" lon="7.6380990"/>
   <trkpt lat="46.7497390" lon="7.6380750"/>
   <trkpt lat="46.7497630" lon="7.6380460"/>
   <trkpt lat="46.7497900" lon="7.6380220"/>
   <trkpt lat="46.7498150" lon="7.6379980"/>
   <trkpt lat="46.7498440" lon="7.6379650"/>
   <trkpt lat="46.7498700" lon="7.6379430"/>
   <trkpt lat="46.7498970" lon="7.6379170"/>
   <trkpt lat="46.7499220" lon="7.6378940"/>
   <trkpt lat="46.7499470" lon="7.6378640"/>
   <trkpt lat="46.7499730" lon="7.6378410"/>
   <trkpt lat="46.7499990" lon="7.6378180"/>
   <trkpt lat="46.7500260" lon="7.6377890"/>
   <trkpt lat="46.7500530" lon="7.6377650"/>
   <trkpt lat="46.7500780" lon="7.6377430"/>
   <trkpt lat="46.7501030" lon="7.6377200"/>
   <trkpt lat="46.7501260" lon="7.6376940"/>
   <trkpt lat="46.7501500" lon="7.6376740"/>
   <trkpt lat="46.7501760" lon="7.6376540"/>
   <trkpt lat="46.7502020" lon="7.6376360"/>
   <trkpt lat="46.7502310" lon="7.6376170"/>
   <trkpt lat="46.7502580" lon="7.6376010"/>
   <trkpt lat="46.7502820" lon="7.6375820"/>
   <trkpt lat="46.7503060" lon="7.6375640"/>
   <trkpt lat="46.7503290" lon="7.6375440"/>
   <trkpt lat="46.7503540" lon="7.6375190"/>
   <trkpt lat="46.7503780" lon="7.6374920"/>
   <trkpt lat="46.7504060" lon="7.6374630"/>
   <trkpt lat="46.7504370" lon="7.6374330"/>
   <trkpt lat="46.7504630" lon="7.6374130"/>
   <trkpt lat="46.7504910" lon="7.6373940"/>
   <trkpt lat="46.7505150" lon="7.6373670"/>
   <trkpt lat="46.7505420" lon="7.6373480"/>
   <trkpt lat="46.7505650" lon="7.6373280"/>
   <trkpt lat="46.7505840" lon="7.6373070"/>
   <trkpt lat="46.7506070" lon="7.6372910"/>
   <trkpt lat="46.7506310" lon="7.6372760"/>
   <trkpt lat="46.7506530" lon="7.6372600"/>
   <trkpt lat="46.7506780" lon="7.6372480"/>
   <trkpt lat="46.7507020" lon="7.6372330"/>
   <trkpt lat="46.7507300" lon="7.6372230"/>
   <trkpt lat="46.7507620" lon="7.6372140"/>
   <trkpt lat="46.7507920" lon="7.6372020"/>
   <trkpt lat="46.7508260" lon="7.6371990"/>
   <trkpt lat="46.7508570" lon="7.6371960"/>
   <trkpt lat="46.7508890" lon="7.6371900"/>
   <trkpt lat="46.7509230" lon="7.6371860"/>
   <trkpt lat="46.7509560" lon="7.6371800"/>
   <trkpt lat="46.7509880" lon="7.6371730"/>
   <trkpt lat="46.7510170" lon="7.6371630"/>
   <trkpt lat="46.7510450" lon="7.6371560"/>
   <trkpt lat="46.7510730" lon="7.6371510"/>
   <trkpt lat="46.7511010" lon="7.6371450"/>
   <trkpt lat="46.7511300" lon="7.6371470"/>
   <trkpt lat="46.7511570" lon="7.6371460"/>
   <trkpt lat="46.7511830" lon="7.6371460"/>
   <trkpt lat="46.7512120" lon="7.6371510"/>
   <trkpt lat="46.7512400" lon="7.6371480"/>
   <trkpt lat="46.7512680" lon="7.6371480"/>
   <trkpt lat="46.7512970" lon="7.6371500"/>
   <trkpt lat="46.7513250" lon="7.6371490"/>
   <trkpt lat="46.7513550" lon="7.6371520"/>
   <trkpt lat="46.7513830" lon="7.6371490"/>
   <trkpt lat="46.7514140" lon="7.6371430"/>
   <trkpt lat="46.7514390" lon="7.6371340"/>
   <trkpt lat="46.7514660" lon="7.6371120"/>
   <trkpt lat="46.7515010" lon="7.6370620"/>
   <trkpt lat="46.7515270" lon="7.6370280"/>
   <trkpt lat="46.7515580" lon="7.6370080"/>
   <trkpt lat="46.7515840" lon="7.6370030"/>
   <trkpt lat="46.7516090" lon="7.6370060"/>
   <trkpt lat="46.7516390" lon="7.6370140"/>
   <trkpt lat="46.7516670" lon="7.6370140"/>
   <trkpt lat="46.7517000" lon="7.6370090"/>
   <trkpt lat="46.7517350" lon="7.6370090"/>
   <trkpt lat="46.7517660" lon="7.6370060"/>
   <trkpt lat="46.7518020" lon="7.6369990"/>
   <trkpt lat="46.7518300" lon="7.6369920"/>
   <trkpt lat="46.7518590" lon="7.6369790"/>
   <trkpt lat="46.7518880" lon="7.6369710"/>
   <trkpt lat="46.7519130" lon="7.6369610"/>
   <trkpt lat="46.7519440" lon="7.6369520"/>
   <trkpt lat="46.7519740" lon="7.6369470"/>
   <trkpt lat="46.7520040" lon="7.6369390"/>
   <trkpt lat="46.7520360" lon="7.6369310"/>
   <trkpt lat="46.7520650" lon="7.6369230"/>
   <trkpt lat="46.7520950" lon="7.6369130"/>
   <trkpt lat="46.7521250" lon="7.6369070"/>
   <trkpt lat="46.7521550" lon="7.6368990"/>
   <trkpt lat="46.7521820" lon="7.6368940"/>
   <trkpt lat="46.7522060" lon="7.6368870"/>
   <trkpt lat="46.7522330" lon="7.6368780"/>
   <trkpt lat="46.7522610" lon="7.6368720"/>
   <trkpt lat="46.7522870" lon="7.6368680"/>
   <trkpt lat="46.7523170" lon="7.6368580"/>
   <trkpt lat="46.7523450" lon="7.6368510"/>
   <trkpt lat="46.7523700" lon="7.6368450"/>
   <trkpt lat="46.7523990" lon="7.6368370"/>
   <trkpt lat="46.7524260" lon="7.6368310"/>
   <trkpt lat="46.7524550" lon="7.6368220"/>
   <trkpt lat="46.7524860" lon="7.6368140"/>
   <trkpt lat="46.7525140" lon="7.6368040"/>
   <trkpt lat="46.7525440" lon="7.6367950"/>
   <trkpt lat="46.7525730" lon="7.6367890"/>
   <trkpt lat="46.7526030" lon="7.6367820"/>
   <trkpt lat="46.7526360" lon="7.6367730"/>
   <trkpt lat="46.7526630" lon="7.6367680"/>
   <trkpt lat="46.7526930" lon="7.6367560"/>
   <trkpt lat="46.7527200" lon="7.6367470"/>
   <trkpt lat="46.7527450" lon="7.6367350"/>
   <trkpt lat="46.7527770" lon="7.6367210"/>
   <trkpt lat="46.7528050" lon="7.6367090"/>
   <trkpt lat="46.7528320" lon="7.6367030"/>
   <trkpt lat="46.7528590" lon="7.6366960"/>
   <trkpt lat="46.7528840" lon="7.6366830"/>
   <trkpt lat="46.7529160" lon="7.6366680"/>
   <trkpt lat="46.7529450" lon="7.6366610"/>
   <trkpt lat="46.7529750" lon="7.6366500"/>
   <trkpt lat="46.7530060" lon="7.6366410"/>
   <trkpt lat="46.7530330" lon="7.6366240"/>
   <trkpt lat="46.7530620" lon="7.6366080"/>
   <trkpt lat="46.7530860" lon="7.6365970"/>
   <trkpt lat="46.7531130" lon="7.6365820"/>
   <trkpt lat="46.7531430" lon="7.6365710"/>
   <trkpt lat="46.7531690" lon="7.6365570"/>
   <trkpt lat="46.7531970" lon="7.6365490"/>
   <trkpt lat="46.7532240" lon="7.6365410"/>
   <trkpt lat="46.7532500" lon="7.6365240"/>
   <trkpt lat="46.7532780" lon="7.6365060"/>
   <trkpt lat="46.7533050" lon="7.6364880"/>
   <trkpt lat="46.7533350" lon="7.6364700"/>
   <trkpt lat="46.7533670" lon="7.6364500"/>
   <trkpt lat="46.7533980" lon="7.6364280"/>
   <trkpt lat="46.7534300" lon="7.6364070"/>
   <trkpt lat="46.7534560" lon="7.6363910"/>
   <trkpt lat="46.7534840" lon="7.6363730"/>
   <trkpt lat="46.7535130" lon="7.6363580"/>
   <trkpt lat="46.7535390" lon="7.6363430"/>
   <trkpt lat="46.7535680" lon="7.6363240"/>
   <trkpt lat="46.7535940" lon="7.6363100"/>
   <trkpt lat="46.7536200" lon="7.6362950"/>
   <trkpt lat="46.7536490" lon="7.6362790"/>
   <trkpt lat="46.7536770" lon="7.6362620"/>
   <trkpt lat="46.7537060" lon="7.6362470"/>
   <trkpt lat="46.7537360" lon="7.6362270"/>
   <trkpt lat="46.7537620" lon="7.6362110"/>
   <trkpt lat="46.7537920" lon="7.6361930"/>
   <trkpt lat="46.7538170" lon="7.6361780"/>
   <trkpt lat="46.7538450" lon="7.6361590"/>
   <trkpt lat="46.7538730" lon="7.6361390"/>
   <trkpt lat="46.7538980" lon="7.6361200"/>
   <trkpt lat="46.7539270" lon="7.6360960"/>
   <trkpt lat="46.7539520" lon="7.6360780"/>
   <trkpt lat="46.7539790" lon="7.6360590"/>
   <trkpt lat="46.7540070" lon="7.6360410"/>
   <trkpt lat="46.7540320" lon="7.6360230"/>
   <trkpt lat="46.7540630" lon="7.6360080"/>
   <trkpt lat="46.7540920" lon="7.6359970"/>
   <trkpt lat="46.7541210" lon="7.6359850"/>
   <trkpt lat="46.7541490" lon="7.6359740"/>
   <trkpt lat="46.7541760" lon="7.6359670"/>
   <trkpt lat="46.7542050" lon="7.6359600"/>
   <trkpt lat="46.7542340" lon="7.6359550"/>
   <trkpt lat="46.7542620" lon="7.6359450"/>
   <trkpt lat="46.7542930" lon="7.6359340"/>
   <trkpt lat="46.7543220" lon="7.6359260"/>
   <trkpt lat="46.7543510" lon="7.6359130"/>
   <trkpt lat="46.7543800" lon="7.6358980"/>
   <trkpt lat="46.7544050" lon="7.6358840"/>
   <trkpt lat="46.7544310" lon="7.6358660"/>
   <trkpt lat="46.7544590" lon="7.6358460"/>
   <trkpt lat="46.7544840" lon="7.6358240"/>
   <trkpt lat="46.7545070" lon="7.6357970"/>
   <trkpt lat="46.7545260" lon="7.6357690"/>
   <trkpt lat="46.7545440" lon="7.6357370"/>
   <trkpt lat="46.7545630" lon="7.6357030"/>
   <trkpt lat="46.7545780" lon="7.6356710"/>
   <trkpt lat="46.7545940" lon="7.6356380"/>
   <trkpt lat="46.7546100" lon="7.6356110"/>
   <trkpt lat="46.7546260" lon="7.6355820"/>
   <trkpt lat="46.7546420" lon="7.6355480"/>
   <trkpt lat="46.7546590" lon="7.6355160"/>
   <trkpt lat="46.7546770" lon="7.6354810"/>
   <trkpt lat="46.7546920" lon="7.6354400"/>
   <trkpt lat="46.7547050" lon="7.6354000"/>
   <trkpt lat="46.7547220" lon="7.6353580"/>
   <trkpt lat="46.7547360" lon="7.6353170"/>
   <trkpt lat="46.7547520" lon="7.6352800"/>
   <trkpt lat="46.7547680" lon="7.6352460"/>
   <trkpt lat="46.7547870" lon="7.6352070"/>
   <trkpt lat="46.7548060" lon="7.6351650"/>
   <trkpt lat="46.7548250" lon="7.6351230"/>
   <trkpt lat="46.7548440" lon="7.6350810"/>
   <trkpt lat="46.7548610" lon="7.6350450"/>
   <trkpt lat="46.7548780" lon="7.6350040"/>
   <trkpt lat="46.7548940" lon="7.6349670"/>
   <trkpt lat="46.7549070" lon="7.6349290"/>
   <trkpt lat="46.7549230" lon="7.6348870"/>
   <trkpt lat="46.7549360" lon="7.6348480"/>
   <trkpt lat="46.7549510" lon="7.6348080"/>
   <trkpt lat="46.7549680" lon="7.6347660"/>
   <trkpt lat="46.7549840" lon="7.6347310"/>
   <trkpt lat="46.7550040" lon="7.6346920"/>
   <trkpt lat="46.7550210" lon="7.6346550"/>
   <trkpt lat="46.7550370" lon="7.6346160"/>
   <trkpt lat="46.7550550" lon="7.6345790"/>
   <trkpt lat="46.7550710" lon="7.6345430"/>
   <trkpt lat="46.7550880" lon="7.6345060"/>
   <trkpt lat="46.7551050" lon="7.6344690"/>
   <trkpt lat="46.7551220" lon="7.6344320"/>
   <trkpt lat="46.7551430" lon="7.6343940"/>
   <trkpt lat="46.7551600" lon="7.6343590"/>
   <trkpt lat="46.7551800" lon="7.6343250"/>
   <trkpt lat="46.7552010" lon="7.6342920"/>
   <trkpt lat="46.7552200" lon="7.6342570"/>
   <trkpt lat="46.7552430" lon="7.6342220"/>
   <trkpt lat="46.7552640" lon="7.6341940"/>
   <trkpt lat="46.7552860" lon="7.6341650"/>
   <trkpt lat="46.7553110" lon="7.6341330"/>
   <trkpt lat="46.7553310" lon="7.6341050"/>
   <trkpt lat="46.7553560" lon="7.6340760"/>
   <trkpt lat="46.7553790" lon="7.6340550"/>
   <trkpt lat="46.7554020" lon="7.6340300"/>
   <trkpt lat="46.7554280" lon="7.6339970"/>
   <trkpt lat="46.7554510" lon="7.6339700"/>
   <trkpt lat="46.7554770" lon="7.6339400"/>
   <trkpt lat="46.7554980" lon="7.6339120"/>
   <trkpt lat="46.7555180" lon="7.6338840"/>
   <trkpt lat="46.7555390" lon="7.6338560"/>
   <trkpt lat="46.7555610" lon="7.6338330"/>
   <trkpt lat="46.7555890" lon="7.6338100"/>
   <trkpt lat="46.7556160" lon="7.6337910"/>
   <trkpt lat="46.7556420" lon="7.6337750"/>
   <trkpt lat="46.7556700" lon="7.6337530"/>
   <trkpt lat="46.7556940" lon="7.6337330"/>
   <trkpt lat="46.7557220" lon="7.6337150"/>
   <trkpt lat="46.7557490" lon="7.6337000"/>
   <trkpt lat="46.7557770" lon="7.6336800"/>
   <trkpt lat="46.7558070" lon="7.6336630"/>
   <trkpt lat="46.7558330" lon="7.6336500"/>
   <trkpt lat="46.7558580" lon="7.6336290"/>
   <trkpt lat="46.7558840" lon="7.6336130"/>
   <trkpt lat="46.7559090" lon="7.6335990"/>
   <trkpt lat="46.7559380" lon="7.6335820"/>
   <trkpt lat="46.7559670" lon="7.6335680"/>
   <trkpt lat="46.7559940" lon="7.6335510"/>
   <trkpt lat="46.7560230" lon="7.6335330"/>
   <trkpt lat="46.7560500" lon="7.6335170"/>
   <trkpt lat="46.7560800" lon="7.6334970"/>
   <trkpt lat="46.7561060" lon="7.6334710"/>
   <trkpt lat="46.7561310" lon="7.6334510"/>
   <trkpt lat="46.7561610" lon="7.6334290"/>
   <trkpt lat="46.7561910" lon="7.6334120"/>
   <trkpt lat="46.7562200" lon="7.6333900"/>
   <trkpt lat="46.7562470" lon="7.6333680"/>
   <trkpt lat="46.7562700" lon="7.6333520"/>
   <trkpt lat="46.7563010" lon="7.6333290"/>
   <trkpt lat="46.7563280" lon="7.6333120"/>
   <trkpt lat="46.7563540" lon="7.6332920"/>
   <trkpt lat="46.7563870" lon="7.6332730"/>
   <trkpt lat="46.7564160" lon="7.6332590"/>
   <trkpt lat="46.7564460" lon="7.6332410"/>
   <trkpt lat="46.7564750" lon="7.6332230"/>
   <trkpt lat="46.7565020" lon="7.6332050"/>
   <trkpt lat="46.7565340" lon="7.6331850"/>
   <trkpt lat="46.7565590" lon="7.6331620"/>
   <trkpt lat="46.7565840" lon="7.6331400"/>
   <trkpt lat="46.7566100" lon="7.6331180"/>
   <trkpt lat="46.7566360" lon="7.6330990"/>
   <trkpt lat="46.7566640" lon="7.6330800"/>
   <trkpt lat="46.7566940" lon="7.6330680"/>
   <trkpt lat="46.7567240" lon="7.6330510"/>
   <trkpt lat="46.7567530" lon="7.6330300"/>
   <trkpt lat="46.7567810" lon="7.6330130"/>
   <trkpt lat="46.7568130" lon="7.6329990"/>
   <trkpt lat="46.7568400" lon="7.6329820"/>
   <trkpt lat="46.7568690" lon="7.6329620"/>
   <trkpt lat="46.7568990" lon="7.6329380"/>
   <trkpt lat="46.7569290" lon="7.6329180"/>
   <trkpt lat="46.7569630" lon="7.6328980"/>
   <trkpt lat="46.7569920" lon="7.6328780"/>
   <trkpt lat="46.7570220" lon="7.6328570"/>
   <trkpt lat="46.7570510" lon="7.6328390"/>
   <trkpt lat="46.7570770" lon="7.6328220"/>
   <trkpt lat="46.7571070" lon="7.6328020"/>
   <trkpt lat="46.7571350" lon="7.6327870"/>
   <trkpt lat="46.7571630" lon="7.6327700"/>
   <trkpt lat="46.7571900" lon="7.6327560"/>
   <trkpt lat="46.7572130" lon="7.6327380"/>
   <trkpt lat="46.7572350" lon="7.6327170"/>
   <trkpt lat="46.7572570" lon="7.6326940"/>
   <trkpt lat="46.7572790" lon="7.6326700"/>
   <trkpt lat="46.7573070" lon="7.6326470"/>
   <trkpt lat="46.7573290" lon="7.6326250"/>
   <trkpt lat="46.7573510" lon="7.6325960"/>
   <trkpt lat="46.7573720" lon="7.6325690"/>
   <trkpt lat="46.7573910" lon="7.6325450"/>
   <trkpt lat="46.7574140" lon="7.6325100"/>
   <trkpt lat="46.7574330" lon="7.6324750"/>
   <trkpt lat="46.7574530" lon="7.6324320"/>
   <trkpt lat="46.7574710" lon="7.6323940"/>
   <trkpt lat="46.7574860" lon="7.6323560"/>
   <trkpt lat="46.7575050" lon="7.6323110"/>
   <trkpt lat="46.7575200" lon="7.6322740"/>
   <trkpt lat="46.7575370" lon="7.6322280"/>
   <trkpt lat="46.7575540" lon="7.6321870"/>
   <trkpt lat="46.7575670" lon="7.6321510"/>
   <trkpt lat="46.7575850" lon="7.6321110"/>
   <trkpt lat="46.7576010" lon="7.6320730"/>
   <trkpt lat="46.7576170" lon="7.6320340"/>
   <trkpt lat="46.7576360" lon="7.6319970"/>
   <trkpt lat="46.7576520" lon="7.6319640"/>
   <trkpt lat="46.7576710" lon="7.6319240"/>
   <trkpt lat="46.7576900" lon="7.6318900"/>
   <trkpt lat="46.7577080" lon="7.6318590"/>
   <trkpt lat="46.7577270" lon="7.6318240"/>
   <trkpt lat="46.7577430" lon="7.6317910"/>
   <trkpt lat="46.7577640" lon="7.6317590"/>
   <trkpt lat="46.7577840" lon="7.6317240"/>
   <trkpt lat="46.7578010" lon="7.6316870"/>
   <trkpt lat="46.7578190" lon="7.6316450"/>
   <trkpt lat="46.7578360" lon="7.6316120"/>
   <trkpt lat="46.7578520" lon="7.6315730"/>
   <trkpt lat="46.7578680" lon="7.6315290"/>
   <trkpt lat="46.7578830" lon="7.6314900"/>
   <trkpt lat="46.7578950" lon="7.6314420"/>
   <trkpt lat="46.7579070" lon="7.6313950"/>
   <trkpt lat="46.7579160" lon="7.6313470"/>
   <trkpt lat="46.7579220" lon="7.6313000"/>
   <trkpt lat="46.7579260" lon="7.6312600"/>
   <trkpt lat="46.7579290" lon="7.6312210"/>
   <trkpt lat="46.7579320" lon="7.6311850"/>
   <trkpt lat="46.7579330" lon="7.6311490"/>
   <trkpt lat="46.7579350" lon="7.6311070"/>
   <trkpt lat="46.7579480" lon="7.6310680"/>
   <trkpt lat="46.7579640" lon="7.6310320"/>
   <trkpt lat="46.7579820" lon="7.6309990"/>
   <trkpt lat="46.7580020" lon="7.6309650"/>
   <trkpt lat="46.7580230" lon="7.6309260"/>
   <trkpt lat="46.7580270" lon="7.6308520"/>
   <trkpt lat="46.7580240" lon="7.6308060"/>
   <trkpt lat="46.7580220" lon="7.6307680"/>
   <trkpt lat="46.7580230" lon="7.6307240"/>
   <trkpt lat="46.7580280" lon="7.6306780"/>
   <trkpt lat="46.7580360" lon="7.6306400"/>
   <trkpt lat="46.7580500" lon="7.6305920"/>
   <trkpt lat="46.7580630" lon="7.6305540"/>
   <trkpt lat="46.7580760" lon="7.6305130"/>
   <trkpt lat="46.7580920" lon="7.6304730"/>
   <trkpt lat="46.7581050" lon="7.6304300"/>
   <trkpt lat="46.7581230" lon="7.6303850"/>
   <trkpt lat="46.7581370" lon="7.6303530"/>
   <trkpt lat="46.7581520" lon="7.6303160"/>
   <trkpt lat="46.7581680" lon="7.6302810"/>
   <trkpt lat="46.7581800" lon="7.6302420"/>
   <trkpt lat="46.7581990" lon="7.6302050"/>
   <trkpt lat="46.7582160" lon="7.6301710"/>
   <trkpt lat="46.7582360" lon="7.6301340"/>
   <trkpt lat="46.7582560" lon="7.6301000"/>
   <trkpt lat="46.7582740" lon="7.6300670"/>
   <trkpt lat="46.7582930" lon="7.6300350"/>
   <trkpt lat="46.7583110" lon="7.6300040"/>
   <trkpt lat="46.7583300" lon="7.6299720"/>
   <trkpt lat="46.7583510" lon="7.6299410"/>
   <trkpt lat="46.7583710" lon="7.6299110"/>
   <trkpt lat="46.7583940" lon="7.6298770"/>
   <trkpt lat="46.7584140" lon="7.6298430"/>
   <trkpt lat="46.7584300" lon="7.6298040"/>
   <trkpt lat="46.7584420" lon="7.6297550"/>
   <trkpt lat="46.7584440" lon="7.6297110"/>
   <trkpt lat="46.7584370" lon="7.6296700"/>
   <trkpt lat="46.7584240" lon="7.6296370"/>
   <trkpt lat="46.7584040" lon="7.6296040"/>
   <trkpt lat="46.7583800" lon="7.6295690"/>
   <trkpt lat="46.7583560" lon="7.6295270"/>
   <trkpt lat="46.7583320" lon="7.6294890"/>
   <trkpt lat="46.7583060" lon="7.6294620"/>
   <trkpt lat="46.7582760" lon="7.6294410"/>
   <trkpt lat="46.7582450" lon="7.6294140"/>
   <trkpt lat="46.7582160" lon="7.6293970"/>
   <trkpt lat="46.7581850" lon="7.6293740"/>
   <trkpt lat="46.7581550" lon="7.6293570"/>
   <trkpt lat="46.7581250" lon="7.6293370"/>
   <trkpt lat="46.7580940" lon="7.6293160"/>
   <trkpt lat="46.7580680" lon="7.6292990"/>
   <trkpt lat="46.7580380" lon="7.6292790"/>
   <trkpt lat="46.7580110" lon="7.6292580"/>
   <trkpt lat="46.7579830" lon="7.6292370"/>
   <trkpt lat="46.7579520" lon="7.6292130"/>
   <trkpt lat="46.7579260" lon="7.6291860"/>
   <trkpt lat="46.7579000" lon="7.6291580"/>
   <trkpt lat="46.7578730" lon="7.6291340"/>
   <trkpt lat="46.7578380" lon="7.6291150"/>
   <trkpt lat="46.7578030" lon="7.6290970"/>
   <trkpt lat="46.7577710" lon="7.6290840"/>
   <trkpt lat="46.7577380" lon="7.6290680"/>
   <trkpt lat="46.7577090" lon="7.6290520"/>
   <trkpt lat="46.7576790" lon="7.6290370"/>
   <trkpt lat="46.7576480" lon="7.6290130"/>
   <trkpt lat="46.7576220" lon="7.6289870"/>
   <trkpt lat="46.7575980" lon="7.6289470"/>
   <trkpt lat="46.7575850" lon="7.6289010"/>
   <trkpt lat="46.7575850" lon="7.6288500"/>
   <trkpt lat="46.7575930" lon="7.6288020"/>
   <trkpt lat="46.7576020" lon="7.6287540"/>
   <trkpt lat="46.7576160" lon="7.6287040"/>
   <trkpt lat="46.7576310" lon="7.6286640"/>
   <trkpt lat="46.7576490" lon="7.6286160"/>
   <trkpt lat="46.7576660" lon="7.6285710"/>
   <trkpt lat="46.7576830" lon="7.6285280"/>
   <trkpt lat="46.7577020" lon="7.6284810"/>
   <trkpt lat="46.7577200" lon="7.6284400"/>
   <trkpt lat="46.7577400" lon="7.6283980"/>
   <trkpt lat="46.7577600" lon="7.6283590"/>
   <trkpt lat="46.7577800" lon="7.6283210"/>
   <trkpt lat="46.7577970" lon="7.6282810"/>
   <trkpt lat="46.7578130" lon="7.6282470"/>
   <trkpt lat="46.7578370" lon="7.6282060"/>
   <trkpt lat="46.7578590" lon="7.6281700"/>
   <trkpt lat="46.7578820" lon="7.6281320"/>
   <trkpt lat="46.7579030" lon="7.6280950"/>
   <trkpt lat="46.7579240" lon="7.6280600"/>
   <trkpt lat="46.7579470" lon="7.6280150"/>
   <trkpt lat="46.7579670" lon="7.6279790"/>
   <trkpt lat="46.7579860" lon="7.6279400"/>
   <trkpt lat="46.7580080" lon="7.6279130"/>
   <trkpt lat="46.7580310" lon="7.6278890"/>
   <trkpt lat="46.7580570" lon="7.6278670"/>
   <trkpt lat="46.7580840" lon="7.6278400"/>
   <trkpt lat="46.7581100" lon="7.6278150"/>
   <trkpt lat="46.7581330" lon="7.6277820"/>
   <trkpt lat="46.7581530" lon="7.6277540"/>
   <trkpt lat="46.7581760" lon="7.6277210"/>
   <trkpt lat="46.7581990" lon="7.6276950"/>
   <trkpt lat="46.7582210" lon="7.6276620"/>
   <trkpt lat="46.7582460" lon="7.6276300"/>
   <trkpt lat="46.7582690" lon="7.6276030"/>
   <trkpt lat="46.7582970" lon="7.6275720"/>
   <trkpt lat="46.7583200" lon="7.6275450"/>
   <trkpt lat="46.7583440" lon="7.6275180"/>
   <trkpt lat="46.7583700" lon="7.6274890"/>
   <trkpt lat="46.7583910" lon="7.6274530"/>
   <trkpt lat="46.7584180" lon="7.6274240"/>
   <trkpt lat="46.7584460" lon="7.6274000"/>
   <trkpt lat="46.7584740" lon="7.6273790"/>
   <trkpt lat="46.7585030" lon="7.6273610"/>
   <trkpt lat="46.7585280" lon="7.6273390"/>
   <trkpt lat="46.7585550" lon="7.6273120"/>
   <trkpt lat="46.7585790" lon="7.6272820"/>
   <trkpt lat="46.7586050" lon="7.6272540"/>
   <trkpt lat="46.7586340" lon="7.6272250"/>
   <trkpt lat="46.7586590" lon="7.6271990"/>
   <trkpt lat="46.7586850" lon="7.6271700"/>
   <trkpt lat="46.7587070" lon="7.6271430"/>
   <trkpt lat="46.7587320" lon="7.6271180"/>
   <trkpt lat="46.7587570" lon="7.6270940"/>
   <trkpt lat="46.7587820" lon="7.6270750"/>
   <trkpt lat="46.7588110" lon="7.6270510"/>
   <trkpt lat="46.7588370" lon="7.6270300"/>
   <trkpt lat="46.7588610" lon="7.6270110"/>
   <trkpt lat="46.7588830" lon="7.6269950"/>
   <trkpt lat="46.7589040" lon="7.6269750"/>
   <trkpt lat="46.7589340" lon="7.6269580"/>
   <trkpt lat="46.7589610" lon="7.6269380"/>
   <trkpt lat="46.7589890" lon="7.6269220"/>
   <trkpt lat="46.7590200" lon="7.6269070"/>
   <trkpt lat="46.7590470" lon="7.6268910"/>
   <trkpt lat="46.7590760" lon="7.6268770"/>
   <trkpt lat="46.7591020" lon="7.6268570"/>
   <trkpt lat="46.7591320" lon="7.6268420"/>
   <trkpt lat="46.7591620" lon="7.6268260"/>
   <trkpt lat="46.7591890" lon="7.6268070"/>
   <trkpt lat="46.7592220" lon="7.6267900"/>
   <trkpt lat="46.7592540" lon="7.6267700"/>
   <trkpt lat="46.7592850" lon="7.6267510"/>
   <trkpt lat="46.7593140" lon="7.6267350"/>
   <trkpt lat="46.7593410" lon="7.6267180"/>
   <trkpt lat="46.7593720" lon="7.6267030"/>
   <trkpt lat="46.7594000" lon="7.6266890"/>
   <trkpt lat="46.7594300" lon="7.6266760"/>
   <trkpt lat="46.7594580" lon="7.6266580"/>
   <trkpt lat="46.7594850" lon="7.6266440"/>
   <trkpt lat="46.7595110" lon="7.6266270"/>
   <trkpt lat="46.7595390" lon="7.6266120"/>
   <trkpt lat="46.7595650" lon="7.6265900"/>
   <trkpt lat="46.7595920" lon="7.6265670"/>
   <trkpt lat="46.7596180" lon="7.6265450"/>
   <trkpt lat="46.7596440" lon="7.6265290"/>
   <trkpt lat="46.7596710" lon="7.6265120"/>
   <trkpt lat="46.7596990" lon="7.6265000"/>
   <trkpt lat="46.7597290" lon="7.6264960"/>
   <trkpt lat="46.7597590" lon="7.6265010"/>
   <trkpt lat="46.7597930" lon="7.6265120"/>
   <trkpt lat="46.7598180" lon="7.6265430"/>
   <trkpt lat="46.7598540" lon="7.6266040"/>
   <trkpt lat="46.7598820" lon="7.6266560"/>
   <trkpt lat="46.7599150" lon="7.6267140"/>
   <trkpt lat="46.7599420" lon="7.6267600"/>
   <trkpt lat="46.7599630" lon="7.6268030"/>
   <trkpt lat="46.7599870" lon="7.6268480"/>
   <trkpt lat="46.7600060" lon="7.6269020"/>
   <trkpt lat="46.7600210" lon="7.6269470"/>
   <trkpt lat="46.7600370" lon="7.6269890"/>
   <trkpt lat="46.7600510" lon="7.6270350"/>
   <trkpt lat="46.7600650" lon="7.6270690"/>
   <trkpt lat="46.7600810" lon="7.6271050"/>
   <trkpt lat="46.7601000" lon="7.6271370"/>
   <trkpt lat="46.7601230" lon="7.6271670"/>
   <trkpt lat="46.7601480" lon="7.6272040"/>
   <trkpt lat="46.7601660" lon="7.6272320"/>
   <trkpt lat="46.7601850" lon="7.6272630"/>
   <trkpt lat="46.7602020" lon="7.6272980"/>
   <trkpt lat="46.7602180" lon="7.6273290"/>
   <trkpt lat="46.7602400" lon="7.6273650"/>
   <trkpt lat="46.7602620" lon="7.6274010"/>
   <trkpt lat="46.7602820" lon="7.6274370"/>
   <trkpt lat="46.7603020" lon="7.6274780"/>
   <trkpt lat="46.7603190" lon="7.6275060"/>
   <trkpt lat="46.7603400" lon="7.6275450"/>
   <trkpt lat="46.7603620" lon="7.6275830"/>
   <trkpt lat="46.7603830" lon="7.6276180"/>
   <trkpt lat="46.7604000" lon="7.6276590"/>
   <trkpt lat="46.7604140" lon="7.6276990"/>
   <trkpt lat="46.7604280" lon="7.6277400"/>
   <trkpt lat="46.7604410" lon="7.6277820"/>
   <trkpt lat="46.7604530" lon="7.6278150"/>
   <trkpt lat="46.7604630" lon="7.6278490"/>
   <trkpt lat="46.7604720" lon="7.6278810"/>
   <trkpt lat="46.7604820" lon="7.6279180"/>
   <trkpt lat="46.7604940" lon="7.6279600"/>
   <trkpt lat="46.7605020" lon="7.6279960"/>
   <trkpt lat="46.7605120" lon="7.6280340"/>
   <trkpt lat="46.7605230" lon="7.6280740"/>
   <trkpt lat="46.7605370" lon="7.6281100"/>
   <trkpt lat="46.7605510" lon="7.6281550"/>
   <trkpt lat="46.7605630" lon="7.6281910"/>
   <trkpt lat="46.7605730" lon="7.6282330"/>
   <trkpt lat="46.7605820" lon="7.6282780"/>
   <trkpt lat="46.7605930" lon="7.6283180"/>
   <trkpt lat="46.7606010" lon="7.6283670"/>
   <trkpt lat="46.7606090" lon="7.6284090"/>
   <trkpt lat="46.7606190" lon="7.6284550"/>
   <trkpt lat="46.7606270" lon="7.6285010"/>
   <trkpt lat="46.7606360" lon="7.6285390"/>
   <trkpt lat="46.7606420" lon="7.6285740"/>
   <trkpt lat="46.7606540" lon="7.6285970"/>
   <trkpt lat="46.7606730" lon="7.6286210"/>
   <trkpt lat="46.7607010" lon="7.6286320"/>
   <trkpt lat="46.7607260" lon="7.6286450"/>
   <trkpt lat="46.7607550" lon="7.6286540"/>
   <trkpt lat="46.7607830" lon="7.6286610"/>
   <trkpt lat="46.7608130" lon="7.6286600"/>
   <trkpt lat="46.7608410" lon="7.6286580"/>
   <trkpt lat="46.7608680" lon="7.6286500"/>
   <trkpt lat="46.7608930" lon="7.6286470"/>
   <trkpt lat="46.7609190" lon="7.6286480"/>
   <trkpt lat="46.7609430" lon="7.6286490"/>
   <trkpt lat="46.7609670" lon="7.6286510"/>
   <trkpt lat="46.7609930" lon="7.6286490"/>
   <trkpt lat="46.7610150" lon="7.6286470"/>
   <trkpt lat="46.7610430" lon="7.6286420"/>
   <trkpt lat="46.7610730" lon="7.6286410"/>
   <trkpt lat="46.7611060" lon="7.6286420"/>
   <trkpt lat="46.7611370" lon="7.6286410"/>
   <trkpt lat="46.7611700" lon="7.6286370"/>
   <trkpt lat="46.7612070" lon="7.6286470"/>
   <trkpt lat="46.7612310" lon="7.6286720"/>
   <trkpt lat="46.7612630" lon="7.6287010"/>
   <trkpt lat="46.7612860" lon="7.6287380"/>
   <trkpt lat="46.7613030" lon="7.6287740"/>
   <trkpt lat="46.7613110" lon="7.6288200"/>
   <trkpt lat="46.7613130" lon="7.6288610"/>
   <trkpt lat="46.7613110" lon="7.6289050"/>
   <trkpt lat="46.7613070" lon="7.6289450"/>
   <trkpt lat="46.7613050" lon="7.6289830"/>
   <trkpt lat="46.7613000" lon="7.6290240"/>
   <trkpt lat="46.7612910" lon="7.6290620"/>
   <trkpt lat="46.7612790" lon="7.6290960"/>
   <trkpt lat="46.7612640" lon="7.6291320"/>
   <trkpt lat="46.7612460" lon="7.6291650"/>
   <trkpt lat="46.7612280" lon="7.6291940"/>
   <trkpt lat="46.7612030" lon="7.6292230"/>
   <trkpt lat="46.7611820" lon="7.6292380"/>
   <trkpt lat="46.7611610" lon="7.6292490"/>
   <trkpt lat="46.7611410" lon="7.6292390"/>
   <trkpt lat="46.7611260" lon="7.6292200"/>
   <trkpt lat="46.7611210" lon="7.6291920"/>
   <trkpt lat="46.7611290" lon="7.6291620"/>
   <trkpt lat="46.7611120" lon="7.6291430"/>
   <trkpt lat="46.7610950" lon="7.6291350"/>
   <trkpt lat="46.7610920" lon="7.6291430"/>
   <trkpt lat="46.7610770" lon="7.6291500"/>
   <trkpt lat="46.7610710" lon="7.6291530"/>
   <trkpt lat="46.7610550" lon="7.6291290"/>
   <trkpt lat="46.7610440" lon="7.6291170"/>
   <trkpt lat="46.7610330" lon="7.6291120"/>
   <trkpt lat="46.7610180" lon="7.6291130"/>
   <trkpt lat="46.7610080" lon="7.6291060"/>
   <trkpt lat="46.7609920" lon="7.6291070"/>
   <trkpt lat="46.7609770" lon="7.6291060"/>
   <trkpt lat="46.7609630" lon="7.6291020"/>
   <trkpt lat="46.7609560" lon="7.6291050"/>
   <trkpt lat="46.7609470" lon="7.6291140"/>
   <trkpt lat="46.7609330" lon="7.6291240"/>
   <trkpt lat="46.7609200" lon="7.6291310"/>
   <trkpt lat="46.7609080" lon="7.6291400"/>
   <trkpt lat="46.7608940" lon="7.6291470"/>
   <trkpt lat="46.7608760" lon="7.6291570"/>
   <trkpt lat="46.7608650" lon="7.6291620"/>
   <trkpt lat="46.7608530" lon="7.6291690"/>
   <trkpt lat="46.7608400" lon="7.6291780"/>
   <trkpt lat="46.7608250" lon="7.6291880"/>
   <trkpt lat="46.7608140" lon="7.6292030"/>
   <trkpt lat="46.7608000" lon="7.6292140"/>
   <trkpt lat="46.7607830" lon="7.6292180"/>
   <trkpt lat="46.7607720" lon="7.6292270"/>
   <trkpt lat="46.7607590" lon="7.6292300"/>
   <trkpt lat="46.7607440" lon="7.6292320"/>
   <trkpt lat="46.7607310" lon="7.6292380"/>
   <trkpt lat="46.7607200" lon="7.6292430"/>
   <trkpt lat="46.7607080" lon="7.6292480"/>
   <trkpt lat="46.7606980" lon="7.6292530"/>
   <trkpt lat="46.7606890" lon="7.6292640"/>
   <trkpt lat="46.7606750" lon="7.6292740"/>
   <trkpt lat="46.7606640" lon="7.6292780"/>
   <trkpt lat="46.7606520" lon="7.6292830"/>
   <trkpt lat="46.7606390" lon="7.6292880"/>
   <trkpt lat="46.7606230" lon="7.6292970"/>
   <trkpt lat="46.7606190" lon="7.6293090"/>
   <trkpt lat="46.7606150" lon="7.6293190"/>
   <trkpt lat="46.7606010" lon="7.6293330"/>
   <trkpt lat="46.7605980" lon="7.6293470"/>
   <trkpt lat="46.7605920" lon="7.6293580"/>
   <trkpt lat="46.7605780" lon="7.6293770"/>
   <trkpt lat="46.7605660" lon="7.6293870"/>
   <trkpt lat="46.7605600" lon="7.6293840"/>
   <trkpt lat="46.7605510" lon="7.6293910"/>
   <trkpt lat="46.7605370" lon="7.6293960"/>
   <trkpt lat="46.7605230" lon="7.6294020"/>
   <trkpt lat="46.7605030" lon="7.6294050"/>
   <trkpt lat="46.7604820" lon="7.6294090"/>
   <trkpt lat="46.7604640" lon="7.6294100"/>
   <trkpt lat="46.7604430" lon="7.6294040"/>
   <trkpt lat="46.7604200" lon="7.6293990"/>
   <trkpt lat="46.7603990" lon="7.6294000"/>
   <trkpt lat="46.7603750" lon="7.6294020"/>
   <trkpt lat="46.7603520" lon="7.6294070"/>
   <trkpt lat="46.7603280" lon="7.6294100"/>
   <trkpt lat="46.7603050" lon="7.6294140"/>
   <trkpt lat="46.7602850" lon="7.6294180"/>
   <trkpt lat="46.7602630" lon="7.6294220"/>
   <trkpt lat="46.7602380" lon="7.6294250"/>
   <trkpt lat="46.7602190" lon="7.6294270"/>
   <trkpt lat="46.7601980" lon="7.6294280"/>
   <trkpt lat="46.7601730" lon="7.6294240"/>
   <trkpt lat="46.7601510" lon="7.6294220"/>
   <trkpt lat="46.7601240" lon="7.6294170"/>
   <trkpt lat="46.7600960" lon="7.6294120"/>
   <trkpt lat="46.7600700" lon="7.6294060"/>
   <trkpt lat="46.7600460" lon="7.6293980"/>
   <trkpt lat="46.7600210" lon="7.6293940"/>
   <trkpt lat="46.7599950" lon="7.6293870"/>
   <trkpt lat="46.7599690" lon="7.6293840"/>
   <trkpt lat="46.7599400" lon="7.6293800"/>
   <trkpt lat="46.7599150" lon="7.6293820"/>
   <trkpt lat="46.7598870" lon="7.6293820"/>
   <trkpt lat="46.7598600" lon="7.6293880"/>
   <trkpt lat="46.7598310" lon="7.6294010"/>
   <trkpt lat="46.7598040" lon="7.6294200"/>
   <trkpt lat="46.7597800" lon="7.6294480"/>
   <trkpt lat="46.7597560" lon="7.6294810"/>
   <trkpt lat="46.7597390" lon="7.6295050"/>
   <trkpt lat="46.7597180" lon="7.6295380"/>
   <trkpt lat="46.7596970" lon="7.6295720"/>
   <trkpt lat="46.7596780" lon="7.6296070"/>
   <trkpt lat="46.7596580" lon="7.6296360"/>
   <trkpt lat="46.7596380" lon="7.6296630"/>
   <trkpt lat="46.7596170" lon="7.6296980"/>
   <trkpt lat="46.7595960" lon="7.6297270"/>
   <trkpt lat="46.7595750" lon="7.6297610"/>
   <trkpt lat="46.7595600" lon="7.6297890"/>
   <trkpt lat="46.7595510" lon="7.6298230"/>
   <trkpt lat="46.7595480" lon="7.6298620"/>
   <trkpt lat="46.7595530" lon="7.6298940"/>
   <trkpt lat="46.7595600" lon="7.6299230"/>
   <trkpt lat="46.7595710" lon="7.6299530"/>
   <trkpt lat="46.7595840" lon="7.6299770"/>
   <trkpt lat="46.7595960" lon="7.6300000"/>
   <trkpt lat="46.7596090" lon="7.6300150"/>
   <trkpt lat="46.7596230" lon="7.6300350"/>
   <trkpt lat="46.7596370" lon="7.6300590"/>
   <trkpt lat="46.7596490" lon="7.6300800"/>
   <trkpt lat="46.7596610" lon="7.6300940"/>
   <trkpt lat="46.7596690" lon="7.6301040"/>
   <trkpt lat="46.7596810" lon="7.6301120"/>
   <trkpt lat="46.7596960" lon="7.6301270"/>
   <trkpt lat="46.7597080" lon="7.6301430"/>
   <trkpt lat="46.7597170" lon="7.6301560"/>
   <trkpt lat="46.7597220" lon="7.6301620"/>
   <trkpt lat="46.7597270" lon="7.6301770"/>
   <trkpt lat="46.7597370" lon="7.6301920"/>
   <trkpt lat="46.7597440" lon="7.6301990"/>
   <trkpt lat="46.7597480" lon="7.6302110"/>
   <trkpt lat="46.7597550" lon="7.6302280"/>
   <trkpt lat="46.7597630" lon="7.6302440"/>
   <trkpt lat="46.7597660" lon="7.6302450"/>
   <trkpt lat="46.7597700" lon="7.6302510"/>
   <trkpt lat="46.7597700" lon="7.6302580"/>
   <trkpt lat="46.7597680" lon="7.6302660"/>
   <trkpt lat="46.7597660" lon="7.6302830"/>
   <trkpt lat="46.7597570" lon="7.6303040"/>
   <trkpt lat="46.7597370" lon="7.6303380"/>
   <trkpt lat="46.7597160" lon="7.6303750"/>
   <trkpt lat="46.7596960" lon="7.6304140"/>
   <trkpt lat="46.7596750" lon="7.6304510"/>
   <trkpt lat="46.7596530" lon="7.6304910"/>
   <trkpt lat="46.7596300" lon="7.6305280"/>
   <trkpt lat="46.7596080" lon="7.6305630"/>
   <trkpt lat="46.7595890" lon="7.6305920"/>
   <trkpt lat="46.7595630" lon="7.6306280"/>
   <trkpt lat="46.7595380" lon="7.6306600"/>
   <trkpt lat="46.7595130" lon="7.6306950"/>
   <trkpt lat="46.7594880" lon="7.6307280"/>
   <trkpt lat="46.7594630" lon="7.6307610"/>
   <trkpt lat="46.7594390" lon="7.6307960"/>
   <trkpt lat="46.7594150" lon="7.6308290"/>
   <trkpt lat="46.7593920" lon="7.6308610"/>
   <trkpt lat="46.7593730" lon="7.6308930"/>
   <trkpt lat="46.7593490" lon="7.6309240"/>
   <trkpt lat="46.7593290" lon="7.6309510"/>
   <trkpt lat="46.7593080" lon="7.6309820"/>
   <trkpt lat="46.7592850" lon="7.6310090"/>
   <trkpt lat="46.7592600" lon="7.6310380"/>
   <trkpt lat="46.7592340" lon="7.6310640"/>
   <trkpt lat="46.7592060" lon="7.6310880"/>
   <trkpt lat="46.7591730" lon="7.6311030"/>
   <trkpt lat="46.7591440" lon="7.6311120"/>
   <trkpt lat="46.7591130" lon="7.6311200"/>
   <trkpt lat="46.7590810" lon="7.6311230"/>
   <trkpt lat="46.7590520" lon="7.6311250"/>
   <trkpt lat="46.7590200" lon="7.6311270"/>
   <trkpt lat="46.7589890" lon="7.6311300"/>
   <trkpt lat="46.7589590" lon="7.6311350"/>
   <trkpt lat="46.7589290" lon="7.6311390"/>
   <trkpt lat="46.7589000" lon="7.6311430"/>
   <trkpt lat="46.7588670" lon="7.6311460"/>
   <trkpt lat="46.7588350" lon="7.6311550"/>
   <trkpt lat="46.7588060" lon="7.6311690"/>
   <trkpt lat="46.7587800" lon="7.6311890"/>
   <trkpt lat="46.7587540" lon="7.6312160"/>
   <trkpt lat="46.7587300" lon="7.6312420"/>
   <trkpt lat="46.7587110" lon="7.6312640"/>
   <trkpt lat="46.7586870" lon="7.6312930"/>
   <trkpt lat="46.7586630" lon="7.6313240"/>
   <trkpt lat="46.7586440" lon="7.6313510"/>
   <trkpt lat="46.7586240" lon="7.6313840"/>
   <trkpt lat="46.7586030" lon="7.6314110"/>
   <trkpt lat="46.7585850" lon="7.6314410"/>
   <trkpt lat="46.7585640" lon="7.6314740"/>
   <trkpt lat="46.7585480" lon="7.6315060"/>
   <trkpt lat="46.7585270" lon="7.6315450"/>
   <trkpt lat="46.7585080" lon="7.6315860"/>
   <trkpt lat="46.7584960" lon="7.6316290"/>
   <trkpt lat="46.7584870" lon="7.6316760"/>
   <trkpt lat="46.7584830" lon="7.6317180"/>
   <trkpt lat="46.7584810" lon="7.6317560"/>
   <trkpt lat="46.7584860" lon="7.6317920"/>
   <trkpt lat="46.7584950" lon="7.6318290"/>
   <trkpt lat="46.7585060" lon="7.6318770"/>
   <trkpt lat="46.7585180" lon="7.6319040"/>
   <trkpt lat="46.7585460" lon="7.6319250"/>
   <trkpt lat="46.7585740" lon="7.6319440"/>
   <trkpt lat="46.7586040" lon="7.6319560"/>
   <trkpt lat="46.7586360" lon="7.6319740"/>
   <trkpt lat="46.7586640" lon="7.6319920"/>
   <trkpt lat="46.7586940" lon="7.6320030"/>
   <trkpt lat="46.7587270" lon="7.6320170"/>
   <trkpt lat="46.7587540" lon="7.6320280"/>
   <trkpt lat="46.7587840" lon="7.6320370"/>
   <trkpt lat="46.7588110" lon="7.6320450"/>
   <trkpt lat="46.7588360" lon="7.6320540"/>
   <trkpt lat="46.7588670" lon="7.6320660"/>
   <trkpt lat="46.7588920" lon="7.6320840"/>
   <trkpt lat="46.7589190" lon="7.6321090"/>
   <trkpt lat="46.7589470" lon="7.6321420"/>
   <trkpt lat="46.7589710" lon="7.6321790"/>
   <trkpt lat="46.7589910" lon="7.6322290"/>
   <trkpt lat="46.7590060" lon="7.6322710"/>
   <trkpt lat="46.7590180" lon="7.6323170"/>
   <trkpt lat="46.7590190" lon="7.6323780"/>
   <trkpt lat="46.7590180" lon="7.6324300"/>
   <trkpt lat="46.7590040" lon="7.6324770"/>
   <trkpt lat="46.7589910" lon="7.6325160"/>
   <trkpt lat="46.7589670" lon="7.6325520"/>
   <trkpt lat="46.7589400" lon="7.6325820"/>
   <trkpt lat="46.7589120" lon="7.6326090"/>
   <trkpt lat="46.7588750" lon="7.6326390"/>
   <trkpt lat="46.7588410" lon="7.6326630"/>
   <trkpt lat="46.7588040" lon="7.6326780"/>
   <trkpt lat="46.7587690" lon="7.6326830"/>
   <trkpt lat="46.7587350" lon="7.6326870"/>
   <trkpt lat="46.7586970" lon="7.6326850"/>
   <trkpt lat="46.7586630" lon="7.6326850"/>
   <trkpt lat="46.7586250" lon="7.6326700"/>
   <trkpt lat="46.7585900" lon="7.6326620"/>
   <trkpt lat="46.7585550" lon="7.6326500"/>
   <trkpt lat="46.7585240" lon="7.6326380"/>
   <trkpt lat="46.7584890" lon="7.6326250"/>
   <trkpt lat="46.7584530" lon="7.6326030"/>
   <trkpt lat="46.7584220" lon="7.6325890"/>
   <trkpt lat="46.7583880" lon="7.6325700"/>
   <trkpt lat="46.7583570" lon="7.6325570"/>
   <trkpt lat="46.7583240" lon="7.6325410"/>
   <trkpt lat="46.7582930" lon="7.6325240"/>
   <trkpt lat="46.7582650" lon="7.6325050"/>
   <trkpt lat="46.7582380" lon="7.6324700"/>
   <trkpt lat="46.7582180" lon="7.6324370"/>
   <trkpt lat="46.7581940" lon="7.6323960"/>
   <trkpt lat="46.7581820" lon="7.6323500"/>
   <trkpt lat="46.7581720" lon="7.6323030"/>
   <trkpt lat="46.7581670" lon="7.6322500"/>
   <trkpt lat="46.7581620" lon="7.6321930"/>
   <trkpt lat="46.7581570" lon="7.6321310"/>
   <trkpt lat="46.7581560" lon="7.6320780"/>
   <trkpt lat="46.7581610" lon="7.6320170"/>
   <trkpt lat="46.7581660" lon="7.6319620"/>
   <trkpt lat="46.7581680" lon="7.6319050"/>
   <trkpt lat="46.7581700" lon="7.6318520"/>
   <trkpt lat="46.7581710" lon="7.6317940"/>
   <trkpt lat="46.7581720" lon="7.6317380"/>
   <trkpt lat="46.7581700" lon="7.6316850"/>
   <trkpt lat="46.7581720" lon="7.6316310"/>
   <trkpt lat="46.7581720" lon="7.6315810"/>
   <trkpt lat="46.7581770" lon="7.6315300"/>
   <trkpt lat="46.7581790" lon="7.6314820"/>
   <trkpt lat="46.7581810" lon="7.6314320"/>
   <trkpt lat="46.7581830" lon="7.6313840"/>
   <trkpt lat="46.7581830" lon="7.6313360"/>
   <trkpt lat="46.7581800" lon="7.6312830"/>
   <trkpt lat="46.7581750" lon="7.6312300"/>
   <trkpt lat="46.7581730" lon="7.6311800"/>
   <trkpt lat="46.7581690" lon="7.6311360"/>
   <trkpt lat="46.7581660" lon="7.6310870"/>
   <trkpt lat="46.7581670" lon="7.6310400"/>
   <trkpt lat="46.7581710" lon="7.6309900"/>
   <trkpt lat="46.7581880" lon="7.6309460"/>
   <trkpt lat="46.7582010" lon="7.6308910"/>
   <trkpt lat="46.7582140" lon="7.6308310"/>
   <trkpt lat="46.7582350" lon="7.6307730"/>
   <trkpt lat="46.7582560" lon="7.6307270"/>
   <trkpt lat="46.7582770" lon="7.6306800"/>
   <trkpt lat="46.7582960" lon="7.6306290"/>
   <trkpt lat="46.7583130" lon="7.6305800"/>
   <trkpt lat="46.7583370" lon="7.6305360"/>
   <trkpt lat="46.7583580" lon="7.6304950"/>
   <trkpt lat="46.7583890" lon="7.6304520"/>
   <trkpt lat="46.7584240" lon="7.6304110"/>
   <trkpt lat="46.7584510" lon="7.6303700"/>
   <trkpt lat="46.7584780" lon="7.6303310"/>
   <trkpt lat="46.7585020" lon="7.6302910"/>
   <trkpt lat="46.7585290" lon="7.6302540"/>
   <trkpt lat="46.7585520" lon="7.6302160"/>
   <trkpt lat="46.7585820" lon="7.6301790"/>
   <trkpt lat="46.7586050" lon="7.6301460"/>
   <trkpt lat="46.7586330" lon="7.6301080"/>
   <trkpt lat="46.7586620" lon="7.6300740"/>
   <trkpt lat="46.7586940" lon="7.6300410"/>
   <trkpt lat="46.7587260" lon="7.6300090"/>
   <trkpt lat="46.7587470" lon="7.6299740"/>
   <trkpt lat="46.7587710" lon="7.6299350"/>
   <trkpt lat="46.7587950" lon="7.6298950"/>
   <trkpt lat="46.7588250" lon="7.6298540"/>
   <trkpt lat="46.7588460" lon="7.6298150"/>
   <trkpt lat="46.7588750" lon="7.6297770"/>
   <trkpt lat="46.7589020" lon="7.6297440"/>
   <trkpt lat="46.7589280" lon="7.6297080"/>
   <trkpt lat="46.7589520" lon="7.6296700"/>
   <trkpt lat="46.7589780" lon="7.6296330"/>
   <trkpt lat="46.7590020" lon="7.6295900"/>
   <trkpt lat="46.7590240" lon="7.6295540"/>
   <trkpt lat="46.7590460" lon="7.6295140"/>
   <trkpt lat="46.7590660" lon="7.6294720"/>
   <trkpt lat="46.7590860" lon="7.6294290"/>
   <trkpt lat="46.7591060" lon="7.6293820"/>
   <trkpt lat="46.7591230" lon="7.6293440"/>
   <trkpt lat="46.7591380" lon="7.6292980"/>
   <trkpt lat="46.7591520" lon="7.6292610"/>
   <trkpt lat="46.7591720" lon="7.6292220"/>
   <trkpt lat="46.7591920" lon="7.6291860"/>
   <trkpt lat="46.7592110" lon="7.6291440"/>
   <trkpt lat="46.7592310" lon="7.6291030"/>
   <trkpt lat="46.7592550" lon="7.6290660"/>
   <trkpt lat="46.7592800" lon="7.6290310"/>
   <trkpt lat="46.7592990" lon="7.6290020"/>
   <trkpt lat="46.7593230" lon="7.6289730"/>
   <trkpt lat="46.7593490" lon="7.6289450"/>
   <trkpt lat="46.7593730" lon="7.6289170"/>
   <trkpt lat="46.7593990" lon="7.6288890"/>
   <trkpt lat="46.7594220" lon="7.6288580"/>
   <trkpt lat="46.7594510" lon="7.6288280"/>
   <trkpt lat="46.7594780" lon="7.6288040"/>
   <trkpt lat="46.7595090" lon="7.6287780"/>
   <trkpt lat="46.7595410" lon="7.6287550"/>
   <trkpt lat="46.7595790" lon="7.6287360"/>
   <trkpt lat="46.7596150" lon="7.6287200"/>
   <trkpt lat="46.7596470" lon="7.6287030"/>
   <trkpt lat="46.7596770" lon="7.6286940"/>
   <trkpt lat="46.7597060" lon="7.6286890"/>
  </trkseg>
 </trk>
</gpx>
