<?xml version="1.0" encoding="UTF-8"?>
<gpx creator="StravaGPX" version="1.1" xmlns="http://www.topografix.com/GPX/1/1" xmlns:xsi="http://www.w3.org/2001/XMLSchema-instance" xsi:schemaLocation="http://www.topografix.com/GPX/1/1 http://www.topografix.com/GPX/1/1/gpx.xsd http://www.garmin.com/xmlschemas/GpxExtensions/v3 http://www.garmin.com/xmlschemas/GpxExtensionsv3.xsd http://www.garmin.com/xmlschemas/TrackPointExtension/v1 http://www.garmin.com/xmlschemas/TrackPointExtensionv1.xsd" xmlns:gpxtpx="http://www.garmin.com/xmlschemas/TrackPointExtension/v1" xmlns:gpxx="http://www.garmin.com/xmlschemas/GpxExtensions/v3">
 <trk>
  <name>Lausanne Marathon 10k</name>
  <type>running</type>
  <trkseg>
   <trkpt lat="46.5131720" lon="6.6218340"/>
   <trkpt lat="46.5131570" lon="6.6218520"/>
   <trkpt lat="46.5131370" lon="6.6218980"/>
   <trkpt lat="46.5131220" lon="6.6219360"/>
   <trkpt lat="46.5131010" lon="6.6219840"/>
   <trkpt lat="46.5130840" lon="6.6220290"/>
   <trkpt lat="46.5130640" lon="6.6220760"/>
   <trkpt lat="46.5130450" lon="6.6221190"/>
   <trkpt lat="46.5130250" lon="6.6221660"/>
   <trkpt lat="46.5130030" lon="6.6222050"/>
   <trkpt lat="46.5129810" lon="6.6222480"/>
   <trkpt lat="46.5129590" lon="6.6222890"/>
   <trkpt lat="46.5129380" lon="6.6223280"/>
   <trkpt lat="46.5129140" lon="6.6223700"/>
   <trkpt lat="46.5128940" lon="6.6224110"/>
   <trkpt lat="46.5128730" lon="6.6224500"/>
   <trkpt lat="46.5128500" lon="6.6224860"/>
   <trkpt lat="46.5128270" lon="6.6225300"/>
   <trkpt lat="46.5128050" lon="6.6225710"/>
   <trkpt lat="46.5127820" lon="6.6226190"/>
   <trkpt lat="46.5127630" lon="6.6226670"/>
   <trkpt lat="46.5127480" lon="6.6227190"/>
   <trkpt lat="46.5127300" lon="6.6227710"/>
   <trkpt lat="46.5127180" lon="6.6228180"/>
   <trkpt lat="46.5127070" lon="6.6228680"/>
   <trkpt lat="46.5126930" lon="6.6229120"/>
   <trkpt lat="46.5126800" lon="6.6229630"/>
   <trkpt lat="46.5126680" lon="6.6230050"/>
   <trkpt lat="46.5126540" lon="6.6230510"/>
   <trkpt lat="46.5126410" lon="6.6230950"/>
   <trkpt lat="46.5126290" lon="6.6231420"/>
   <trkpt lat="46.5126140" lon="6.6231920"/>
   <trkpt lat="46.5126010" lon="6.6232450"/>
   <trkpt lat="46.5125870" lon="6.6233000"/>
   <trkpt lat="46.5125780" lon="6.6233560"/>
   <trkpt lat="46.5125650" lon="6.6234150"/>
   <trkpt lat="46.5125530" lon="6.6234650"/>
   <trkpt lat="46.5125420" lon="6.6235120"/>
   <trkpt lat="46.5125350" lon="6.6235460"/>
   <trkpt lat="46.5125290" lon="6.6235990"/>
   <trkpt lat="46.5125250" lon="6.6236520"/>
   <trkpt lat="46.5125200" lon="6.6237110"/>
   <trkpt lat="46.5125140" lon="6.6237660"/>
   <trkpt lat="46.5125090" lon="6.6238170"/>
   <trkpt lat="46.5125010" lon="6.6238680"/>
   <trkpt lat="46.5124920" lon="6.6239170"/>
   <trkpt lat="46.5124820" lon="6.6239670"/>
   <trkpt lat="46.5124730" lon="6.6240120"/>
   <trkpt lat="46.5124630" lon="6.6240670"/>
   <trkpt lat="46.5124540" lon="6.6241210"/>
   <trkpt lat="46.5124450" lon="6.6241740"/>
   <trkpt lat="46.5124400" lon="6.6242280"/>
   <trkpt lat="46.5124360" lon="6.6242770"/>
   <trkpt lat="46.5124330" lon="6.6243280"/>
   <trkpt lat="46.5124280" lon="6.6243790"/>
   <trkpt lat="46.5124180" lon="6.6244330"/>
   <trkpt lat="46.5124070" lon="6.6244850"/>
   <trkpt lat="46.5123940" lon="6.6245430"/>
   <trkpt lat="46.5123840" lon="6.6245920"/>
   <trkpt lat="46.5123770" lon="6.6246470"/>
   <trkpt lat="46.5123710" lon="6.6247020"/>
   <trkpt lat="46.5123690" lon="6.6247570"/>
   <trkpt lat="46.5123680" lon="6.6248090"/>
   <trkpt lat="46.5123630" lon="6.6248590"/>
   <trkpt lat="46.5123590" lon="6.6249070"/>
   <trkpt lat="46.5123520" lon="6.6249530"/>
   <trkpt lat="46.5123440" lon="6.6250090"/>
   <trkpt lat="46.5123380" lon="6.6250590"/>
   <trkpt lat="46.5123310" lon="6.6251150"/>
   <trkpt lat="46.5123230" lon="6.6251610"/>
   <trkpt lat="46.5123140" lon="6.6252150"/>
   <trkpt lat="46.5123030" lon="6.6252660"/>
   <trkpt lat="46.5122980" lon="6.6253170"/>
   <trkpt lat="46.5122940" lon="6.6253670"/>
   <trkpt lat="46.5122880" lon="6.6254190"/>
   <trkpt lat="46.5122830" lon="6.6254750"/>
   <trkpt lat="46.5122770" lon="6.6255240"/>
   <trkpt lat="46.5122730" lon="6.6255760"/>
   <trkpt lat="46.5122660" lon="6.6256260"/>
   <trkpt lat="46.5122500" lon="6.6256760"/>
   <trkpt lat="46.5122370" lon="6.6257230"/>
   <trkpt lat="46.5122240" lon="6.6257700"/>
   <trkpt lat="46.5122140" lon="6.6258140"/>
   <trkpt lat="46.5122080" lon="6.6258670"/>
   <trkpt lat="46.5122030" lon="6.6259190"/>
   <trkpt lat="46.5121970" lon="6.6259670"/>
   <trkpt lat="46.5121910" lon="6.6260220"/>
   <trkpt lat="46.5121850" lon="6.6260700"/>
   <trkpt lat="46.5121830" lon="6.6261230"/>
   <trkpt lat="46.5121810" lon="6.6261790"/>
   <trkpt lat="46.5121770" lon="6.6262340"/>
   <trkpt lat="46.5121740" lon="6.6262840"/>
   <trkpt lat="46.5121710" lon="6.6263340"/>
   <trkpt lat="46.5121690" lon="6.6263850"/>
   <trkpt lat="46.5121670" lon="6.6264310"/>
   <trkpt lat="46.5121620" lon="6.6264830"/>
   <trkpt lat="46.5121510" lon="6.6265320"/>
   <trkpt lat="46.5121400" lon="6.6265870"/>
   <trkpt lat="46.5121200" lon="6.6266410"/>
   <trkpt lat="46.5121040" lon="6.6266890"/>
   <trkpt lat="46.5120940" lon="6.6267260"/>
   <trkpt lat="46.5120900" lon="6.6267720"/>
   <trkpt lat="46.5120870" lon="6.6268220"/>
   <trkpt lat="46.5120830" lon="6.6268730"/>
   <trkpt lat="46.5120820" lon="6.6269280"/>
   <trkpt lat="46.5120740" lon="6.6269780"/>
   <trkpt lat="46.5120690" lon="6.6270320"/>
   <trkpt lat="46.5120590" lon="6.6270840"/>
   <trkpt lat="46.5120530" lon="6.6271420"/>
   <trkpt lat="46.5120480" lon="6.6271930"/>
   <trkpt lat="46.5120470" lon="6.6272440"/>
   <trkpt lat="46.5120410" lon="6.6272910"/>
   <trkpt lat="46.5120340" lon="6.6273370"/>
   <trkpt lat="46.5120230" lon="6.6273880"/>
   <trkpt lat="46.5120080" lon="6.6274320"/>
   <trkpt lat="46.5119970" lon="6.6274820"/>
   <trkpt lat="46.5119880" lon="6.6275310"/>
   <trkpt lat="46.5119820" lon="6.6275840"/>
   <trkpt lat="46.5119770" lon="6.6276330"/>
   <trkpt lat="46.5119690" lon="6.6276720"/>
   <trkpt lat="46.5119630" lon="6.6277170"/>
   <trkpt lat="46.5119540" lon="6.6277590"/>
   <trkpt lat="46.5119510" lon="6.6278120"/>
   <trkpt lat="46.5119480" lon="6.6278590"/>
   <trkpt lat="46.5119410" lon="6.6279030"/>
   <trkpt lat="46.5119330" lon="6.6279530"/>
   <trkpt lat="46.5119280" lon="6.6279940"/>
   <trkpt lat="46.5119200" lon="6.6280450"/>
   <trkpt lat="46.5119100" lon="6.6280920"/>
   <trkpt lat="46.5118980" lon="6.6281420"/>
   <trkpt lat="46.5118840" lon="6.6281930"/>
   <trkpt lat="46.5118730" lon="6.6282440"/>
   <trkpt lat="46.5118610" lon="6.6282940"/>
   <trkpt lat="46.5118500" lon="6.6283380"/>
   <trkpt lat="46.5118420" lon="6.6283880"/>
   <trkpt lat="46.5118330" lon="6.6284360"/>
   <trkpt lat="46.5118250" lon="6.6284820"/>
   <trkpt lat="46.5118180" lon="6.6285310"/>
   <trkpt lat="46.5118090" lon="6.6285760"/>
   <trkpt lat="46.5117980" lon="6.6286210"/>
   <trkpt lat="46.5117860" lon="6.6286660"/>
   <trkpt lat="46.5117730" lon="6.6287090"/>
   <trkpt lat="46.5117620" lon="6.6287560"/>
   <trkpt lat="46.5117500" lon="6.6288030"/>
   <trkpt lat="46.5117370" lon="6.6288480"/>
   <trkpt lat="46.5117230" lon="6.6288900"/>
   <trkpt lat="46.5117100" lon="6.6289360"/>
   <trkpt lat="46.5116980" lon="6.6289810"/>
   <trkpt lat="46.5116870" lon="6.6290260"/>
   <trkpt lat="46.5116790" lon="6.6290710"/>
   <trkpt lat="46.5116690" lon="6.6291080"/>
   <trkpt lat="46.5116590" lon="6.6291540"/>
   <trkpt lat="46.5116480" lon="6.6291980"/>
   <trkpt lat="46.5116380" lon="6.6292450"/>
   <trkpt lat="46.5116260" lon="6.6292900"/>
   <trkpt lat="46.5116140" lon="6.6293330"/>
   <trkpt lat="46.5115990" lon="6.6293740"/>
   <trkpt lat="46.5115850" lon="6.6294170"/>
   <trkpt lat="46.5115720" lon="6.6294610"/>
   <trkpt lat="46.5115600" lon="6.6295060"/>
   <trkpt lat="46.5115480" lon="6.6295560"/>
   <trkpt lat="46.5115360" lon="6.6296010"/>
   <trkpt lat="46.5115230" lon="6.6296490"/>
   <trkpt lat="46.5115100" lon="6.6296920"/>
   <trkpt lat="46.5114990" lon="6.6297320"/>
   <trkpt lat="46.5114850" lon="6.6297780"/>
   <trkpt lat="46.5114740" lon="6.6298200"/>
   <trkpt lat="46.5114620" lon="6.6298640"/>
   <trkpt lat="46.5114480" lon="6.6299060"/>
   <trkpt lat="46.5114360" lon="6.6299500"/>
   <trkpt lat="46.5114240" lon="6.6299920"/>
   <trkpt lat="46.5114140" lon="6.6300310"/>
   <trkpt lat="46.5114030" lon="6.6300750"/>
   <trkpt lat="46.5113940" lon="6.6301140"/>
   <trkpt lat="46.5113850" lon="6.6301560"/>
   <trkpt lat="46.5113750" lon="6.6302000"/>
   <trkpt lat="46.5113650" lon="6.6302450"/>
   <trkpt lat="46.5113560" lon="6.6302880"/>
   <trkpt lat="46.5113480" lon="6.6303290"/>
   <trkpt lat="46.5113370" lon="6.6303730"/>
   <trkpt lat="46.5113260" lon="6.6304150"/>
   <trkpt lat="46.5113160" lon="6.6304540"/>
   <trkpt lat="46.5113050" lon="6.6304940"/>
   <trkpt lat="46.5112930" lon="6.6305360"/>
   <trkpt lat="46.5112800" lon="6.6305810"/>
   <trkpt lat="46.5112710" lon="6.6306180"/>
   <trkpt lat="46.5112580" lon="6.6306640"/>
   <trkpt lat="46.5112470" lon="6.6307070"/>
   <trkpt lat="46.5112380" lon="6.6307540"/>
   <trkpt lat="46.5112260" lon="6.6307990"/>
   <trkpt lat="46.5112170" lon="6.6308480"/>
   <trkpt lat="46.5112080" lon="6.6308970"/>
   <trkpt lat="46.5111980" lon="6.6309390"/>
   <trkpt lat="46.5111880" lon="6.6309830"/>
   <trkpt lat="46.5111770" lon="6.6310240"/>
   <trkpt lat="46.5111630" lon="6.6310690"/>
   <trkpt lat="46.5111510" lon="6.6311120"/>
   <trkpt lat="46.5111400" lon="6.6311630"/>
   <trkpt lat="46.5111270" lon="6.6312100"/>
   <trkpt lat="46.5111140" lon="6.6312510"/>
   <trkpt lat="46.5111030" lon="6.6313040"/>
   <trkpt lat="46.5110900" lon="6.6313440"/>
   <trkpt lat="46.5110790" lon="6.6313920"/>
   <trkpt lat="46.5110690" lon="6.6314380"/>
   <trkpt lat="46.5110580" lon="6.6314860"/>
   <trkpt lat="46.5110450" lon="6.6315380"/>
   <trkpt lat="46.5110330" lon="6.6315850"/>
   <trkpt lat="46.5110230" lon="6.6316330"/>
   <trkpt lat="46.5110140" lon="6.6316750"/>
   <trkpt lat="46.5110030" lon="6.6317190"/>
   <trkpt lat="46.5109910" lon="6.6317670"/>
   <trkpt lat="46.5109810" lon="6.6318160"/>
   <trkpt lat="46.5109690" lon="6.6318700"/>
   <trkpt lat="46.5109590" lon="6.6319180"/>
   <trkpt lat="46.5109480" lon="6.6319700"/>
   <trkpt lat="46.5109370" lon="6.6320160"/>
   <trkpt lat="46.5109270" lon="6.6320630"/>
   <trkpt lat="46.5109180" lon="6.6321070"/>
   <trkpt lat="46.5109080" lon="6.6321520"/>
   <trkpt lat="46.5108960" lon="6.6321990"/>
   <trkpt lat="46.5108840" lon="6.6322440"/>
   <trkpt lat="46.5108710" lon="6.6322910"/>
   <trkpt lat="46.5108550" lon="6.6323350"/>
   <trkpt lat="46.5108400" lon="6.6323830"/>
   <trkpt lat="46.5108220" lon="6.6324290"/>
   <trkpt lat="46.5108070" lon="6.6324740"/>
   <trkpt lat="46.5107900" lon="6.6325270"/>
   <trkpt lat="46.5107750" lon="6.6325740"/>
   <trkpt lat="46.5107590" lon="6.6326260"/>
   <trkpt lat="46.5107420" lon="6.6326690"/>
   <trkpt lat="46.5107280" lon="6.6327110"/>
   <trkpt lat="46.5107110" lon="6.6327510"/>
   <trkpt lat="46.5106970" lon="6.6327950"/>
   <trkpt lat="46.5106800" lon="6.6328400"/>
   <trkpt lat="46.5106630" lon="6.6328860"/>
   <trkpt lat="46.5106440" lon="6.6329330"/>
   <trkpt lat="46.5106250" lon="6.6329790"/>
   <trkpt lat="46.5106060" lon="6.6330290"/>
   <trkpt lat="46.5105880" lon="6.6330730"/>
   <trkpt lat="46.5105690" lon="6.6331190"/>
   <trkpt lat="46.5105460" lon="6.6331660"/>
   <trkpt lat="46.5105250" lon="6.6332090"/>
   <trkpt lat="46.5105020" lon="6.6332590"/>
   <trkpt lat="46.5104810" lon="6.6333010"/>
   <trkpt lat="46.5104590" lon="6.6333440"/>
   <trkpt lat="46.5104360" lon="6.6333850"/>
   <trkpt lat="46.5104110" lon="6.6334300"/>
   <trkpt lat="46.5103860" lon="6.6334710"/>
   <trkpt lat="46.5103640" lon="6.6335090"/>
   <trkpt lat="46.5103390" lon="6.6335510"/>
   <trkpt lat="46.5103150" lon="6.6335910"/>
   <trkpt lat="46.5102870" lon="6.6336410"/>
   <trkpt lat="46.5102650" lon="6.6336800"/>
   <trkpt lat="46.5102390" lon="6.6337270"/>
   <trkpt lat="46.5102180" lon="6.6337700"/>
   <trkpt lat="46.5102000" lon="6.6338130"/>
   <trkpt lat="46.5101790" lon="6.6338570"/>
   <trkpt lat="46.5101600" lon="6.6339010"/>
   <trkpt lat="46.5101400" lon="6.6339490"/>
   <trkpt lat="46.5101230" lon="6.6339960"/>
   <trkpt lat="46.5101030" lon="6.6340380"/>
   <trkpt lat="46.5100830" lon="6.6340790"/>
   <trkpt lat="46.5100580" lon="6.6341260"/>
   <trkpt lat="46.5100350" lon="6.6341690"/>
   <trkpt lat="46.5100090" lon="6.6342170"/>
   <trkpt lat="46.5099860" lon="6.6342640"/>
   <trkpt lat="46.5099640" lon="6.6343110"/>
   <trkpt lat="46.5099420" lon="6.6343510"/>
   <trkpt lat="46.5099180" lon="6.6343910"/>
   <trkpt lat="46.5098900" lon="6.6344300"/>
   <trkpt lat="46.5098650" lon="6.6344640"/>
   <trkpt lat="46.5098410" lon="6.6345000"/>
   <trkpt lat="46.5098170" lon="6.6345370"/>
   <trkpt lat="46.5097920" lon="6.6345790"/>
   <trkpt lat="46.5097710" lon="6.6346200"/>
   <trkpt lat="46.5097520" lon="6.6346670"/>
   <trkpt lat="46.5097310" lon="6.6347060"/>
   <trkpt lat="46.5097100" lon="6.6347450"/>
   <trkpt lat="46.5096890" lon="6.6347880"/>
   <trkpt lat="46.5096710" lon="6.6348280"/>
   <trkpt lat="46.5096530" lon="6.6348730"/>
   <trkpt lat="46.5096360" lon="6.6349130"/>
   <trkpt lat="46.5096190" lon="6.6349590"/>
   <trkpt lat="46.5096020" lon="6.6350050"/>
   <trkpt lat="46.5095860" lon="6.6350510"/>
   <trkpt lat="46.5095720" lon="6.6350960"/>
   <trkpt lat="46.5095580" lon="6.6351380"/>
   <trkpt lat="46.5095430" lon="6.6351890"/>
   <trkpt lat="46.5095280" lon="6.6352380"/>
   <trkpt lat="46.5095100" lon="6.6352920"/>
   <trkpt lat="46.5094940" lon="6.6353370"/>
   <trkpt lat="46.5094770" lon="6.6353840"/>
   <trkpt lat="46.5094610" lon="6.6354260"/>
   <trkpt lat="46.5094450" lon="6.6354720"/>
   <trkpt lat="46.5094300" lon="6.6355150"/>
   <trkpt lat="46.5094150" lon="6.6355620"/>
   <trkpt lat="46.5093990" lon="6.6356110"/>
   <trkpt lat="46.5093830" lon="6.6356570"/>
   <trkpt lat="46.5093670" lon="6.6357030"/>
   <trkpt lat="46.5093540" lon="6.6357460"/>
   <trkpt lat="46.5093370" lon="6.6357970"/>
   <trkpt lat="46.5093200" lon="6.6358450"/>
   <trkpt lat="46.5093030" lon="6.6358920"/>
   <trkpt lat="46.5092840" lon="6.6359420"/>
   <trkpt lat="46.5092660" lon="6.6359880"/>
   <trkpt lat="46.5092470" lon="6.6360370"/>
   <trkpt lat="46.5092290" lon="6.6360840"/>
   <trkpt lat="46.5092120" lon="6.6361300"/>
   <trkpt lat="46.5091950" lon="6.6361800"/>
   <trkpt lat="46.5091780" lon="6.6362270"/>
   <trkpt lat="46.5091590" lon="6.6362760"/>
   <trkpt lat="46.5091420" lon="6.6363250"/>
   <trkpt lat="46.5091260" lon="6.6363780"/>
   <trkpt lat="46.5091110" lon="6.6364280"/>
   <trkpt lat="46.5090960" lon="6.6364780"/>
   <trkpt lat="46.5090830" lon="6.6365280"/>
   <trkpt lat="46.5090680" lon="6.6365790"/>
   <trkpt lat="46.5090550" lon="6.6366310"/>
   <trkpt lat="46.5090420" lon="6.6366810"/>
   <trkpt lat="46.5090290" lon="6.6367330"/>
   <trkpt lat="46.5090130" lon="6.6367820"/>
   <trkpt lat="46.5089960" lon="6.6368320"/>
   <trkpt lat="46.5089780" lon="6.6368810"/>
   <trkpt lat="46.5089600" lon="6.6369280"/>
   <trkpt lat="46.5089430" lon="6.6369790"/>
   <trkpt lat="46.5089260" lon="6.6370260"/>
   <trkpt lat="46.5089070" lon="6.6370720"/>
   <trkpt lat="46.5088890" lon="6.6371170"/>
   <trkpt lat="46.5088680" lon="6.6371670"/>
   <trkpt lat="46.5088460" lon="6.6372100"/>
   <trkpt lat="46.5088230" lon="6.6372550"/>
   <trkpt lat="46.5087970" lon="6.6372990"/>
   <trkpt lat="46.5087710" lon="6.6373420"/>
   <trkpt lat="46.5087440" lon="6.6373810"/>
   <trkpt lat="46.5087210" lon="6.6374170"/>
   <trkpt lat="46.5086950" lon="6.6374590"/>
   <trkpt lat="46.5086660" lon="6.6375030"/>
   <trkpt lat="46.5086380" lon="6.6375500"/>
   <trkpt lat="46.5086110" lon="6.6375940"/>
   <trkpt lat="46.5085870" lon="6.6376360"/>
   <trkpt lat="46.5085620" lon="6.6376810"/>
   <trkpt lat="46.5085400" lon="6.6377220"/>
   <trkpt lat="46.5085160" lon="6.6377690"/>
   <trkpt lat="46.5084930" lon="6.6378100"/>
   <trkpt lat="46.5084720" lon="6.6378510"/>
   <trkpt lat="46.5084480" lon="6.6378950"/>
   <trkpt lat="46.5084220" lon="6.6379380"/>
   <trkpt lat="46.5083950" lon="6.6379820"/>
   <trkpt lat="46.5083700" lon="6.6380210"/>
   <trkpt lat="46.5083440" lon="6.6380610"/>
   <trkpt lat="46.5083170" lon="6.6380990"/>
   <trkpt lat="46.5082920" lon="6.6381380"/>
   <trkpt lat="46.5082670" lon="6.6381780"/>
   <trkpt lat="46.5082410" lon="6.6382220"/>
   <trkpt lat="46.5082140" lon="6.6382710"/>
   <trkpt lat="46.5081880" lon="6.6383130"/>
   <trkpt lat="46.5081690" lon="6.6383540"/>
   <trkpt lat="46.5081510" lon="6.6383940"/>
   <trkpt lat="46.5081320" lon="6.6384400"/>
   <trkpt lat="46.5081120" lon="6.6384860"/>
   <trkpt lat="46.5080910" lon="6.6385350"/>
   <trkpt lat="46.5080730" lon="6.6385840"/>
   <trkpt lat="46.5080550" lon="6.6386260"/>
   <trkpt lat="46.5080360" lon="6.6386710"/>
   <trkpt lat="46.5080190" lon="6.6387180"/>
   <trkpt lat="46.5080040" lon="6.6387670"/>
   <trkpt lat="46.5079900" lon="6.6388150"/>
   <trkpt lat="46.5079780" lon="6.6388660"/>
   <trkpt lat="46.5079640" lon="6.6389170"/>
   <trkpt lat="46.5079530" lon="6.6389670"/>
   <trkpt lat="46.5079420" lon="6.6390230"/>
   <trkpt lat="46.5079310" lon="6.6390730"/>
   <trkpt lat="46.5079180" lon="6.6391250"/>
   <trkpt lat="46.5079060" lon="6.6391730"/>
   <trkpt lat="46.5078920" lon="6.6392220"/>
   <trkpt lat="46.5078790" lon="6.6392730"/>
   <trkpt lat="46.5078660" lon="6.6393250"/>
   <trkpt lat="46.5078560" lon="6.6393750"/>
   <trkpt lat="46.5078440" lon="6.6394230"/>
   <trkpt lat="46.5078280" lon="6.6394740"/>
   <trkpt lat="46.5078100" lon="6.6395190"/>
   <trkpt lat="46.5077900" lon="6.6395690"/>
   <trkpt lat="46.5077680" lon="6.6396180"/>
   <trkpt lat="46.5077420" lon="6.6396660"/>
   <trkpt lat="46.5077140" lon="6.6397100"/>
   <trkpt lat="46.5076880" lon="6.6397450"/>
   <trkpt lat="46.5076570" lon="6.6397890"/>
   <trkpt lat="46.5076280" lon="6.6398260"/>
   <trkpt lat="46.5075970" lon="6.6398650"/>
   <trkpt lat="46.5075680" lon="6.6399020"/>
   <trkpt lat="46.5075440" lon="6.6399370"/>
   <trkpt lat="46.5075130" lon="6.6399780"/>
   <trkpt lat="46.5074840" lon="6.6400170"/>
   <trkpt lat="46.5074540" lon="6.6400580"/>
   <trkpt lat="46.5074250" lon="6.6400910"/>
   <trkpt lat="46.5073950" lon="6.6401270"/>
   <trkpt lat="46.5073620" lon="6.6401650"/>
   <trkpt lat="46.5073300" lon="6.6402030"/>
   <trkpt lat="46.5072990" lon="6.6402420"/>
   <trkpt lat="46.5072720" lon="6.6402760"/>
   <trkpt lat="46.5072440" lon="6.6403140"/>
   <trkpt lat="46.5072150" lon="6.6403520"/>
   <trkpt lat="46.5071910" lon="6.6403930"/>
   <trkpt lat="46.5071650" lon="6.6404350"/>
   <trkpt lat="46.5071410" lon="6.6404760"/>
   <trkpt lat="46.5071140" lon="6.6405180"/>
   <trkpt lat="46.5070890" lon="6.6405580"/>
   <trkpt lat="46.5070620" lon="6.6406040"/>
   <trkpt lat="46.5070370" lon="6.6406500"/>
   <trkpt lat="46.5070120" lon="6.6406960"/>
   <trkpt lat="46.5069900" lon="6.6407400"/>
   <trkpt lat="46.5069650" lon="6.6407880"/>
   <trkpt lat="46.5069420" lon="6.6408340"/>
   <trkpt lat="46.5069230" lon="6.6408780"/>
   <trkpt lat="46.5069020" lon="6.6409260"/>
   <trkpt lat="46.5068840" lon="6.6409710"/>
   <trkpt lat="46.5068690" lon="6.6410200"/>
   <trkpt lat="46.5068530" lon="6.6410670"/>
   <trkpt lat="46.5068390" lon="6.6411160"/>
   <trkpt lat="46.5068260" lon="6.6411640"/>
   <trkpt lat="46.5068110" lon="6.6412140"/>
   <trkpt lat="46.5067980" lon="6.6412600"/>
   <trkpt lat="46.5067840" lon="6.6413110"/>
   <trkpt lat="46.5067690" lon="6.6413560"/>
   <trkpt lat="46.5067560" lon="6.6414110"/>
   <trkpt lat="46.5067440" lon="6.6414650"/>
   <trkpt lat="46.5067330" lon="6.6415210"/>
   <trkpt lat="46.5067230" lon="6.6415750"/>
   <trkpt lat="46.5067140" lon="6.6416270"/>
   <trkpt lat="46.5067050" lon="6.6416780"/>
   <trkpt lat="46.5066970" lon="6.6417260"/>
   <trkpt lat="46.5066880" lon="6.6417800"/>
   <trkpt lat="46.5066800" lon="6.6418310"/>
   <trkpt lat="46.5066740" lon="6.6418860"/>
   <trkpt lat="46.5066650" lon="6.6419390"/>
   <trkpt lat="46.5066600" lon="6.6419930"/>
   <trkpt lat="46.5066530" lon="6.6420500"/>
   <trkpt lat="46.5066470" lon="6.6421020"/>
   <trkpt lat="46.5066410" lon="6.6421570"/>
   <trkpt lat="46.5066360" lon="6.6422050"/>
   <trkpt lat="46.5066310" lon="6.6422580"/>
   <trkpt lat="46.5066270" lon="6.6423080"/>
   <trkpt lat="46.5066240" lon="6.6423600"/>
   <trkpt lat="46.5066190" lon="6.6424120"/>
   <trkpt lat="46.5066160" lon="6.6424650"/>
   <trkpt lat="46.5066120" lon="6.6425180"/>
   <trkpt lat="46.5066120" lon="6.6425650"/>
   <trkpt lat="46.5066100" lon="6.6426190"/>
   <trkpt lat="46.5066100" lon="6.6426680"/>
   <trkpt lat="46.5066110" lon="6.6427200"/>
   <trkpt lat="46.5066110" lon="6.6427710"/>
   <trkpt lat="46.5066100" lon="6.6428220"/>
   <trkpt lat="46.5066080" lon="6.6428740"/>
   <trkpt lat="46.5066060" lon="6.6429250"/>
   <trkpt lat="46.5066010" lon="6.6429780"/>
   <trkpt lat="46.5065980" lon="6.6430260"/>
   <trkpt lat="46.5065960" lon="6.6430820"/>
   <trkpt lat="46.5065950" lon="6.6431300"/>
   <trkpt lat="46.5065930" lon="6.6431810"/>
   <trkpt lat="46.5065910" lon="6.6432320"/>
   <trkpt lat="46.5065930" lon="6.6432850"/>
   <trkpt lat="46.5065940" lon="6.6433400"/>
   <trkpt lat="46.5065930" lon="6.6433880"/>
   <trkpt lat="46.5065960" lon="6.6434420"/>
   <trkpt lat="46.5065980" lon="6.6434890"/>
   <trkpt lat="46.5066000" lon="6.6435410"/>
   <trkpt lat="46.5066010" lon="6.6435950"/>
   <trkpt lat="46.5066020" lon="6.6436510"/>
   <trkpt lat="46.5066010" lon="6.6437050"/>
   <trkpt lat="46.5065990" lon="6.6437550"/>
   <trkpt lat="46.5065990" lon="6.6438090"/>
   <trkpt lat="46.5065970" lon="6.6438560"/>
   <trkpt lat="46.5065980" lon="6.6439070"/>
   <trkpt lat="46.5065990" lon="6.6439580"/>
   <trkpt lat="46.5066000" lon="6.6440090"/>
   <trkpt lat="46.5065990" lon="6.6440600"/>
   <trkpt lat="46.5066000" lon="6.6441090"/>
   <trkpt lat="46.5066000" lon="6.6441650"/>
   <trkpt lat="46.5065980" lon="6.6442160"/>
   <trkpt lat="46.5065980" lon="6.6442750"/>
   <trkpt lat="46.5065970" lon="6.6443250"/>
   <trkpt lat="46.5065970" lon="6.6443810"/>
   <trkpt lat="46.5065960" lon="6.6444360"/>
   <trkpt lat="46.5065980" lon="6.6444850"/>
   <trkpt lat="46.5065970" lon="6.6445400"/>
   <trkpt lat="46.5066010" lon="6.6445910"/>
   <trkpt lat="46.5066000" lon="6.6446410"/>
   <trkpt lat="46.5066000" lon="6.6446830"/>
   <trkpt lat="46.5066020" lon="6.6447360"/>
   <trkpt lat="46.5066030" lon="6.6447850"/>
   <trkpt lat="46.5066030" lon="6.6448350"/>
   <trkpt lat="46.5066010" lon="6.6448880"/>
   <trkpt lat="46.5065980" lon="6.6449390"/>
   <trkpt lat="46.5065960" lon="6.6449960"/>
   <trkpt lat="46.5065950" lon="6.6450440"/>
   <trkpt lat="46.5065960" lon="6.6450980"/>
   <trkpt lat="46.5065960" lon="6.6451450"/>
   <trkpt lat="46.5065980" lon="6.6451950"/>
   <trkpt lat="46.5065970" lon="6.6452470"/>
   <trkpt lat="46.5065960" lon="6.6452940"/>
   <trkpt lat="46.5065940" lon="6.6453460"/>
   <trkpt lat="46.5065920" lon="6.6453930"/>
   <trkpt lat="46.5065900" lon="6.6454420"/>
   <trkpt lat="46.5065850" lon="6.6454880"/>
   <trkpt lat="46.5065830" lon="6.6455370"/>
   <trkpt lat="46.5065770" lon="6.6455860"/>
   <trkpt lat="46.5065750" lon="6.6456340"/>
   <trkpt lat="46.5065710" lon="6.6456900"/>
   <trkpt lat="46.5065700" lon="6.6457400"/>
   <trkpt lat="46.5065670" lon="6.6458000"/>
   <trkpt lat="46.5065640" lon="6.6458480"/>
   <trkpt lat="46.5065640" lon="6.6459000"/>
   <trkpt lat="46.5065640" lon="6.6459500"/>
   <trkpt lat="46.5065630" lon="6.6459980"/>
   <trkpt lat="46.5065610" lon="6.6460480"/>
   <trkpt lat="46.5065600" lon="6.6460980"/>
   <trkpt lat="46.5065570" lon="6.6461530"/>
   <trkpt lat="46.5065570" lon="6.6462040"/>
   <trkpt lat="46.5065580" lon="6.6462640"/>
   <trkpt lat="46.5065560" lon="6.6463160"/>
   <trkpt lat="46.5065540" lon="6.6463720"/>
   <trkpt lat="46.5065530" lon="6.6464260"/>
   <trkpt lat="46.5065530" lon="6.6464770"/>
   <trkpt lat="46.5065510" lon="6.6465300"/>
   <trkpt lat="46.5065500" lon="6.6465760"/>
   <trkpt lat="46.5065490" lon="6.6466310"/>
   <trkpt lat="46.5065480" lon="6.6466790"/>
   <trkpt lat="46.5065480" lon="6.6467340"/>
   <trkpt lat="46.5065460" lon="6.6467820"/>
   <trkpt lat="46.5065450" lon="6.6468400"/>
   <trkpt lat="46.5065430" lon="6.6468940"/>
   <trkpt lat="46.5065450" lon="6.6469480"/>
   <trkpt lat="46.5065440" lon="6.6470040"/>
   <trkpt lat="46.5065450" lon="6.6470560"/>
   <trkpt lat="46.5065470" lon="6.6471110"/>
   <trkpt lat="46.5065480" lon="6.6471590"/>
   <trkpt lat="46.5065490" lon="6.6472110"/>
   <trkpt lat="46.5065480" lon="6.6472580"/>
   <trkpt lat="46.5065470" lon="6.6473090"/>
   <trkpt lat="46.5065440" lon="6.6473590"/>
   <trkpt lat="46.5065430" lon="6.6474120"/>
   <trkpt lat="46.5065400" lon="6.6474700"/>
   <trkpt lat="46.5065380" lon="6.6475210"/>
   <trkpt lat="46.5065380" lon="6.6475720"/>
   <trkpt lat="46.5065400" lon="6.6476160"/>
   <trkpt lat="46.5065410" lon="6.6476700"/>
   <trkpt lat="46.5065410" lon="6.6477150"/>
   <trkpt lat="46.5065400" lon="6.6477660"/>
   <trkpt lat="46.5065380" lon="6.6478180"/>
   <trkpt lat="46.5065380" lon="6.6478670"/>
   <trkpt lat="46.5065400" lon="6.6479200"/>
   <trkpt lat="46.5065420" lon="6.6479680"/>
   <trkpt lat="46.5065450" lon="6.6480210"/>
   <trkpt lat="46.5065460" lon="6.6480630"/>
   <trkpt lat="46.5065460" lon="6.6481170"/>
   <trkpt lat="46.5065430" lon="6.6481630"/>
   <trkpt lat="46.5065410" lon="6.6482210"/>
   <trkpt lat="46.5065370" lon="6.6482800"/>
   <trkpt lat="46.5065360" lon="6.6483390"/>
   <trkpt lat="46.5065310" lon="6.6483970"/>
   <trkpt lat="46.5065270" lon="6.6484470"/>
   <trkpt lat="46.5065240" lon="6.6485060"/>
   <trkpt lat="46.5065200" lon="6.6485560"/>
   <trkpt lat="46.5065140" lon="6.6486160"/>
   <trkpt lat="46.5065120" lon="6.6486650"/>
   <trkpt lat="46.5065090" lon="6.6487180"/>
   <trkpt lat="46.5065060" lon="6.6487700"/>
   <trkpt lat="46.5065030" lon="6.6488200"/>
   <trkpt lat="46.5065010" lon="6.6488730"/>
   <trkpt lat="46.5065030" lon="6.6489230"/>
   <trkpt lat="46.5065040" lon="6.6489790"/>
   <trkpt lat="46.5065070" lon="6.6490270"/>
   <trkpt lat="46.5065100" lon="6.6490810"/>
   <trkpt lat="46.5065140" lon="6.6491270"/>
   <trkpt lat="46.5065160" lon="6.6491790"/>
   <trkpt lat="46.5065170" lon="6.6492250"/>
   <trkpt lat="46.5065170" lon="6.6492790"/>
   <trkpt lat="46.5065180" lon="6.6493280"/>
   <trkpt lat="46.5065180" lon="6.6493820"/>
   <trkpt lat="46.5065150" lon="6.6494320"/>
   <trkpt lat="46.5065140" lon="6.6494820"/>
   <trkpt lat="46.5065110" lon="6.6495390"/>
   <trkpt lat="46.5065100" lon="6.6495930"/>
   <trkpt lat="46.5065080" lon="6.6496570"/>
   <trkpt lat="46.5065070" lon="6.6497090"/>
   <trkpt lat="46.5065070" lon="6.6497620"/>
   <trkpt lat="46.5065050" lon="6.6498070"/>
   <trkpt lat="46.5065040" lon="6.6498620"/>
   <trkpt lat="46.5065000" lon="6.6499100"/>
   <trkpt lat="46.5065010" lon="6.6499610"/>
   <trkpt lat="46.5064990" lon="6.6500170"/>
   <trkpt lat="46.5064990" lon="6.6500670"/>
   <trkpt lat="46.5064970" lon="6.6501180"/>
   <trkpt lat="46.5064960" lon="6.6501680"/>
   <trkpt lat="46.5064950" lon="6.6502230"/>
   <trkpt lat="46.5064950" lon="6.6502750"/>
   <trkpt lat="46.5064950" lon="6.6503290"/>
   <trkpt lat="46.5064930" lon="6.6503790"/>
   <trkpt lat="46.5064920" lon="6.6504240"/>
   <trkpt lat="46.5064910" lon="6.6504730"/>
   <trkpt lat="46.5064920" lon="6.6505190"/>
   <trkpt lat="46.5064920" lon="6.6505660"/>
   <trkpt lat="46.5064950" lon="6.6506170"/>
   <trkpt lat="46.5064970" lon="6.6506750"/>
   <trkpt lat="46.5064990" lon="6.6507270"/>
   <trkpt lat="46.5065000" lon="6.6507820"/>
   <trkpt lat="46.5065000" lon="6.6508350"/>
   <trkpt lat="46.5064980" lon="6.6508900"/>
   <trkpt lat="46.5064950" lon="6.6509330"/>
   <trkpt lat="46.5064950" lon="6.6509790"/>
   <trkpt lat="46.5064930" lon="6.6510320"/>
   <trkpt lat="46.5064940" lon="6.6510810"/>
   <trkpt lat="46.5064950" lon="6.6511390"/>
   <trkpt lat="46.5064950" lon="6.6511890"/>
   <trkpt lat="46.5064940" lon="6.6512460"/>
   <trkpt lat="46.5064940" lon="6.6512940"/>
   <trkpt lat="46.5064960" lon="6.6513440"/>
   <trkpt lat="46.5064960" lon="6.6513940"/>
   <trkpt lat="46.5064970" lon="6.6514430"/>
   <trkpt lat="46.5064970" lon="6.6514980"/>
   <trkpt lat="46.5064990" lon="6.6515450"/>
   <trkpt lat="46.5065010" lon="6.6516010"/>
   <trkpt lat="46.5065020" lon="6.6516500"/>
   <trkpt lat="46.5065040" lon="6.6517080"/>
   <trkpt lat="46.5065040" lon="6.6517570"/>
   <trkpt lat="46.5065040" lon="6.6518080"/>
   <trkpt lat="46.5065020" lon="6.6518580"/>
   <trkpt lat="46.5065010" lon="6.6518960"/>
   <trkpt lat="46.5064990" lon="6.6519380"/>
   <trkpt lat="46.5064980" lon="6.6519770"/>
   <trkpt lat="46.5064970" lon="6.6520250"/>
   <trkpt lat="46.5064940" lon="6.6520720"/>
   <trkpt lat="46.5064910" lon="6.6521260"/>
   <trkpt lat="46.5064900" lon="6.6521670"/>
   <trkpt lat="46.5064880" lon="6.6522190"/>
   <trkpt lat="46.5064860" lon="6.6522750"/>
   <trkpt lat="46.5064850" lon="6.6523310"/>
   <trkpt lat="46.5064840" lon="6.6523850"/>
   <trkpt lat="46.5064830" lon="6.6524350"/>
   <trkpt lat="46.5064820" lon="6.6524900"/>
   <trkpt lat="46.5064840" lon="6.6525340"/>
   <trkpt lat="46.5064850" lon="6.6525860"/>
   <trkpt lat="46.5064850" lon="6.6526320"/>
   <trkpt lat="46.5064850" lon="6.6526830"/>
   <trkpt lat="46.5064810" lon="6.6527340"/>
   <trkpt lat="46.5064800" lon="6.6527850"/>
   <trkpt lat="46.5064760" lon="6.6528330"/>
   <trkpt lat="46.5064740" lon="6.6528780"/>
   <trkpt lat="46.5064710" lon="6.6529280"/>
   <trkpt lat="46.5064690" lon="6.6529720"/>
   <trkpt lat="46.5064670" lon="6.6530230"/>
   <trkpt lat="46.5064640" lon="6.6530700"/>
   <trkpt lat="46.5064620" lon="6.6531260"/>
   <trkpt lat="46.5064600" lon="6.6531850"/>
   <trkpt lat="46.5064590" lon="6.6532340"/>
   <trkpt lat="46.5064560" lon="6.6532860"/>
   <trkpt lat="46.5064550" lon="6.6533310"/>
   <trkpt lat="46.5064520" lon="6.6533730"/>
   <trkpt lat="46.5064500" lon="6.6534170"/>
   <trkpt lat="46.5064480" lon="6.6534610"/>
   <trkpt lat="46.5064460" lon="6.6535100"/>
   <trkpt lat="46.5064490" lon="6.6535530"/>
   <trkpt lat="46.5064570" lon="6.6536030"/>
   <trkpt lat="46.5064620" lon="6.6536500"/>
   <trkpt lat="46.5064690" lon="6.6537010"/>
   <trkpt lat="46.5064750" lon="6.6537500"/>
   <trkpt lat="46.5064800" lon="6.6538040"/>
   <trkpt lat="46.5064830" lon="6.6538540"/>
   <trkpt lat="46.5064870" lon="6.6539070"/>
   <trkpt lat="46.5064900" lon="6.6539600"/>
   <trkpt lat="46.5064930" lon="6.6540130"/>
   <trkpt lat="46.5064960" lon="6.6540690"/>
   <trkpt lat="46.5065000" lon="6.6541220"/>
   <trkpt lat="46.5065030" lon="6.6541770"/>
   <trkpt lat="46.5065050" lon="6.6542230"/>
   <trkpt lat="46.5065040" lon="6.6542700"/>
   <trkpt lat="46.5065040" lon="6.6543190"/>
   <trkpt lat="46.5065060" lon="6.6543670"/>
   <trkpt lat="46.5065090" lon="6.6544150"/>
   <trkpt lat="46.5065130" lon="6.6544600"/>
   <trkpt lat="46.5065170" lon="6.6545130"/>
   <trkpt lat="46.5065220" lon="6.6545640"/>
   <trkpt lat="46.5065280" lon="6.6546190"/>
   <trkpt lat="46.5065340" lon="6.6546670"/>
   <trkpt lat="46.5065400" lon="6.6547160"/>
   <trkpt lat="46.5065420" lon="6.6547690"/>
   <trkpt lat="46.5065440" lon="6.6548230"/>
   <trkpt lat="46.5065450" lon="6.6548740"/>
   <trkpt lat="46.5065460" lon="6.6549240"/>
   <trkpt lat="46.5065500" lon="6.6549790"/>
   <trkpt lat="46.5065540" lon="6.6550230"/>
   <trkpt lat="46.5065580" lon="6.6550710"/>
   <trkpt lat="46.5065620" lon="6.6551180"/>
   <trkpt lat="46.5065670" lon="6.6551670"/>
   <trkpt lat="46.5065710" lon="6.6552250"/>
   <trkpt lat="46.5065750" lon="6.6552780"/>
   <trkpt lat="46.5065800" lon="6.6553330"/>
   <trkpt lat="46.5065830" lon="6.6553820"/>
   <trkpt lat="46.5065850" lon="6.6554380"/>
   <trkpt lat="46.5065860" lon="6.6554820"/>
   <trkpt lat="46.5065880" lon="6.6555290"/>
   <trkpt lat="46.5065900" lon="6.6555750"/>
   <trkpt lat="46.5065980" lon="6.6556220"/>
   <trkpt lat="46.5066050" lon="6.6556710"/>
   <trkpt lat="46.5066120" lon="6.6557140"/>
   <trkpt lat="46.5066200" lon="6.6557680"/>
   <trkpt lat="46.5066260" lon="6.6558140"/>
   <trkpt lat="46.5066320" lon="6.6558680"/>
   <trkpt lat="46.5066360" lon="6.6559240"/>
   <trkpt lat="46.5066430" lon="6.6559770"/>
   <trkpt lat="46.5066480" lon="6.6560330"/>
   <trkpt lat="46.5066510" lon="6.6560800"/>
   <trkpt lat="46.5066530" lon="6.6561330"/>
   <trkpt lat="46.5066550" lon="6.6561830"/>
   <trkpt lat="46.5066600" lon="6.6562360"/>
   <trkpt lat="46.5066650" lon="6.6562850"/>
   <trkpt lat="46.5066690" lon="6.6563330"/>
   <trkpt lat="46.5066740" lon="6.6563840"/>
   <trkpt lat="46.5066780" lon="6.6564300"/>
   <trkpt lat="46.5066820" lon="6.6564810"/>
   <trkpt lat="46.5066820" lon="6.6565210"/>
   <trkpt lat="46.5066850" lon="6.6565720"/>
   <trkpt lat="46.5066880" lon="6.6566240"/>
   <trkpt lat="46.5066930" lon="6.6566740"/>
   <trkpt lat="46.5066950" lon="6.6567280"/>
   <trkpt lat="46.5066990" lon="6.6567760"/>
   <trkpt lat="46.5067010" lon="6.6568290"/>
   <trkpt lat="46.5067030" lon="6.6568750"/>
   <trkpt lat="46.5067060" lon="6.6569320"/>
   <trkpt lat="46.5067070" lon="6.6569800"/>
   <trkpt lat="46.5067080" lon="6.6570340"/>
   <trkpt lat="46.5067100" lon="6.6570840"/>
   <trkpt lat="46.5067150" lon="6.6571310"/>
   <trkpt lat="46.5067200" lon="6.6571820"/>
   <trkpt lat="46.5067230" lon="6.6572280"/>
   <trkpt lat="46.5067270" lon="6.6572870"/>
   <trkpt lat="46.5067300" lon="6.6573310"/>
   <trkpt lat="46.5067370" lon="6.6573820"/>
   <trkpt lat="46.5067410" lon="6.6574360"/>
   <trkpt lat="46.5067470" lon="6.6574890"/>
   <trkpt lat="46.5067510" lon="6.6575440"/>
   <trkpt lat="46.5067540" lon="6.6575960"/>
   <trkpt lat="46.5067570" lon="6.6576410"/>
   <trkpt lat="46.5067600" lon="6.6576830"/>
   <trkpt lat="46.5067650" lon="6.6577330"/>
   <trkpt lat="46.5067700" lon="6.6577770"/>
   <trkpt lat="46.5067790" lon="6.6578300"/>
   <trkpt lat="46.5067870" lon="6.6578800"/>
   <trkpt lat="46.5067940" lon="6.6579320"/>
   <trkpt lat="46.5067990" lon="6.6579820"/>
   <trkpt lat="46.5068050" lon="6.6580270"/>
   <trkpt lat="46.5068120" lon="6.6580810"/>
   <trkpt lat="46.5068180" lon="6.6581420"/>
   <trkpt lat="46.5068200" lon="6.6581940"/>
   <trkpt lat="46.5068210" lon="6.6582400"/>
   <trkpt lat="46.5068270" lon="6.6582920"/>
   <trkpt lat="46.5068310" lon="6.6583410"/>
   <trkpt lat="46.5068370" lon="6.6583900"/>
   <trkpt lat="46.5068440" lon="6.6584390"/>
   <trkpt lat="46.5068510" lon="6.6584840"/>
   <trkpt lat="46.5068580" lon="6.6585390"/>
   <trkpt lat="46.5068620" lon="6.6585900"/>
   <trkpt lat="46.5068670" lon="6.6586450"/>
   <trkpt lat="46.5068690" lon="6.6586850"/>
   <trkpt lat="46.5068740" lon="6.6587360"/>
   <trkpt lat="46.5068780" lon="6.6587860"/>
   <trkpt lat="46.5068820" lon="6.6588380"/>
   <trkpt lat="46.5068850" lon="6.6588880"/>
   <trkpt lat="46.5068900" lon="6.6589380"/>
   <trkpt lat="46.5068940" lon="6.6589930"/>
   <trkpt lat="46.5068970" lon="6.6590470"/>
   <trkpt lat="46.5068980" lon="6.6591110"/>
   <trkpt lat="46.5068970" lon="6.6591650"/>
   <trkpt lat="46.5068970" lon="6.6592220"/>
   <trkpt lat="46.5068950" lon="6.6592710"/>
   <trkpt lat="46.5068960" lon="6.6593260"/>
   <trkpt lat="46.5068950" lon="6.6593730"/>
   <trkpt lat="46.5068950" lon="6.6594240"/>
   <trkpt lat="46.5068910" lon="6.6594790"/>
   <trkpt lat="46.5068890" lon="6.6595320"/>
   <trkpt lat="46.5068850" lon="6.6595840"/>
   <trkpt lat="46.5068830" lon="6.6596340"/>
   <trkpt lat="46.5068780" lon="6.6596880"/>
   <trkpt lat="46.5068710" lon="6.6597390"/>
   <trkpt lat="46.5068630" lon="6.6597970"/>
   <trkpt lat="46.5068560" lon="6.6598450"/>
   <trkpt lat="46.5068480" lon="6.6598960"/>
   <trkpt lat="46.5068400" lon="6.6599430"/>
   <trkpt lat="46.5068320" lon="6.6599920"/>
   <trkpt lat="46.5068210" lon="6.6600400"/>
   <trkpt lat="46.5068120" lon="6.6600860"/>
   <trkpt lat="46.5068020" lon="6.6601300"/>
   <trkpt lat="46.5067950" lon="6.6601730"/>
   <trkpt lat="46.5067850" lon="6.6602260"/>
   <trkpt lat="46.5067760" lon="6.6602730"/>
   <trkpt lat="46.5067650" lon="6.6603310"/>
   <trkpt lat="46.5067580" lon="6.6603770"/>
   <trkpt lat="46.5067510" lon="6.6604340"/>
   <trkpt lat="46.5067450" lon="6.6604830"/>
   <trkpt lat="46.5067390" lon="6.6605380"/>
   <trkpt lat="46.5067340" lon="6.6605880"/>
   <trkpt lat="46.5067320" lon="6.6606330"/>
   <trkpt lat="46.5067290" lon="6.6606800"/>
   <trkpt lat="46.5067280" lon="6.6607230"/>
   <trkpt lat="46.5067250" lon="6.6607690"/>
   <trkpt lat="46.5067220" lon="6.6608090"/>
   <trkpt lat="46.5067220" lon="6.6608560"/>
   <trkpt lat="46.5067210" lon="6.6609030"/>
   <trkpt lat="46.5067220" lon="6.6609520"/>
   <trkpt lat="46.5067220" lon="6.6610060"/>
   <trkpt lat="46.5067220" lon="6.6610530"/>
   <trkpt lat="46.5067230" lon="6.6611080"/>
   <trkpt lat="46.5067260" lon="6.6611510"/>
   <trkpt lat="46.5067230" lon="6.6612040"/>
   <trkpt lat="46.5067220" lon="6.6612450"/>
   <trkpt lat="46.5067220" lon="6.6612890"/>
   <trkpt lat="46.5067220" lon="6.6613350"/>
   <trkpt lat="46.5067230" lon="6.6613840"/>
   <trkpt lat="46.5067260" lon="6.6614370"/>
   <trkpt lat="46.5067280" lon="6.6614860"/>
   <trkpt lat="46.5067320" lon="6.6615390"/>
   <trkpt lat="46.5067360" lon="6.6615880"/>
   <trkpt lat="46.5067430" lon="6.6616420"/>
   <trkpt lat="46.5067500" lon="6.6616900"/>
   <trkpt lat="46.5067570" lon="6.6617360"/>
   <trkpt lat="46.5067650" lon="6.6617790"/>
   <trkpt lat="46.5067750" lon="6.6618160"/>
   <trkpt lat="46.5067840" lon="6.6618640"/>
   <trkpt lat="46.5067920" lon="6.6619010"/>
   <trkpt lat="46.5068030" lon="6.6619530"/>
   <trkpt lat="46.5068130" lon="6.6619970"/>
   <trkpt lat="46.5068240" lon="6.6620460"/>
   <trkpt lat="46.5068330" lon="6.6620980"/>
   <trkpt lat="46.5068410" lon="6.6621470"/>
   <trkpt lat="46.5068490" lon="6.6621970"/>
   <trkpt lat="46.5068570" lon="6.6622400"/>
   <trkpt lat="46.5068660" lon="6.6622950"/>
   <trkpt lat="46.5068730" lon="6.6623380"/>
   <trkpt lat="46.5068810" lon="6.6623870"/>
   <trkpt lat="46.5068880" lon="6.6624320"/>
   <trkpt lat="46.5068970" lon="6.6624780"/>
   <trkpt lat="46.5069050" lon="6.6625270"/>
   <trkpt lat="46.5069130" lon="6.6625690"/>
   <trkpt lat="46.5069210" lon="6.6626180"/>
   <trkpt lat="46.5069290" lon="6.6626640"/>
   <trkpt lat="46.5069370" lon="6.6627160"/>
   <trkpt lat="46.5069450" lon="6.6627690"/>
   <trkpt lat="46.5069540" lon="6.6628170"/>
   <trkpt lat="46.5069630" lon="6.6628620"/>
   <trkpt lat="46.5069720" lon="6.6629090"/>
   <trkpt lat="46.5069790" lon="6.6629570"/>
   <trkpt lat="46.5069870" lon="6.6630040"/>
   <trkpt lat="46.5069950" lon="6.6630580"/>
   <trkpt lat="46.5070010" lon="6.6631050"/>
   <trkpt lat="46.5070090" lon="6.6631600"/>
   <trkpt lat="46.5070110" lon="6.6632120"/>
   <trkpt lat="46.5070180" lon="6.6632650"/>
   <trkpt lat="46.5070210" lon="6.6633190"/>
   <trkpt lat="46.5070280" lon="6.6633650"/>
   <trkpt lat="46.5070360" lon="6.6634180"/>
   <trkpt lat="46.5070470" lon="6.6634620"/>
   <trkpt lat="46.5070580" lon="6.6635160"/>
   <trkpt lat="46.5070690" lon="6.6635580"/>
   <trkpt lat="46.5070790" lon="6.6636080"/>
   <trkpt lat="46.5070890" lon="6.6636570"/>
   <trkpt lat="46.5070980" lon="6.6637030"/>
   <trkpt lat="46.5071040" lon="6.6637520"/>
   <trkpt lat="46.5071110" lon="6.6637950"/>
   <trkpt lat="46.5071190" lon="6.6638470"/>
   <trkpt lat="46.5071290" lon="6.6638880"/>
   <trkpt lat="46.5071380" lon="6.6639350"/>
   <trkpt lat="46.5071490" lon="6.6639840"/>
   <trkpt lat="46.5071610" lon="6.6640340"/>
   <trkpt lat="46.5071740" lon="6.6640810"/>
   <trkpt lat="46.5071860" lon="6.6641180"/>
   <trkpt lat="46.5071980" lon="6.6641630"/>
   <trkpt lat="46.5072060" lon="6.6642020"/>
   <trkpt lat="46.5072170" lon="6.6642540"/>
   <trkpt lat="46.5072240" lon="6.6642990"/>
   <trkpt lat="46.5072330" lon="6.6643480"/>
   <trkpt lat="46.5072390" lon="6.6643970"/>
   <trkpt lat="46.5072440" lon="6.6644440"/>
   <trkpt lat="46.5072490" lon="6.6644970"/>
   <trkpt lat="46.5072560" lon="6.6645460"/>
   <trkpt lat="46.5072610" lon="6.6645960"/>
   <trkpt lat="46.5072650" lon="6.6646400"/>
   <trkpt lat="46.5072680" lon="6.6646930"/>
   <trkpt lat="46.5072710" lon="6.6647410"/>
   <trkpt lat="46.5072730" lon="6.6647940"/>
   <trkpt lat="46.5072720" lon="6.6648460"/>
   <trkpt lat="46.5072710" lon="6.6649000"/>
   <trkpt lat="46.5072680" lon="6.6649540"/>
   <trkpt lat="46.5072670" lon="6.6650050"/>
   <trkpt lat="46.5072670" lon="6.6650600"/>
   <trkpt lat="46.5072670" lon="6.6651060"/>
   <trkpt lat="46.5072670" lon="6.6651590"/>
   <trkpt lat="46.5072660" lon="6.6652020"/>
   <trkpt lat="46.5072640" lon="6.6652550"/>
   <trkpt lat="46.5072600" lon="6.6653050"/>
   <trkpt lat="46.5072580" lon="6.6653580"/>
   <trkpt lat="46.5072530" lon="6.6654120"/>
   <trkpt lat="46.5072500" lon="6.6654680"/>
   <trkpt lat="46.5072460" lon="6.6655250"/>
   <trkpt lat="46.5072430" lon="6.6655680"/>
   <trkpt lat="46.5072340" lon="6.6656150"/>
   <trkpt lat="46.5072250" lon="6.6656550"/>
   <trkpt lat="46.5072170" lon="6.6657060"/>
   <trkpt lat="46.5072080" lon="6.6657580"/>
   <trkpt lat="46.5072010" lon="6.6658130"/>
   <trkpt lat="46.5071920" lon="6.6658690"/>
   <trkpt lat="46.5071860" lon="6.6659180"/>
   <trkpt lat="46.5071750" lon="6.6659720"/>
   <trkpt lat="46.5071660" lon="6.6660210"/>
   <trkpt lat="46.5071500" lon="6.6660770"/>
   <trkpt lat="46.5071420" lon="6.6661190"/>
   <trkpt lat="46.5071270" lon="6.6661670"/>
   <trkpt lat="46.5071150" lon="6.6662040"/>
   <trkpt lat="46.5070990" lon="6.6662520"/>
   <trkpt lat="46.5070850" lon="6.6662900"/>
   <trkpt lat="46.5070720" lon="6.6663420"/>
   <trkpt lat="46.5070590" lon="6.6663860"/>
   <trkpt lat="46.5070440" lon="6.6664340"/>
   <trkpt lat="46.5070280" lon="6.6664810"/>
   <trkpt lat="46.5070140" lon="6.6665250"/>
   <trkpt lat="46.5069970" lon="6.6665750"/>
   <trkpt lat="46.5069860" lon="6.6666110"/>
   <trkpt lat="46.5069700" lon="6.6666570"/>
   <trkpt lat="46.5069560" lon="6.6666920"/>
   <trkpt lat="46.5069440" lon="6.6667420"/>
   <trkpt lat="46.5069350" lon="6.6667850"/>
   <trkpt lat="46.5069270" lon="6.6668290"/>
   <trkpt lat="46.5069140" lon="6.6668710"/>
   <trkpt lat="46.5069020" lon="6.6669060"/>
   <trkpt lat="46.5068860" lon="6.6669520"/>
   <trkpt lat="46.5068740" lon="6.6669860"/>
   <trkpt lat="46.5068570" lon="6.6670260"/>
   <trkpt lat="46.5068410" lon="6.6670620"/>
   <trkpt lat="46.5068240" lon="6.6671050"/>
   <trkpt lat="46.5068060" lon="6.6671430"/>
   <trkpt lat="46.5067880" lon="6.6671850"/>
   <trkpt lat="46.5067700" lon="6.6672340"/>
   <trkpt lat="46.5067540" lon="6.6672740"/>
   <trkpt lat="46.5067360" lon="6.6673220"/>
   <trkpt lat="46.5067200" lon="6.6673610"/>
   <trkpt lat="46.5067040" lon="6.6674060"/>
   <trkpt lat="46.5066890" lon="6.6674480"/>
   <trkpt lat="46.5066760" lon="6.6674920"/>
   <trkpt lat="46.5066610" lon="6.6675380"/>
   <trkpt lat="46.5066490" lon="6.6675780"/>
   <trkpt lat="46.5066340" lon="6.6676250"/>
   <trkpt lat="46.5066240" lon="6.6676650"/>
   <trkpt lat="46.5066100" lon="6.6677130"/>
   <trkpt lat="46.5065980" lon="6.6677580"/>
   <trkpt lat="46.5065850" lon="6.6678060"/>
   <trkpt lat="46.5065720" lon="6.6678520"/>
   <trkpt lat="46.5065610" lon="6.6678940"/>
   <trkpt lat="46.5065490" lon="6.6679440"/>
   <trkpt lat="46.5065390" lon="6.6679870"/>
   <trkpt lat="46.5065250" lon="6.6680360"/>
   <trkpt lat="46.5065090" lon="6.6680810"/>
   <trkpt lat="46.5064940" lon="6.6681230"/>
   <trkpt lat="46.5064800" lon="6.6681650"/>
   <trkpt lat="46.5064690" lon="6.6682070"/>
   <trkpt lat="46.5064530" lon="6.6682610"/>
   <trkpt lat="46.5064390" lon="6.6683170"/>
   <trkpt lat="46.5064260" lon="6.6683700"/>
   <trkpt lat="46.5064150" lon="6.6684150"/>
   <trkpt lat="46.5064020" lon="6.6684670"/>
   <trkpt lat="46.5063930" lon="6.6685080"/>
   <trkpt lat="46.5063830" lon="6.6685600"/>
   <trkpt lat="46.5063740" lon="6.6686090"/>
   <trkpt lat="46.5063660" lon="6.6686610"/>
   <trkpt lat="46.5063590" lon="6.6687120"/>
   <trkpt lat="46.5063550" lon="6.6687640"/>
   <trkpt lat="46.5063500" lon="6.6688170"/>
   <trkpt lat="46.5063460" lon="6.6688700"/>
   <trkpt lat="46.5063430" lon="6.6689240"/>
   <trkpt lat="46.5063390" lon="6.6689730"/>
   <trkpt lat="46.5063330" lon="6.6690250"/>
   <trkpt lat="46.5063280" lon="6.6690730"/>
   <trkpt lat="46.5063210" lon="6.6691300"/>
   <trkpt lat="46.5063150" lon="6.6691810"/>
   <trkpt lat="46.5063080" lon="6.6692390"/>
   <trkpt lat="46.5063010" lon="6.6692910"/>
   <trkpt lat="46.5062940" lon="6.6693370"/>
   <trkpt lat="46.5062890" lon="6.6693850"/>
   <trkpt lat="46.5062840" lon="6.6694330"/>
   <trkpt lat="46.5062770" lon="6.6694850"/>
   <trkpt lat="46.5062700" lon="6.6695300"/>
   <trkpt lat="46.5062620" lon="6.6695870"/>
   <trkpt lat="46.5062570" lon="6.6696300"/>
   <trkpt lat="46.5062490" lon="6.6696850"/>
   <trkpt lat="46.5062410" lon="6.6697320"/>
   <trkpt lat="46.5062340" lon="6.6697800"/>
   <trkpt lat="46.5062240" lon="6.6698290"/>
   <trkpt lat="46.5062160" lon="6.6698730"/>
   <trkpt lat="46.5062030" lon="6.6699160"/>
   <trkpt lat="46.5061940" lon="6.6699570"/>
   <trkpt lat="46.5061830" lon="6.6700030"/>
   <trkpt lat="46.5061720" lon="6.6700460"/>
   <trkpt lat="46.5061570" lon="6.6701000"/>
   <trkpt lat="46.5061420" lon="6.6701450"/>
   <trkpt lat="46.5061260" lon="6.6701890"/>
   <trkpt lat="46.5061080" lon="6.6702300"/>
   <trkpt lat="46.5060890" lon="6.6702730"/>
   <trkpt lat="46.5060690" lon="6.6703150"/>
   <trkpt lat="46.5060510" lon="6.6703560"/>
   <trkpt lat="46.5060300" lon="6.6704010"/>
   <trkpt lat="46.5060120" lon="6.6704390"/>
   <trkpt lat="46.5059910" lon="6.6704860"/>
   <trkpt lat="46.5059730" lon="6.6705240"/>
   <trkpt lat="46.5059520" lon="6.6705700"/>
   <trkpt lat="46.5059330" lon="6.6706100"/>
   <trkpt lat="46.5059160" lon="6.6706520"/>
   <trkpt lat="46.5058960" lon="6.6706980"/>
   <trkpt lat="46.5058790" lon="6.6707430"/>
   <trkpt lat="46.5058580" lon="6.6707930"/>
   <trkpt lat="46.5058430" lon="6.6708330"/>
   <trkpt lat="46.5058260" lon="6.6708780"/>
   <trkpt lat="46.5058080" lon="6.6709160"/>
   <trkpt lat="46.5057870" lon="6.6709650"/>
   <trkpt lat="46.5057680" lon="6.6710050"/>
   <trkpt lat="46.5057500" lon="6.6710450"/>
   <trkpt lat="46.5057300" lon="6.6710920"/>
   <trkpt lat="46.5057120" lon="6.6711310"/>
   <trkpt lat="46.5056900" lon="6.6711740"/>
   <trkpt lat="46.5056690" lon="6.6712100"/>
   <trkpt lat="46.5056420" lon="6.6712540"/>
   <trkpt lat="46.5056210" lon="6.6712840"/>
   <trkpt lat="46.5056000" lon="6.6713260"/>
   <trkpt lat="46.5055780" lon="6.6713660"/>
   <trkpt lat="46.5055580" lon="6.6714070"/>
   <trkpt lat="46.5055370" lon="6.6714510"/>
   <trkpt lat="46.5055170" lon="6.6714870"/>
   <trkpt lat="46.5054950" lon="6.6715310"/>
   <trkpt lat="46.5054770" lon="6.6715690"/>
   <trkpt lat="46.5054560" lon="6.6716120"/>
   <trkpt lat="46.5054350" lon="6.6716530"/>
   <trkpt lat="46.5054160" lon="6.6716960"/>
   <trkpt lat="46.5053950" lon="6.6717370"/>
   <trkpt lat="46.5053780" lon="6.6717820"/>
   <trkpt lat="46.5053600" lon="6.6718260"/>
   <trkpt lat="46.5053430" lon="6.6718660"/>
   <trkpt lat="46.5053270" lon="6.6719140"/>
   <trkpt lat="46.5053110" lon="6.6719580"/>
   <trkpt lat="46.5052960" lon="6.6720030"/>
   <trkpt lat="46.5052800" lon="6.6720460"/>
   <trkpt lat="46.5052660" lon="6.6720890"/>
   <trkpt lat="46.5052540" lon="6.6721340"/>
   <trkpt lat="46.5052430" lon="6.6721790"/>
   <trkpt lat="46.5052290" lon="6.6722270"/>
   <trkpt lat="46.5052180" lon="6.6722660"/>
   <trkpt lat="46.5052050" lon="6.6723190"/>
   <trkpt lat="46.5051920" lon="6.6723670"/>
   <trkpt lat="46.5051790" lon="6.6724180"/>
   <trkpt lat="46.5051690" lon="6.6724600"/>
   <trkpt lat="46.5051590" lon="6.6725020"/>
   <trkpt lat="46.5051490" lon="6.6725450"/>
   <trkpt lat="46.5051380" lon="6.6725890"/>
   <trkpt lat="46.5051250" lon="6.6726390"/>
   <trkpt lat="46.5051150" lon="6.6726830"/>
   <trkpt lat="46.5051050" lon="6.6727340"/>
   <trkpt lat="46.5050970" lon="6.6727810"/>
   <trkpt lat="46.5050900" lon="6.6728290"/>
   <trkpt lat="46.5050830" lon="6.6728800"/>
   <trkpt lat="46.5050780" lon="6.6729240"/>
   <trkpt lat="46.5050710" lon="6.6729780"/>
   <trkpt lat="46.5050640" lon="6.6730310"/>
   <trkpt lat="46.5050570" lon="6.6730780"/>
   <trkpt lat="46.5050490" lon="6.6731290"/>
   <trkpt lat="46.5050420" lon="6.6731850"/>
   <trkpt lat="46.5050350" lon="6.6732410"/>
   <trkpt lat="46.5050280" lon="6.6732990"/>
   <trkpt lat="46.5050220" lon="6.6733560"/>
   <trkpt lat="46.5050160" lon="6.6734070"/>
   <trkpt lat="46.5050100" lon="6.6734610"/>
   <trkpt lat="46.5050060" lon="6.6735040"/>
   <trkpt lat="46.5049990" lon="6.6735560"/>
   <trkpt lat="46.5049930" lon="6.6736010"/>
   <trkpt lat="46.5049880" lon="6.6736560"/>
   <trkpt lat="46.5049840" lon="6.6737050"/>
   <trkpt lat="46.5049830" lon="6.6737580"/>
   <trkpt lat="46.5049810" lon="6.6738120"/>
   <trkpt lat="46.5049780" lon="6.6738640"/>
   <trkpt lat="46.5049730" lon="6.6739170"/>
   <trkpt lat="46.5049700" lon="6.6739590"/>
   <trkpt lat="46.5049640" lon="6.6740130"/>
   <trkpt lat="46.5049580" lon="6.6740580"/>
   <trkpt lat="46.5049510" lon="6.6741100"/>
   <trkpt lat="46.5049450" lon="6.6741630"/>
   <trkpt lat="46.5049430" lon="6.6742090"/>
   <trkpt lat="46.5049390" lon="6.6742520"/>
   <trkpt lat="46.5049350" lon="6.6743000"/>
   <trkpt lat="46.5049280" lon="6.6743590"/>
   <trkpt lat="46.5049230" lon="6.6744100"/>
   <trkpt lat="46.5049170" lon="6.6744650"/>
   <trkpt lat="46.5049100" lon="6.6745130"/>
   <trkpt lat="46.5049030" lon="6.6745640"/>
   <trkpt lat="46.5048960" lon="6.6746080"/>
   <trkpt lat="46.5048890" lon="6.6746590"/>
   <trkpt lat="46.5048790" lon="6.6747100"/>
   <trkpt lat="46.5048720" lon="6.6747610"/>
   <trkpt lat="46.5048620" lon="6.6748110"/>
   <trkpt lat="46.5048530" lon="6.6748550"/>
   <trkpt lat="46.5048430" lon="6.6749030"/>
   <trkpt lat="46.5048280" lon="6.6749510"/>
   <trkpt lat="46.5048120" lon="6.6750060"/>
   <trkpt lat="46.5047980" lon="6.6750560"/>
   <trkpt lat="46.5047850" lon="6.6751060"/>
   <trkpt lat="46.5047730" lon="6.6751570"/>
   <trkpt lat="46.5047630" lon="6.6752060"/>
   <trkpt lat="46.5047520" lon="6.6752560"/>
   <trkpt lat="46.5047430" lon="6.6752980"/>
   <trkpt lat="46.5047300" lon="6.6753500"/>
   <trkpt lat="46.5047200" lon="6.6753930"/>
   <trkpt lat="46.5047070" lon="6.6754450"/>
   <trkpt lat="46.5046930" lon="6.6754900"/>
   <trkpt lat="46.5046800" lon="6.6755350"/>
   <trkpt lat="46.5046640" lon="6.6755820"/>
   <trkpt lat="46.5046490" lon="6.6756270"/>
   <trkpt lat="46.5046340" lon="6.6756780"/>
   <trkpt lat="46.5046200" lon="6.6757260"/>
   <trkpt lat="46.5046070" lon="6.6757770"/>
   <trkpt lat="46.5045920" lon="6.6758230"/>
   <trkpt lat="46.5045780" lon="6.6758710"/>
   <trkpt lat="46.5045650" lon="6.6759160"/>
   <trkpt lat="46.5045540" lon="6.6759590"/>
   <trkpt lat="46.5045440" lon="6.6760070"/>
   <trkpt lat="46.5045330" lon="6.6760500"/>
   <trkpt lat="46.5045190" lon="6.6761020"/>
   <trkpt lat="46.5045080" lon="6.6761490"/>
   <trkpt lat="46.5044950" lon="6.6762040"/>
   <trkpt lat="46.5044820" lon="6.6762540"/>
   <trkpt lat="46.5044710" lon="6.6763080"/>
   <trkpt lat="46.5044620" lon="6.6763620"/>
   <trkpt lat="46.5044550" lon="6.6764140"/>
   <trkpt lat="46.5044470" lon="6.6764670"/>
   <trkpt lat="46.5044400" lon="6.6765140"/>
   <trkpt lat="46.5044300" lon="6.6765640"/>
   <trkpt lat="46.5044230" lon="6.6766080"/>
   <trkpt lat="46.5044160" lon="6.6766580"/>
   <trkpt lat="46.5044080" lon="6.6767020"/>
   <trkpt lat="46.5044000" lon="6.6767540"/>
   <trkpt lat="46.5043910" lon="6.6768040"/>
   <trkpt lat="46.5043830" lon="6.6768530"/>
   <trkpt lat="46.5043740" lon="6.6769070"/>
   <trkpt lat="46.5043660" lon="6.6769530"/>
   <trkpt lat="46.5043570" lon="6.6770060"/>
   <trkpt lat="46.5043500" lon="6.6770510"/>
   <trkpt lat="46.5043430" lon="6.6771030"/>
   <trkpt lat="46.5043340" lon="6.6771480"/>
   <trkpt lat="46.5043260" lon="6.6771980"/>
   <trkpt lat="46.5043180" lon="6.6772470"/>
   <trkpt lat="46.5043120" lon="6.6772890"/>
   <trkpt lat="46.5043080" lon="6.6773360"/>
   <trkpt lat="46.5043020" lon="6.6773840"/>
   <trkpt lat="46.5042950" lon="6.6774400"/>
   <trkpt lat="46.5042880" lon="6.6774870"/>
   <trkpt lat="46.5042790" lon="6.6775410"/>
   <trkpt lat="46.5042700" lon="6.6775870"/>
   <trkpt lat="46.5042610" lon="6.6776370"/>
   <trkpt lat="46.5042510" lon="6.6776870"/>
   <trkpt lat="46.5042420" lon="6.6777370"/>
   <trkpt lat="46.5042310" lon="6.6777920"/>
   <trkpt lat="46.5042230" lon="6.6778390"/>
   <trkpt lat="46.5042150" lon="6.6778880"/>
   <trkpt lat="46.5042090" lon="6.6779320"/>
   <trkpt lat="46.5042050" lon="6.6779830"/>
   <trkpt lat="46.5042020" lon="6.6780320"/>
   <trkpt lat="46.5041990" lon="6.6780830"/>
   <trkpt lat="46.5041960" lon="6.6781360"/>
   <trkpt lat="46.5041930" lon="6.6781860"/>
   <trkpt lat="46.5041880" lon="6.6782380"/>
   <trkpt lat="46.5041810" lon="6.6782820"/>
   <trkpt lat="46.5041750" lon="6.6783250"/>
   <trkpt lat="46.5041670" lon="6.6783690"/>
   <trkpt lat="46.5041570" lon="6.6784120"/>
   <trkpt lat="46.5041470" lon="6.6784600"/>
   <trkpt lat="46.5041370" lon="6.6785070"/>
   <trkpt lat="46.5041280" lon="6.6785560"/>
   <trkpt lat="46.5041210" lon="6.6785970"/>
   <trkpt lat="46.5041090" lon="6.6786490"/>
   <trkpt lat="46.5040990" lon="6.6786960"/>
   <trkpt lat="46.5040880" lon="6.6787540"/>
   <trkpt lat="46.5040790" lon="6.6787970"/>
   <trkpt lat="46.5040730" lon="6.6788480"/>
   <trkpt lat="46.5040640" lon="6.6788950"/>
   <trkpt lat="46.5040540" lon="6.6789380"/>
   <trkpt lat="46.5040360" lon="6.6789740"/>
   <trkpt lat="46.5040120" lon="6.6789830"/>
   <trkpt lat="46.5040020" lon="6.6789450"/>
   <trkpt lat="46.5039910" lon="6.6789070"/>
   <trkpt lat="46.5039930" lon="6.6788490"/>
   <trkpt lat="46.5039970" lon="6.6787960"/>
   <trkpt lat="46.5040040" lon="6.6787430"/>
   <trkpt lat="46.5040150" lon="6.6786870"/>
   <trkpt lat="46.5040250" lon="6.6786320"/>
   <trkpt lat="46.5040330" lon="6.6785800"/>
   <trkpt lat="46.5040400" lon="6.6785290"/>
   <trkpt lat="46.5040460" lon="6.6784810"/>
   <trkpt lat="46.5040530" lon="6.6784370"/>
   <trkpt lat="46.5040580" lon="6.6783880"/>
   <trkpt lat="46.5040650" lon="6.6783440"/>
   <trkpt lat="46.5040740" lon="6.6782940"/>
   <trkpt lat="46.5040860" lon="6.6782500"/>
   <trkpt lat="46.5040970" lon="6.6782040"/>
   <trkpt lat="46.5041110" lon="6.6781570"/>
   <trkpt lat="46.5041200" lon="6.6781100"/>
   <trkpt lat="46.5041300" lon="6.6780600"/>
   <trkpt lat="46.5041390" lon="6.6780160"/>
   <trkpt lat="46.5041460" lon="6.6779680"/>
   <trkpt lat="46.5041520" lon="6.6779240"/>
   <trkpt lat="46.5041570" lon="6.6778790"/>
   <trkpt lat="46.5041650" lon="6.6778330"/>
   <trkpt lat="46.5041720" lon="6.6777870"/>
   <trkpt lat="46.5041780" lon="6.6777400"/>
   <trkpt lat="46.5041830" lon="6.6776990"/>
   <trkpt lat="46.5041900" lon="6.6776490"/>
   <trkpt lat="46.5041970" lon="6.6776080"/>
   <trkpt lat="46.5042030" lon="6.6775600"/>
   <trkpt lat="46.5042110" lon="6.6775120"/>
   <trkpt lat="46.5042150" lon="6.6774630"/>
   <trkpt lat="46.5042220" lon="6.6774140"/>
   <trkpt lat="46.5042320" lon="6.6773750"/>
   <trkpt lat="46.5042410" lon="6.6773240"/>
   <trkpt lat="46.5042500" lon="6.6772780"/>
   <trkpt lat="46.5042560" lon="6.6772320"/>
   <trkpt lat="46.5042630" lon="6.6771900"/>
   <trkpt lat="46.5042690" lon="6.6771450"/>
   <trkpt lat="46.5042770" lon="6.6770990"/>
   <trkpt lat="46.5042830" lon="6.6770560"/>
   <trkpt lat="46.5042910" lon="6.6770100"/>
   <trkpt lat="46.5043030" lon="6.6769760"/>
   <trkpt lat="46.5043130" lon="6.6769290"/>
   <trkpt lat="46.5043220" lon="6.6768800"/>
   <trkpt lat="46.5043290" lon="6.6768340"/>
   <trkpt lat="46.5043380" lon="6.6767840"/>
   <trkpt lat="46.5043450" lon="6.6767430"/>
   <trkpt lat="46.5043560" lon="6.6766950"/>
   <trkpt lat="46.5043660" lon="6.6766570"/>
   <trkpt lat="46.5043770" lon="6.6766100"/>
   <trkpt lat="46.5043870" lon="6.6765650"/>
   <trkpt lat="46.5043950" lon="6.6765220"/>
   <trkpt lat="46.5044040" lon="6.6764780"/>
   <trkpt lat="46.5044100" lon="6.6764390"/>
   <trkpt lat="46.5044190" lon="6.6763890"/>
   <trkpt lat="46.5044290" lon="6.6763400"/>
   <trkpt lat="46.5044380" lon="6.6762930"/>
   <trkpt lat="46.5044450" lon="6.6762560"/>
   <trkpt lat="46.5044550" lon="6.6762190"/>
   <trkpt lat="46.5044630" lon="6.6761790"/>
   <trkpt lat="46.5044670" lon="6.6761380"/>
   <trkpt lat="46.5044780" lon="6.6760910"/>
   <trkpt lat="46.5044860" lon="6.6760450"/>
   <trkpt lat="46.5044960" lon="6.6759920"/>
   <trkpt lat="46.5045080" lon="6.6759510"/>
   <trkpt lat="46.5045190" lon="6.6759010"/>
   <trkpt lat="46.5045310" lon="6.6758530"/>
   <trkpt lat="46.5045420" lon="6.6758120"/>
   <trkpt lat="46.5045520" lon="6.6757680"/>
   <trkpt lat="46.5045600" lon="6.6757290"/>
   <trkpt lat="46.5045700" lon="6.6756840"/>
   <trkpt lat="46.5045800" lon="6.6756450"/>
   <trkpt lat="46.5045930" lon="6.6755980"/>
   <trkpt lat="46.5046060" lon="6.6755500"/>
   <trkpt lat="46.5046180" lon="6.6755100"/>
   <trkpt lat="46.5046290" lon="6.6754710"/>
   <trkpt lat="46.5046420" lon="6.6754280"/>
   <trkpt lat="46.5046580" lon="6.6753780"/>
   <trkpt lat="46.5046700" lon="6.6753340"/>
   <trkpt lat="46.5046800" lon="6.6752910"/>
   <trkpt lat="46.5046850" lon="6.6752550"/>
   <trkpt lat="46.5046920" lon="6.6752130"/>
   <trkpt lat="46.5047000" lon="6.6751730"/>
   <trkpt lat="46.5047110" lon="6.6751240"/>
   <trkpt lat="46.5047220" lon="6.6750790"/>
   <trkpt lat="46.5047320" lon="6.6750350"/>
   <trkpt lat="46.5047450" lon="6.6749880"/>
   <trkpt lat="46.5047560" lon="6.6749420"/>
   <trkpt lat="46.5047670" lon="6.6748910"/>
   <trkpt lat="46.5047790" lon="6.6748410"/>
   <trkpt lat="46.5047870" lon="6.6748000"/>
   <trkpt lat="46.5047940" lon="6.6747580"/>
   <trkpt lat="46.5048010" lon="6.6747170"/>
   <trkpt lat="46.5048060" lon="6.6746700"/>
   <trkpt lat="46.5048100" lon="6.6746250"/>
   <trkpt lat="46.5048140" lon="6.6745770"/>
   <trkpt lat="46.5048200" lon="6.6745390"/>
   <trkpt lat="46.5048260" lon="6.6744930"/>
   <trkpt lat="46.5048340" lon="6.6744450"/>
   <trkpt lat="46.5048430" lon="6.6743930"/>
   <trkpt lat="46.5048500" lon="6.6743450"/>
   <trkpt lat="46.5048570" lon="6.6743000"/>
   <trkpt lat="46.5048630" lon="6.6742570"/>
   <trkpt lat="46.5048670" lon="6.6742160"/>
   <trkpt lat="46.5048730" lon="6.6741710"/>
   <trkpt lat="46.5048800" lon="6.6741250"/>
   <trkpt lat="46.5048870" lon="6.6740780"/>
   <trkpt lat="46.5048940" lon="6.6740310"/>
   <trkpt lat="46.5049000" lon="6.6739880"/>
   <trkpt lat="46.5049060" lon="6.6739410"/>
   <trkpt lat="46.5049120" lon="6.6738960"/>
   <trkpt lat="46.5049200" lon="6.6738490"/>
   <trkpt lat="46.5049290" lon="6.6738030"/>
   <trkpt lat="46.5049360" lon="6.6737540"/>
   <trkpt lat="46.5049430" lon="6.6737070"/>
   <trkpt lat="46.5049460" lon="6.6736630"/>
   <trkpt lat="46.5049500" lon="6.6736100"/>
   <trkpt lat="46.5049520" lon="6.6735680"/>
   <trkpt lat="46.5049560" lon="6.6735200"/>
   <trkpt lat="46.5049610" lon="6.6734720"/>
   <trkpt lat="46.5049650" lon="6.6734200"/>
   <trkpt lat="46.5049710" lon="6.6733670"/>
   <trkpt lat="46.5049760" lon="6.6733170"/>
   <trkpt lat="46.5049800" lon="6.6732670"/>
   <trkpt lat="46.5049820" lon="6.6732210"/>
   <trkpt lat="46.5049860" lon="6.6731680"/>
   <trkpt lat="46.5049910" lon="6.6731250"/>
   <trkpt lat="46.5049960" lon="6.6730800"/>
   <trkpt lat="46.5050040" lon="6.6730350"/>
   <trkpt lat="46.5050110" lon="6.6729900"/>
   <trkpt lat="46.5050200" lon="6.6729460"/>
   <trkpt lat="46.5050270" lon="6.6728980"/>
   <trkpt lat="46.5050340" lon="6.6728470"/>
   <trkpt lat="46.5050410" lon="6.6728020"/>
   <trkpt lat="46.5050470" lon="6.6727550"/>
   <trkpt lat="46.5050540" lon="6.6727060"/>
   <trkpt lat="46.5050600" lon="6.6726590"/>
   <trkpt lat="46.5050690" lon="6.6726110"/>
   <trkpt lat="46.5050800" lon="6.6725640"/>
   <trkpt lat="46.5050910" lon="6.6725200"/>
   <trkpt lat="46.5051000" lon="6.6724730"/>
   <trkpt lat="46.5051110" lon="6.6724210"/>
   <trkpt lat="46.5051190" lon="6.6723800"/>
   <trkpt lat="46.5051280" lon="6.6723350"/>
   <trkpt lat="46.5051390" lon="6.6722900"/>
   <trkpt lat="46.5051500" lon="6.6722450"/>
   <trkpt lat="46.5051610" lon="6.6721980"/>
   <trkpt lat="46.5051730" lon="6.6721570"/>
   <trkpt lat="46.5051870" lon="6.6721120"/>
   <trkpt lat="46.5052000" lon="6.6720700"/>
   <trkpt lat="46.5052140" lon="6.6720240"/>
   <trkpt lat="46.5052280" lon="6.6719810"/>
   <trkpt lat="46.5052410" lon="6.6719370"/>
   <trkpt lat="46.5052550" lon="6.6718980"/>
   <trkpt lat="46.5052690" lon="6.6718560"/>
   <trkpt lat="46.5052860" lon="6.6718130"/>
   <trkpt lat="46.5053010" lon="6.6717720"/>
   <trkpt lat="46.5053190" lon="6.6717250"/>
   <trkpt lat="46.5053360" lon="6.6716810"/>
   <trkpt lat="46.5053550" lon="6.6716420"/>
   <trkpt lat="46.5053730" lon="6.6716080"/>
   <trkpt lat="46.5053930" lon="6.6715670"/>
   <trkpt lat="46.5054150" lon="6.6715270"/>
   <trkpt lat="46.5054350" lon="6.6714860"/>
   <trkpt lat="46.5054560" lon="6.6714480"/>
   <trkpt lat="46.5054730" lon="6.6714140"/>
   <trkpt lat="46.5054900" lon="6.6713800"/>
   <trkpt lat="46.5055100" lon="6.6713440"/>
   <trkpt lat="46.5055320" lon="6.6713000"/>
   <trkpt lat="46.5055520" lon="6.6712610"/>
   <trkpt lat="46.5055700" lon="6.6712210"/>
   <trkpt lat="46.5055920" lon="6.6711810"/>
   <trkpt lat="46.5056110" lon="6.6711490"/>
   <trkpt lat="46.5056300" lon="6.6711100"/>
   <trkpt lat="46.5056450" lon="6.6710750"/>
   <trkpt lat="46.5056630" lon="6.6710310"/>
   <trkpt lat="46.5056790" lon="6.6709900"/>
   <trkpt lat="46.5056940" lon="6.6709460"/>
   <trkpt lat="46.5057100" lon="6.6709000"/>
   <trkpt lat="46.5057220" lon="6.6708610"/>
   <trkpt lat="46.5057390" lon="6.6708180"/>
   <trkpt lat="46.5057540" lon="6.6707810"/>
   <trkpt lat="46.5057710" lon="6.6707360"/>
   <trkpt lat="46.5057910" lon="6.6706950"/>
   <trkpt lat="46.5058080" lon="6.6706530"/>
   <trkpt lat="46.5058280" lon="6.6706090"/>
   <trkpt lat="46.5058460" lon="6.6705700"/>
   <trkpt lat="46.5058640" lon="6.6705300"/>
   <trkpt lat="46.5058840" lon="6.6704930"/>
   <trkpt lat="46.5059030" lon="6.6704550"/>
   <trkpt lat="46.5059250" lon="6.6704160"/>
   <trkpt lat="46.5059410" lon="6.6703800"/>
   <trkpt lat="46.5059600" lon="6.6703420"/>
   <trkpt lat="46.5059740" lon="6.6703080"/>
   <trkpt lat="46.5059890" lon="6.6702680"/>
   <trkpt lat="46.5060080" lon="6.6702300"/>
   <trkpt lat="46.5060260" lon="6.6701880"/>
   <trkpt lat="46.5060440" lon="6.6701440"/>
   <trkpt lat="46.5060580" lon="6.6701080"/>
   <trkpt lat="46.5060760" lon="6.6700640"/>
   <trkpt lat="46.5060930" lon="6.6700230"/>
   <trkpt lat="46.5061090" lon="6.6699770"/>
   <trkpt lat="46.5061250" lon="6.6699360"/>
   <trkpt lat="46.5061400" lon="6.6698910"/>
   <trkpt lat="46.5061550" lon="6.6698430"/>
   <trkpt lat="46.5061670" lon="6.6697970"/>
   <trkpt lat="46.5061810" lon="6.6697450"/>
   <trkpt lat="46.5061910" lon="6.6697030"/>
   <trkpt lat="46.5062000" lon="6.6696540"/>
   <trkpt lat="46.5062090" lon="6.6696090"/>
   <trkpt lat="46.5062200" lon="6.6695640"/>
   <trkpt lat="46.5062290" lon="6.6695190"/>
   <trkpt lat="46.5062370" lon="6.6694750"/>
   <trkpt lat="46.5062460" lon="6.6694260"/>
   <trkpt lat="46.5062540" lon="6.6693850"/>
   <trkpt lat="46.5062590" lon="6.6693440"/>
   <trkpt lat="46.5062640" lon="6.6693030"/>
   <trkpt lat="46.5062680" lon="6.6692560"/>
   <trkpt lat="46.5062710" lon="6.6692060"/>
   <trkpt lat="46.5062740" lon="6.6691600"/>
   <trkpt lat="46.5062770" lon="6.6691120"/>
   <trkpt lat="46.5062800" lon="6.6690740"/>
   <trkpt lat="46.5062850" lon="6.6690260"/>
   <trkpt lat="46.5062920" lon="6.6689840"/>
   <trkpt lat="46.5062970" lon="6.6689380"/>
   <trkpt lat="46.5063030" lon="6.6688900"/>
   <trkpt lat="46.5063070" lon="6.6688440"/>
   <trkpt lat="46.5063130" lon="6.6687910"/>
   <trkpt lat="46.5063170" lon="6.6687450"/>
   <trkpt lat="46.5063220" lon="6.6686970"/>
   <trkpt lat="46.5063300" lon="6.6686540"/>
   <trkpt lat="46.5063360" lon="6.6686080"/>
   <trkpt lat="46.5063440" lon="6.6685560"/>
   <trkpt lat="46.5063510" lon="6.6685070"/>
   <trkpt lat="46.5063600" lon="6.6684570"/>
   <trkpt lat="46.5063700" lon="6.6684140"/>
   <trkpt lat="46.5063800" lon="6.6683680"/>
   <trkpt lat="46.5063900" lon="6.6683280"/>
   <trkpt lat="46.5064000" lon="6.6682830"/>
   <trkpt lat="46.5064110" lon="6.6682390"/>
   <trkpt lat="46.5064210" lon="6.6682000"/>
   <trkpt lat="46.5064340" lon="6.6681590"/>
   <trkpt lat="46.5064450" lon="6.6681210"/>
   <trkpt lat="46.5064560" lon="6.6680810"/>
   <trkpt lat="46.5064710" lon="6.6680390"/>
   <trkpt lat="46.5064830" lon="6.6679930"/>
   <trkpt lat="46.5064970" lon="6.6679460"/>
   <trkpt lat="46.5065090" lon="6.6679040"/>
   <trkpt lat="46.5065230" lon="6.6678590"/>
   <trkpt lat="46.5065360" lon="6.6678180"/>
   <trkpt lat="46.5065510" lon="6.6677710"/>
   <trkpt lat="46.5065660" lon="6.6677230"/>
   <trkpt lat="46.5065780" lon="6.6676800"/>
   <trkpt lat="46.5065900" lon="6.6676340"/>
   <trkpt lat="46.5066030" lon="6.6675940"/>
   <trkpt lat="46.5066180" lon="6.6675490"/>
   <trkpt lat="46.5066320" lon="6.6675070"/>
   <trkpt lat="46.5066460" lon="6.6674590"/>
   <trkpt lat="46.5066580" lon="6.6674050"/>
   <trkpt lat="46.5066690" lon="6.6673590"/>
   <trkpt lat="46.5066820" lon="6.6673050"/>
   <trkpt lat="46.5066910" lon="6.6672640"/>
   <trkpt lat="46.5067040" lon="6.6672190"/>
   <trkpt lat="46.5067180" lon="6.6671790"/>
   <trkpt lat="46.5067350" lon="6.6671340"/>
   <trkpt lat="46.5067500" lon="6.6670930"/>
   <trkpt lat="46.5067640" lon="6.6670520"/>
   <trkpt lat="46.5067820" lon="6.6670080"/>
   <trkpt lat="46.5067990" lon="6.6669620"/>
   <trkpt lat="46.5068170" lon="6.6669170"/>
   <trkpt lat="46.5068350" lon="6.6668740"/>
   <trkpt lat="46.5068540" lon="6.6668280"/>
   <trkpt lat="46.5068700" lon="6.6667810"/>
   <trkpt lat="46.5068850" lon="6.6667390"/>
   <trkpt lat="46.5069000" lon="6.6666960"/>
   <trkpt lat="46.5069150" lon="6.6666600"/>
   <trkpt lat="46.5069310" lon="6.6666080"/>
   <trkpt lat="46.5069470" lon="6.6665620"/>
   <trkpt lat="46.5069630" lon="6.6665100"/>
   <trkpt lat="46.5069770" lon="6.6664580"/>
   <trkpt lat="46.5069890" lon="6.6664070"/>
   <trkpt lat="46.5070070" lon="6.6663610"/>
   <trkpt lat="46.5070210" lon="6.6663220"/>
   <trkpt lat="46.5070350" lon="6.6662790"/>
   <trkpt lat="46.5070480" lon="6.6662360"/>
   <trkpt lat="46.5070590" lon="6.6661880"/>
   <trkpt lat="46.5070680" lon="6.6661360"/>
   <trkpt lat="46.5070780" lon="6.6660890"/>
   <trkpt lat="46.5070880" lon="6.6660400"/>
   <trkpt lat="46.5070950" lon="6.6659970"/>
   <trkpt lat="46.5071060" lon="6.6659480"/>
   <trkpt lat="46.5071170" lon="6.6659060"/>
   <trkpt lat="46.5071270" lon="6.6658620"/>
   <trkpt lat="46.5071360" lon="6.6658120"/>
   <trkpt lat="46.5071410" lon="6.6657620"/>
   <trkpt lat="46.5071450" lon="6.6657120"/>
   <trkpt lat="46.5071500" lon="6.6656690"/>
   <trkpt lat="46.5071550" lon="6.6656190"/>
   <trkpt lat="46.5071610" lon="6.6655730"/>
   <trkpt lat="46.5071650" lon="6.6655270"/>
   <trkpt lat="46.5071680" lon="6.6654790"/>
   <trkpt lat="46.5071720" lon="6.6654320"/>
   <trkpt lat="46.5071760" lon="6.6653820"/>
   <trkpt lat="46.5071810" lon="6.6653350"/>
   <trkpt lat="46.5071840" lon="6.6652850"/>
   <trkpt lat="46.5071870" lon="6.6652370"/>
   <trkpt lat="46.5071900" lon="6.6651940"/>
   <trkpt lat="46.5071940" lon="6.6651450"/>
   <trkpt lat="46.5071950" lon="6.6650990"/>
   <trkpt lat="46.5071980" lon="6.6650480"/>
   <trkpt lat="46.5072010" lon="6.6649980"/>
   <trkpt lat="46.5072020" lon="6.6649460"/>
   <trkpt lat="46.5072050" lon="6.6648990"/>
   <trkpt lat="46.5072060" lon="6.6648490"/>
   <trkpt lat="46.5072060" lon="6.6647980"/>
   <trkpt lat="46.5072030" lon="6.6647520"/>
   <trkpt lat="46.5071990" lon="6.6647040"/>
   <trkpt lat="46.5071960" lon="6.6646610"/>
   <trkpt lat="46.5071920" lon="6.6646110"/>
   <trkpt lat="46.5071900" lon="6.6645630"/>
   <trkpt lat="46.5071840" lon="6.6645110"/>
   <trkpt lat="46.5071790" lon="6.6644620"/>
   <trkpt lat="46.5071750" lon="6.6644130"/>
   <trkpt lat="46.5071730" lon="6.6643670"/>
   <trkpt lat="46.5071680" lon="6.6643260"/>
   <trkpt lat="46.5071620" lon="6.6642800"/>
   <trkpt lat="46.5071550" lon="6.6642370"/>
   <trkpt lat="46.5071390" lon="6.6641670"/>
   <trkpt lat="46.5071340" lon="6.6641460"/>
   <trkpt lat="46.5071230" lon="6.6640960"/>
   <trkpt lat="46.5071110" lon="6.6640420"/>
   <trkpt lat="46.5070990" lon="6.6639940"/>
   <trkpt lat="46.5070860" lon="6.6639460"/>
   <trkpt lat="46.5070790" lon="6.6639020"/>
   <trkpt lat="46.5070700" lon="6.6638560"/>
   <trkpt lat="46.5070630" lon="6.6638050"/>
   <trkpt lat="46.5070530" lon="6.6637560"/>
   <trkpt lat="46.5070440" lon="6.6637070"/>
   <trkpt lat="46.5070350" lon="6.6636640"/>
   <trkpt lat="46.5070260" lon="6.6636160"/>
   <trkpt lat="46.5070160" lon="6.6635690"/>
   <trkpt lat="46.5070030" lon="6.6635170"/>
   <trkpt lat="46.5069950" lon="6.6634750"/>
   <trkpt lat="46.5069830" lon="6.6634240"/>
   <trkpt lat="46.5069750" lon="6.6633770"/>
   <trkpt lat="46.5069640" lon="6.6633290"/>
   <trkpt lat="46.5069560" lon="6.6632800"/>
   <trkpt lat="46.5069530" lon="6.6632320"/>
   <trkpt lat="46.5069460" lon="6.6631810"/>
   <trkpt lat="46.5069390" lon="6.6631350"/>
   <trkpt lat="46.5069310" lon="6.6630840"/>
   <trkpt lat="46.5069270" lon="6.6630360"/>
   <trkpt lat="46.5069180" lon="6.6629870"/>
   <trkpt lat="46.5069100" lon="6.6629400"/>
   <trkpt lat="46.5069010" lon="6.6628960"/>
   <trkpt lat="46.5068920" lon="6.6628450"/>
   <trkpt lat="46.5068850" lon="6.6628000"/>
   <trkpt lat="46.5068750" lon="6.6627490"/>
   <trkpt lat="46.5068670" lon="6.6627010"/>
   <trkpt lat="46.5068570" lon="6.6626560"/>
   <trkpt lat="46.5068500" lon="6.6626100"/>
   <trkpt lat="46.5068400" lon="6.6625690"/>
   <trkpt lat="46.5068310" lon="6.6625210"/>
   <trkpt lat="46.5068190" lon="6.6624710"/>
   <trkpt lat="46.5068070" lon="6.6624230"/>
   <trkpt lat="46.5067960" lon="6.6623810"/>
   <trkpt lat="46.5067840" lon="6.6623320"/>
   <trkpt lat="46.5067750" lon="6.6622880"/>
   <trkpt lat="46.5067650" lon="6.6622370"/>
   <trkpt lat="46.5067560" lon="6.6621890"/>
   <trkpt lat="46.5067470" lon="6.6621400"/>
   <trkpt lat="46.5067390" lon="6.6620840"/>
   <trkpt lat="46.5067310" lon="6.6620360"/>
   <trkpt lat="46.5067220" lon="6.6619810"/>
   <trkpt lat="46.5067130" lon="6.6619340"/>
   <trkpt lat="46.5067040" lon="6.6618820"/>
   <trkpt lat="46.5066990" lon="6.6618330"/>
   <trkpt lat="46.5066920" lon="6.6617830"/>
   <trkpt lat="46.5066860" lon="6.6617320"/>
   <trkpt lat="46.5066810" lon="6.6616860"/>
   <trkpt lat="46.5066770" lon="6.6616330"/>
   <trkpt lat="46.5066720" lon="6.6615910"/>
   <trkpt lat="46.5066690" lon="6.6615400"/>
   <trkpt lat="46.5066670" lon="6.6614900"/>
   <trkpt lat="46.5066620" lon="6.6614390"/>
   <trkpt lat="46.5066570" lon="6.6613920"/>
   <trkpt lat="46.5066530" lon="6.6613450"/>
   <trkpt lat="46.5066500" lon="6.6612940"/>
   <trkpt lat="46.5066480" lon="6.6612430"/>
   <trkpt lat="46.5066450" lon="6.6611860"/>
   <trkpt lat="46.5066440" lon="6.6611380"/>
   <trkpt lat="46.5066430" lon="6.6610840"/>
   <trkpt lat="46.5066450" lon="6.6610350"/>
   <trkpt lat="46.5066480" lon="6.6609810"/>
   <trkpt lat="46.5066510" lon="6.6609320"/>
   <trkpt lat="46.5066550" lon="6.6608790"/>
   <trkpt lat="46.5066590" lon="6.6608290"/>
   <trkpt lat="46.5066620" lon="6.6607750"/>
   <trkpt lat="46.5066630" lon="6.6607230"/>
   <trkpt lat="46.5066640" lon="6.6606750"/>
   <trkpt lat="46.5066670" lon="6.6606250"/>
   <trkpt lat="46.5066700" lon="6.6605770"/>
   <trkpt lat="46.5066710" lon="6.6605240"/>
   <trkpt lat="46.5066770" lon="6.6604770"/>
   <trkpt lat="46.5066820" lon="6.6604230"/>
   <trkpt lat="46.5066900" lon="6.6603670"/>
   <trkpt lat="46.5066930" lon="6.6603140"/>
   <trkpt lat="46.5066970" lon="6.6602620"/>
   <trkpt lat="46.5067020" lon="6.6602120"/>
   <trkpt lat="46.5067080" lon="6.6601590"/>
   <trkpt lat="46.5067120" lon="6.6601100"/>
   <trkpt lat="46.5067180" lon="6.6600600"/>
   <trkpt lat="46.5067250" lon="6.6600180"/>
   <trkpt lat="46.5067310" lon="6.6599780"/>
   <trkpt lat="46.5067390" lon="6.6599290"/>
   <trkpt lat="46.5067450" lon="6.6598820"/>
   <trkpt lat="46.5067530" lon="6.6598330"/>
   <trkpt lat="46.5067590" lon="6.6597850"/>
   <trkpt lat="46.5067660" lon="6.6597330"/>
   <trkpt lat="46.5067740" lon="6.6596850"/>
   <trkpt lat="46.5067790" lon="6.6596350"/>
   <trkpt lat="46.5067850" lon="6.6595880"/>
   <trkpt lat="46.5067870" lon="6.6595400"/>
   <trkpt lat="46.5067880" lon="6.6594860"/>
   <trkpt lat="46.5067870" lon="6.6594350"/>
   <trkpt lat="46.5067890" lon="6.6593790"/>
   <trkpt lat="46.5067910" lon="6.6593300"/>
   <trkpt lat="46.5067920" lon="6.6592790"/>
   <trkpt lat="46.5067950" lon="6.6592260"/>
   <trkpt lat="46.5067960" lon="6.6591790"/>
   <trkpt lat="46.5067980" lon="6.6591310"/>
   <trkpt lat="46.5067950" lon="6.6590900"/>
   <trkpt lat="46.5067940" lon="6.6590420"/>
   <trkpt lat="46.5067940" lon="6.6589960"/>
   <trkpt lat="46.5067900" lon="6.6589440"/>
   <trkpt lat="46.5067880" lon="6.6588910"/>
   <trkpt lat="46.5067840" lon="6.6588480"/>
   <trkpt lat="46.5067820" lon="6.6588020"/>
   <trkpt lat="46.5067790" lon="6.6587600"/>
   <trkpt lat="46.5067760" lon="6.6587080"/>
   <trkpt lat="46.5067730" lon="6.6586660"/>
   <trkpt lat="46.5067700" lon="6.6586200"/>
   <trkpt lat="46.5067710" lon="6.6585740"/>
   <trkpt lat="46.5067690" lon="6.6585270"/>
   <trkpt lat="46.5067660" lon="6.6584760"/>
   <trkpt lat="46.5067620" lon="6.6584300"/>
   <trkpt lat="46.5067570" lon="6.6583770"/>
   <trkpt lat="46.5067530" lon="6.6583310"/>
   <trkpt lat="46.5067490" lon="6.6582820"/>
   <trkpt lat="46.5067460" lon="6.6582320"/>
   <trkpt lat="46.5067460" lon="6.6581920"/>
   <trkpt lat="46.5067420" lon="6.6581490"/>
   <trkpt lat="46.5067350" lon="6.6581040"/>
   <trkpt lat="46.5067290" lon="6.6580590"/>
   <trkpt lat="46.5067220" lon="6.6580140"/>
   <trkpt lat="46.5067140" lon="6.6579740"/>
   <trkpt lat="46.5067080" lon="6.6579310"/>
   <trkpt lat="46.5067020" lon="6.6578880"/>
   <trkpt lat="46.5066990" lon="6.6578400"/>
   <trkpt lat="46.5066950" lon="6.6577930"/>
   <trkpt lat="46.5066940" lon="6.6577520"/>
   <trkpt lat="46.5066930" lon="6.6577090"/>
   <trkpt lat="46.5066870" lon="6.6576570"/>
   <trkpt lat="46.5066820" lon="6.6576020"/>
   <trkpt lat="46.5066780" lon="6.6575460"/>
   <trkpt lat="46.5066730" lon="6.6574890"/>
   <trkpt lat="46.5066680" lon="6.6574420"/>
   <trkpt lat="46.5066610" lon="6.6573930"/>
   <trkpt lat="46.5066560" lon="6.6573480"/>
   <trkpt lat="46.5066490" lon="6.6573050"/>
   <trkpt lat="46.5066440" lon="6.6572570"/>
   <trkpt lat="46.5066390" lon="6.6572110"/>
   <trkpt lat="46.5066360" lon="6.6571640"/>
   <trkpt lat="46.5066330" lon="6.6571210"/>
   <trkpt lat="46.5066280" lon="6.6570760"/>
   <trkpt lat="46.5066240" lon="6.6570280"/>
   <trkpt lat="46.5066170" lon="6.6569840"/>
   <trkpt lat="46.5066120" lon="6.6569340"/>
   <trkpt lat="46.5066060" lon="6.6568840"/>
   <trkpt lat="46.5065990" lon="6.6568340"/>
   <trkpt lat="46.5065950" lon="6.6567900"/>
   <trkpt lat="46.5065900" lon="6.6567420"/>
   <trkpt lat="46.5065860" lon="6.6566950"/>
   <trkpt lat="46.5065810" lon="6.6566440"/>
   <trkpt lat="46.5065780" lon="6.6565950"/>
   <trkpt lat="46.5065750" lon="6.6565420"/>
   <trkpt lat="46.5065740" lon="6.6564880"/>
   <trkpt lat="46.5065720" lon="6.6564370"/>
   <trkpt lat="46.5065690" lon="6.6563860"/>
   <trkpt lat="46.5065650" lon="6.6563440"/>
   <trkpt lat="46.5065580" lon="6.6562970"/>
   <trkpt lat="46.5065600" lon="6.6562480"/>
   <trkpt lat="46.5065570" lon="6.6562000"/>
   <trkpt lat="46.5065560" lon="6.6561510"/>
   <trkpt lat="46.5065540" lon="6.6561060"/>
   <trkpt lat="46.5065530" lon="6.6560640"/>
   <trkpt lat="46.5065510" lon="6.6560220"/>
   <trkpt lat="46.5065490" lon="6.6559860"/>
   <trkpt lat="46.5065460" lon="6.6559390"/>
   <trkpt lat="46.5065410" lon="6.6558940"/>
   <trkpt lat="46.5065390" lon="6.6558500"/>
   <trkpt lat="46.5065370" lon="6.6558060"/>
   <trkpt lat="46.5065360" lon="6.6557620"/>
   <trkpt lat="46.5065340" lon="6.6557150"/>
   <trkpt lat="46.5065310" lon="6.6556700"/>
   <trkpt lat="46.5065260" lon="6.6556230"/>
   <trkpt lat="46.5065210" lon="6.6555680"/>
   <trkpt lat="46.5065130" lon="6.6555160"/>
   <trkpt lat="46.5065080" lon="6.6554670"/>
   <trkpt lat="46.5065020" lon="6.6554210"/>
   <trkpt lat="46.5064970" lon="6.6553730"/>
   <trkpt lat="46.5064940" lon="6.6553270"/>
   <trkpt lat="46.5064920" lon="6.6552840"/>
   <trkpt lat="46.5064900" lon="6.6552440"/>
   <trkpt lat="46.5064880" lon="6.6552000"/>
   <trkpt lat="46.5064850" lon="6.6551540"/>
   <trkpt lat="46.5064830" lon="6.6551110"/>
   <trkpt lat="46.5064830" lon="6.6550650"/>
   <trkpt lat="46.5064820" lon="6.6550150"/>
   <trkpt lat="46.5064790" lon="6.6549680"/>
   <trkpt lat="46.5064750" lon="6.6549210"/>
   <trkpt lat="46.5064700" lon="6.6548760"/>
   <trkpt lat="46.5064650" lon="6.6548320"/>
   <trkpt lat="46.5064550" lon="6.6547820"/>
   <trkpt lat="46.5064470" lon="6.6547330"/>
   <trkpt lat="46.5064390" lon="6.6546860"/>
   <trkpt lat="46.5064330" lon="6.6546420"/>
   <trkpt lat="46.5064280" lon="6.6546030"/>
   <trkpt lat="46.5064210" lon="6.6545590"/>
   <trkpt lat="46.5064170" lon="6.6545190"/>
   <trkpt lat="46.5064100" lon="6.6544820"/>
   <trkpt lat="46.5064070" lon="6.6544340"/>
   <trkpt lat="46.5064040" lon="6.6543880"/>
   <trkpt lat="46.5063990" lon="6.6543350"/>
   <trkpt lat="46.5063970" lon="6.6542900"/>
   <trkpt lat="46.5063930" lon="6.6542400"/>
   <trkpt lat="46.5063920" lon="6.6541910"/>
   <trkpt lat="46.5063900" lon="6.6541460"/>
   <trkpt lat="46.5063870" lon="6.6540980"/>
   <trkpt lat="46.5063800" lon="6.6540580"/>
   <trkpt lat="46.5063740" lon="6.6540120"/>
   <trkpt lat="46.5063710" lon="6.6539670"/>
   <trkpt lat="46.5063680" lon="6.6539210"/>
   <trkpt lat="46.5063650" lon="6.6538730"/>
   <trkpt lat="46.5063620" lon="6.6538250"/>
   <trkpt lat="46.5063610" lon="6.6537790"/>
   <trkpt lat="46.5063580" lon="6.6537340"/>
   <trkpt lat="46.5063550" lon="6.6536820"/>
   <trkpt lat="46.5063550" lon="6.6536360"/>
   <trkpt lat="46.5063570" lon="6.6535830"/>
   <trkpt lat="46.5063600" lon="6.6535310"/>
   <trkpt lat="46.5063600" lon="6.6534750"/>
   <trkpt lat="46.5063610" lon="6.6534210"/>
   <trkpt lat="46.5063600" lon="6.6533720"/>
   <trkpt lat="46.5063600" lon="6.6533210"/>
   <trkpt lat="46.5063620" lon="6.6532730"/>
   <trkpt lat="46.5063610" lon="6.6532280"/>
   <trkpt lat="46.5063640" lon="6.6531790"/>
   <trkpt lat="46.5063650" lon="6.6531330"/>
   <trkpt lat="46.5063670" lon="6.6530880"/>
   <trkpt lat="46.5063690" lon="6.6530420"/>
   <trkpt lat="46.5063720" lon="6.6529950"/>
   <trkpt lat="46.5063740" lon="6.6529490"/>
   <trkpt lat="46.5063740" lon="6.6528990"/>
   <trkpt lat="46.5063770" lon="6.6528530"/>
   <trkpt lat="46.5063780" lon="6.6528080"/>
   <trkpt lat="46.5063790" lon="6.6527610"/>
   <trkpt lat="46.5063810" lon="6.6527160"/>
   <trkpt lat="46.5063800" lon="6.6526670"/>
   <trkpt lat="46.5063820" lon="6.6526190"/>
   <trkpt lat="46.5063810" lon="6.6525750"/>
   <trkpt lat="46.5063830" lon="6.6525250"/>
   <trkpt lat="46.5063830" lon="6.6524800"/>
   <trkpt lat="46.5063840" lon="6.6524310"/>
   <trkpt lat="46.5063860" lon="6.6523880"/>
   <trkpt lat="46.5063850" lon="6.6523420"/>
   <trkpt lat="46.5063870" lon="6.6522950"/>
   <trkpt lat="46.5063890" lon="6.6522430"/>
   <trkpt lat="46.5063920" lon="6.6521960"/>
   <trkpt lat="46.5063930" lon="6.6521500"/>
   <trkpt lat="46.5063960" lon="6.6520980"/>
   <trkpt lat="46.5063980" lon="6.6520520"/>
   <trkpt lat="46.5063990" lon="6.6520000"/>
   <trkpt lat="46.5064000" lon="6.6519530"/>
   <trkpt lat="46.5064010" lon="6.6519100"/>
   <trkpt lat="46.5064010" lon="6.6518630"/>
   <trkpt lat="46.5064030" lon="6.6518180"/>
   <trkpt lat="46.5064040" lon="6.6517730"/>
   <trkpt lat="46.5064070" lon="6.6517240"/>
   <trkpt lat="46.5064060" lon="6.6516770"/>
   <trkpt lat="46.5064060" lon="6.6516270"/>
   <trkpt lat="46.5064070" lon="6.6515870"/>
   <trkpt lat="46.5064080" lon="6.6515380"/>
   <trkpt lat="46.5064100" lon="6.6514890"/>
   <trkpt lat="46.5064090" lon="6.6514400"/>
   <trkpt lat="46.5064100" lon="6.6513890"/>
   <trkpt lat="46.5064110" lon="6.6513410"/>
   <trkpt lat="46.5064110" lon="6.6512940"/>
   <trkpt lat="46.5064100" lon="6.6512510"/>
   <trkpt lat="46.5064080" lon="6.6512040"/>
   <trkpt lat="46.5064070" lon="6.6511590"/>
   <trkpt lat="46.5064070" lon="6.6511110"/>
   <trkpt lat="46.5064080" lon="6.6510610"/>
   <trkpt lat="46.5064100" lon="6.6510110"/>
   <trkpt lat="46.5064100" lon="6.6509630"/>
   <trkpt lat="46.5064110" lon="6.6509150"/>
   <trkpt lat="46.5064120" lon="6.6508650"/>
   <trkpt lat="46.5064150" lon="6.6508120"/>
   <trkpt lat="46.5064150" lon="6.6507590"/>
   <trkpt lat="46.5064150" lon="6.6507110"/>
   <trkpt lat="46.5064140" lon="6.6506680"/>
   <trkpt lat="46.5064140" lon="6.6506180"/>
   <trkpt lat="46.5064130" lon="6.6505770"/>
   <trkpt lat="46.5064120" lon="6.6505300"/>
   <trkpt lat="46.5064090" lon="6.6504860"/>
   <trkpt lat="46.5064060" lon="6.6504400"/>
   <trkpt lat="46.5064060" lon="6.6503930"/>
   <trkpt lat="46.5064060" lon="6.6503470"/>
   <trkpt lat="46.5064080" lon="6.6503000"/>
   <trkpt lat="46.5064110" lon="6.6502480"/>
   <trkpt lat="46.5064110" lon="6.6501980"/>
   <trkpt lat="46.5064140" lon="6.6501480"/>
   <trkpt lat="46.5064150" lon="6.6500980"/>
   <trkpt lat="46.5064150" lon="6.6500490"/>
   <trkpt lat="46.5064150" lon="6.6500050"/>
   <trkpt lat="46.5064160" lon="6.6499550"/>
   <trkpt lat="46.5064180" lon="6.6499090"/>
   <trkpt lat="46.5064190" lon="6.6498590"/>
   <trkpt lat="46.5064200" lon="6.6498040"/>
   <trkpt lat="46.5064190" lon="6.6497550"/>
   <trkpt lat="46.5064200" lon="6.6497040"/>
   <trkpt lat="46.5064200" lon="6.6496590"/>
   <trkpt lat="46.5064210" lon="6.6496090"/>
   <trkpt lat="46.5064220" lon="6.6495660"/>
   <trkpt lat="46.5064230" lon="6.6495130"/>
   <trkpt lat="46.5064250" lon="6.6494760"/>
   <trkpt lat="46.5064290" lon="6.6494250"/>
   <trkpt lat="46.5064330" lon="6.6493770"/>
   <trkpt lat="46.5064350" lon="6.6493280"/>
   <trkpt lat="46.5064380" lon="6.6492800"/>
   <trkpt lat="46.5064390" lon="6.6492360"/>
   <trkpt lat="46.5064420" lon="6.6491870"/>
   <trkpt lat="46.5064440" lon="6.6491400"/>
   <trkpt lat="46.5064460" lon="6.6490840"/>
   <trkpt lat="46.5064490" lon="6.6490340"/>
   <trkpt lat="46.5064520" lon="6.6489830"/>
   <trkpt lat="46.5064570" lon="6.6489350"/>
   <trkpt lat="46.5064640" lon="6.6488880"/>
   <trkpt lat="46.5064670" lon="6.6488400"/>
   <trkpt lat="46.5064680" lon="6.6487940"/>
   <trkpt lat="46.5064670" lon="6.6487460"/>
   <trkpt lat="46.5064660" lon="6.6486990"/>
   <trkpt lat="46.5064650" lon="6.6486520"/>
   <trkpt lat="46.5064640" lon="6.6486030"/>
   <trkpt lat="46.5064650" lon="6.6485540"/>
   <trkpt lat="46.5064660" lon="6.6485030"/>
   <trkpt lat="46.5064650" lon="6.6484540"/>
   <trkpt lat="46.5064670" lon="6.6484000"/>
   <trkpt lat="46.5064690" lon="6.6483490"/>
   <trkpt lat="46.5064690" lon="6.6482990"/>
   <trkpt lat="46.5064690" lon="6.6482490"/>
   <trkpt lat="46.5064660" lon="6.6482010"/>
   <trkpt lat="46.5064660" lon="6.6481490"/>
   <trkpt lat="46.5064650" lon="6.6481010"/>
   <trkpt lat="46.5064630" lon="6.6480500"/>
   <trkpt lat="46.5064620" lon="6.6480010"/>
   <trkpt lat="46.5064610" lon="6.6479540"/>
   <trkpt lat="46.5064610" lon="6.6479060"/>
   <trkpt lat="46.5064620" lon="6.6478580"/>
   <trkpt lat="46.5064630" lon="6.6478090"/>
   <trkpt lat="46.5064620" lon="6.6477640"/>
   <trkpt lat="46.5064620" lon="6.6477170"/>
   <trkpt lat="46.5064600" lon="6.6476730"/>
   <trkpt lat="46.5064600" lon="6.6476280"/>
   <trkpt lat="46.5064600" lon="6.6475820"/>
   <trkpt lat="46.5064580" lon="6.6475340"/>
   <trkpt lat="46.5064580" lon="6.6474860"/>
   <trkpt lat="46.5064580" lon="6.6474370"/>
   <trkpt lat="46.5064610" lon="6.6473910"/>
   <trkpt lat="46.5064630" lon="6.6473410"/>
   <trkpt lat="46.5064650" lon="6.6472880"/>
   <trkpt lat="46.5064660" lon="6.6472390"/>
   <trkpt lat="46.5064680" lon="6.6471890"/>
   <trkpt lat="46.5064700" lon="6.6471430"/>
   <trkpt lat="46.5064710" lon="6.6471000"/>
   <trkpt lat="46.5064720" lon="6.6470540"/>
   <trkpt lat="46.5064720" lon="6.6470090"/>
   <trkpt lat="46.5064740" lon="6.6469590"/>
   <trkpt lat="46.5064750" lon="6.6469130"/>
   <trkpt lat="46.5064760" lon="6.6468620"/>
   <trkpt lat="46.5064810" lon="6.6468130"/>
   <trkpt lat="46.5064830" lon="6.6467620"/>
   <trkpt lat="46.5064870" lon="6.6467130"/>
   <trkpt lat="46.5064880" lon="6.6466660"/>
   <trkpt lat="46.5064890" lon="6.6466170"/>
   <trkpt lat="46.5064900" lon="6.6465730"/>
   <trkpt lat="46.5064880" lon="6.6465270"/>
   <trkpt lat="46.5064870" lon="6.6464850"/>
   <trkpt lat="46.5064850" lon="6.6464390"/>
   <trkpt lat="46.5064840" lon="6.6463930"/>
   <trkpt lat="46.5064840" lon="6.6463460"/>
   <trkpt lat="46.5064830" lon="6.6463000"/>
   <trkpt lat="46.5064830" lon="6.6462550"/>
   <trkpt lat="46.5064830" lon="6.6462040"/>
   <trkpt lat="46.5064870" lon="6.6461510"/>
   <trkpt lat="46.5064880" lon="6.6461010"/>
   <trkpt lat="46.5064910" lon="6.6460510"/>
   <trkpt lat="46.5064940" lon="6.6460040"/>
   <trkpt lat="46.5064970" lon="6.6459540"/>
   <trkpt lat="46.5064990" lon="6.6459090"/>
   <trkpt lat="46.5065010" lon="6.6458630"/>
   <trkpt lat="46.5065050" lon="6.6458140"/>
   <trkpt lat="46.5065080" lon="6.6457680"/>
   <trkpt lat="46.5065110" lon="6.6457190"/>
   <trkpt lat="46.5065120" lon="6.6456740"/>
   <trkpt lat="46.5065130" lon="6.6456270"/>
   <trkpt lat="46.5065130" lon="6.6455810"/>
   <trkpt lat="46.5065140" lon="6.6455260"/>
   <trkpt lat="46.5065160" lon="6.6454810"/>
   <trkpt lat="46.5065170" lon="6.6454310"/>
   <trkpt lat="46.5065180" lon="6.6453810"/>
   <trkpt lat="46.5065200" lon="6.6453260"/>
   <trkpt lat="46.5065210" lon="6.6452800"/>
   <trkpt lat="46.5065220" lon="6.6452340"/>
   <trkpt lat="46.5065210" lon="6.6451840"/>
   <trkpt lat="46.5065200" lon="6.6451320"/>
   <trkpt lat="46.5065200" lon="6.6450790"/>
   <trkpt lat="46.5065210" lon="6.6450290"/>
   <trkpt lat="46.5065230" lon="6.6449790"/>
   <trkpt lat="46.5065250" lon="6.6449320"/>
   <trkpt lat="46.5065250" lon="6.6448830"/>
   <trkpt lat="46.5065270" lon="6.6448360"/>
   <trkpt lat="46.5065270" lon="6.6447890"/>
   <trkpt lat="46.5065290" lon="6.6447460"/>
   <trkpt lat="46.5065290" lon="6.6447050"/>
   <trkpt lat="46.5065290" lon="6.6446530"/>
   <trkpt lat="46.5065280" lon="6.6446080"/>
   <trkpt lat="46.5065280" lon="6.6445590"/>
   <trkpt lat="46.5065270" lon="6.6445110"/>
   <trkpt lat="46.5065260" lon="6.6444560"/>
   <trkpt lat="46.5065260" lon="6.6444020"/>
   <trkpt lat="46.5065250" lon="6.6443480"/>
   <trkpt lat="46.5065270" lon="6.6442980"/>
   <trkpt lat="46.5065270" lon="6.6442500"/>
   <trkpt lat="46.5065300" lon="6.6442030"/>
   <trkpt lat="46.5065310" lon="6.6441580"/>
   <trkpt lat="46.5065330" lon="6.6441120"/>
   <trkpt lat="46.5065380" lon="6.6440620"/>
   <trkpt lat="46.5065390" lon="6.6440150"/>
   <trkpt lat="46.5065410" lon="6.6439680"/>
   <trkpt lat="46.5065430" lon="6.6439220"/>
   <trkpt lat="46.5065430" lon="6.6438770"/>
   <trkpt lat="46.5065440" lon="6.6438330"/>
   <trkpt lat="46.5065430" lon="6.6437790"/>
   <trkpt lat="46.5065440" lon="6.6437330"/>
   <trkpt lat="46.5065430" lon="6.6436760"/>
   <trkpt lat="46.5065420" lon="6.6436280"/>
   <trkpt lat="46.5065400" lon="6.6435820"/>
   <trkpt lat="46.5065380" lon="6.6435310"/>
   <trkpt lat="46.5065390" lon="6.6434890"/>
   <trkpt lat="46.5065390" lon="6.6434400"/>
   <trkpt lat="46.5065370" lon="6.6433940"/>
   <trkpt lat="46.5065340" lon="6.6433530"/>
   <trkpt lat="46.5065320" lon="6.6433070"/>
   <trkpt lat="46.5065300" lon="6.6432620"/>
   <trkpt lat="46.5065290" lon="6.6432170"/>
   <trkpt lat="46.5065300" lon="6.6431770"/>
   <trkpt lat="46.5065310" lon="6.6431290"/>
   <trkpt lat="46.5065330" lon="6.6430830"/>
   <trkpt lat="46.5065350" lon="6.6430360"/>
   <trkpt lat="46.5065390" lon="6.6429910"/>
   <trkpt lat="46.5065440" lon="6.6429500"/>
   <trkpt lat="46.5065500" lon="6.6429100"/>
   <trkpt lat="46.5065520" lon="6.6428670"/>
   <trkpt lat="46.5065500" lon="6.6428200"/>
   <trkpt lat="46.5065460" lon="6.6427760"/>
   <trkpt lat="46.5065380" lon="6.6427360"/>
   <trkpt lat="46.5065230" lon="6.6426870"/>
   <trkpt lat="46.5065060" lon="6.6426460"/>
   <trkpt lat="46.5064800" lon="6.6426090"/>
   <trkpt lat="46.5064550" lon="6.6425760"/>
   <trkpt lat="46.5064290" lon="6.6425470"/>
   <trkpt lat="46.5064020" lon="6.6425210"/>
   <trkpt lat="46.5063740" lon="6.6425000"/>
   <trkpt lat="46.5063450" lon="6.6424780"/>
   <trkpt lat="46.5063160" lon="6.6424550"/>
   <trkpt lat="46.5062870" lon="6.6424390"/>
   <trkpt lat="46.5062600" lon="6.6424240"/>
   <trkpt lat="46.5062300" lon="6.6424070"/>
   <trkpt lat="46.5061990" lon="6.6423880"/>
   <trkpt lat="46.5061660" lon="6.6423670"/>
   <trkpt lat="46.5061330" lon="6.6423490"/>
   <trkpt lat="46.5060980" lon="6.6423280"/>
   <trkpt lat="46.5060670" lon="6.6423070"/>
   <trkpt lat="46.5060360" lon="6.6422880"/>
   <trkpt lat="46.5060080" lon="6.6422700"/>
   <trkpt lat="46.5059780" lon="6.6422520"/>
   <trkpt lat="46.5059460" lon="6.6422330"/>
   <trkpt lat="46.5059160" lon="6.6422160"/>
   <trkpt lat="46.5058840" lon="6.6421990"/>
   <trkpt lat="46.5058510" lon="6.6421810"/>
   <trkpt lat="46.5058180" lon="6.6421660"/>
   <trkpt lat="46.5057850" lon="6.6421480"/>
   <trkpt lat="46.5057570" lon="6.6421350"/>
   <trkpt lat="46.5057250" lon="6.6421190"/>
   <trkpt lat="46.5056940" lon="6.6421040"/>
   <trkpt lat="46.5056640" lon="6.6420870"/>
   <trkpt lat="46.5056340" lon="6.6420650"/>
   <trkpt lat="46.5056050" lon="6.6420430"/>
   <trkpt lat="46.5055760" lon="6.6420140"/>
   <trkpt lat="46.5055490" lon="6.6419890"/>
   <trkpt lat="46.5055170" lon="6.6419590"/>
   <trkpt lat="46.5054860" lon="6.6419330"/>
   <trkpt lat="46.5054540" lon="6.6419070"/>
   <trkpt lat="46.5054220" lon="6.6418770"/>
   <trkpt lat="46.5053930" lon="6.6418480"/>
   <trkpt lat="46.5053660" lon="6.6418120"/>
   <trkpt lat="46.5053440" lon="6.6417790"/>
   <trkpt lat="46.5053220" lon="6.6417380"/>
   <trkpt lat="46.5053040" lon="6.6416960"/>
   <trkpt lat="46.5052890" lon="6.6416520"/>
   <trkpt lat="46.5052740" lon="6.6416020"/>
   <trkpt lat="46.5052610" lon="6.6415540"/>
   <trkpt lat="46.5052520" lon="6.6414980"/>
   <trkpt lat="46.5052450" lon="6.6414420"/>
   <trkpt lat="46.5052410" lon="6.6413880"/>
   <trkpt lat="46.5052430" lon="6.6413280"/>
   <trkpt lat="46.5052470" lon="6.6412680"/>
   <trkpt lat="46.5052520" lon="6.6412110"/>
   <trkpt lat="46.5052540" lon="6.6411580"/>
   <trkpt lat="46.5052580" lon="6.6411030"/>
   <trkpt lat="46.5052630" lon="6.6410570"/>
   <trkpt lat="46.5052650" lon="6.6410030"/>
   <trkpt lat="46.5052700" lon="6.6409600"/>
   <trkpt lat="46.5052770" lon="6.6409140"/>
   <trkpt lat="46.5052870" lon="6.6408700"/>
   <trkpt lat="46.5052970" lon="6.6408260"/>
   <trkpt lat="46.5053080" lon="6.6407820"/>
   <trkpt lat="46.5053170" lon="6.6407370"/>
   <trkpt lat="46.5053300" lon="6.6406910"/>
   <trkpt lat="46.5053400" lon="6.6406460"/>
   <trkpt lat="46.5053550" lon="6.6405900"/>
   <trkpt lat="46.5053660" lon="6.6405430"/>
   <trkpt lat="46.5053770" lon="6.6404870"/>
   <trkpt lat="46.5053920" lon="6.6404370"/>
   <trkpt lat="46.5054060" lon="6.6403920"/>
   <trkpt lat="46.5054200" lon="6.6403500"/>
   <trkpt lat="46.5054350" lon="6.6403160"/>
   <trkpt lat="46.5054520" lon="6.6402730"/>
   <trkpt lat="46.5054660" lon="6.6402330"/>
   <trkpt lat="46.5054830" lon="6.6401850"/>
   <trkpt lat="46.5054980" lon="6.6401460"/>
   <trkpt lat="46.5055140" lon="6.6401000"/>
   <trkpt lat="46.5055300" lon="6.6400590"/>
   <trkpt lat="46.5055430" lon="6.6400200"/>
   <trkpt lat="46.5055560" lon="6.6399770"/>
   <trkpt lat="46.5055670" lon="6.6399320"/>
   <trkpt lat="46.5055800" lon="6.6398920"/>
   <trkpt lat="46.5055900" lon="6.6398530"/>
   <trkpt lat="46.5056020" lon="6.6398010"/>
   <trkpt lat="46.5056130" lon="6.6397570"/>
   <trkpt lat="46.5056270" lon="6.6397060"/>
   <trkpt lat="46.5056400" lon="6.6396590"/>
   <trkpt lat="46.5056500" lon="6.6396130"/>
   <trkpt lat="46.5056580" lon="6.6395590"/>
   <trkpt lat="46.5056660" lon="6.6395160"/>
   <trkpt lat="46.5056780" lon="6.6394640"/>
   <trkpt lat="46.5056900" lon="6.6394220"/>
   <trkpt lat="46.5056980" lon="6.6393740"/>
   <trkpt lat="46.5057110" lon="6.6393270"/>
   <trkpt lat="46.5057230" lon="6.6392830"/>
   <trkpt lat="46.5057350" lon="6.6392280"/>
   <trkpt lat="46.5057460" lon="6.6391850"/>
   <trkpt lat="46.5057580" lon="6.6391360"/>
   <trkpt lat="46.5057680" lon="6.6390890"/>
   <trkpt lat="46.5057800" lon="6.6390420"/>
   <trkpt lat="46.5057910" lon="6.6389920"/>
   <trkpt lat="46.5058020" lon="6.6389460"/>
   <trkpt lat="46.5058140" lon="6.6389040"/>
   <trkpt lat="46.5058240" lon="6.6388620"/>
   <trkpt lat="46.5058330" lon="6.6388150"/>
   <trkpt lat="46.5058440" lon="6.6387690"/>
   <trkpt lat="46.5058550" lon="6.6387220"/>
   <trkpt lat="46.5058660" lon="6.6386740"/>
   <trkpt lat="46.5058770" lon="6.6386270"/>
   <trkpt lat="46.5058910" lon="6.6385800"/>
   <trkpt lat="46.5059010" lon="6.6385390"/>
   <trkpt lat="46.5059110" lon="6.6384920"/>
   <trkpt lat="46.5059230" lon="6.6384490"/>
   <trkpt lat="46.5059350" lon="6.6384010"/>
   <trkpt lat="46.5059460" lon="6.6383570"/>
   <trkpt lat="46.5059570" lon="6.6383170"/>
   <trkpt lat="46.5059700" lon="6.6382730"/>
   <trkpt lat="46.5059820" lon="6.6382340"/>
   <trkpt lat="46.5059960" lon="6.6381930"/>
   <trkpt lat="46.5060080" lon="6.6381500"/>
   <trkpt lat="46.5060230" lon="6.6381090"/>
   <trkpt lat="46.5060370" lon="6.6380650"/>
   <trkpt lat="46.5060480" lon="6.6380190"/>
   <trkpt lat="46.5060610" lon="6.6379770"/>
   <trkpt lat="46.5060720" lon="6.6379380"/>
   <trkpt lat="46.5060850" lon="6.6378950"/>
   <trkpt lat="46.5060960" lon="6.6378560"/>
   <trkpt lat="46.5061080" lon="6.6378100"/>
   <trkpt lat="46.5061220" lon="6.6377620"/>
   <trkpt lat="46.5061350" lon="6.6377130"/>
   <trkpt lat="46.5061470" lon="6.6376610"/>
   <trkpt lat="46.5061580" lon="6.6376160"/>
   <trkpt lat="46.5061690" lon="6.6375620"/>
   <trkpt lat="46.5061770" lon="6.6375140"/>
   <trkpt lat="46.5061900" lon="6.6374640"/>
   <trkpt lat="46.5062010" lon="6.6374180"/>
   <trkpt lat="46.5062110" lon="6.6373800"/>
   <trkpt lat="46.5062230" lon="6.6373370"/>
   <trkpt lat="46.5062330" lon="6.6372980"/>
   <trkpt lat="46.5062460" lon="6.6372510"/>
   <trkpt lat="46.5062580" lon="6.6372070"/>
   <trkpt lat="46.5062700" lon="6.6371610"/>
   <trkpt lat="46.5062820" lon="6.6371160"/>
   <trkpt lat="46.5062920" lon="6.6370690"/>
   <trkpt lat="46.5063030" lon="6.6370210"/>
   <trkpt lat="46.5063140" lon="6.6369770"/>
   <trkpt lat="46.5063250" lon="6.6369320"/>
   <trkpt lat="46.5063360" lon="6.6368890"/>
   <trkpt lat="46.5063480" lon="6.6368440"/>
   <trkpt lat="46.5063590" lon="6.6367990"/>
   <trkpt lat="46.5063710" lon="6.6367570"/>
   <trkpt lat="46.5063850" lon="6.6367120"/>
   <trkpt lat="46.5063990" lon="6.6366700"/>
   <trkpt lat="46.5064130" lon="6.6366240"/>
   <trkpt lat="46.5064290" lon="6.6365770"/>
   <trkpt lat="46.5064450" lon="6.6365350"/>
   <trkpt lat="46.5064600" lon="6.6364910"/>
   <trkpt lat="46.5064710" lon="6.6364530"/>
   <trkpt lat="46.5064800" lon="6.6364060"/>
   <trkpt lat="46.5064930" lon="6.6363640"/>
   <trkpt lat="46.5065020" lon="6.6363190"/>
   <trkpt lat="46.5065110" lon="6.6362790"/>
   <trkpt lat="46.5065180" lon="6.6362390"/>
   <trkpt lat="46.5065280" lon="6.6361970"/>
   <trkpt lat="46.5065400" lon="6.6361530"/>
   <trkpt lat="46.5065520" lon="6.6360980"/>
   <trkpt lat="46.5065630" lon="6.6360530"/>
   <trkpt lat="46.5065740" lon="6.6359960"/>
   <trkpt lat="46.5065860" lon="6.6359490"/>
   <trkpt lat="46.5065950" lon="6.6359000"/>
   <trkpt lat="46.5066020" lon="6.6358520"/>
   <trkpt lat="46.5066110" lon="6.6358060"/>
   <trkpt lat="46.5066220" lon="6.6357540"/>
   <trkpt lat="46.5066330" lon="6.6357100"/>
   <trkpt lat="46.5066430" lon="6.6356660"/>
   <trkpt lat="46.5066560" lon="6.6356200"/>
   <trkpt lat="46.5066680" lon="6.6355740"/>
   <trkpt lat="46.5066830" lon="6.6355280"/>
   <trkpt lat="46.5066950" lon="6.6354870"/>
   <trkpt lat="46.5067060" lon="6.6354400"/>
   <trkpt lat="46.5067170" lon="6.6354000"/>
   <trkpt lat="46.5067270" lon="6.6353540"/>
   <trkpt lat="46.5067380" lon="6.6353080"/>
   <trkpt lat="46.5067500" lon="6.6352670"/>
   <trkpt lat="46.5067610" lon="6.6352240"/>
   <trkpt lat="46.5067730" lon="6.6351850"/>
   <trkpt lat="46.5067860" lon="6.6351420"/>
   <trkpt lat="46.5068030" lon="6.6351000"/>
   <trkpt lat="46.5068160" lon="6.6350560"/>
   <trkpt lat="46.5068310" lon="6.6350120"/>
   <trkpt lat="46.5068440" lon="6.6349710"/>
   <trkpt lat="46.5068570" lon="6.6349300"/>
   <trkpt lat="46.5068710" lon="6.6348890"/>
   <trkpt lat="46.5068840" lon="6.6348460"/>
   <trkpt lat="46.5068990" lon="6.6348020"/>
   <trkpt lat="46.5069110" lon="6.6347590"/>
   <trkpt lat="46.5069250" lon="6.6347110"/>
   <trkpt lat="46.5069390" lon="6.6346710"/>
   <trkpt lat="46.5069530" lon="6.6346290"/>
   <trkpt lat="46.5069640" lon="6.6345880"/>
   <trkpt lat="46.5069740" lon="6.6345460"/>
   <trkpt lat="46.5069830" lon="6.6345020"/>
   <trkpt lat="46.5069900" lon="6.6344580"/>
   <trkpt lat="46.5070000" lon="6.6344110"/>
   <trkpt lat="46.5070070" lon="6.6343720"/>
   <trkpt lat="46.5070200" lon="6.6343280"/>
   <trkpt lat="46.5070340" lon="6.6342850"/>
   <trkpt lat="46.5070440" lon="6.6342440"/>
   <trkpt lat="46.5070540" lon="6.6341970"/>
   <trkpt lat="46.5070640" lon="6.6341570"/>
   <trkpt lat="46.5070750" lon="6.6341130"/>
   <trkpt lat="46.5070870" lon="6.6340670"/>
   <trkpt lat="46.5070980" lon="6.6340190"/>
   <trkpt lat="46.5071090" lon="6.6339730"/>
   <trkpt lat="46.5071190" lon="6.6339290"/>
   <trkpt lat="46.5071300" lon="6.6338820"/>
   <trkpt lat="46.5071400" lon="6.6338410"/>
   <trkpt lat="46.5071500" lon="6.6337960"/>
   <trkpt lat="46.5071630" lon="6.6337530"/>
   <trkpt lat="46.5071730" lon="6.6337100"/>
   <trkpt lat="46.5071880" lon="6.6336660"/>
   <trkpt lat="46.5072000" lon="6.6336260"/>
   <trkpt lat="46.5072120" lon="6.6335800"/>
   <trkpt lat="46.5072240" lon="6.6335380"/>
   <trkpt lat="46.5072330" lon="6.6334930"/>
   <trkpt lat="46.5072460" lon="6.6334480"/>
   <trkpt lat="46.5072560" lon="6.6334010"/>
   <trkpt lat="46.5072680" lon="6.6333520"/>
   <trkpt lat="46.5072750" lon="6.6333090"/>
   <trkpt lat="46.5072840" lon="6.6332620"/>
   <trkpt lat="46.5072910" lon="6.6332190"/>
   <trkpt lat="46.5072990" lon="6.6331700"/>
   <trkpt lat="46.5073060" lon="6.6331240"/>
   <trkpt lat="46.5073130" lon="6.6330790"/>
   <trkpt lat="46.5073200" lon="6.6330330"/>
   <trkpt lat="46.5073270" lon="6.6329890"/>
   <trkpt lat="46.5073340" lon="6.6329390"/>
   <trkpt lat="46.5073400" lon="6.6328950"/>
   <trkpt lat="46.5073460" lon="6.6328390"/>
   <trkpt lat="46.5073520" lon="6.6327880"/>
   <trkpt lat="46.5073570" lon="6.6327380"/>
   <trkpt lat="46.5073590" lon="6.6326920"/>
   <trkpt lat="46.5073600" lon="6.6326520"/>
   <trkpt lat="46.5073620" lon="6.6326090"/>
   <trkpt lat="46.5073650" lon="6.6325620"/>
   <trkpt lat="46.5073660" lon="6.6325070"/>
   <trkpt lat="46.5073680" lon="6.6324560"/>
   <trkpt lat="46.5073640" lon="6.6324060"/>
   <trkpt lat="46.5073590" lon="6.6323520"/>
   <trkpt lat="46.5073540" lon="6.6323060"/>
   <trkpt lat="46.5073480" lon="6.6322560"/>
   <trkpt lat="46.5073440" lon="6.6322100"/>
   <trkpt lat="46.5073390" lon="6.6321650"/>
   <trkpt lat="46.5073330" lon="6.6321200"/>
   <trkpt lat="46.5073270" lon="6.6320750"/>
   <trkpt lat="46.5073240" lon="6.6320290"/>
   <trkpt lat="46.5073200" lon="6.6319830"/>
   <trkpt lat="46.5073170" lon="6.6319340"/>
   <trkpt lat="46.5073120" lon="6.6318900"/>
   <trkpt lat="46.5073070" lon="6.6318420"/>
   <trkpt lat="46.5073010" lon="6.6317940"/>
   <trkpt lat="46.5072950" lon="6.6317440"/>
   <trkpt lat="46.5072890" lon="6.6316940"/>
   <trkpt lat="46.5072850" lon="6.6316470"/>
   <trkpt lat="46.5072780" lon="6.6316040"/>
   <trkpt lat="46.5072720" lon="6.6315600"/>
   <trkpt lat="46.5072640" lon="6.6315160"/>
   <trkpt lat="46.5072550" lon="6.6314680"/>
   <trkpt lat="46.5072480" lon="6.6314240"/>
   <trkpt lat="46.5072390" lon="6.6313740"/>
   <trkpt lat="46.5072300" lon="6.6313310"/>
   <trkpt lat="46.5072170" lon="6.6312800"/>
   <trkpt lat="46.5072060" lon="6.6312350"/>
   <trkpt lat="46.5071940" lon="6.6311910"/>
   <trkpt lat="46.5071800" lon="6.6311430"/>
   <trkpt lat="46.5071640" lon="6.6311010"/>
   <trkpt lat="46.5071510" lon="6.6310520"/>
   <trkpt lat="46.5071380" lon="6.6310110"/>
   <trkpt lat="46.5071250" lon="6.6309710"/>
   <trkpt lat="46.5071130" lon="6.6309290"/>
   <trkpt lat="46.5070990" lon="6.6308850"/>
   <trkpt lat="46.5070840" lon="6.6308340"/>
   <trkpt lat="46.5070680" lon="6.6307880"/>
   <trkpt lat="46.5070550" lon="6.6307480"/>
   <trkpt lat="46.5070430" lon="6.6307050"/>
   <trkpt lat="46.5070310" lon="6.6306650"/>
   <trkpt lat="46.5070180" lon="6.6306190"/>
   <trkpt lat="46.5070060" lon="6.6305730"/>
   <trkpt lat="46.5069950" lon="6.6305230"/>
   <trkpt lat="46.5069830" lon="6.6304750"/>
   <trkpt lat="46.5069730" lon="6.6304290"/>
   <trkpt lat="46.5069630" lon="6.6303860"/>
   <trkpt lat="46.5069530" lon="6.6303420"/>
   <trkpt lat="46.5069440" lon="6.6302950"/>
   <trkpt lat="46.5069360" lon="6.6302480"/>
   <trkpt lat="46.5069280" lon="6.6301960"/>
   <trkpt lat="46.5069220" lon="6.6301510"/>
   <trkpt lat="46.5069150" lon="6.6301000"/>
   <trkpt lat="46.5069110" lon="6.6300490"/>
   <trkpt lat="46.5069050" lon="6.6300000"/>
   <trkpt lat="46.5069010" lon="6.6299490"/>
   <trkpt lat="46.5069020" lon="6.6299040"/>
   <trkpt lat="46.5069020" lon="6.6298630"/>
   <trkpt lat="46.5069040" lon="6.6298160"/>
   <trkpt lat="46.5069040" lon="6.6297700"/>
   <trkpt lat="46.5069070" lon="6.6297200"/>
   <trkpt lat="46.5069080" lon="6.6296740"/>
   <trkpt lat="46.5069110" lon="6.6296260"/>
   <trkpt lat="46.5069150" lon="6.6295810"/>
   <trkpt lat="46.5069160" lon="6.6295370"/>
   <trkpt lat="46.5069180" lon="6.6294910"/>
   <trkpt lat="46.5069190" lon="6.6294480"/>
   <trkpt lat="46.5069220" lon="6.6294000"/>
   <trkpt lat="46.5069250" lon="6.6293600"/>
   <trkpt lat="46.5069260" lon="6.6293090"/>
   <trkpt lat="46.5069290" lon="6.6292620"/>
   <trkpt lat="46.5069270" lon="6.6292120"/>
   <trkpt lat="46.5069280" lon="6.6291610"/>
   <trkpt lat="46.5069270" lon="6.6291140"/>
   <trkpt lat="46.5069290" lon="6.6290640"/>
   <trkpt lat="46.5069310" lon="6.6290200"/>
   <trkpt lat="46.5069350" lon="6.6289750"/>
   <trkpt lat="46.5069410" lon="6.6289290"/>
   <trkpt lat="46.5069450" lon="6.6288830"/>
   <trkpt lat="46.5069500" lon="6.6288380"/>
   <trkpt lat="46.5069520" lon="6.6287980"/>
   <trkpt lat="46.5069550" lon="6.6287480"/>
   <trkpt lat="46.5069600" lon="6.6287030"/>
   <trkpt lat="46.5069620" lon="6.6286550"/>
   <trkpt lat="46.5069630" lon="6.6286080"/>
   <trkpt lat="46.5069630" lon="6.6285630"/>
   <trkpt lat="46.5069680" lon="6.6285140"/>
   <trkpt lat="46.5069700" lon="6.6284680"/>
   <trkpt lat="46.5069710" lon="6.6284200"/>
   <trkpt lat="46.5069750" lon="6.6283750"/>
   <trkpt lat="46.5069790" lon="6.6283280"/>
   <trkpt lat="46.5069850" lon="6.6282800"/>
   <trkpt lat="46.5069880" lon="6.6282400"/>
   <trkpt lat="46.5069860" lon="6.6281890"/>
   <trkpt lat="46.5069750" lon="6.6281470"/>
   <trkpt lat="46.5069550" lon="6.6281110"/>
   <trkpt lat="46.5069280" lon="6.6280850"/>
   <trkpt lat="46.5068980" lon="6.6280660"/>
   <trkpt lat="46.5068650" lon="6.6280450"/>
   <trkpt lat="46.5068320" lon="6.6280280"/>
   <trkpt lat="46.5067950" lon="6.6280050"/>
   <trkpt lat="46.5067650" lon="6.6279890"/>
   <trkpt lat="46.5067310" lon="6.6279700"/>
   <trkpt lat="46.5066990" lon="6.6279530"/>
   <trkpt lat="46.5066670" lon="6.6279400"/>
   <trkpt lat="46.5066330" lon="6.6279190"/>
   <trkpt lat="46.5065990" lon="6.6279010"/>
   <trkpt lat="46.5065660" lon="6.6278820"/>
   <trkpt lat="46.5065370" lon="6.6278670"/>
   <trkpt lat="46.5065030" lon="6.6278460"/>
   <trkpt lat="46.5064760" lon="6.6278340"/>
   <trkpt lat="46.5064460" lon="6.6278180"/>
   <trkpt lat="46.5064170" lon="6.6278030"/>
   <trkpt lat="46.5063830" lon="6.6277880"/>
   <trkpt lat="46.5063480" lon="6.6277720"/>
   <trkpt lat="46.5063170" lon="6.6277580"/>
   <trkpt lat="46.5062870" lon="6.6277390"/>
   <trkpt lat="46.5062580" lon="6.6277210"/>
   <trkpt lat="46.5062270" lon="6.6277040"/>
   <trkpt lat="46.5061970" lon="6.6276860"/>
   <trkpt lat="46.5061670" lon="6.6276730"/>
   <trkpt lat="46.5061350" lon="6.6276600"/>
   <trkpt lat="46.5061030" lon="6.6276520"/>
   <trkpt lat="46.5060710" lon="6.6276450"/>
   <trkpt lat="46.5060430" lon="6.6276440"/>
   <trkpt lat="46.5060140" lon="6.6276520"/>
   <trkpt lat="46.5059850" lon="6.6276630"/>
   <trkpt lat="46.5059550" lon="6.6276790"/>
   <trkpt lat="46.5059210" lon="6.6276980"/>
   <trkpt lat="46.5058900" lon="6.6277140"/>
   <trkpt lat="46.5058620" lon="6.6277280"/>
   <trkpt lat="46.5058360" lon="6.6277390"/>
   <trkpt lat="46.5058100" lon="6.6277520"/>
   <trkpt lat="46.5057810" lon="6.6277650"/>
   <trkpt lat="46.5057550" lon="6.6277820"/>
   <trkpt lat="46.5057290" lon="6.6278000"/>
   <trkpt lat="46.5057030" lon="6.6278200"/>
   <trkpt lat="46.5056790" lon="6.6278460"/>
   <trkpt lat="46.5056550" lon="6.6278720"/>
   <trkpt lat="46.5056330" lon="6.6279050"/>
   <trkpt lat="46.5056100" lon="6.6279370"/>
   <trkpt lat="46.5055890" lon="6.6279710"/>
   <trkpt lat="46.5055680" lon="6.6280100"/>
   <trkpt lat="46.5055480" lon="6.6280480"/>
   <trkpt lat="46.5055280" lon="6.6280900"/>
   <trkpt lat="46.5055080" lon="6.6281250"/>
   <trkpt lat="46.5054890" lon="6.6281590"/>
   <trkpt lat="46.5054670" lon="6.6281910"/>
   <trkpt lat="46.5054460" lon="6.6282230"/>
   <trkpt lat="46.5054200" lon="6.6282520"/>
   <trkpt lat="46.5053880" lon="6.6282760"/>
   <trkpt lat="46.5053570" lon="6.6282780"/>
   <trkpt lat="46.5053250" lon="6.6282720"/>
   <trkpt lat="46.5052990" lon="6.6282550"/>
   <trkpt lat="46.5052740" lon="6.6282310"/>
   <trkpt lat="46.5052480" lon="6.6281980"/>
   <trkpt lat="46.5052240" lon="6.6281580"/>
   <trkpt lat="46.5051990" lon="6.6281130"/>
   <trkpt lat="46.5051780" lon="6.6280660"/>
   <trkpt lat="46.5051620" lon="6.6280210"/>
   <trkpt lat="46.5051500" lon="6.6279700"/>
   <trkpt lat="46.5051400" lon="6.6279220"/>
   <trkpt lat="46.5051370" lon="6.6278690"/>
   <trkpt lat="46.5051450" lon="6.6278140"/>
   <trkpt lat="46.5051540" lon="6.6277640"/>
   <trkpt lat="46.5051690" lon="6.6277120"/>
   <trkpt lat="46.5051840" lon="6.6276640"/>
   <trkpt lat="46.5052020" lon="6.6276140"/>
   <trkpt lat="46.5052220" lon="6.6275730"/>
   <trkpt lat="46.5052410" lon="6.6275300"/>
   <trkpt lat="46.5052630" lon="6.6274900"/>
   <trkpt lat="46.5052860" lon="6.6274490"/>
   <trkpt lat="46.5053110" lon="6.6274070"/>
   <trkpt lat="46.5053310" lon="6.6273670"/>
   <trkpt lat="46.5053560" lon="6.6273270"/>
   <trkpt lat="46.5053750" lon="6.6272920"/>
   <trkpt lat="46.5053980" lon="6.6272540"/>
   <trkpt lat="46.5054210" lon="6.6272190"/>
   <trkpt lat="46.5054420" lon="6.6271820"/>
   <trkpt lat="46.5054650" lon="6.6271470"/>
   <trkpt lat="46.5054850" lon="6.6271130"/>
   <trkpt lat="46.5055090" lon="6.6270770"/>
   <trkpt lat="46.5055290" lon="6.6270440"/>
   <trkpt lat="46.5055540" lon="6.6270070"/>
   <trkpt lat="46.5055780" lon="6.6269760"/>
   <trkpt lat="46.5056000" lon="6.6269440"/>
   <trkpt lat="46.5056220" lon="6.6269120"/>
   <trkpt lat="46.5056440" lon="6.6268800"/>
   <trkpt lat="46.5056700" lon="6.6268430"/>
   <trkpt lat="46.5056930" lon="6.6268050"/>
   <trkpt lat="46.5057130" lon="6.6267730"/>
   <trkpt lat="46.5057330" lon="6.6267400"/>
   <trkpt lat="46.5057510" lon="6.6267010"/>
   <trkpt lat="46.5057720" lon="6.6266620"/>
   <trkpt lat="46.5057910" lon="6.6266260"/>
   <trkpt lat="46.5058140" lon="6.6265860"/>
   <trkpt lat="46.5058350" lon="6.6265540"/>
   <trkpt lat="46.5058570" lon="6.6265160"/>
   <trkpt lat="46.5058800" lon="6.6264810"/>
   <trkpt lat="46.5059050" lon="6.6264430"/>
   <trkpt lat="46.5059280" lon="6.6264110"/>
   <trkpt lat="46.5059480" lon="6.6263790"/>
   <trkpt lat="46.5059710" lon="6.6263460"/>
   <trkpt lat="46.5059910" lon="6.6263160"/>
   <trkpt lat="46.5060140" lon="6.6262820"/>
   <trkpt lat="46.5060380" lon="6.6262510"/>
   <trkpt lat="46.5060630" lon="6.6262160"/>
   <trkpt lat="46.5060890" lon="6.6261840"/>
   <trkpt lat="46.5061090" lon="6.6261520"/>
   <trkpt lat="46.5061330" lon="6.6261130"/>
   <trkpt lat="46.5061490" lon="6.6260810"/>
   <trkpt lat="46.5061670" lon="6.6260400"/>
   <trkpt lat="46.5061870" lon="6.6260010"/>
   <trkpt lat="46.5062050" lon="6.6259600"/>
   <trkpt lat="46.5062250" lon="6.6259200"/>
   <trkpt lat="46.5062430" lon="6.6258860"/>
   <trkpt lat="46.5062640" lon="6.6258500"/>
   <trkpt lat="46.5062830" lon="6.6258220"/>
   <trkpt lat="46.5063030" lon="6.6257850"/>
   <trkpt lat="46.5063250" lon="6.6257480"/>
   <trkpt lat="46.5063450" lon="6.6257140"/>
   <trkpt lat="46.5063680" lon="6.6256790"/>
   <trkpt lat="46.5063860" lon="6.6256500"/>
   <trkpt lat="46.5064110" lon="6.6256130"/>
   <trkpt lat="46.5064310" lon="6.6255820"/>
   <trkpt lat="46.5064550" lon="6.6255440"/>
   <trkpt lat="46.5064780" lon="6.6255100"/>
   <trkpt lat="46.5065000" lon="6.6254750"/>
   <trkpt lat="46.5065220" lon="6.6254370"/>
   <trkpt lat="46.5065410" lon="6.6254030"/>
   <trkpt lat="46.5065660" lon="6.6253650"/>
   <trkpt lat="46.5065890" lon="6.6253350"/>
   <trkpt lat="46.5066150" lon="6.6252980"/>
   <trkpt lat="46.5066400" lon="6.6252650"/>
   <trkpt lat="46.5066640" lon="6.6252300"/>
   <trkpt lat="46.5066890" lon="6.6251940"/>
   <trkpt lat="46.5067100" lon="6.6251600"/>
   <trkpt lat="46.5067340" lon="6.6251220"/>
   <trkpt lat="46.5067560" lon="6.6250890"/>
   <trkpt lat="46.5067800" lon="6.6250530"/>
   <trkpt lat="46.5068040" lon="6.6250180"/>
   <trkpt lat="46.5068270" lon="6.6249790"/>
   <trkpt lat="46.5068510" lon="6.6249440"/>
   <trkpt lat="46.5068720" lon="6.6249100"/>
   <trkpt lat="46.5068950" lon="6.6248720"/>
   <trkpt lat="46.5069160" lon="6.6248380"/>
   <trkpt lat="46.5069430" lon="6.6247960"/>
   <trkpt lat="46.5069640" lon="6.6247600"/>
   <trkpt lat="46.5069840" lon="6.6247240"/>
   <trkpt lat="46.5070030" lon="6.6246920"/>
   <trkpt lat="46.5070240" lon="6.6246580"/>
   <trkpt lat="46.5070500" lon="6.6246200"/>
   <trkpt lat="46.5070720" lon="6.6245880"/>
   <trkpt lat="46.5070960" lon="6.6245490"/>
   <trkpt lat="46.5071180" lon="6.6245130"/>
   <trkpt lat="46.5071420" lon="6.6244730"/>
   <trkpt lat="46.5071650" lon="6.6244400"/>
   <trkpt lat="46.5071860" lon="6.6244050"/>
   <trkpt lat="46.5072100" lon="6.6243690"/>
   <trkpt lat="46.5072300" lon="6.6243380"/>
   <trkpt lat="46.5072540" lon="6.6242990"/>
   <trkpt lat="46.5072750" lon="6.6242690"/>
   <trkpt lat="46.5072990" lon="6.6242330"/>
   <trkpt lat="46.5073230" lon="6.6242000"/>
   <trkpt lat="46.5073470" lon="6.6241630"/>
   <trkpt lat="46.5073710" lon="6.6241220"/>
   <trkpt lat="46.5073930" lon="6.6240820"/>
   <trkpt lat="46.5074160" lon="6.6240410"/>
   <trkpt lat="46.5074340" lon="6.6240060"/>
   <trkpt lat="46.5074570" lon="6.6239600"/>
   <trkpt lat="46.5074760" lon="6.6239220"/>
   <trkpt lat="46.5075010" lon="6.6238750"/>
   <trkpt lat="46.5075220" lon="6.6238350"/>
   <trkpt lat="46.5075450" lon="6.6237900"/>
   <trkpt lat="46.5075670" lon="6.6237530"/>
   <trkpt lat="46.5075900" lon="6.6237130"/>
   <trkpt lat="46.5076150" lon="6.6236720"/>
   <trkpt lat="46.5076410" lon="6.6236320"/>
   <trkpt lat="46.5076680" lon="6.6235930"/>
   <trkpt lat="46.5076930" lon="6.6235570"/>
   <trkpt lat="46.5077200" lon="6.6235200"/>
   <trkpt lat="46.5077470" lon="6.6234860"/>
   <trkpt lat="46.5077760" lon="6.6234470"/>
   <trkpt lat="46.5077950" lon="6.6234020"/>
   <trkpt lat="46.5078020" lon="6.6233450"/>
   <trkpt lat="46.5077990" lon="6.6232960"/>
   <trkpt lat="46.5077870" lon="6.6232440"/>
   <trkpt lat="46.5077720" lon="6.6232000"/>
   <trkpt lat="46.5077540" lon="6.6231470"/>
   <trkpt lat="46.5077390" lon="6.6231060"/>
   <trkpt lat="46.5077240" lon="6.6230560"/>
   <trkpt lat="46.5077120" lon="6.6230130"/>
   <trkpt lat="46.5076970" lon="6.6229600"/>
   <trkpt lat="46.5076850" lon="6.6229130"/>
   <trkpt lat="46.5076690" lon="6.6228580"/>
   <trkpt lat="46.5076560" lon="6.6228050"/>
   <trkpt lat="46.5076400" lon="6.6227510"/>
   <trkpt lat="46.5076250" lon="6.6226990"/>
   <trkpt lat="46.5076100" lon="6.6226540"/>
   <trkpt lat="46.5075960" lon="6.6226040"/>
   <trkpt lat="46.5075820" lon="6.6225620"/>
   <trkpt lat="46.5075680" lon="6.6225160"/>
   <trkpt lat="46.5075550" lon="6.6224720"/>
   <trkpt lat="46.5075410" lon="6.6224270"/>
   <trkpt lat="46.5075290" lon="6.6223820"/>
   <trkpt lat="46.5075170" lon="6.6223320"/>
   <trkpt lat="46.5075090" lon="6.6222860"/>
   <trkpt lat="46.5075000" lon="6.6222450"/>
   <trkpt lat="46.5074900" lon="6.6221950"/>
   <trkpt lat="46.5074800" lon="6.6221480"/>
   <trkpt lat="46.5074670" lon="6.6221000"/>
   <trkpt lat="46.5074570" lon="6.6220560"/>
   <trkpt lat="46.5074430" lon="6.6220060"/>
   <trkpt lat="46.5074300" lon="6.6219580"/>
   <trkpt lat="46.5074160" lon="6.6219140"/>
   <trkpt lat="46.5074040" lon="6.6218700"/>
   <trkpt lat="46.5073930" lon="6.6218340"/>
   <trkpt lat="46.5073820" lon="6.6217930"/>
   <trkpt lat="46.5073700" lon="6.6217530"/>
   <trkpt lat="46.5073570" lon="6.6217080"/>
   <trkpt lat="46.5073460" lon="6.6216630"/>
   <trkpt lat="46.5073390" lon="6.6216200"/>
   <trkpt lat="46.5073330" lon="6.6215730"/>
   <trkpt lat="46.5073340" lon="6.6215290"/>
   <trkpt lat="46.5073510" lon="6.6214880"/>
   <trkpt lat="46.5073740" lon="6.6214550"/>
   <trkpt lat="46.5073990" lon="6.6214260"/>
   <trkpt lat="46.5074260" lon="6.6214010"/>
   <trkpt lat="46.5074540" lon="6.6213790"/>
   <trkpt lat="46.5074820" lon="6.6213600"/>
   <trkpt lat="46.5075130" lon="6.6213450"/>
   <trkpt lat="46.5075480" lon="6.6213290"/>
   <trkpt lat="46.5075780" lon="6.6213180"/>
   <trkpt lat="46.5076090" lon="6.6213130"/>
   <trkpt lat="46.5076390" lon="6.6213170"/>
   <trkpt lat="46.5076680" lon="6.6213280"/>
   <trkpt lat="46.5076980" lon="6.6213500"/>
   <trkpt lat="46.5077260" lon="6.6213750"/>
   <trkpt lat="46.5077550" lon="6.6214060"/>
   <trkpt lat="46.5077780" lon="6.6214480"/>
   <trkpt lat="46.5078030" lon="6.6214800"/>
   <trkpt lat="46.5078260" lon="6.6215160"/>
   <trkpt lat="46.5078500" lon="6.6215480"/>
   <trkpt lat="46.5078740" lon="6.6215830"/>
   <trkpt lat="46.5078980" lon="6.6216100"/>
   <trkpt lat="46.5079280" lon="6.6216360"/>
   <trkpt lat="46.5079570" lon="6.6216450"/>
   <trkpt lat="46.5079860" lon="6.6216570"/>
   <trkpt lat="46.5080140" lon="6.6216540"/>
   <trkpt lat="46.5080440" lon="6.6216400"/>
   <trkpt lat="46.5080590" lon="6.6215980"/>
   <trkpt lat="46.5080810" lon="6.6215620"/>
   <trkpt lat="46.5081070" lon="6.6215220"/>
   <trkpt lat="46.5081330" lon="6.6214850"/>
   <trkpt lat="46.5081610" lon="6.6214430"/>
   <trkpt lat="46.5081870" lon="6.6214090"/>
   <trkpt lat="46.5082090" lon="6.6213750"/>
   <trkpt lat="46.5082330" lon="6.6213390"/>
   <trkpt lat="46.5082520" lon="6.6213020"/>
   <trkpt lat="46.5082740" lon="6.6212650"/>
   <trkpt lat="46.5082980" lon="6.6212310"/>
   <trkpt lat="46.5083240" lon="6.6211940"/>
   <trkpt lat="46.5083490" lon="6.6211590"/>
   <trkpt lat="46.5083720" lon="6.6211250"/>
   <trkpt lat="46.5083970" lon="6.6210870"/>
   <trkpt lat="46.5084190" lon="6.6210520"/>
   <trkpt lat="46.5084440" lon="6.6210170"/>
   <trkpt lat="46.5084650" lon="6.6209850"/>
   <trkpt lat="46.5084890" lon="6.6209480"/>
   <trkpt lat="46.5085120" lon="6.6209130"/>
   <trkpt lat="46.5085340" lon="6.6208750"/>
   <trkpt lat="46.5085570" lon="6.6208380"/>
   <trkpt lat="46.5085780" lon="6.6208020"/>
   <trkpt lat="46.5086000" lon="6.6207620"/>
   <trkpt lat="46.5086210" lon="6.6207230"/>
   <trkpt lat="46.5086450" lon="6.6206810"/>
   <trkpt lat="46.5086650" lon="6.6206460"/>
   <trkpt lat="46.5086860" lon="6.6206120"/>
   <trkpt lat="46.5087080" lon="6.6205790"/>
   <trkpt lat="46.5087290" lon="6.6205430"/>
   <trkpt lat="46.5087530" lon="6.6205030"/>
   <trkpt lat="46.5087760" lon="6.6204640"/>
   <trkpt lat="46.5088000" lon="6.6204230"/>
   <trkpt lat="46.5088210" lon="6.6203850"/>
   <trkpt lat="46.5088470" lon="6.6203420"/>
   <trkpt lat="46.5088660" lon="6.6203090"/>
   <trkpt lat="46.5088890" lon="6.6202710"/>
   <trkpt lat="46.5089110" lon="6.6202360"/>
   <trkpt lat="46.5089340" lon="6.6201990"/>
   <trkpt lat="46.5089600" lon="6.6201610"/>
   <trkpt lat="46.5089850" lon="6.6201270"/>
   <trkpt lat="46.5090070" lon="6.6200940"/>
   <trkpt lat="46.5090270" lon="6.6200610"/>
   <trkpt lat="46.5090480" lon="6.6200310"/>
   <trkpt lat="46.5090680" lon="6.6200000"/>
   <trkpt lat="46.5090900" lon="6.6199640"/>
   <trkpt lat="46.5091100" lon="6.6199340"/>
   <trkpt lat="46.5091310" lon="6.6198960"/>
   <trkpt lat="46.5091500" lon="6.6198560"/>
   <trkpt lat="46.5091670" lon="6.6198100"/>
   <trkpt lat="46.5091850" lon="6.6197640"/>
   <trkpt lat="46.5092000" lon="6.6197230"/>
   <trkpt lat="46.5092140" lon="6.6196720"/>
   <trkpt lat="46.5092280" lon="6.6196310"/>
   <trkpt lat="46.5092480" lon="6.6195860"/>
   <trkpt lat="46.5092660" lon="6.6195480"/>
   <trkpt lat="46.5092900" lon="6.6195020"/>
   <trkpt lat="46.5093110" lon="6.6194620"/>
   <trkpt lat="46.5093340" lon="6.6194160"/>
   <trkpt lat="46.5093560" lon="6.6193700"/>
   <trkpt lat="46.5093760" lon="6.6193250"/>
   <trkpt lat="46.5093980" lon="6.6192810"/>
   <trkpt lat="46.5094190" lon="6.6192330"/>
   <trkpt lat="46.5094390" lon="6.6191910"/>
   <trkpt lat="46.5094570" lon="6.6191490"/>
   <trkpt lat="46.5094800" lon="6.6191000"/>
   <trkpt lat="46.5095020" lon="6.6190500"/>
   <trkpt lat="46.5095290" lon="6.6190010"/>
   <trkpt lat="46.5095530" lon="6.6189540"/>
   <trkpt lat="46.5095780" lon="6.6189060"/>
   <trkpt lat="46.5096010" lon="6.6188540"/>
   <trkpt lat="46.5096250" lon="6.6188090"/>
   <trkpt lat="46.5096510" lon="6.6187620"/>
   <trkpt lat="46.5096760" lon="6.6187180"/>
   <trkpt lat="46.5097020" lon="6.6186660"/>
   <trkpt lat="46.5097280" lon="6.6186210"/>
   <trkpt lat="46.5097530" lon="6.6185760"/>
   <trkpt lat="46.5097810" lon="6.6185340"/>
   <trkpt lat="46.5098100" lon="6.6184920"/>
   <trkpt lat="46.5098350" lon="6.6184540"/>
  </trkseg>
 </trk>
</gpx>
