<?xml version="1.0" encoding="UTF-8"?>
<gpx creator="StravaGPX" version="1.1" xmlns="http://www.topografix.com/GPX/1/1" xmlns:xsi="http://www.w3.org/2001/XMLSchema-instance" xsi:schemaLocation="http://www.topografix.com/GPX/1/1 http://www.topografix.com/GPX/1/1/gpx.xsd http://www.garmin.com/xmlschemas/GpxExtensions/v3 http://www.garmin.com/xmlschemas/GpxExtensionsv3.xsd http://www.garmin.com/xmlschemas/TrackPointExtension/v1 http://www.garmin.com/xmlschemas/TrackPointExtensionv1.xsd" xmlns:gpxtpx="http://www.garmin.com/xmlschemas/TrackPointExtension/v1" xmlns:gpxx="http://www.garmin.com/xmlschemas/GpxExtensions/v3">
 <trk>
  <name>GP Bern 2024</name>
  <type>running</type>
  <trkseg>
   <trkpt lat="46.9583460" lon="7.4631130"/>
   <trkpt lat="46.9583210" lon="7.4630950"/>
   <trkpt lat="46.9582970" lon="7.4630780"/>
   <trkpt lat="46.9582640" lon="7.4630510"/>
   <trkpt lat="46.9582390" lon="7.4630310"/>
   <trkpt lat="46.9582100" lon="7.4630090"/>
   <trkpt lat="46.9581840" lon="7.4629870"/>
   <trkpt lat="46.9581610" lon="7.4629640"/>
   <trkpt lat="46.9581340" lon="7.4629440"/>
   <trkpt lat="46.9581030" lon="7.4629230"/>
   <trkpt lat="46.9580740" lon="7.4629020"/>
   <trkpt lat="46.9580430" lon="7.4628780"/>
   <trkpt lat="46.9580160" lon="7.4628510"/>
   <trkpt lat="46.9579890" lon="7.4628310"/>
   <trkpt lat="46.9579580" lon="7.4628110"/>
   <trkpt lat="46.9579290" lon="7.4627850"/>
   <trkpt lat="46.9578990" lon="7.4627600"/>
   <trkpt lat="46.9578700" lon="7.4627370"/>
   <trkpt lat="46.9578420" lon="7.4627200"/>
   <trkpt lat="46.9578150" lon="7.4626970"/>
   <trkpt lat="46.9577870" lon="7.4626710"/>
   <trkpt lat="46.9577610" lon="7.4626500"/>
   <trkpt lat="46.9577330" lon="7.4626250"/>
   <trkpt lat="46.9577040" lon="7.4626030"/>
   <trkpt lat="46.9576760" lon="7.4625810"/>
   <trkpt lat="46.9576480" lon="7.4625620"/>
   <trkpt lat="46.9576190" lon="7.4625390"/>
   <trkpt lat="46.9575930" lon="7.4625140"/>
   <trkpt lat="46.9575660" lon="7.4624920"/>
   <trkpt lat="46.9575350" lon="7.4624680"/>
   <trkpt lat="46.9575060" lon="7.4624460"/>
   <trkpt lat="46.9574800" lon="7.4624250"/>
   <trkpt lat="46.9574510" lon="7.4624020"/>
   <trkpt lat="46.9574240" lon="7.4623850"/>
   <trkpt lat="46.9574000" lon="7.4623660"/>
   <trkpt lat="46.9573750" lon="7.4623440"/>
   <trkpt lat="46.9573460" lon="7.4623290"/>
   <trkpt lat="46.9573150" lon="7.4623030"/>
   <trkpt lat="46.9572860" lon="7.4622800"/>
   <trkpt lat="46.9572570" lon="7.4622570"/>
   <trkpt lat="46.9572270" lon="7.4622320"/>
   <trkpt lat="46.9571980" lon="7.4622110"/>
   <trkpt lat="46.9571690" lon="7.4621930"/>
   <trkpt lat="46.9571400" lon="7.4621700"/>
   <trkpt lat="46.9571120" lon="7.4621520"/>
   <trkpt lat="46.9570850" lon="7.4621340"/>
   <trkpt lat="46.9570590" lon="7.4621140"/>
   <trkpt lat="46.9570310" lon="7.4620960"/>
   <trkpt lat="46.9570040" lon="7.4620750"/>
   <trkpt lat="46.9569790" lon="7.4620560"/>
   <trkpt lat="46.9569470" lon="7.4620290"/>
   <trkpt lat="46.9569210" lon="7.4620080"/>
   <trkpt lat="46.9568940" lon="7.4619880"/>
   <trkpt lat="46.9568710" lon="7.4619700"/>
   <trkpt lat="46.9568510" lon="7.4619500"/>
   <trkpt lat="46.9568260" lon="7.4619340"/>
   <trkpt lat="46.9568010" lon="7.4619160"/>
   <trkpt lat="46.9567750" lon="7.4619000"/>
   <trkpt lat="46.9567520" lon="7.4618870"/>
   <trkpt lat="46.9567260" lon="7.4618650"/>
   <trkpt lat="46.9567010" lon="7.4618410"/>
   <trkpt lat="46.9566760" lon="7.4618190"/>
   <trkpt lat="46.9566470" lon="7.4618000"/>
   <trkpt lat="46.9566210" lon="7.4617820"/>
   <trkpt lat="46.9565910" lon="7.4617600"/>
   <trkpt lat="46.9565640" lon="7.4617410"/>
   <trkpt lat="46.9565340" lon="7.4617240"/>
   <trkpt lat="46.9565040" lon="7.4617020"/>
   <trkpt lat="46.9564750" lon="7.4616780"/>
   <trkpt lat="46.9564460" lon="7.4616570"/>
   <trkpt lat="46.9564190" lon="7.4616330"/>
   <trkpt lat="46.9563960" lon="7.4616150"/>
   <trkpt lat="46.9563730" lon="7.4615940"/>
   <trkpt lat="46.9563450" lon="7.4615710"/>
   <trkpt lat="46.9563170" lon="7.4615480"/>
   <trkpt lat="46.9562870" lon="7.4615280"/>
   <trkpt lat="46.9562560" lon="7.4615060"/>
   <trkpt lat="46.9562300" lon="7.4614860"/>
   <trkpt lat="46.9562020" lon="7.4614600"/>
   <trkpt lat="46.9561760" lon="7.4614340"/>
   <trkpt lat="46.9561490" lon="7.4614130"/>
   <trkpt lat="46.9561240" lon="7.4613880"/>
   <trkpt lat="46.9560990" lon="7.4613670"/>
   <trkpt lat="46.9560710" lon="7.4613440"/>
   <trkpt lat="46.9560460" lon="7.4613250"/>
   <trkpt lat="46.9560190" lon="7.4613080"/>
   <trkpt lat="46.9559870" lon="7.4612860"/>
   <trkpt lat="46.9559580" lon="7.4612660"/>
   <trkpt lat="46.9559280" lon="7.4612480"/>
   <trkpt lat="46.9558990" lon="7.4612270"/>
   <trkpt lat="46.9558740" lon="7.4612110"/>
   <trkpt lat="46.9558440" lon="7.4611890"/>
   <trkpt lat="46.9558130" lon="7.4611640"/>
   <trkpt lat="46.9557820" lon="7.4611460"/>
   <trkpt lat="46.9557450" lon="7.4611230"/>
   <trkpt lat="46.9557170" lon="7.4611010"/>
   <trkpt lat="46.9556850" lon="7.4610780"/>
   <trkpt lat="46.9556530" lon="7.4610540"/>
   <trkpt lat="46.9556230" lon="7.4610350"/>
   <trkpt lat="46.9555930" lon="7.4610130"/>
   <trkpt lat="46.9555670" lon="7.4609930"/>
   <trkpt lat="46.9555390" lon="7.4609720"/>
   <trkpt lat="46.9555100" lon="7.4609510"/>
   <trkpt lat="46.9554780" lon="7.4609310"/>
   <trkpt lat="46.9554480" lon="7.4609100"/>
   <trkpt lat="46.9554210" lon="7.4608880"/>
   <trkpt lat="46.9553950" lon="7.4608670"/>
   <trkpt lat="46.9553700" lon="7.4608490"/>
   <trkpt lat="46.9553430" lon="7.4608290"/>
   <trkpt lat="46.9553130" lon="7.4608080"/>
   <trkpt lat="46.9552830" lon="7.4607870"/>
   <trkpt lat="46.9552540" lon="7.4607710"/>
   <trkpt lat="46.9552250" lon="7.4607530"/>
   <trkpt lat="46.9551980" lon="7.4607320"/>
   <trkpt lat="46.9551690" lon="7.4607090"/>
   <trkpt lat="46.9551440" lon="7.4606840"/>
   <trkpt lat="46.9551150" lon="7.4606620"/>
   <trkpt lat="46.9550880" lon="7.4606420"/>
   <trkpt lat="46.9550600" lon="7.4606210"/>
   <trkpt lat="46.9550310" lon="7.4605970"/>
   <trkpt lat="46.9550040" lon="7.4605740"/>
   <trkpt lat="46.9549760" lon="7.4605530"/>
   <trkpt lat="46.9549480" lon="7.4605310"/>
   <trkpt lat="46.9549250" lon="7.4605110"/>
   <trkpt lat="46.9548990" lon="7.4604930"/>
   <trkpt lat="46.9548740" lon="7.4604750"/>
   <trkpt lat="46.9548480" lon="7.4604590"/>
   <trkpt lat="46.9548250" lon="7.4604450"/>
   <trkpt lat="46.9547990" lon="7.4604260"/>
   <trkpt lat="46.9547720" lon="7.4604060"/>
   <trkpt lat="46.9547450" lon="7.4603880"/>
   <trkpt lat="46.9547160" lon="7.4603650"/>
   <trkpt lat="46.9546860" lon="7.4603380"/>
   <trkpt lat="46.9546590" lon="7.4603160"/>
   <trkpt lat="46.9546370" lon="7.4602900"/>
   <trkpt lat="46.9546150" lon="7.4602680"/>
   <trkpt lat="46.9545900" lon="7.4602480"/>
   <trkpt lat="46.9545640" lon="7.4602280"/>
   <trkpt lat="46.9545350" lon="7.4602110"/>
   <trkpt lat="46.9545030" lon="7.4601860"/>
   <trkpt lat="46.9544750" lon="7.4601610"/>
   <trkpt lat="46.9544470" lon="7.4601390"/>
   <trkpt lat="46.9544190" lon="7.4601130"/>
   <trkpt lat="46.9543940" lon="7.4600950"/>
   <trkpt lat="46.9543670" lon="7.4600750"/>
   <trkpt lat="46.9543400" lon="7.4600480"/>
   <trkpt lat="46.9543150" lon="7.4600240"/>
   <trkpt lat="46.9542830" lon="7.4599990"/>
   <trkpt lat="46.9542560" lon="7.4599790"/>
   <trkpt lat="46.9542300" lon="7.4599580"/>
   <trkpt lat="46.9542000" lon="7.4599330"/>
   <trkpt lat="46.9541730" lon="7.4599150"/>
   <trkpt lat="46.9541460" lon="7.4598920"/>
   <trkpt lat="46.9541160" lon="7.4598710"/>
   <trkpt lat="46.9540880" lon="7.4598530"/>
   <trkpt lat="46.9540580" lon="7.4598290"/>
   <trkpt lat="46.9540300" lon="7.4598080"/>
   <trkpt lat="46.9540000" lon="7.4597840"/>
   <trkpt lat="46.9539670" lon="7.4597560"/>
   <trkpt lat="46.9539390" lon="7.4597310"/>
   <trkpt lat="46.9539120" lon="7.4596990"/>
   <trkpt lat="46.9538870" lon="7.4596730"/>
   <trkpt lat="46.9538600" lon="7.4596470"/>
   <trkpt lat="46.9538330" lon="7.4596210"/>
   <trkpt lat="46.9538050" lon="7.4596010"/>
   <trkpt lat="46.9537750" lon="7.4595780"/>
   <trkpt lat="46.9537520" lon="7.4595570"/>
   <trkpt lat="46.9537280" lon="7.4595350"/>
   <trkpt lat="46.9537030" lon="7.4595110"/>
   <trkpt lat="46.9536770" lon="7.4594880"/>
   <trkpt lat="46.9536500" lon="7.4594670"/>
   <trkpt lat="46.9536200" lon="7.4594410"/>
   <trkpt lat="46.9535890" lon="7.4594200"/>
   <trkpt lat="46.9535570" lon="7.4593940"/>
   <trkpt lat="46.9535320" lon="7.4593710"/>
   <trkpt lat="46.9535030" lon="7.4593500"/>
   <trkpt lat="46.9534730" lon="7.4593300"/>
   <trkpt lat="46.9534410" lon="7.4593150"/>
   <trkpt lat="46.9534090" lon="7.4592920"/>
   <trkpt lat="46.9533800" lon="7.4592690"/>
   <trkpt lat="46.9533530" lon="7.4592550"/>
   <trkpt lat="46.9533220" lon="7.4592280"/>
   <trkpt lat="46.9532950" lon="7.4592080"/>
   <trkpt lat="46.9532640" lon="7.4591880"/>
   <trkpt lat="46.9532320" lon="7.4591610"/>
   <trkpt lat="46.9532060" lon="7.4591410"/>
   <trkpt lat="46.9531740" lon="7.4591120"/>
   <trkpt lat="46.9531490" lon="7.4590890"/>
   <trkpt lat="46.9531260" lon="7.4590700"/>
   <trkpt lat="46.9531010" lon="7.4590460"/>
   <trkpt lat="46.9530730" lon="7.4590250"/>
   <trkpt lat="46.9530460" lon="7.4590050"/>
   <trkpt lat="46.9530120" lon="7.4589810"/>
   <trkpt lat="46.9529830" lon="7.4589600"/>
   <trkpt lat="46.9529530" lon="7.4589360"/>
   <trkpt lat="46.9529230" lon="7.4589180"/>
   <trkpt lat="46.9528980" lon="7.4588960"/>
   <trkpt lat="46.9528690" lon="7.4588730"/>
   <trkpt lat="46.9528370" lon="7.4588460"/>
   <trkpt lat="46.9528080" lon="7.4588330"/>
   <trkpt lat="46.9527820" lon="7.4588120"/>
   <trkpt lat="46.9527540" lon="7.4587920"/>
   <trkpt lat="46.9527230" lon="7.4587800"/>
   <trkpt lat="46.9526940" lon="7.4587660"/>
   <trkpt lat="46.9526690" lon="7.4587550"/>
   <trkpt lat="46.9526450" lon="7.4587410"/>
   <trkpt lat="46.9526150" lon="7.4587270"/>
   <trkpt lat="46.9525840" lon="7.4587110"/>
   <trkpt lat="46.9525500" lon="7.4586980"/>
   <trkpt lat="46.9525190" lon="7.4586870"/>
   <trkpt lat="46.9524880" lon="7.4586810"/>
   <trkpt lat="46.9524550" lon="7.4586750"/>
   <trkpt lat="46.9524190" lon="7.4586680"/>
   <trkpt lat="46.9523840" lon="7.4586660"/>
   <trkpt lat="46.9523490" lon="7.4586650"/>
   <trkpt lat="46.9523190" lon="7.4586630"/>
   <trkpt lat="46.9522830" lon="7.4586550"/>
   <trkpt lat="46.9522450" lon="7.4586550"/>
   <trkpt lat="46.9522100" lon="7.4586620"/>
   <trkpt lat="46.9521690" lon="7.4586730"/>
   <trkpt lat="46.9521350" lon="7.4586860"/>
   <trkpt lat="46.9521030" lon="7.4586920"/>
   <trkpt lat="46.9520680" lon="7.4587010"/>
   <trkpt lat="46.9520310" lon="7.4587150"/>
   <trkpt lat="46.9519960" lon="7.4587290"/>
   <trkpt lat="46.9519640" lon="7.4587480"/>
   <trkpt lat="46.9519300" lon="7.4587690"/>
   <trkpt lat="46.9518960" lon="7.4587850"/>
   <trkpt lat="46.9518600" lon="7.4588040"/>
   <trkpt lat="46.9518280" lon="7.4588180"/>
   <trkpt lat="46.9517990" lon="7.4588390"/>
   <trkpt lat="46.9517690" lon="7.4588650"/>
   <trkpt lat="46.9517410" lon="7.4588940"/>
   <trkpt lat="46.9517060" lon="7.4589220"/>
   <trkpt lat="46.9516730" lon="7.4589480"/>
   <trkpt lat="46.9516440" lon="7.4589770"/>
   <trkpt lat="46.9516100" lon="7.4590070"/>
   <trkpt lat="46.9515760" lon="7.4590410"/>
   <trkpt lat="46.9515430" lon="7.4590680"/>
   <trkpt lat="46.9515090" lon="7.4590930"/>
   <trkpt lat="46.9514790" lon="7.4591200"/>
   <trkpt lat="46.9514470" lon="7.4591460"/>
   <trkpt lat="46.9514170" lon="7.4591700"/>
   <trkpt lat="46.9513860" lon="7.4591960"/>
   <trkpt lat="46.9513550" lon="7.4592180"/>
   <trkpt lat="46.9513270" lon="7.4592410"/>
   <trkpt lat="46.9512950" lon="7.4592670"/>
   <trkpt lat="46.9512670" lon="7.4592900"/>
   <trkpt lat="46.9512410" lon="7.4593160"/>
   <trkpt lat="46.9512130" lon="7.4593400"/>
   <trkpt lat="46.9511860" lon="7.4593650"/>
   <trkpt lat="46.9511590" lon="7.4593910"/>
   <trkpt lat="46.9511290" lon="7.4594140"/>
   <trkpt lat="46.9511040" lon="7.4594370"/>
   <trkpt lat="46.9510710" lon="7.4594610"/>
   <trkpt lat="46.9510370" lon="7.4594840"/>
   <trkpt lat="46.9510060" lon="7.4595090"/>
   <trkpt lat="46.9509790" lon="7.4595290"/>
   <trkpt lat="46.9509490" lon="7.4595520"/>
   <trkpt lat="46.9509200" lon="7.4595760"/>
   <trkpt lat="46.9508900" lon="7.4596010"/>
   <trkpt lat="46.9508640" lon="7.4596260"/>
   <trkpt lat="46.9508350" lon="7.4596490"/>
   <trkpt lat="46.9508090" lon="7.4596710"/>
   <trkpt lat="46.9507850" lon="7.4596920"/>
   <trkpt lat="46.9507590" lon="7.4597130"/>
   <trkpt lat="46.9507330" lon="7.4597310"/>
   <trkpt lat="46.9507020" lon="7.4597510"/>
   <trkpt lat="46.9506720" lon="7.4597730"/>
   <trkpt lat="46.9506420" lon="7.4597940"/>
   <trkpt lat="46.9506160" lon="7.4598150"/>
   <trkpt lat="46.9505840" lon="7.4598370"/>
   <trkpt lat="46.9505510" lon="7.4598660"/>
   <trkpt lat="46.9505180" lon="7.4598840"/>
   <trkpt lat="46.9504890" lon="7.4599040"/>
   <trkpt lat="46.9504560" lon="7.4599270"/>
   <trkpt lat="46.9504230" lon="7.4599450"/>
   <trkpt lat="46.9503940" lon="7.4599620"/>
   <trkpt lat="46.9503620" lon="7.4599770"/>
   <trkpt lat="46.9503330" lon="7.4599940"/>
   <trkpt lat="46.9503000" lon="7.4600100"/>
   <trkpt lat="46.9502650" lon="7.4600220"/>
   <trkpt lat="46.9502390" lon="7.4600310"/>
   <trkpt lat="46.9502070" lon="7.4600400"/>
   <trkpt lat="46.9501770" lon="7.4600440"/>
   <trkpt lat="46.9501440" lon="7.4600550"/>
   <trkpt lat="46.9501090" lon="7.4600630"/>
   <trkpt lat="46.9500750" lon="7.4600650"/>
   <trkpt lat="46.9500430" lon="7.4600730"/>
   <trkpt lat="46.9500100" lon="7.4600760"/>
   <trkpt lat="46.9499790" lon="7.4600840"/>
   <trkpt lat="46.9499480" lon="7.4600920"/>
   <trkpt lat="46.9499160" lon="7.4601020"/>
   <trkpt lat="46.9498850" lon="7.4601120"/>
   <trkpt lat="46.9498470" lon="7.4601190"/>
   <trkpt lat="46.9498110" lon="7.4601240"/>
   <trkpt lat="46.9497810" lon="7.4601340"/>
   <trkpt lat="46.9497500" lon="7.4601470"/>
   <trkpt lat="46.9497170" lon="7.4601560"/>
   <trkpt lat="46.9496830" lon="7.4601670"/>
   <trkpt lat="46.9496510" lon="7.4601780"/>
   <trkpt lat="46.9496250" lon="7.4601900"/>
   <trkpt lat="46.9495990" lon="7.4602020"/>
   <trkpt lat="46.9495700" lon="7.4602120"/>
   <trkpt lat="46.9495400" lon="7.4602220"/>
   <trkpt lat="46.9495040" lon="7.4602250"/>
   <trkpt lat="46.9494700" lon="7.4602310"/>
   <trkpt lat="46.9494340" lon="7.4602420"/>
   <trkpt lat="46.9494010" lon="7.4602510"/>
   <trkpt lat="46.9493700" lon="7.4602620"/>
   <trkpt lat="46.9493330" lon="7.4602720"/>
   <trkpt lat="46.9493010" lon="7.4602850"/>
   <trkpt lat="46.9492680" lon="7.4602990"/>
   <trkpt lat="46.9492350" lon="7.4603130"/>
   <trkpt lat="46.9492010" lon="7.4603280"/>
   <trkpt lat="46.9491670" lon="7.4603430"/>
   <trkpt lat="46.9491330" lon="7.4603530"/>
   <trkpt lat="46.9491060" lon="7.4603610"/>
   <trkpt lat="46.9490740" lon="7.4603750"/>
   <trkpt lat="46.9490370" lon="7.4603900"/>
   <trkpt lat="46.9490060" lon="7.4604010"/>
   <trkpt lat="46.9489720" lon="7.4604080"/>
   <trkpt lat="46.9489370" lon="7.4604170"/>
   <trkpt lat="46.9489060" lon="7.4604260"/>
   <trkpt lat="46.9488800" lon="7.4604320"/>
   <trkpt lat="46.9488480" lon="7.4604350"/>
   <trkpt lat="46.9488170" lon="7.4604300"/>
   <trkpt lat="46.9487840" lon="7.4604140"/>
   <trkpt lat="46.9487490" lon="7.4603950"/>
   <trkpt lat="46.9487170" lon="7.4603760"/>
   <trkpt lat="46.9486910" lon="7.4603510"/>
   <trkpt lat="46.9486630" lon="7.4603210"/>
   <trkpt lat="46.9486340" lon="7.4602860"/>
   <trkpt lat="46.9486100" lon="7.4602520"/>
   <trkpt lat="46.9485850" lon="7.4602180"/>
   <trkpt lat="46.9485600" lon="7.4601830"/>
   <trkpt lat="46.9485370" lon="7.4601510"/>
   <trkpt lat="46.9485090" lon="7.4601210"/>
   <trkpt lat="46.9484820" lon="7.4600820"/>
   <trkpt lat="46.9484610" lon="7.4600550"/>
   <trkpt lat="46.9484370" lon="7.4600220"/>
   <trkpt lat="46.9484170" lon="7.4599820"/>
   <trkpt lat="46.9484050" lon="7.4599450"/>
   <trkpt lat="46.9483990" lon="7.4599010"/>
   <trkpt lat="46.9483980" lon="7.4598540"/>
   <trkpt lat="46.9484010" lon="7.4598080"/>
   <trkpt lat="46.9484050" lon="7.4597560"/>
   <trkpt lat="46.9484060" lon="7.4597050"/>
   <trkpt lat="46.9484070" lon="7.4596550"/>
   <trkpt lat="46.9484100" lon="7.4596040"/>
   <trkpt lat="46.9484140" lon="7.4595580"/>
   <trkpt lat="46.9484190" lon="7.4595040"/>
   <trkpt lat="46.9484220" lon="7.4594600"/>
   <trkpt lat="46.9484250" lon="7.4594150"/>
   <trkpt lat="46.9484300" lon="7.4593670"/>
   <trkpt lat="46.9484330" lon="7.4593280"/>
   <trkpt lat="46.9484370" lon="7.4592840"/>
   <trkpt lat="46.9484440" lon="7.4592370"/>
   <trkpt lat="46.9484460" lon="7.4591920"/>
   <trkpt lat="46.9484500" lon="7.4591410"/>
   <trkpt lat="46.9484510" lon="7.4591000"/>
   <trkpt lat="46.9484530" lon="7.4590580"/>
   <trkpt lat="46.9484580" lon="7.4590110"/>
   <trkpt lat="46.9484590" lon="7.4589770"/>
   <trkpt lat="46.9484610" lon="7.4589340"/>
   <trkpt lat="46.9484660" lon="7.4588880"/>
   <trkpt lat="46.9484710" lon="7.4588490"/>
   <trkpt lat="46.9484760" lon="7.4588030"/>
   <trkpt lat="46.9484780" lon="7.4587620"/>
   <trkpt lat="46.9484770" lon="7.4587240"/>
   <trkpt lat="46.9484820" lon="7.4586750"/>
   <trkpt lat="46.9484840" lon="7.4586330"/>
   <trkpt lat="46.9484830" lon="7.4585880"/>
   <trkpt lat="46.9484850" lon="7.4585390"/>
   <trkpt lat="46.9484850" lon="7.4585020"/>
   <trkpt lat="46.9484870" lon="7.4584550"/>
   <trkpt lat="46.9484910" lon="7.4584070"/>
   <trkpt lat="46.9484930" lon="7.4583680"/>
   <trkpt lat="46.9484990" lon="7.4583160"/>
   <trkpt lat="46.9485020" lon="7.4582760"/>
   <trkpt lat="46.9485030" lon="7.4582350"/>
   <trkpt lat="46.9485080" lon="7.4581890"/>
   <trkpt lat="46.9485110" lon="7.4581470"/>
   <trkpt lat="46.9485130" lon="7.4581080"/>
   <trkpt lat="46.9485190" lon="7.4580630"/>
   <trkpt lat="46.9485220" lon="7.4580200"/>
   <trkpt lat="46.9485250" lon="7.4579730"/>
   <trkpt lat="46.9485290" lon="7.4579250"/>
   <trkpt lat="46.9485330" lon="7.4578860"/>
   <trkpt lat="46.9485370" lon="7.4578330"/>
   <trkpt lat="46.9485390" lon="7.4577890"/>
   <trkpt lat="46.9485450" lon="7.4577370"/>
   <trkpt lat="46.9485500" lon="7.4576910"/>
   <trkpt lat="46.9485510" lon="7.4576500"/>
   <trkpt lat="46.9485530" lon="7.4576000"/>
   <trkpt lat="46.9485550" lon="7.4575580"/>
   <trkpt lat="46.9485590" lon="7.4575190"/>
   <trkpt lat="46.9485620" lon="7.4574730"/>
   <trkpt lat="46.9485660" lon="7.4574300"/>
   <trkpt lat="46.9485690" lon="7.4573850"/>
   <trkpt lat="46.9485720" lon="7.4573360"/>
   <trkpt lat="46.9485750" lon="7.4572960"/>
   <trkpt lat="46.9485800" lon="7.4572530"/>
   <trkpt lat="46.9485830" lon="7.4572150"/>
   <trkpt lat="46.9485850" lon="7.4571730"/>
   <trkpt lat="46.9485880" lon="7.4571290"/>
   <trkpt lat="46.9485900" lon="7.4570890"/>
   <trkpt lat="46.9485910" lon="7.4570410"/>
   <trkpt lat="46.9485930" lon="7.4569950"/>
   <trkpt lat="46.9485930" lon="7.4569540"/>
   <trkpt lat="46.9485970" lon="7.4569070"/>
   <trkpt lat="46.9485990" lon="7.4568670"/>
   <trkpt lat="46.9486010" lon="7.4568200"/>
   <trkpt lat="46.9486060" lon="7.4567730"/>
   <trkpt lat="46.9486070" lon="7.4567330"/>
   <trkpt lat="46.9486110" lon="7.4566900"/>
   <trkpt lat="46.9486140" lon="7.4566410"/>
   <trkpt lat="46.9486150" lon="7.4565990"/>
   <trkpt lat="46.9486170" lon="7.4565530"/>
   <trkpt lat="46.9486200" lon="7.4565120"/>
   <trkpt lat="46.9486200" lon="7.4564720"/>
   <trkpt lat="46.9486210" lon="7.4564320"/>
   <trkpt lat="46.9486230" lon="7.4563930"/>
   <trkpt lat="46.9486260" lon="7.4563520"/>
   <trkpt lat="46.9486310" lon="7.4563100"/>
   <trkpt lat="46.9486350" lon="7.4562710"/>
   <trkpt lat="46.9486400" lon="7.4562270"/>
   <trkpt lat="46.9486470" lon="7.4561820"/>
   <trkpt lat="46.9486480" lon="7.4561330"/>
   <trkpt lat="46.9486500" lon="7.4560810"/>
   <trkpt lat="46.9486550" lon="7.4560340"/>
   <trkpt lat="46.9486590" lon="7.4559910"/>
   <trkpt lat="46.9486650" lon="7.4559510"/>
   <trkpt lat="46.9486670" lon="7.4559160"/>
   <trkpt lat="46.9486680" lon="7.4558750"/>
   <trkpt lat="46.9486680" lon="7.4558340"/>
   <trkpt lat="46.9486640" lon="7.4557950"/>
   <trkpt lat="46.9486600" lon="7.4557570"/>
   <trkpt lat="46.9486540" lon="7.4557170"/>
   <trkpt lat="46.9486470" lon="7.4556810"/>
   <trkpt lat="46.9486410" lon="7.4556370"/>
   <trkpt lat="46.9486340" lon="7.4555930"/>
   <trkpt lat="46.9486250" lon="7.4555520"/>
   <trkpt lat="46.9486190" lon="7.4555090"/>
   <trkpt lat="46.9486100" lon="7.4554690"/>
   <trkpt lat="46.9486040" lon="7.4554290"/>
   <trkpt lat="46.9485970" lon="7.4553890"/>
   <trkpt lat="46.9485880" lon="7.4553550"/>
   <trkpt lat="46.9485840" lon="7.4553110"/>
   <trkpt lat="46.9485800" lon="7.4552680"/>
   <trkpt lat="46.9485730" lon="7.4552240"/>
   <trkpt lat="46.9485660" lon="7.4551750"/>
   <trkpt lat="46.9485610" lon="7.4551350"/>
   <trkpt lat="46.9485530" lon="7.4550930"/>
   <trkpt lat="46.9485400" lon="7.4550540"/>
   <trkpt lat="46.9485300" lon="7.4550220"/>
   <trkpt lat="46.9485180" lon="7.4549960"/>
   <trkpt lat="46.9485060" lon="7.4549620"/>
   <trkpt lat="46.9484980" lon="7.4549320"/>
   <trkpt lat="46.9484900" lon="7.4548920"/>
   <trkpt lat="46.9484810" lon="7.4548510"/>
   <trkpt lat="46.9484720" lon="7.4548180"/>
   <trkpt lat="46.9484620" lon="7.4547830"/>
   <trkpt lat="46.9484530" lon="7.4547520"/>
   <trkpt lat="46.9484460" lon="7.4547210"/>
   <trkpt lat="46.9484360" lon="7.4546830"/>
   <trkpt lat="46.9484250" lon="7.4546480"/>
   <trkpt lat="46.9484170" lon="7.4546180"/>
   <trkpt lat="46.9484050" lon="7.4545780"/>
   <trkpt lat="46.9483920" lon="7.4545450"/>
   <trkpt lat="46.9483820" lon="7.4545150"/>
   <trkpt lat="46.9483740" lon="7.4544790"/>
   <trkpt lat="46.9483670" lon="7.4544410"/>
   <trkpt lat="46.9483570" lon="7.4544060"/>
   <trkpt lat="46.9483500" lon="7.4543680"/>
   <trkpt lat="46.9483430" lon="7.4543360"/>
   <trkpt lat="46.9483340" lon="7.4543020"/>
   <trkpt lat="46.9483270" lon="7.4542600"/>
   <trkpt lat="46.9483200" lon="7.4542220"/>
   <trkpt lat="46.9483080" lon="7.4541860"/>
   <trkpt lat="46.9482990" lon="7.4541490"/>
   <trkpt lat="46.9482920" lon="7.4541150"/>
   <trkpt lat="46.9482820" lon="7.4540760"/>
   <trkpt lat="46.9482760" lon="7.4540340"/>
   <trkpt lat="46.9482720" lon="7.4540000"/>
   <trkpt lat="46.9482670" lon="7.4539610"/>
   <trkpt lat="46.9482610" lon="7.4539170"/>
   <trkpt lat="46.9482540" lon="7.4538800"/>
   <trkpt lat="46.9482450" lon="7.4538360"/>
   <trkpt lat="46.9482370" lon="7.4537940"/>
   <trkpt lat="46.9482260" lon="7.4537540"/>
   <trkpt lat="46.9482170" lon="7.4537110"/>
   <trkpt lat="46.9482080" lon="7.4536760"/>
   <trkpt lat="46.9481970" lon="7.4536390"/>
   <trkpt lat="46.9481870" lon="7.4536010"/>
   <trkpt lat="46.9481760" lon="7.4535660"/>
   <trkpt lat="46.9481660" lon="7.4535240"/>
   <trkpt lat="46.9481570" lon="7.4534820"/>
   <trkpt lat="46.9481520" lon="7.4534440"/>
   <trkpt lat="46.9481470" lon="7.4533970"/>
   <trkpt lat="46.9481450" lon="7.4533570"/>
   <trkpt lat="46.9481360" lon="7.4533220"/>
   <trkpt lat="46.9481290" lon="7.4532810"/>
   <trkpt lat="46.9481220" lon="7.4532400"/>
   <trkpt lat="46.9481140" lon="7.4531990"/>
   <trkpt lat="46.9481080" lon="7.4531530"/>
   <trkpt lat="46.9481050" lon="7.4531120"/>
   <trkpt lat="46.9481030" lon="7.4530730"/>
   <trkpt lat="46.9481010" lon="7.4530340"/>
   <trkpt lat="46.9480970" lon="7.4529930"/>
   <trkpt lat="46.9480950" lon="7.4529500"/>
   <trkpt lat="46.9480930" lon="7.4529090"/>
   <trkpt lat="46.9480880" lon="7.4528710"/>
   <trkpt lat="46.9480880" lon="7.4528230"/>
   <trkpt lat="46.9480860" lon="7.4527780"/>
   <trkpt lat="46.9480810" lon="7.4527340"/>
   <trkpt lat="46.9480800" lon="7.4526910"/>
   <trkpt lat="46.9480760" lon="7.4526500"/>
   <trkpt lat="46.9480700" lon="7.4526120"/>
   <trkpt lat="46.9480670" lon="7.4525680"/>
   <trkpt lat="46.9480640" lon="7.4525220"/>
   <trkpt lat="46.9480600" lon="7.4524710"/>
   <trkpt lat="46.9480550" lon="7.4524320"/>
   <trkpt lat="46.9480500" lon="7.4523910"/>
   <trkpt lat="46.9480470" lon="7.4523460"/>
   <trkpt lat="46.9480440" lon="7.4523100"/>
   <trkpt lat="46.9480360" lon="7.4522710"/>
   <trkpt lat="46.9480320" lon="7.4522310"/>
   <trkpt lat="46.9480300" lon="7.4521940"/>
   <trkpt lat="46.9480270" lon="7.4521540"/>
   <trkpt lat="46.9480260" lon="7.4521070"/>
   <trkpt lat="46.9480250" lon="7.4520660"/>
   <trkpt lat="46.9480210" lon="7.4520250"/>
   <trkpt lat="46.9480180" lon="7.4519800"/>
   <trkpt lat="46.9480150" lon="7.4519390"/>
   <trkpt lat="46.9480150" lon="7.4518900"/>
   <trkpt lat="46.9480160" lon="7.4518440"/>
   <trkpt lat="46.9480110" lon="7.4518030"/>
   <trkpt lat="46.9480090" lon="7.4517540"/>
   <trkpt lat="46.9480070" lon="7.4517140"/>
   <trkpt lat="46.9480060" lon="7.4516660"/>
   <trkpt lat="46.9480050" lon="7.4516220"/>
   <trkpt lat="46.9480020" lon="7.4515740"/>
   <trkpt lat="46.9480010" lon="7.4515260"/>
   <trkpt lat="46.9480010" lon="7.4514840"/>
   <trkpt lat="46.9480010" lon="7.4514330"/>
   <trkpt lat="46.9479990" lon="7.4513840"/>
   <trkpt lat="46.9479960" lon="7.4513310"/>
   <trkpt lat="46.9480000" lon="7.4512770"/>
   <trkpt lat="46.9480020" lon="7.4512340"/>
   <trkpt lat="46.9480060" lon="7.4511830"/>
   <trkpt lat="46.9480080" lon="7.4511360"/>
   <trkpt lat="46.9480060" lon="7.4510920"/>
   <trkpt lat="46.9480080" lon="7.4510480"/>
   <trkpt lat="46.9480090" lon="7.4510080"/>
   <trkpt lat="46.9480080" lon="7.4509640"/>
   <trkpt lat="46.9480070" lon="7.4509200"/>
   <trkpt lat="46.9480010" lon="7.4508800"/>
   <trkpt lat="46.9479970" lon="7.4508400"/>
   <trkpt lat="46.9479970" lon="7.4507970"/>
   <trkpt lat="46.9479960" lon="7.4507560"/>
   <trkpt lat="46.9479960" lon="7.4507100"/>
   <trkpt lat="46.9479950" lon="7.4506690"/>
   <trkpt lat="46.9479930" lon="7.4506260"/>
   <trkpt lat="46.9479910" lon="7.4505840"/>
   <trkpt lat="46.9479910" lon="7.4505460"/>
   <trkpt lat="46.9479930" lon="7.4505020"/>
   <trkpt lat="46.9479950" lon="7.4504630"/>
   <trkpt lat="46.9480010" lon="7.4504160"/>
   <trkpt lat="46.9480030" lon="7.4503730"/>
   <trkpt lat="46.9480000" lon="7.4503280"/>
   <trkpt lat="46.9479980" lon="7.4502730"/>
   <trkpt lat="46.9479990" lon="7.4502290"/>
   <trkpt lat="46.9480030" lon="7.4501810"/>
   <trkpt lat="46.9480020" lon="7.4501390"/>
   <trkpt lat="46.9480000" lon="7.4500930"/>
   <trkpt lat="46.9479980" lon="7.4500430"/>
   <trkpt lat="46.9479970" lon="7.4499990"/>
   <trkpt lat="46.9479960" lon="7.4499460"/>
   <trkpt lat="46.9479940" lon="7.4499030"/>
   <trkpt lat="46.9479930" lon="7.4498600"/>
   <trkpt lat="46.9479920" lon="7.4498140"/>
   <trkpt lat="46.9479920" lon="7.4497720"/>
   <trkpt lat="46.9479890" lon="7.4497240"/>
   <trkpt lat="46.9479850" lon="7.4496760"/>
   <trkpt lat="46.9479790" lon="7.4496370"/>
   <trkpt lat="46.9479790" lon="7.4495950"/>
   <trkpt lat="46.9479790" lon="7.4495550"/>
   <trkpt lat="46.9479740" lon="7.4495130"/>
   <trkpt lat="46.9479680" lon="7.4494640"/>
   <trkpt lat="46.9479670" lon="7.4494290"/>
   <trkpt lat="46.9479690" lon="7.4493840"/>
   <trkpt lat="46.9479670" lon="7.4493340"/>
   <trkpt lat="46.9479620" lon="7.4492920"/>
   <trkpt lat="46.9479580" lon="7.4492430"/>
   <trkpt lat="46.9479580" lon="7.4492030"/>
   <trkpt lat="46.9479580" lon="7.4491610"/>
   <trkpt lat="46.9479590" lon="7.4491150"/>
   <trkpt lat="46.9479620" lon="7.4490720"/>
   <trkpt lat="46.9479670" lon="7.4490250"/>
   <trkpt lat="46.9479670" lon="7.4489800"/>
   <trkpt lat="46.9479690" lon="7.4489410"/>
   <trkpt lat="46.9479760" lon="7.4488950"/>
   <trkpt lat="46.9479800" lon="7.4488570"/>
   <trkpt lat="46.9479890" lon="7.4488200"/>
   <trkpt lat="46.9479960" lon="7.4487820"/>
   <trkpt lat="46.9479990" lon="7.4487350"/>
   <trkpt lat="46.9480010" lon="7.4486830"/>
   <trkpt lat="46.9480030" lon="7.4486340"/>
   <trkpt lat="46.9480060" lon="7.4485830"/>
   <trkpt lat="46.9480080" lon="7.4485300"/>
   <trkpt lat="46.9480060" lon="7.4484800"/>
   <trkpt lat="46.9480090" lon="7.4484300"/>
   <trkpt lat="46.9480120" lon="7.4483830"/>
   <trkpt lat="46.9480130" lon="7.4483350"/>
   <trkpt lat="46.9480180" lon="7.4482860"/>
   <trkpt lat="46.9480300" lon="7.4482440"/>
   <trkpt lat="46.9480560" lon="7.4482180"/>
   <trkpt lat="46.9480900" lon="7.4481920"/>
   <trkpt lat="46.9481250" lon="7.4481780"/>
   <trkpt lat="46.9481610" lon="7.4481760"/>
   <trkpt lat="46.9481970" lon="7.4481770"/>
   <trkpt lat="46.9482290" lon="7.4481810"/>
   <trkpt lat="46.9482600" lon="7.4481880"/>
   <trkpt lat="46.9482890" lon="7.4482010"/>
   <trkpt lat="46.9483170" lon="7.4482120"/>
   <trkpt lat="46.9483420" lon="7.4482240"/>
   <trkpt lat="46.9483700" lon="7.4482340"/>
   <trkpt lat="46.9483980" lon="7.4482440"/>
   <trkpt lat="46.9484190" lon="7.4482480"/>
   <trkpt lat="46.9484450" lon="7.4482800"/>
   <trkpt lat="46.9484540" lon="7.4483350"/>
   <trkpt lat="46.9484650" lon="7.4483910"/>
   <trkpt lat="46.9484790" lon="7.4484400"/>
   <trkpt lat="46.9484920" lon="7.4484860"/>
   <trkpt lat="46.9485010" lon="7.4485450"/>
   <trkpt lat="46.9485060" lon="7.4486000"/>
   <trkpt lat="46.9485110" lon="7.4486460"/>
   <trkpt lat="46.9485130" lon="7.4486880"/>
   <trkpt lat="46.9485160" lon="7.4487340"/>
   <trkpt lat="46.9485120" lon="7.4487760"/>
   <trkpt lat="46.9485090" lon="7.4488250"/>
   <trkpt lat="46.9485070" lon="7.4488670"/>
   <trkpt lat="46.9485060" lon="7.4489170"/>
   <trkpt lat="46.9485070" lon="7.4489670"/>
   <trkpt lat="46.9485090" lon="7.4490150"/>
   <trkpt lat="46.9485110" lon="7.4490590"/>
   <trkpt lat="46.9485100" lon="7.4491030"/>
   <trkpt lat="46.9485100" lon="7.4491480"/>
   <trkpt lat="46.9485080" lon="7.4491980"/>
   <trkpt lat="46.9485060" lon="7.4492440"/>
   <trkpt lat="46.9485090" lon="7.4492910"/>
   <trkpt lat="46.9485060" lon="7.4493360"/>
   <trkpt lat="46.9485010" lon="7.4493790"/>
   <trkpt lat="46.9484960" lon="7.4494230"/>
   <trkpt lat="46.9484910" lon="7.4494710"/>
   <trkpt lat="46.9484880" lon="7.4495100"/>
   <trkpt lat="46.9484880" lon="7.4495540"/>
   <trkpt lat="46.9484880" lon="7.4495990"/>
   <trkpt lat="46.9484870" lon="7.4496480"/>
   <trkpt lat="46.9484880" lon="7.4496980"/>
   <trkpt lat="46.9484860" lon="7.4497450"/>
   <trkpt lat="46.9484860" lon="7.4497930"/>
   <trkpt lat="46.9484910" lon="7.4498390"/>
   <trkpt lat="46.9484920" lon="7.4498790"/>
   <trkpt lat="46.9484930" lon="7.4499260"/>
   <trkpt lat="46.9484940" lon="7.4499710"/>
   <trkpt lat="46.9484960" lon="7.4500160"/>
   <trkpt lat="46.9484930" lon="7.4500650"/>
   <trkpt lat="46.9484900" lon="7.4501080"/>
   <trkpt lat="46.9484890" lon="7.4501470"/>
   <trkpt lat="46.9484890" lon="7.4501870"/>
   <trkpt lat="46.9484880" lon="7.4502200"/>
   <trkpt lat="46.9484890" lon="7.4502630"/>
   <trkpt lat="46.9484930" lon="7.4503030"/>
   <trkpt lat="46.9484940" lon="7.4503470"/>
   <trkpt lat="46.9484910" lon="7.4503970"/>
   <trkpt lat="46.9484910" lon="7.4504450"/>
   <trkpt lat="46.9484930" lon="7.4504900"/>
   <trkpt lat="46.9484910" lon="7.4505330"/>
   <trkpt lat="46.9484860" lon="7.4505730"/>
   <trkpt lat="46.9484840" lon="7.4506240"/>
   <trkpt lat="46.9484830" lon="7.4506710"/>
   <trkpt lat="46.9484840" lon="7.4507160"/>
   <trkpt lat="46.9484800" lon="7.4507650"/>
   <trkpt lat="46.9484760" lon="7.4508110"/>
   <trkpt lat="46.9484760" lon="7.4508560"/>
   <trkpt lat="46.9484770" lon="7.4509050"/>
   <trkpt lat="46.9484780" lon="7.4509510"/>
   <trkpt lat="46.9484820" lon="7.4510010"/>
   <trkpt lat="46.9484840" lon="7.4510520"/>
   <trkpt lat="46.9484850" lon="7.4510980"/>
   <trkpt lat="46.9484820" lon="7.4511430"/>
   <trkpt lat="46.9484840" lon="7.4511840"/>
   <trkpt lat="46.9484860" lon="7.4512330"/>
   <trkpt lat="46.9484900" lon="7.4512820"/>
   <trkpt lat="46.9484930" lon="7.4513310"/>
   <trkpt lat="46.9484950" lon="7.4513820"/>
   <trkpt lat="46.9484960" lon="7.4514260"/>
   <trkpt lat="46.9484970" lon="7.4514740"/>
   <trkpt lat="46.9484980" lon="7.4515210"/>
   <trkpt lat="46.9485020" lon="7.4515770"/>
   <trkpt lat="46.9485040" lon="7.4516310"/>
   <trkpt lat="46.9485020" lon="7.4516800"/>
   <trkpt lat="46.9485040" lon="7.4517270"/>
   <trkpt lat="46.9485060" lon="7.4517690"/>
   <trkpt lat="46.9485100" lon="7.4518100"/>
   <trkpt lat="46.9485130" lon="7.4518580"/>
   <trkpt lat="46.9485140" lon="7.4519120"/>
   <trkpt lat="46.9485150" lon="7.4519640"/>
   <trkpt lat="46.9485150" lon="7.4520150"/>
   <trkpt lat="46.9485180" lon="7.4520680"/>
   <trkpt lat="46.9485250" lon="7.4521180"/>
   <trkpt lat="46.9485350" lon="7.4521650"/>
   <trkpt lat="46.9485430" lon="7.4522150"/>
   <trkpt lat="46.9485410" lon="7.4522620"/>
   <trkpt lat="46.9485420" lon="7.4523040"/>
   <trkpt lat="46.9485390" lon="7.4523490"/>
   <trkpt lat="46.9485370" lon="7.4523910"/>
   <trkpt lat="46.9485340" lon="7.4524370"/>
   <trkpt lat="46.9485300" lon="7.4524820"/>
   <trkpt lat="46.9485290" lon="7.4525300"/>
   <trkpt lat="46.9485310" lon="7.4525730"/>
   <trkpt lat="46.9485300" lon="7.4526100"/>
   <trkpt lat="46.9485390" lon="7.4526540"/>
   <trkpt lat="46.9485530" lon="7.4526990"/>
   <trkpt lat="46.9485640" lon="7.4527400"/>
   <trkpt lat="46.9485750" lon="7.4527910"/>
   <trkpt lat="46.9485850" lon="7.4528350"/>
   <trkpt lat="46.9485920" lon="7.4528810"/>
   <trkpt lat="46.9486010" lon="7.4529320"/>
   <trkpt lat="46.9486100" lon="7.4529800"/>
   <trkpt lat="46.9486160" lon="7.4530290"/>
   <trkpt lat="46.9486200" lon="7.4530770"/>
   <trkpt lat="46.9486250" lon="7.4531270"/>
   <trkpt lat="46.9486300" lon="7.4531780"/>
   <trkpt lat="46.9486370" lon="7.4532240"/>
   <trkpt lat="46.9486440" lon="7.4532720"/>
   <trkpt lat="46.9486500" lon="7.4533180"/>
   <trkpt lat="46.9486570" lon="7.4533650"/>
   <trkpt lat="46.9486620" lon="7.4534040"/>
   <trkpt lat="46.9486730" lon="7.4534480"/>
   <trkpt lat="46.9486830" lon="7.4534960"/>
   <trkpt lat="46.9486890" lon="7.4535430"/>
   <trkpt lat="46.9486980" lon="7.4535880"/>
   <trkpt lat="46.9487110" lon="7.4536330"/>
   <trkpt lat="46.9487260" lon="7.4536760"/>
   <trkpt lat="46.9487390" lon="7.4537220"/>
   <trkpt lat="46.9487480" lon="7.4537700"/>
   <trkpt lat="46.9487550" lon="7.4538180"/>
   <trkpt lat="46.9487650" lon="7.4538690"/>
   <trkpt lat="46.9487720" lon="7.4539130"/>
   <trkpt lat="46.9487810" lon="7.4539600"/>
   <trkpt lat="46.9487900" lon="7.4540030"/>
   <trkpt lat="46.9488040" lon="7.4540560"/>
   <trkpt lat="46.9488150" lon="7.4540930"/>
   <trkpt lat="46.9488250" lon="7.4541360"/>
   <trkpt lat="46.9488360" lon="7.4541800"/>
   <trkpt lat="46.9488450" lon="7.4542280"/>
   <trkpt lat="46.9488550" lon="7.4542780"/>
   <trkpt lat="46.9488630" lon="7.4543220"/>
   <trkpt lat="46.9488740" lon="7.4543670"/>
   <trkpt lat="46.9488860" lon="7.4544130"/>
   <trkpt lat="46.9488950" lon="7.4544560"/>
   <trkpt lat="46.9489020" lon="7.4545150"/>
   <trkpt lat="46.9489110" lon="7.4545550"/>
   <trkpt lat="46.9489220" lon="7.4545970"/>
   <trkpt lat="46.9489330" lon="7.4546450"/>
   <trkpt lat="46.9489430" lon="7.4546880"/>
   <trkpt lat="46.9489540" lon="7.4547370"/>
   <trkpt lat="46.9489680" lon="7.4547830"/>
   <trkpt lat="46.9489780" lon="7.4548340"/>
   <trkpt lat="46.9489880" lon="7.4548860"/>
   <trkpt lat="46.9489970" lon="7.4549330"/>
   <trkpt lat="46.9490040" lon="7.4549750"/>
   <trkpt lat="46.9490100" lon="7.4550160"/>
   <trkpt lat="46.9490120" lon="7.4550590"/>
   <trkpt lat="46.9490170" lon="7.4550990"/>
   <trkpt lat="46.9490220" lon="7.4551360"/>
   <trkpt lat="46.9490280" lon="7.4551780"/>
   <trkpt lat="46.9490300" lon="7.4552220"/>
   <trkpt lat="46.9490360" lon="7.4552670"/>
   <trkpt lat="46.9490420" lon="7.4553150"/>
   <trkpt lat="46.9490460" lon="7.4553530"/>
   <trkpt lat="46.9490530" lon="7.4553980"/>
   <trkpt lat="46.9490590" lon="7.4554490"/>
   <trkpt lat="46.9490600" lon="7.4554820"/>
   <trkpt lat="46.9490570" lon="7.4555320"/>
   <trkpt lat="46.9490350" lon="7.4555760"/>
   <trkpt lat="46.9490040" lon="7.4556100"/>
   <trkpt lat="46.9489670" lon="7.4556350"/>
   <trkpt lat="46.9489280" lon="7.4556570"/>
   <trkpt lat="46.9488890" lon="7.4556750"/>
   <trkpt lat="46.9488560" lon="7.4556950"/>
   <trkpt lat="46.9488290" lon="7.4557180"/>
   <trkpt lat="46.9487990" lon="7.4557470"/>
   <trkpt lat="46.9487780" lon="7.4557840"/>
   <trkpt lat="46.9487620" lon="7.4558310"/>
   <trkpt lat="46.9487500" lon="7.4558790"/>
   <trkpt lat="46.9487420" lon="7.4559220"/>
   <trkpt lat="46.9487400" lon="7.4559620"/>
   <trkpt lat="46.9487390" lon="7.4560030"/>
   <trkpt lat="46.9487390" lon="7.4560450"/>
   <trkpt lat="46.9487370" lon="7.4560900"/>
   <trkpt lat="46.9487400" lon="7.4561250"/>
   <trkpt lat="46.9487460" lon="7.4561710"/>
   <trkpt lat="46.9487530" lon="7.4562140"/>
   <trkpt lat="46.9487630" lon="7.4562580"/>
   <trkpt lat="46.9487720" lon="7.4563110"/>
   <trkpt lat="46.9487820" lon="7.4563490"/>
   <trkpt lat="46.9487910" lon="7.4563930"/>
   <trkpt lat="46.9487990" lon="7.4564490"/>
   <trkpt lat="46.9488110" lon="7.4564900"/>
   <trkpt lat="46.9488270" lon="7.4565340"/>
   <trkpt lat="46.9488410" lon="7.4565740"/>
   <trkpt lat="46.9488550" lon="7.4566080"/>
   <trkpt lat="46.9488760" lon="7.4566500"/>
   <trkpt lat="46.9488990" lon="7.4566740"/>
   <trkpt lat="46.9489270" lon="7.4566990"/>
   <trkpt lat="46.9489540" lon="7.4567140"/>
   <trkpt lat="46.9489840" lon="7.4567230"/>
   <trkpt lat="46.9490180" lon="7.4567320"/>
   <trkpt lat="46.9490550" lon="7.4567450"/>
   <trkpt lat="46.9490860" lon="7.4567560"/>
   <trkpt lat="46.9491190" lon="7.4567660"/>
   <trkpt lat="46.9491490" lon="7.4567790"/>
   <trkpt lat="46.9491780" lon="7.4567970"/>
   <trkpt lat="46.9492090" lon="7.4568210"/>
   <trkpt lat="46.9492380" lon="7.4568490"/>
   <trkpt lat="46.9492660" lon="7.4568820"/>
   <trkpt lat="46.9492930" lon="7.4569130"/>
   <trkpt lat="46.9493180" lon="7.4569460"/>
   <trkpt lat="46.9493390" lon="7.4569860"/>
   <trkpt lat="46.9493510" lon="7.4570220"/>
   <trkpt lat="46.9493640" lon="7.4570600"/>
   <trkpt lat="46.9493780" lon="7.4571030"/>
   <trkpt lat="46.9493890" lon="7.4571440"/>
   <trkpt lat="46.9493970" lon="7.4571970"/>
   <trkpt lat="46.9494010" lon="7.4572520"/>
   <trkpt lat="46.9494030" lon="7.4573030"/>
   <trkpt lat="46.9494010" lon="7.4573620"/>
   <trkpt lat="46.9493940" lon="7.4573980"/>
   <trkpt lat="46.9493850" lon="7.4574470"/>
   <trkpt lat="46.9493770" lon="7.4574960"/>
   <trkpt lat="46.9493680" lon="7.4575450"/>
   <trkpt lat="46.9493550" lon="7.4575950"/>
   <trkpt lat="46.9493390" lon="7.4576330"/>
   <trkpt lat="46.9493190" lon="7.4576730"/>
   <trkpt lat="46.9492890" lon="7.4577070"/>
   <trkpt lat="46.9492640" lon="7.4577320"/>
   <trkpt lat="46.9492330" lon="7.4577640"/>
   <trkpt lat="46.9492030" lon="7.4577900"/>
   <trkpt lat="46.9491750" lon="7.4578130"/>
   <trkpt lat="46.9491430" lon="7.4578360"/>
   <trkpt lat="46.9491130" lon="7.4578560"/>
   <trkpt lat="46.9490830" lon="7.4578760"/>
   <trkpt lat="46.9490530" lon="7.4578920"/>
   <trkpt lat="46.9490220" lon="7.4579070"/>
   <trkpt lat="46.9489920" lon="7.4579190"/>
   <trkpt lat="46.9489600" lon="7.4579270"/>
   <trkpt lat="46.9489290" lon="7.4579390"/>
   <trkpt lat="46.9488940" lon="7.4579440"/>
   <trkpt lat="46.9488650" lon="7.4579460"/>
   <trkpt lat="46.9488290" lon="7.4579520"/>
   <trkpt lat="46.9487970" lon="7.4579560"/>
   <trkpt lat="46.9487700" lon="7.4579600"/>
   <trkpt lat="46.9487460" lon="7.4579500"/>
   <trkpt lat="46.9487210" lon="7.4579510"/>
   <trkpt lat="46.9486920" lon="7.4579400"/>
   <trkpt lat="46.9486550" lon="7.4579230"/>
   <trkpt lat="46.9486270" lon="7.4579100"/>
   <trkpt lat="46.9485950" lon="7.4578880"/>
   <trkpt lat="46.9485540" lon="7.4578680"/>
   <trkpt lat="46.9485210" lon="7.4578510"/>
   <trkpt lat="46.9484860" lon="7.4578220"/>
   <trkpt lat="46.9484560" lon="7.4578060"/>
   <trkpt lat="46.9484280" lon="7.4577910"/>
   <trkpt lat="46.9484000" lon="7.4577760"/>
   <trkpt lat="46.9483730" lon="7.4577600"/>
   <trkpt lat="46.9483410" lon="7.4577430"/>
   <trkpt lat="46.9483100" lon="7.4577240"/>
   <trkpt lat="46.9482750" lon="7.4577050"/>
   <trkpt lat="46.9482410" lon="7.4576850"/>
   <trkpt lat="46.9482080" lon="7.4576640"/>
   <trkpt lat="46.9481750" lon="7.4576420"/>
   <trkpt lat="46.9481430" lon="7.4576180"/>
   <trkpt lat="46.9481140" lon="7.4575960"/>
   <trkpt lat="46.9480820" lon="7.4575660"/>
   <trkpt lat="46.9480580" lon="7.4575400"/>
   <trkpt lat="46.9480270" lon="7.4575110"/>
   <trkpt lat="46.9480070" lon="7.4574860"/>
   <trkpt lat="46.9479810" lon="7.4574560"/>
   <trkpt lat="46.9479610" lon="7.4574310"/>
   <trkpt lat="46.9479420" lon="7.4574030"/>
   <trkpt lat="46.9479170" lon="7.4573630"/>
   <trkpt lat="46.9478960" lon="7.4573310"/>
   <trkpt lat="46.9478720" lon="7.4572980"/>
   <trkpt lat="46.9478480" lon="7.4572630"/>
   <trkpt lat="46.9478280" lon="7.4572340"/>
   <trkpt lat="46.9478030" lon="7.4571940"/>
   <trkpt lat="46.9477790" lon="7.4571570"/>
   <trkpt lat="46.9477540" lon="7.4571210"/>
   <trkpt lat="46.9477320" lon="7.4570810"/>
   <trkpt lat="46.9477090" lon="7.4570400"/>
   <trkpt lat="46.9476850" lon="7.4569970"/>
   <trkpt lat="46.9476660" lon="7.4569560"/>
   <trkpt lat="46.9476440" lon="7.4569180"/>
   <trkpt lat="46.9476190" lon="7.4568810"/>
   <trkpt lat="46.9475980" lon="7.4568450"/>
   <trkpt lat="46.9475700" lon="7.4568110"/>
   <trkpt lat="46.9475470" lon="7.4567780"/>
   <trkpt lat="46.9475260" lon="7.4567460"/>
   <trkpt lat="46.9475060" lon="7.4567090"/>
   <trkpt lat="46.9474870" lon="7.4566760"/>
   <trkpt lat="46.9474670" lon="7.4566370"/>
   <trkpt lat="46.9474500" lon="7.4565960"/>
   <trkpt lat="46.9474350" lon="7.4565600"/>
   <trkpt lat="46.9474170" lon="7.4565130"/>
   <trkpt lat="46.9474000" lon="7.4564760"/>
   <trkpt lat="46.9473790" lon="7.4564350"/>
   <trkpt lat="46.9473610" lon="7.4563950"/>
   <trkpt lat="46.9473410" lon="7.4563570"/>
   <trkpt lat="46.9473190" lon="7.4563160"/>
   <trkpt lat="46.9473020" lon="7.4562810"/>
   <trkpt lat="46.9472790" lon="7.4562410"/>
   <trkpt lat="46.9472550" lon="7.4562030"/>
   <trkpt lat="46.9472390" lon="7.4561760"/>
   <trkpt lat="46.9472160" lon="7.4561340"/>
   <trkpt lat="46.9471960" lon="7.4560970"/>
   <trkpt lat="46.9471750" lon="7.4560600"/>
   <trkpt lat="46.9471550" lon="7.4560200"/>
   <trkpt lat="46.9471410" lon="7.4559910"/>
   <trkpt lat="46.9471220" lon="7.4559500"/>
   <trkpt lat="46.9471070" lon="7.4559140"/>
   <trkpt lat="46.9470880" lon="7.4558780"/>
   <trkpt lat="46.9470690" lon="7.4558380"/>
   <trkpt lat="46.9470490" lon="7.4558060"/>
   <trkpt lat="46.9470260" lon="7.4557700"/>
   <trkpt lat="46.9470060" lon="7.4557320"/>
   <trkpt lat="46.9469870" lon="7.4556920"/>
   <trkpt lat="46.9469650" lon="7.4556470"/>
   <trkpt lat="46.9469480" lon="7.4556140"/>
   <trkpt lat="46.9469270" lon="7.4555720"/>
   <trkpt lat="46.9469070" lon="7.4555360"/>
   <trkpt lat="46.9468900" lon="7.4555090"/>
   <trkpt lat="46.9468690" lon="7.4554710"/>
   <trkpt lat="46.9468550" lon="7.4554390"/>
   <trkpt lat="46.9468340" lon="7.4554050"/>
   <trkpt lat="46.9468140" lon="7.4553650"/>
   <trkpt lat="46.9467970" lon="7.4553350"/>
   <trkpt lat="46.9467740" lon="7.4552990"/>
   <trkpt lat="46.9467550" lon="7.4552710"/>
   <trkpt lat="46.9467280" lon="7.4552300"/>
   <trkpt lat="46.9467050" lon="7.4551900"/>
   <trkpt lat="46.9466740" lon="7.4551380"/>
   <trkpt lat="46.9466640" lon="7.4551210"/>
   <trkpt lat="46.9466460" lon="7.4550890"/>
   <trkpt lat="46.9466280" lon="7.4550600"/>
   <trkpt lat="46.9466010" lon="7.4550040"/>
   <trkpt lat="46.9465930" lon="7.4549890"/>
   <trkpt lat="46.9465760" lon="7.4549520"/>
   <trkpt lat="46.9465490" lon="7.4548920"/>
   <trkpt lat="46.9465410" lon="7.4548710"/>
   <trkpt lat="46.9465240" lon="7.4548300"/>
   <trkpt lat="46.9465090" lon="7.4547850"/>
   <trkpt lat="46.9464910" lon="7.4547440"/>
   <trkpt lat="46.9464750" lon="7.4547040"/>
   <trkpt lat="46.9464630" lon="7.4546730"/>
   <trkpt lat="46.9464480" lon="7.4546370"/>
   <trkpt lat="46.9464320" lon="7.4546000"/>
   <trkpt lat="46.9464150" lon="7.4545610"/>
   <trkpt lat="46.9463980" lon="7.4545190"/>
   <trkpt lat="46.9463820" lon="7.4544790"/>
   <trkpt lat="46.9463630" lon="7.4544390"/>
   <trkpt lat="46.9463460" lon="7.4543990"/>
   <trkpt lat="46.9463290" lon="7.4543590"/>
   <trkpt lat="46.9463110" lon="7.4543120"/>
   <trkpt lat="46.9463040" lon="7.4542700"/>
   <trkpt lat="46.9462890" lon="7.4542070"/>
   <trkpt lat="46.9462830" lon="7.4541860"/>
   <trkpt lat="46.9462730" lon="7.4541470"/>
   <trkpt lat="46.9462590" lon="7.4540790"/>
   <trkpt lat="46.9462550" lon="7.4540570"/>
   <trkpt lat="46.9462460" lon="7.4540190"/>
   <trkpt lat="46.9462370" lon="7.4539730"/>
   <trkpt lat="46.9462290" lon="7.4539290"/>
   <trkpt lat="46.9462220" lon="7.4538840"/>
   <trkpt lat="46.9462160" lon="7.4538400"/>
   <trkpt lat="46.9462090" lon="7.4538000"/>
   <trkpt lat="46.9462070" lon="7.4537540"/>
   <trkpt lat="46.9462040" lon="7.4537140"/>
   <trkpt lat="46.9461990" lon="7.4536690"/>
   <trkpt lat="46.9461930" lon="7.4536260"/>
   <trkpt lat="46.9461870" lon="7.4535860"/>
   <trkpt lat="46.9461810" lon="7.4535370"/>
   <trkpt lat="46.9461790" lon="7.4534950"/>
   <trkpt lat="46.9461730" lon="7.4534480"/>
   <trkpt lat="46.9461680" lon="7.4534050"/>
   <trkpt lat="46.9461620" lon="7.4533640"/>
   <trkpt lat="46.9461580" lon="7.4533220"/>
   <trkpt lat="46.9461540" lon="7.4532790"/>
   <trkpt lat="46.9461480" lon="7.4532330"/>
   <trkpt lat="46.9461430" lon="7.4531810"/>
   <trkpt lat="46.9461380" lon="7.4531420"/>
   <trkpt lat="46.9461330" lon="7.4530970"/>
   <trkpt lat="46.9461290" lon="7.4530550"/>
   <trkpt lat="46.9461230" lon="7.4530080"/>
   <trkpt lat="46.9461170" lon="7.4529600"/>
   <trkpt lat="46.9461130" lon="7.4529180"/>
   <trkpt lat="46.9461090" lon="7.4528680"/>
   <trkpt lat="46.9461070" lon="7.4528210"/>
   <trkpt lat="46.9461030" lon="7.4527730"/>
   <trkpt lat="46.9460990" lon="7.4527230"/>
   <trkpt lat="46.9460950" lon="7.4526760"/>
   <trkpt lat="46.9460910" lon="7.4526190"/>
   <trkpt lat="46.9460880" lon="7.4525740"/>
   <trkpt lat="46.9460850" lon="7.4525300"/>
   <trkpt lat="46.9460830" lon="7.4524840"/>
   <trkpt lat="46.9460820" lon="7.4524490"/>
   <trkpt lat="46.9460790" lon="7.4524050"/>
   <trkpt lat="46.9460750" lon="7.4523640"/>
   <trkpt lat="46.9460730" lon="7.4523160"/>
   <trkpt lat="46.9460730" lon="7.4522710"/>
   <trkpt lat="46.9460750" lon="7.4522290"/>
   <trkpt lat="46.9460740" lon="7.4521890"/>
   <trkpt lat="46.9460740" lon="7.4521460"/>
   <trkpt lat="46.9460720" lon="7.4521020"/>
   <trkpt lat="46.9460720" lon="7.4520540"/>
   <trkpt lat="46.9460710" lon="7.4520120"/>
   <trkpt lat="46.9460690" lon="7.4519670"/>
   <trkpt lat="46.9460680" lon="7.4519210"/>
   <trkpt lat="46.9460650" lon="7.4518750"/>
   <trkpt lat="46.9460620" lon="7.4518260"/>
   <trkpt lat="46.9460590" lon="7.4517840"/>
   <trkpt lat="46.9460570" lon="7.4517380"/>
   <trkpt lat="46.9460560" lon="7.4516880"/>
   <trkpt lat="46.9460550" lon="7.4516440"/>
   <trkpt lat="46.9460550" lon="7.4515950"/>
   <trkpt lat="46.9460540" lon="7.4515500"/>
   <trkpt lat="46.9460520" lon="7.4515080"/>
   <trkpt lat="46.9460530" lon="7.4514580"/>
   <trkpt lat="46.9460530" lon="7.4514130"/>
   <trkpt lat="46.9460520" lon="7.4513610"/>
   <trkpt lat="46.9460510" lon="7.4513150"/>
   <trkpt lat="46.9460500" lon="7.4512710"/>
   <trkpt lat="46.9460500" lon="7.4512220"/>
   <trkpt lat="46.9460500" lon="7.4511800"/>
   <trkpt lat="46.9460500" lon="7.4511300"/>
   <trkpt lat="46.9460500" lon="7.4510810"/>
   <trkpt lat="46.9460500" lon="7.4510350"/>
   <trkpt lat="46.9460500" lon="7.4509850"/>
   <trkpt lat="46.9460510" lon="7.4509420"/>
   <trkpt lat="46.9460510" lon="7.4508930"/>
   <trkpt lat="46.9460510" lon="7.4508460"/>
   <trkpt lat="46.9460500" lon="7.4508000"/>
   <trkpt lat="46.9460510" lon="7.4507440"/>
   <trkpt lat="46.9460520" lon="7.4507010"/>
   <trkpt lat="46.9460500" lon="7.4506480"/>
   <trkpt lat="46.9460510" lon="7.4506000"/>
   <trkpt lat="46.9460500" lon="7.4505550"/>
   <trkpt lat="46.9460510" lon="7.4505040"/>
   <trkpt lat="46.9460520" lon="7.4504620"/>
   <trkpt lat="46.9460510" lon="7.4504140"/>
   <trkpt lat="46.9460510" lon="7.4503650"/>
   <trkpt lat="46.9460510" lon="7.4503190"/>
   <trkpt lat="46.9460510" lon="7.4502680"/>
   <trkpt lat="46.9460530" lon="7.4502270"/>
   <trkpt lat="46.9460530" lon="7.4501800"/>
   <trkpt lat="46.9460550" lon="7.4501300"/>
   <trkpt lat="46.9460560" lon="7.4500840"/>
   <trkpt lat="46.9460520" lon="7.4500300"/>
   <trkpt lat="46.9460510" lon="7.4499840"/>
   <trkpt lat="46.9460500" lon="7.4499360"/>
   <trkpt lat="46.9460500" lon="7.4498900"/>
   <trkpt lat="46.9460490" lon="7.4498420"/>
   <trkpt lat="46.9460500" lon="7.4497920"/>
   <trkpt lat="46.9460520" lon="7.4497490"/>
   <trkpt lat="46.9460530" lon="7.4497040"/>
   <trkpt lat="46.9460540" lon="7.4496610"/>
   <trkpt lat="46.9460540" lon="7.4496240"/>
   <trkpt lat="46.9460560" lon="7.4495830"/>
   <trkpt lat="46.9460560" lon="7.4495440"/>
   <trkpt lat="46.9460550" lon="7.4495050"/>
   <trkpt lat="46.9460540" lon="7.4494620"/>
   <trkpt lat="46.9460520" lon="7.4494180"/>
   <trkpt lat="46.9460510" lon="7.4493690"/>
   <trkpt lat="46.9460510" lon="7.4493290"/>
   <trkpt lat="46.9460500" lon="7.4492860"/>
   <trkpt lat="46.9460490" lon="7.4492420"/>
   <trkpt lat="46.9460470" lon="7.4491940"/>
   <trkpt lat="46.9460470" lon="7.4491360"/>
   <trkpt lat="46.9460470" lon="7.4490870"/>
   <trkpt lat="46.9460450" lon="7.4490410"/>
   <trkpt lat="46.9460450" lon="7.4489930"/>
   <trkpt lat="46.9460440" lon="7.4489540"/>
   <trkpt lat="46.9460420" lon="7.4489030"/>
   <trkpt lat="46.9460410" lon="7.4488570"/>
   <trkpt lat="46.9460370" lon="7.4487980"/>
   <trkpt lat="46.9460350" lon="7.4487460"/>
   <trkpt lat="46.9460320" lon="7.4486960"/>
   <trkpt lat="46.9460330" lon="7.4486490"/>
   <trkpt lat="46.9460360" lon="7.4486040"/>
   <trkpt lat="46.9460380" lon="7.4485560"/>
   <trkpt lat="46.9460410" lon="7.4485090"/>
   <trkpt lat="46.9460400" lon="7.4484630"/>
   <trkpt lat="46.9460390" lon="7.4484120"/>
   <trkpt lat="46.9460380" lon="7.4483680"/>
   <trkpt lat="46.9460340" lon="7.4483170"/>
   <trkpt lat="46.9460330" lon="7.4482670"/>
   <trkpt lat="46.9460320" lon="7.4482220"/>
   <trkpt lat="46.9460320" lon="7.4481690"/>
   <trkpt lat="46.9460340" lon="7.4481230"/>
   <trkpt lat="46.9460330" lon="7.4480750"/>
   <trkpt lat="46.9460360" lon="7.4480280"/>
   <trkpt lat="46.9460340" lon="7.4479830"/>
   <trkpt lat="46.9460310" lon="7.4479370"/>
   <trkpt lat="46.9460320" lon="7.4478930"/>
   <trkpt lat="46.9460280" lon="7.4478520"/>
   <trkpt lat="46.9460240" lon="7.4478080"/>
   <trkpt lat="46.9460180" lon="7.4477660"/>
   <trkpt lat="46.9460130" lon="7.4477180"/>
   <trkpt lat="46.9460100" lon="7.4476750"/>
   <trkpt lat="46.9460030" lon="7.4476320"/>
   <trkpt lat="46.9459980" lon="7.4475810"/>
   <trkpt lat="46.9459930" lon="7.4475410"/>
   <trkpt lat="46.9459870" lon="7.4474910"/>
   <trkpt lat="46.9459800" lon="7.4474420"/>
   <trkpt lat="46.9459720" lon="7.4474030"/>
   <trkpt lat="46.9459640" lon="7.4473510"/>
   <trkpt lat="46.9459570" lon="7.4473080"/>
   <trkpt lat="46.9459500" lon="7.4472640"/>
   <trkpt lat="46.9459430" lon="7.4472150"/>
   <trkpt lat="46.9459310" lon="7.4471750"/>
   <trkpt lat="46.9459210" lon="7.4471290"/>
   <trkpt lat="46.9459150" lon="7.4470880"/>
   <trkpt lat="46.9459070" lon="7.4470440"/>
   <trkpt lat="46.9459000" lon="7.4469960"/>
   <trkpt lat="46.9458910" lon="7.4469530"/>
   <trkpt lat="46.9458840" lon="7.4469040"/>
   <trkpt lat="46.9458790" lon="7.4468620"/>
   <trkpt lat="46.9458710" lon="7.4468150"/>
   <trkpt lat="46.9458630" lon="7.4467650"/>
   <trkpt lat="46.9458510" lon="7.4467210"/>
   <trkpt lat="46.9458400" lon="7.4466650"/>
   <trkpt lat="46.9458300" lon="7.4466210"/>
   <trkpt lat="46.9458180" lon="7.4465770"/>
   <trkpt lat="46.9458090" lon="7.4465370"/>
   <trkpt lat="46.9457960" lon="7.4465040"/>
   <trkpt lat="46.9457830" lon="7.4464600"/>
   <trkpt lat="46.9457710" lon="7.4464210"/>
   <trkpt lat="46.9457580" lon="7.4463820"/>
   <trkpt lat="46.9457440" lon="7.4463380"/>
   <trkpt lat="46.9457350" lon="7.4463070"/>
   <trkpt lat="46.9457200" lon="7.4462670"/>
   <trkpt lat="46.9457050" lon="7.4462340"/>
   <trkpt lat="46.9456880" lon="7.4462010"/>
   <trkpt lat="46.9456710" lon="7.4461560"/>
   <trkpt lat="46.9456540" lon="7.4461160"/>
   <trkpt lat="46.9456310" lon="7.4460780"/>
   <trkpt lat="46.9456060" lon="7.4460360"/>
   <trkpt lat="46.9455840" lon="7.4460000"/>
   <trkpt lat="46.9455630" lon="7.4459590"/>
   <trkpt lat="46.9455470" lon="7.4459260"/>
   <trkpt lat="46.9455260" lon="7.4458850"/>
   <trkpt lat="46.9455110" lon="7.4458450"/>
   <trkpt lat="46.9454950" lon="7.4458070"/>
   <trkpt lat="46.9454760" lon="7.4457650"/>
   <trkpt lat="46.9454560" lon="7.4457290"/>
   <trkpt lat="46.9454350" lon="7.4456960"/>
   <trkpt lat="46.9454140" lon="7.4456630"/>
   <trkpt lat="46.9453940" lon="7.4456350"/>
   <trkpt lat="46.9453740" lon="7.4456000"/>
   <trkpt lat="46.9453550" lon="7.4455620"/>
   <trkpt lat="46.9453350" lon="7.4455250"/>
   <trkpt lat="46.9453160" lon="7.4454810"/>
   <trkpt lat="46.9452930" lon="7.4454430"/>
   <trkpt lat="46.9452700" lon="7.4454020"/>
   <trkpt lat="46.9452460" lon="7.4453640"/>
   <trkpt lat="46.9452210" lon="7.4453310"/>
   <trkpt lat="46.9451970" lon="7.4452990"/>
   <trkpt lat="46.9451750" lon="7.4452750"/>
   <trkpt lat="46.9451530" lon="7.4452510"/>
   <trkpt lat="46.9451300" lon="7.4452250"/>
   <trkpt lat="46.9451090" lon="7.4452020"/>
   <trkpt lat="46.9450840" lon="7.4451780"/>
   <trkpt lat="46.9450590" lon="7.4451530"/>
   <trkpt lat="46.9450330" lon="7.4451230"/>
   <trkpt lat="46.9450040" lon="7.4450920"/>
   <trkpt lat="46.9449770" lon="7.4450620"/>
   <trkpt lat="46.9449490" lon="7.4450300"/>
   <trkpt lat="46.9449270" lon="7.4450020"/>
   <trkpt lat="46.9449050" lon="7.4449750"/>
   <trkpt lat="46.9448840" lon="7.4449450"/>
   <trkpt lat="46.9448630" lon="7.4449150"/>
   <trkpt lat="46.9448390" lon="7.4448800"/>
   <trkpt lat="46.9448170" lon="7.4448430"/>
   <trkpt lat="46.9447930" lon="7.4447970"/>
   <trkpt lat="46.9447740" lon="7.4447480"/>
   <trkpt lat="46.9447580" lon="7.4447030"/>
   <trkpt lat="46.9447470" lon="7.4446580"/>
   <trkpt lat="46.9447390" lon="7.4446160"/>
   <trkpt lat="46.9447340" lon="7.4445720"/>
   <trkpt lat="46.9447280" lon="7.4445290"/>
   <trkpt lat="46.9447240" lon="7.4444880"/>
   <trkpt lat="46.9447210" lon="7.4444420"/>
   <trkpt lat="46.9447180" lon="7.4443970"/>
   <trkpt lat="46.9447170" lon="7.4443530"/>
   <trkpt lat="46.9447110" lon="7.4443060"/>
   <trkpt lat="46.9447090" lon="7.4442700"/>
   <trkpt lat="46.9447100" lon="7.4442370"/>
   <trkpt lat="46.9447070" lon="7.4441950"/>
   <trkpt lat="46.9447030" lon="7.4441540"/>
   <trkpt lat="46.9447010" lon="7.4441030"/>
   <trkpt lat="46.9447030" lon="7.4440610"/>
   <trkpt lat="46.9447020" lon="7.4440170"/>
   <trkpt lat="46.9446990" lon="7.4439760"/>
   <trkpt lat="46.9446960" lon="7.4439360"/>
   <trkpt lat="46.9446940" lon="7.4438810"/>
   <trkpt lat="46.9446910" lon="7.4438350"/>
   <trkpt lat="46.9446850" lon="7.4437840"/>
   <trkpt lat="46.9446780" lon="7.4437390"/>
   <trkpt lat="46.9446730" lon="7.4436950"/>
   <trkpt lat="46.9446660" lon="7.4436430"/>
   <trkpt lat="46.9446590" lon="7.4435990"/>
   <trkpt lat="46.9446510" lon="7.4435480"/>
   <trkpt lat="46.9446450" lon="7.4434920"/>
   <trkpt lat="46.9446420" lon="7.4434510"/>
   <trkpt lat="46.9446350" lon="7.4434080"/>
   <trkpt lat="46.9446250" lon="7.4433680"/>
   <trkpt lat="46.9446130" lon="7.4433320"/>
   <trkpt lat="46.9446000" lon="7.4432840"/>
   <trkpt lat="46.9445860" lon="7.4432460"/>
   <trkpt lat="46.9445710" lon="7.4432020"/>
   <trkpt lat="46.9445560" lon="7.4431590"/>
   <trkpt lat="46.9445430" lon="7.4431290"/>
   <trkpt lat="46.9445260" lon="7.4430840"/>
   <trkpt lat="46.9445120" lon="7.4430490"/>
   <trkpt lat="46.9444920" lon="7.4430150"/>
   <trkpt lat="46.9444720" lon="7.4429770"/>
   <trkpt lat="46.9444580" lon="7.4429450"/>
   <trkpt lat="46.9444370" lon="7.4429050"/>
   <trkpt lat="46.9444130" lon="7.4428600"/>
   <trkpt lat="46.9443940" lon="7.4428290"/>
   <trkpt lat="46.9443740" lon="7.4428020"/>
   <trkpt lat="46.9443550" lon="7.4427710"/>
   <trkpt lat="46.9443320" lon="7.4427380"/>
   <trkpt lat="46.9443080" lon="7.4426910"/>
   <trkpt lat="46.9442890" lon="7.4426530"/>
   <trkpt lat="46.9442680" lon="7.4426180"/>
   <trkpt lat="46.9442450" lon="7.4425730"/>
   <trkpt lat="46.9442260" lon="7.4425380"/>
   <trkpt lat="46.9442050" lon="7.4425020"/>
   <trkpt lat="46.9441830" lon="7.4424630"/>
   <trkpt lat="46.9441610" lon="7.4424300"/>
   <trkpt lat="46.9441390" lon="7.4423960"/>
   <trkpt lat="46.9441180" lon="7.4423630"/>
   <trkpt lat="46.9440940" lon="7.4423310"/>
   <trkpt lat="46.9440680" lon="7.4422960"/>
   <trkpt lat="46.9440490" lon="7.4422660"/>
   <trkpt lat="46.9440290" lon="7.4422290"/>
   <trkpt lat="46.9440120" lon="7.4421960"/>
   <trkpt lat="46.9439940" lon="7.4421660"/>
   <trkpt lat="46.9439760" lon="7.4421350"/>
   <trkpt lat="46.9439580" lon="7.4421060"/>
   <trkpt lat="46.9439360" lon="7.4420770"/>
   <trkpt lat="46.9439130" lon="7.4420430"/>
   <trkpt lat="46.9438950" lon="7.4420170"/>
   <trkpt lat="46.9438720" lon="7.4419850"/>
   <trkpt lat="46.9438490" lon="7.4419490"/>
   <trkpt lat="46.9438300" lon="7.4419160"/>
   <trkpt lat="46.9438090" lon="7.4418810"/>
   <trkpt lat="46.9437900" lon="7.4418470"/>
   <trkpt lat="46.9437660" lon="7.4418140"/>
   <trkpt lat="46.9437450" lon="7.4417750"/>
   <trkpt lat="46.9437290" lon="7.4417420"/>
   <trkpt lat="46.9437090" lon="7.4417060"/>
   <trkpt lat="46.9436880" lon="7.4416770"/>
   <trkpt lat="46.9436660" lon="7.4416490"/>
   <trkpt lat="46.9436410" lon="7.4416120"/>
   <trkpt lat="46.9436210" lon="7.4415860"/>
   <trkpt lat="46.9435980" lon="7.4415580"/>
   <trkpt lat="46.9435760" lon="7.4415210"/>
   <trkpt lat="46.9435610" lon="7.4414850"/>
   <trkpt lat="46.9435430" lon="7.4414460"/>
   <trkpt lat="46.9435240" lon="7.4414160"/>
   <trkpt lat="46.9435000" lon="7.4413850"/>
   <trkpt lat="46.9434740" lon="7.4413520"/>
   <trkpt lat="46.9434510" lon="7.4413230"/>
   <trkpt lat="46.9434270" lon="7.4412970"/>
   <trkpt lat="46.9434050" lon="7.4412630"/>
   <trkpt lat="46.9433830" lon="7.4412370"/>
   <trkpt lat="46.9433570" lon="7.4411990"/>
   <trkpt lat="46.9433360" lon="7.4411740"/>
   <trkpt lat="46.9433120" lon="7.4411520"/>
   <trkpt lat="46.9432880" lon="7.4411260"/>
   <trkpt lat="46.9432680" lon="7.4411070"/>
   <trkpt lat="46.9432460" lon="7.4410770"/>
   <trkpt lat="46.9432250" lon="7.4410450"/>
   <trkpt lat="46.9432040" lon="7.4410200"/>
   <trkpt lat="46.9431770" lon="7.4409850"/>
   <trkpt lat="46.9431590" lon="7.4409560"/>
   <trkpt lat="46.9431320" lon="7.4409270"/>
   <trkpt lat="46.9431040" lon="7.4408930"/>
   <trkpt lat="46.9430810" lon="7.4408680"/>
   <trkpt lat="46.9430540" lon="7.4408420"/>
   <trkpt lat="46.9430290" lon="7.4408110"/>
   <trkpt lat="46.9430060" lon="7.4407850"/>
   <trkpt lat="46.9429820" lon="7.4407520"/>
   <trkpt lat="46.9429620" lon="7.4407180"/>
   <trkpt lat="46.9429420" lon="7.4406860"/>
   <trkpt lat="46.9429170" lon="7.4406470"/>
   <trkpt lat="46.9428990" lon="7.4406140"/>
   <trkpt lat="46.9428760" lon="7.4405850"/>
   <trkpt lat="46.9428510" lon="7.4405530"/>
   <trkpt lat="46.9428270" lon="7.4405300"/>
   <trkpt lat="46.9428030" lon="7.4405020"/>
   <trkpt lat="46.9427810" lon="7.4404790"/>
   <trkpt lat="46.9427600" lon="7.4404570"/>
   <trkpt lat="46.9427340" lon="7.4404270"/>
   <trkpt lat="46.9427170" lon="7.4404010"/>
   <trkpt lat="46.9426930" lon="7.4403760"/>
   <trkpt lat="46.9426720" lon="7.4403490"/>
   <trkpt lat="46.9426490" lon="7.4403240"/>
   <trkpt lat="46.9426220" lon="7.4402930"/>
   <trkpt lat="46.9425970" lon="7.4402640"/>
   <trkpt lat="46.9425690" lon="7.4402380"/>
   <trkpt lat="46.9425430" lon="7.4402060"/>
   <trkpt lat="46.9425220" lon="7.4401830"/>
   <trkpt lat="46.9424990" lon="7.4401610"/>
   <trkpt lat="46.9424730" lon="7.4401350"/>
   <trkpt lat="46.9424490" lon="7.4401130"/>
   <trkpt lat="46.9424250" lon="7.4400910"/>
   <trkpt lat="46.9423990" lon="7.4400670"/>
   <trkpt lat="46.9423720" lon="7.4400490"/>
   <trkpt lat="46.9423460" lon="7.4400270"/>
   <trkpt lat="46.9423250" lon="7.4400010"/>
   <trkpt lat="46.9423010" lon="7.4399760"/>
   <trkpt lat="46.9422760" lon="7.4399450"/>
   <trkpt lat="46.9422560" lon="7.4399200"/>
   <trkpt lat="46.9422360" lon="7.4398940"/>
   <trkpt lat="46.9422150" lon="7.4398630"/>
   <trkpt lat="46.9421940" lon="7.4398350"/>
   <trkpt lat="46.9421700" lon="7.4398020"/>
   <trkpt lat="46.9421430" lon="7.4397680"/>
   <trkpt lat="46.9421160" lon="7.4397360"/>
   <trkpt lat="46.9420900" lon="7.4397020"/>
   <trkpt lat="46.9420660" lon="7.4396750"/>
   <trkpt lat="46.9420420" lon="7.4396430"/>
   <trkpt lat="46.9420180" lon="7.4396110"/>
   <trkpt lat="46.9419960" lon="7.4395860"/>
   <trkpt lat="46.9419730" lon="7.4395570"/>
   <trkpt lat="46.9419490" lon="7.4395290"/>
   <trkpt lat="46.9419220" lon="7.4395050"/>
   <trkpt lat="46.9418920" lon="7.4394720"/>
   <trkpt lat="46.9418630" lon="7.4394480"/>
   <trkpt lat="46.9418320" lon="7.4394260"/>
   <trkpt lat="46.9418050" lon="7.4394040"/>
   <trkpt lat="46.9417790" lon="7.4393880"/>
   <trkpt lat="46.9417520" lon="7.4393660"/>
   <trkpt lat="46.9417260" lon="7.4393450"/>
   <trkpt lat="46.9416970" lon="7.4393320"/>
   <trkpt lat="46.9416650" lon="7.4393200"/>
   <trkpt lat="46.9416390" lon="7.4393160"/>
   <trkpt lat="46.9416100" lon="7.4393130"/>
   <trkpt lat="46.9415770" lon="7.4393110"/>
   <trkpt lat="46.9415470" lon="7.4393140"/>
   <trkpt lat="46.9415170" lon="7.4393120"/>
   <trkpt lat="46.9414920" lon="7.4393140"/>
   <trkpt lat="46.9414660" lon="7.4393200"/>
   <trkpt lat="46.9414400" lon="7.4393240"/>
   <trkpt lat="46.9414180" lon="7.4393270"/>
   <trkpt lat="46.9413900" lon="7.4393340"/>
   <trkpt lat="46.9413570" lon="7.4393420"/>
   <trkpt lat="46.9413270" lon="7.4393530"/>
   <trkpt lat="46.9412900" lon="7.4393620"/>
   <trkpt lat="46.9412510" lon="7.4393760"/>
   <trkpt lat="46.9412150" lon="7.4393940"/>
   <trkpt lat="46.9411800" lon="7.4394060"/>
   <trkpt lat="46.9411500" lon="7.4394150"/>
   <trkpt lat="46.9411210" lon="7.4394210"/>
   <trkpt lat="46.9410950" lon="7.4394260"/>
   <trkpt lat="46.9410670" lon="7.4394300"/>
   <trkpt lat="46.9410370" lon="7.4394340"/>
   <trkpt lat="46.9410150" lon="7.4394420"/>
   <trkpt lat="46.9409890" lon="7.4394440"/>
   <trkpt lat="46.9409650" lon="7.4394400"/>
   <trkpt lat="46.9409410" lon="7.4394390"/>
   <trkpt lat="46.9409090" lon="7.4394390"/>
   <trkpt lat="46.9408730" lon="7.4394470"/>
   <trkpt lat="46.9408440" lon="7.4394710"/>
   <trkpt lat="46.9408230" lon="7.4395060"/>
   <trkpt lat="46.9408090" lon="7.4395520"/>
   <trkpt lat="46.9407970" lon="7.4395910"/>
   <trkpt lat="46.9407910" lon="7.4396340"/>
   <trkpt lat="46.9407910" lon="7.4396940"/>
   <trkpt lat="46.9407910" lon="7.4397490"/>
   <trkpt lat="46.9407960" lon="7.4397980"/>
   <trkpt lat="46.9408000" lon="7.4398460"/>
   <trkpt lat="46.9408040" lon="7.4398890"/>
   <trkpt lat="46.9408040" lon="7.4399280"/>
   <trkpt lat="46.9408020" lon="7.4399780"/>
   <trkpt lat="46.9408050" lon="7.4400230"/>
   <trkpt lat="46.9408060" lon="7.4400650"/>
   <trkpt lat="46.9408110" lon="7.4401100"/>
   <trkpt lat="46.9408140" lon="7.4401530"/>
   <trkpt lat="46.9408130" lon="7.4401990"/>
   <trkpt lat="46.9408100" lon="7.4402410"/>
   <trkpt lat="46.9408100" lon="7.4402840"/>
   <trkpt lat="46.9408110" lon="7.4403310"/>
   <trkpt lat="46.9408120" lon="7.4403800"/>
   <trkpt lat="46.9408130" lon="7.4404260"/>
   <trkpt lat="46.9408160" lon="7.4404680"/>
   <trkpt lat="46.9408220" lon="7.4405070"/>
   <trkpt lat="46.9408290" lon="7.4405510"/>
   <trkpt lat="46.9408320" lon="7.4405900"/>
   <trkpt lat="46.9408390" lon="7.4406310"/>
   <trkpt lat="46.9408420" lon="7.4406790"/>
   <trkpt lat="46.9408410" lon="7.4407200"/>
   <trkpt lat="46.9408410" lon="7.4407620"/>
   <trkpt lat="46.9408370" lon="7.4408070"/>
   <trkpt lat="46.9408360" lon="7.4408490"/>
   <trkpt lat="46.9408320" lon="7.4408970"/>
   <trkpt lat="46.9408290" lon="7.4409390"/>
   <trkpt lat="46.9408240" lon="7.4409840"/>
   <trkpt lat="46.9408200" lon="7.4410320"/>
   <trkpt lat="46.9408180" lon="7.4410750"/>
   <trkpt lat="46.9408150" lon="7.4411210"/>
   <trkpt lat="46.9408100" lon="7.4411680"/>
   <trkpt lat="46.9408060" lon="7.4412120"/>
   <trkpt lat="46.9408010" lon="7.4412620"/>
   <trkpt lat="46.9407990" lon="7.4413130"/>
   <trkpt lat="46.9407950" lon="7.4413600"/>
   <trkpt lat="46.9407880" lon="7.4414140"/>
   <trkpt lat="46.9407870" lon="7.4414570"/>
   <trkpt lat="46.9407880" lon="7.4415070"/>
   <trkpt lat="46.9407900" lon="7.4415560"/>
   <trkpt lat="46.9407980" lon="7.4416020"/>
   <trkpt lat="46.9408090" lon="7.4416530"/>
   <trkpt lat="46.9408210" lon="7.4416930"/>
   <trkpt lat="46.9408360" lon="7.4417390"/>
   <trkpt lat="46.9408530" lon="7.4417840"/>
   <trkpt lat="46.9408720" lon="7.4418160"/>
   <trkpt lat="46.9408950" lon="7.4418510"/>
   <trkpt lat="46.9409190" lon="7.4418770"/>
   <trkpt lat="46.9409470" lon="7.4419060"/>
   <trkpt lat="46.9409730" lon="7.4419340"/>
   <trkpt lat="46.9410010" lon="7.4419570"/>
   <trkpt lat="46.9410320" lon="7.4419790"/>
   <trkpt lat="46.9410620" lon="7.4420000"/>
   <trkpt lat="46.9410870" lon="7.4420210"/>
   <trkpt lat="46.9411120" lon="7.4420480"/>
   <trkpt lat="46.9411370" lon="7.4420730"/>
   <trkpt lat="46.9411630" lon="7.4420940"/>
   <trkpt lat="46.9411830" lon="7.4421130"/>
   <trkpt lat="46.9412080" lon="7.4421360"/>
   <trkpt lat="46.9412340" lon="7.4421690"/>
   <trkpt lat="46.9412570" lon="7.4421890"/>
   <trkpt lat="46.9412870" lon="7.4422170"/>
   <trkpt lat="46.9413130" lon="7.4422460"/>
   <trkpt lat="46.9413380" lon="7.4422700"/>
   <trkpt lat="46.9413630" lon="7.4422960"/>
   <trkpt lat="46.9413840" lon="7.4423220"/>
   <trkpt lat="46.9414110" lon="7.4423460"/>
   <trkpt lat="46.9414430" lon="7.4423760"/>
   <trkpt lat="46.9414690" lon="7.4423960"/>
   <trkpt lat="46.9415010" lon="7.4424200"/>
   <trkpt lat="46.9415280" lon="7.4424470"/>
   <trkpt lat="46.9415570" lon="7.4424700"/>
   <trkpt lat="46.9415860" lon="7.4424960"/>
   <trkpt lat="46.9416130" lon="7.4425160"/>
   <trkpt lat="46.9416420" lon="7.4425420"/>
   <trkpt lat="46.9416660" lon="7.4425620"/>
   <trkpt lat="46.9416900" lon="7.4425790"/>
   <trkpt lat="46.9417190" lon="7.4426000"/>
   <trkpt lat="46.9417480" lon="7.4426230"/>
   <trkpt lat="46.9417760" lon="7.4426430"/>
   <trkpt lat="46.9418040" lon="7.4426660"/>
   <trkpt lat="46.9418260" lon="7.4426830"/>
   <trkpt lat="46.9418520" lon="7.4427030"/>
   <trkpt lat="46.9418800" lon="7.4427270"/>
   <trkpt lat="46.9419010" lon="7.4427440"/>
   <trkpt lat="46.9419290" lon="7.4427670"/>
   <trkpt lat="46.9419550" lon="7.4427950"/>
   <trkpt lat="46.9419820" lon="7.4428100"/>
   <trkpt lat="46.9420130" lon="7.4428310"/>
   <trkpt lat="46.9420400" lon="7.4428460"/>
   <trkpt lat="46.9420660" lon="7.4428600"/>
   <trkpt lat="46.9420920" lon="7.4428840"/>
   <trkpt lat="46.9421160" lon="7.4429010"/>
   <trkpt lat="46.9421450" lon="7.4429240"/>
   <trkpt lat="46.9421720" lon="7.4429480"/>
   <trkpt lat="46.9421990" lon="7.4429710"/>
   <trkpt lat="46.9422290" lon="7.4430020"/>
   <trkpt lat="46.9422540" lon="7.4430240"/>
   <trkpt lat="46.9422820" lon="7.4430460"/>
   <trkpt lat="46.9423110" lon="7.4430760"/>
   <trkpt lat="46.9423340" lon="7.4430960"/>
   <trkpt lat="46.9423610" lon="7.4431190"/>
   <trkpt lat="46.9423860" lon="7.4431410"/>
   <trkpt lat="46.9424110" lon="7.4431600"/>
   <trkpt lat="46.9424390" lon="7.4431840"/>
   <trkpt lat="46.9424630" lon="7.4432060"/>
   <trkpt lat="46.9424870" lon="7.4432220"/>
   <trkpt lat="46.9425190" lon="7.4432490"/>
   <trkpt lat="46.9425440" lon="7.4432650"/>
   <trkpt lat="46.9425740" lon="7.4432860"/>
   <trkpt lat="46.9426060" lon="7.4433090"/>
   <trkpt lat="46.9426290" lon="7.4433250"/>
   <trkpt lat="46.9426580" lon="7.4433510"/>
   <trkpt lat="46.9426840" lon="7.4433790"/>
   <trkpt lat="46.9427110" lon="7.4434000"/>
   <trkpt lat="46.9427430" lon="7.4434280"/>
   <trkpt lat="46.9427680" lon="7.4434480"/>
   <trkpt lat="46.9427970" lon="7.4434710"/>
   <trkpt lat="46.9428240" lon="7.4434930"/>
   <trkpt lat="46.9428470" lon="7.4435080"/>
   <trkpt lat="46.9428720" lon="7.4435270"/>
   <trkpt lat="46.9428930" lon="7.4435510"/>
   <trkpt lat="46.9429160" lon="7.4435770"/>
   <trkpt lat="46.9429390" lon="7.4436090"/>
   <trkpt lat="46.9429630" lon="7.4436340"/>
   <trkpt lat="46.9429850" lon="7.4436570"/>
   <trkpt lat="46.9430070" lon="7.4436840"/>
   <trkpt lat="46.9430320" lon="7.4437080"/>
   <trkpt lat="46.9430580" lon="7.4437300"/>
   <trkpt lat="46.9430820" lon="7.4437500"/>
   <trkpt lat="46.9431090" lon="7.4437670"/>
   <trkpt lat="46.9431370" lon="7.4437860"/>
   <trkpt lat="46.9431670" lon="7.4438040"/>
   <trkpt lat="46.9431980" lon="7.4438180"/>
   <trkpt lat="46.9432280" lon="7.4438360"/>
   <trkpt lat="46.9432550" lon="7.4438470"/>
   <trkpt lat="46.9432860" lon="7.4438580"/>
   <trkpt lat="46.9433140" lon="7.4438760"/>
   <trkpt lat="46.9433390" lon="7.4438930"/>
   <trkpt lat="46.9433680" lon="7.4439140"/>
   <trkpt lat="46.9433970" lon="7.4439350"/>
   <trkpt lat="46.9434210" lon="7.4439490"/>
   <trkpt lat="46.9434510" lon="7.4439650"/>
   <trkpt lat="46.9434770" lon="7.4439770"/>
   <trkpt lat="46.9435050" lon="7.4439920"/>
   <trkpt lat="46.9435360" lon="7.4440130"/>
   <trkpt lat="46.9435630" lon="7.4440250"/>
   <trkpt lat="46.9435920" lon="7.4440410"/>
   <trkpt lat="46.9436220" lon="7.4440570"/>
   <trkpt lat="46.9436470" lon="7.4440680"/>
   <trkpt lat="46.9436790" lon="7.4440880"/>
   <trkpt lat="46.9437030" lon="7.4441060"/>
   <trkpt lat="46.9437260" lon="7.4441210"/>
   <trkpt lat="46.9437530" lon="7.4441480"/>
   <trkpt lat="46.9437810" lon="7.4441620"/>
   <trkpt lat="46.9438110" lon="7.4441870"/>
   <trkpt lat="46.9438410" lon="7.4442150"/>
   <trkpt lat="46.9438600" lon="7.4442450"/>
   <trkpt lat="46.9438860" lon="7.4442720"/>
   <trkpt lat="46.9439090" lon="7.4442950"/>
   <trkpt lat="46.9439340" lon="7.4443140"/>
   <trkpt lat="46.9439620" lon="7.4443340"/>
   <trkpt lat="46.9439890" lon="7.4443480"/>
   <trkpt lat="46.9440160" lon="7.4443670"/>
   <trkpt lat="46.9440430" lon="7.4443910"/>
   <trkpt lat="46.9440660" lon="7.4444110"/>
   <trkpt lat="46.9440960" lon="7.4444360"/>
   <trkpt lat="46.9441290" lon="7.4444560"/>
   <trkpt lat="46.9441530" lon="7.4444710"/>
   <trkpt lat="46.9441830" lon="7.4444960"/>
   <trkpt lat="46.9442090" lon="7.4445170"/>
   <trkpt lat="46.9442420" lon="7.4445370"/>
   <trkpt lat="46.9442740" lon="7.4445580"/>
   <trkpt lat="46.9443010" lon="7.4445750"/>
   <trkpt lat="46.9443260" lon="7.4445920"/>
   <trkpt lat="46.9443560" lon="7.4446150"/>
   <trkpt lat="46.9443800" lon="7.4446300"/>
   <trkpt lat="46.9444060" lon="7.4446480"/>
   <trkpt lat="46.9444350" lon="7.4446680"/>
   <trkpt lat="46.9444660" lon="7.4446850"/>
   <trkpt lat="46.9444940" lon="7.4447010"/>
   <trkpt lat="46.9445160" lon="7.4447120"/>
   <trkpt lat="46.9445490" lon="7.4447330"/>
   <trkpt lat="46.9445780" lon="7.4447570"/>
   <trkpt lat="46.9446030" lon="7.4447710"/>
   <trkpt lat="46.9446290" lon="7.4447960"/>
   <trkpt lat="46.9446520" lon="7.4448260"/>
   <trkpt lat="46.9446710" lon="7.4448570"/>
   <trkpt lat="46.9446870" lon="7.4449020"/>
   <trkpt lat="46.9446940" lon="7.4449500"/>
   <trkpt lat="46.9446990" lon="7.4449990"/>
   <trkpt lat="46.9446920" lon="7.4450450"/>
   <trkpt lat="46.9446850" lon="7.4450870"/>
   <trkpt lat="46.9446700" lon="7.4451370"/>
   <trkpt lat="46.9446560" lon="7.4451730"/>
   <trkpt lat="46.9446420" lon="7.4452200"/>
   <trkpt lat="46.9446260" lon="7.4452660"/>
   <trkpt lat="46.9446170" lon="7.4453050"/>
   <trkpt lat="46.9446040" lon="7.4453540"/>
   <trkpt lat="46.9445910" lon="7.4453930"/>
   <trkpt lat="46.9445770" lon="7.4454270"/>
   <trkpt lat="46.9445620" lon="7.4454650"/>
   <trkpt lat="46.9445450" lon="7.4454950"/>
   <trkpt lat="46.9445310" lon="7.4455340"/>
   <trkpt lat="46.9445180" lon="7.4455770"/>
   <trkpt lat="46.9445070" lon="7.4456190"/>
   <trkpt lat="46.9444920" lon="7.4456640"/>
   <trkpt lat="46.9444790" lon="7.4457010"/>
   <trkpt lat="46.9444650" lon="7.4457430"/>
   <trkpt lat="46.9444500" lon="7.4457860"/>
   <trkpt lat="46.9444380" lon="7.4458260"/>
   <trkpt lat="46.9444250" lon="7.4458690"/>
   <trkpt lat="46.9444100" lon="7.4459120"/>
   <trkpt lat="46.9443980" lon="7.4459550"/>
   <trkpt lat="46.9443840" lon="7.4459960"/>
   <trkpt lat="46.9443780" lon="7.4460360"/>
   <trkpt lat="46.9443660" lon="7.4460820"/>
   <trkpt lat="46.9443550" lon="7.4461230"/>
   <trkpt lat="46.9443440" lon="7.4461600"/>
   <trkpt lat="46.9443280" lon="7.4462010"/>
   <trkpt lat="46.9443070" lon="7.4462350"/>
   <trkpt lat="46.9442830" lon="7.4462550"/>
   <trkpt lat="46.9442520" lon="7.4462630"/>
   <trkpt lat="46.9442200" lon="7.4462690"/>
   <trkpt lat="46.9441880" lon="7.4462700"/>
   <trkpt lat="46.9441520" lon="7.4462580"/>
   <trkpt lat="46.9441200" lon="7.4462490"/>
   <trkpt lat="46.9440880" lon="7.4462390"/>
   <trkpt lat="46.9440530" lon="7.4462270"/>
   <trkpt lat="46.9440180" lon="7.4462180"/>
   <trkpt lat="46.9439800" lon="7.4462060"/>
   <trkpt lat="46.9439470" lon="7.4461980"/>
   <trkpt lat="46.9439120" lon="7.4461880"/>
   <trkpt lat="46.9438780" lon="7.4461810"/>
   <trkpt lat="46.9438470" lon="7.4461760"/>
   <trkpt lat="46.9438130" lon="7.4461690"/>
   <trkpt lat="46.9437830" lon="7.4461620"/>
   <trkpt lat="46.9437540" lon="7.4461570"/>
   <trkpt lat="46.9437240" lon="7.4461510"/>
   <trkpt lat="46.9436970" lon="7.4461460"/>
   <trkpt lat="46.9436650" lon="7.4461390"/>
   <trkpt lat="46.9436320" lon="7.4461290"/>
   <trkpt lat="46.9436020" lon="7.4461230"/>
   <trkpt lat="46.9435710" lon="7.4461150"/>
   <trkpt lat="46.9435440" lon="7.4461080"/>
   <trkpt lat="46.9435140" lon="7.4460970"/>
   <trkpt lat="46.9434850" lon="7.4460870"/>
   <trkpt lat="46.9434550" lon="7.4460810"/>
   <trkpt lat="46.9434220" lon="7.4460710"/>
   <trkpt lat="46.9433930" lon="7.4460640"/>
   <trkpt lat="46.9433630" lon="7.4460580"/>
   <trkpt lat="46.9433310" lon="7.4460530"/>
   <trkpt lat="46.9433040" lon="7.4460450"/>
   <trkpt lat="46.9432750" lon="7.4460400"/>
   <trkpt lat="46.9432440" lon="7.4460300"/>
   <trkpt lat="46.9432130" lon="7.4460240"/>
   <trkpt lat="46.9431810" lon="7.4460170"/>
   <trkpt lat="46.9431500" lon="7.4460090"/>
   <trkpt lat="46.9431200" lon="7.4460040"/>
   <trkpt lat="46.9430900" lon="7.4460020"/>
   <trkpt lat="46.9430640" lon="7.4459990"/>
   <trkpt lat="46.9430340" lon="7.4459920"/>
   <trkpt lat="46.9430070" lon="7.4459870"/>
   <trkpt lat="46.9429830" lon="7.4459860"/>
   <trkpt lat="46.9429560" lon="7.4459830"/>
   <trkpt lat="46.9429280" lon="7.4459790"/>
   <trkpt lat="46.9428960" lon="7.4459760"/>
   <trkpt lat="46.9428620" lon="7.4459710"/>
   <trkpt lat="46.9428290" lon="7.4459650"/>
   <trkpt lat="46.9427990" lon="7.4459590"/>
   <trkpt lat="46.9427700" lon="7.4459510"/>
   <trkpt lat="46.9427450" lon="7.4459470"/>
   <trkpt lat="46.9427190" lon="7.4459400"/>
   <trkpt lat="46.9426900" lon="7.4459310"/>
   <trkpt lat="46.9426610" lon="7.4459240"/>
   <trkpt lat="46.9426300" lon="7.4459160"/>
   <trkpt lat="46.9426010" lon="7.4459070"/>
   <trkpt lat="46.9425700" lon="7.4459000"/>
   <trkpt lat="46.9425390" lon="7.4458940"/>
   <trkpt lat="46.9425120" lon="7.4458920"/>
   <trkpt lat="46.9424810" lon="7.4458920"/>
   <trkpt lat="46.9424480" lon="7.4458880"/>
   <trkpt lat="46.9424160" lon="7.4458850"/>
   <trkpt lat="46.9423840" lon="7.4458800"/>
   <trkpt lat="46.9423560" lon="7.4458740"/>
   <trkpt lat="46.9423260" lon="7.4458680"/>
   <trkpt lat="46.9422970" lon="7.4458600"/>
   <trkpt lat="46.9422710" lon="7.4458540"/>
   <trkpt lat="46.9422430" lon="7.4458490"/>
   <trkpt lat="46.9422140" lon="7.4458410"/>
   <trkpt lat="46.9421840" lon="7.4458340"/>
   <trkpt lat="46.9421540" lon="7.4458250"/>
   <trkpt lat="46.9421240" lon="7.4458140"/>
   <trkpt lat="46.9420930" lon="7.4458050"/>
   <trkpt lat="46.9420620" lon="7.4457970"/>
   <trkpt lat="46.9420350" lon="7.4457880"/>
   <trkpt lat="46.9420040" lon="7.4457810"/>
   <trkpt lat="46.9419700" lon="7.4457740"/>
   <trkpt lat="46.9419370" lon="7.4457650"/>
   <trkpt lat="46.9419030" lon="7.4457560"/>
   <trkpt lat="46.9418730" lon="7.4457480"/>
   <trkpt lat="46.9418430" lon="7.4457420"/>
   <trkpt lat="46.9418110" lon="7.4457330"/>
   <trkpt lat="46.9417860" lon="7.4457280"/>
   <trkpt lat="46.9417560" lon="7.4457220"/>
   <trkpt lat="46.9417240" lon="7.4457170"/>
   <trkpt lat="46.9416890" lon="7.4457140"/>
   <trkpt lat="46.9416520" lon="7.4457110"/>
   <trkpt lat="46.9416230" lon="7.4457050"/>
   <trkpt lat="46.9415910" lon="7.4457000"/>
   <trkpt lat="46.9415620" lon="7.4456940"/>
   <trkpt lat="46.9415320" lon="7.4456880"/>
   <trkpt lat="46.9415040" lon="7.4456800"/>
   <trkpt lat="46.9414740" lon="7.4456690"/>
   <trkpt lat="46.9414440" lon="7.4456580"/>
   <trkpt lat="46.9414120" lon="7.4456460"/>
   <trkpt lat="46.9413830" lon="7.4456350"/>
   <trkpt lat="46.9413570" lon="7.4456270"/>
   <trkpt lat="46.9413290" lon="7.4456180"/>
   <trkpt lat="46.9413060" lon="7.4456130"/>
   <trkpt lat="46.9412750" lon="7.4456070"/>
   <trkpt lat="46.9412400" lon="7.4455980"/>
   <trkpt lat="46.9412090" lon="7.4455980"/>
   <trkpt lat="46.9411740" lon="7.4455900"/>
   <trkpt lat="46.9411460" lon="7.4455830"/>
   <trkpt lat="46.9411170" lon="7.4455790"/>
   <trkpt lat="46.9410850" lon="7.4455690"/>
   <trkpt lat="46.9410610" lon="7.4455680"/>
   <trkpt lat="46.9410300" lon="7.4455650"/>
   <trkpt lat="46.9409980" lon="7.4455600"/>
   <trkpt lat="46.9409730" lon="7.4455550"/>
   <trkpt lat="46.9409450" lon="7.4455440"/>
   <trkpt lat="46.9409120" lon="7.4455330"/>
   <trkpt lat="46.9408780" lon="7.4455260"/>
   <trkpt lat="46.9408460" lon="7.4455170"/>
   <trkpt lat="46.9408150" lon="7.4455140"/>
   <trkpt lat="46.9407860" lon="7.4455120"/>
   <trkpt lat="46.9407550" lon="7.4455040"/>
   <trkpt lat="46.9407260" lon="7.4455010"/>
   <trkpt lat="46.9406920" lon="7.4454930"/>
   <trkpt lat="46.9406600" lon="7.4454850"/>
   <trkpt lat="46.9406270" lon="7.4454810"/>
   <trkpt lat="46.9405930" lon="7.4454740"/>
   <trkpt lat="46.9405650" lon="7.4454670"/>
   <trkpt lat="46.9405350" lon="7.4454590"/>
   <trkpt lat="46.9405020" lon="7.4454490"/>
   <trkpt lat="46.9404740" lon="7.4454410"/>
   <trkpt lat="46.9404430" lon="7.4454290"/>
   <trkpt lat="46.9404160" lon="7.4454180"/>
   <trkpt lat="46.9403890" lon="7.4454090"/>
   <trkpt lat="46.9403540" lon="7.4454030"/>
   <trkpt lat="46.9403270" lon="7.4453990"/>
   <trkpt lat="46.9402940" lon="7.4453900"/>
   <trkpt lat="46.9402590" lon="7.4453840"/>
   <trkpt lat="46.9402270" lon="7.4453770"/>
   <trkpt lat="46.9401900" lon="7.4453680"/>
   <trkpt lat="46.9401580" lon="7.4453620"/>
   <trkpt lat="46.9401290" lon="7.4453580"/>
   <trkpt lat="46.9400990" lon="7.4453570"/>
   <trkpt lat="46.9400730" lon="7.4453540"/>
   <trkpt lat="46.9400450" lon="7.4453530"/>
   <trkpt lat="46.9400130" lon="7.4453490"/>
   <trkpt lat="46.9399820" lon="7.4453470"/>
   <trkpt lat="46.9399480" lon="7.4453450"/>
   <trkpt lat="46.9399170" lon="7.4453410"/>
   <trkpt lat="46.9398810" lon="7.4453340"/>
   <trkpt lat="46.9398470" lon="7.4453270"/>
   <trkpt lat="46.9398140" lon="7.4453210"/>
   <trkpt lat="46.9397810" lon="7.4453130"/>
   <trkpt lat="46.9397540" lon="7.4453060"/>
   <trkpt lat="46.9397180" lon="7.4452930"/>
   <trkpt lat="46.9396850" lon="7.4452780"/>
   <trkpt lat="46.9396540" lon="7.4452680"/>
   <trkpt lat="46.9396220" lon="7.4452570"/>
   <trkpt lat="46.9395930" lon="7.4452500"/>
   <trkpt lat="46.9395660" lon="7.4452450"/>
   <trkpt lat="46.9395370" lon="7.4452340"/>
   <trkpt lat="46.9395070" lon="7.4452260"/>
   <trkpt lat="46.9394700" lon="7.4452190"/>
   <trkpt lat="46.9394340" lon="7.4452140"/>
   <trkpt lat="46.9394080" lon="7.4452080"/>
   <trkpt lat="46.9393790" lon="7.4452020"/>
   <trkpt lat="46.9393450" lon="7.4451990"/>
   <trkpt lat="46.9393110" lon="7.4451940"/>
   <trkpt lat="46.9392780" lon="7.4451880"/>
   <trkpt lat="46.9392470" lon="7.4451830"/>
   <trkpt lat="46.9392180" lon="7.4451770"/>
   <trkpt lat="46.9391910" lon="7.4451700"/>
   <trkpt lat="46.9391640" lon="7.4451630"/>
   <trkpt lat="46.9391320" lon="7.4451560"/>
   <trkpt lat="46.9391010" lon="7.4451460"/>
   <trkpt lat="46.9390720" lon="7.4451390"/>
   <trkpt lat="46.9390450" lon="7.4451340"/>
   <trkpt lat="46.9390170" lon="7.4451240"/>
   <trkpt lat="46.9389840" lon="7.4451130"/>
   <trkpt lat="46.9389470" lon="7.4450990"/>
   <trkpt lat="46.9389160" lon="7.4450890"/>
   <trkpt lat="46.9388840" lon="7.4450760"/>
   <trkpt lat="46.9388550" lon="7.4450650"/>
   <trkpt lat="46.9388290" lon="7.4450610"/>
   <trkpt lat="46.9388010" lon="7.4450540"/>
   <trkpt lat="46.9387730" lon="7.4450460"/>
   <trkpt lat="46.9387430" lon="7.4450410"/>
   <trkpt lat="46.9387120" lon="7.4450330"/>
   <trkpt lat="46.9386850" lon="7.4450270"/>
   <trkpt lat="46.9386530" lon="7.4450190"/>
   <trkpt lat="46.9386220" lon="7.4450110"/>
   <trkpt lat="46.9385930" lon="7.4450050"/>
   <trkpt lat="46.9385600" lon="7.4449970"/>
   <trkpt lat="46.9385290" lon="7.4449890"/>
   <trkpt lat="46.9384990" lon="7.4449830"/>
   <trkpt lat="46.9384670" lon="7.4449720"/>
   <trkpt lat="46.9384390" lon="7.4449650"/>
   <trkpt lat="46.9384070" lon="7.4449590"/>
   <trkpt lat="46.9383770" lon="7.4449510"/>
   <trkpt lat="46.9383500" lon="7.4449450"/>
   <trkpt lat="46.9383220" lon="7.4449390"/>
   <trkpt lat="46.9382930" lon="7.4449320"/>
   <trkpt lat="46.9382670" lon="7.4449270"/>
   <trkpt lat="46.9382370" lon="7.4449250"/>
   <trkpt lat="46.9382090" lon="7.4449230"/>
   <trkpt lat="46.9381800" lon="7.4449210"/>
   <trkpt lat="46.9381530" lon="7.4449200"/>
   <trkpt lat="46.9381260" lon="7.4449150"/>
   <trkpt lat="46.9380960" lon="7.4449080"/>
   <trkpt lat="46.9380630" lon="7.4449000"/>
   <trkpt lat="46.9380320" lon="7.4448950"/>
   <trkpt lat="46.9379950" lon="7.4448870"/>
   <trkpt lat="46.9379620" lon="7.4448780"/>
   <trkpt lat="46.9379300" lon="7.4448720"/>
   <trkpt lat="46.9378970" lon="7.4448630"/>
   <trkpt lat="46.9378680" lon="7.4448590"/>
   <trkpt lat="46.9378380" lon="7.4448560"/>
   <trkpt lat="46.9378090" lon="7.4448550"/>
   <trkpt lat="46.9377810" lon="7.4448540"/>
   <trkpt lat="46.9377490" lon="7.4448480"/>
   <trkpt lat="46.9377180" lon="7.4448440"/>
   <trkpt lat="46.9376860" lon="7.4448410"/>
   <trkpt lat="46.9376530" lon="7.4448360"/>
   <trkpt lat="46.9376200" lon="7.4448300"/>
   <trkpt lat="46.9375920" lon="7.4448270"/>
   <trkpt lat="46.9375630" lon="7.4448230"/>
   <trkpt lat="46.9375380" lon="7.4448200"/>
   <trkpt lat="46.9375090" lon="7.4448200"/>
   <trkpt lat="46.9374800" lon="7.4448210"/>
   <trkpt lat="46.9374530" lon="7.4448220"/>
   <trkpt lat="46.9374230" lon="7.4448210"/>
   <trkpt lat="46.9373910" lon="7.4448200"/>
   <trkpt lat="46.9373600" lon="7.4448220"/>
   <trkpt lat="46.9373280" lon="7.4448230"/>
   <trkpt lat="46.9372990" lon="7.4448220"/>
   <trkpt lat="46.9372700" lon="7.4448240"/>
   <trkpt lat="46.9372360" lon="7.4448260"/>
   <trkpt lat="46.9372070" lon="7.4448290"/>
   <trkpt lat="46.9371790" lon="7.4448320"/>
   <trkpt lat="46.9371490" lon="7.4448320"/>
   <trkpt lat="46.9371240" lon="7.4448340"/>
   <trkpt lat="46.9370930" lon="7.4448390"/>
   <trkpt lat="46.9370640" lon="7.4448430"/>
   <trkpt lat="46.9370390" lon="7.4448490"/>
   <trkpt lat="46.9370110" lon="7.4448540"/>
   <trkpt lat="46.9369830" lon="7.4448610"/>
   <trkpt lat="46.9369580" lon="7.4448680"/>
   <trkpt lat="46.9369310" lon="7.4448770"/>
   <trkpt lat="46.9369050" lon="7.4448850"/>
   <trkpt lat="46.9368750" lon="7.4448920"/>
   <trkpt lat="46.9368440" lon="7.4448990"/>
   <trkpt lat="46.9368150" lon="7.4449040"/>
   <trkpt lat="46.9367820" lon="7.4449080"/>
   <trkpt lat="46.9367470" lon="7.4449140"/>
   <trkpt lat="46.9367190" lon="7.4449200"/>
   <trkpt lat="46.9366880" lon="7.4449290"/>
   <trkpt lat="46.9366540" lon="7.4449350"/>
   <trkpt lat="46.9366280" lon="7.4449430"/>
   <trkpt lat="46.9366020" lon="7.4449500"/>
   <trkpt lat="46.9365770" lon="7.4449570"/>
   <trkpt lat="46.9365500" lon="7.4449620"/>
   <trkpt lat="46.9365240" lon="7.4449660"/>
   <trkpt lat="46.9364970" lon="7.4449710"/>
   <trkpt lat="46.9364690" lon="7.4449780"/>
   <trkpt lat="46.9364400" lon="7.4449860"/>
   <trkpt lat="46.9364130" lon="7.4449950"/>
   <trkpt lat="46.9363820" lon="7.4450050"/>
   <trkpt lat="46.9363540" lon="7.4450150"/>
   <trkpt lat="46.9363260" lon="7.4450250"/>
   <trkpt lat="46.9362980" lon="7.4450380"/>
   <trkpt lat="46.9362690" lon="7.4450500"/>
   <trkpt lat="46.9362410" lon="7.4450610"/>
   <trkpt lat="46.9362110" lon="7.4450700"/>
   <trkpt lat="46.9361800" lon="7.4450810"/>
   <trkpt lat="46.9361500" lon="7.4450940"/>
   <trkpt lat="46.9361190" lon="7.4451060"/>
   <trkpt lat="46.9360880" lon="7.4451190"/>
   <trkpt lat="46.9360580" lon="7.4451340"/>
   <trkpt lat="46.9360290" lon="7.4451460"/>
   <trkpt lat="46.9360050" lon="7.4451600"/>
   <trkpt lat="46.9359770" lon="7.4451740"/>
   <trkpt lat="46.9359470" lon="7.4451860"/>
   <trkpt lat="46.9359200" lon="7.4451980"/>
   <trkpt lat="46.9358910" lon="7.4452130"/>
   <trkpt lat="46.9358620" lon="7.4452280"/>
   <trkpt lat="46.9358330" lon="7.4452440"/>
   <trkpt lat="46.9358080" lon="7.4452590"/>
   <trkpt lat="46.9357800" lon="7.4452770"/>
   <trkpt lat="46.9357550" lon="7.4452960"/>
   <trkpt lat="46.9357280" lon="7.4453130"/>
   <trkpt lat="46.9357020" lon="7.4453280"/>
   <trkpt lat="46.9356750" lon="7.4453450"/>
   <trkpt lat="46.9356460" lon="7.4453610"/>
   <trkpt lat="46.9356210" lon="7.4453760"/>
   <trkpt lat="46.9355920" lon="7.4453930"/>
   <trkpt lat="46.9355650" lon="7.4454090"/>
   <trkpt lat="46.9355410" lon="7.4454240"/>
   <trkpt lat="46.9355140" lon="7.4454420"/>
   <trkpt lat="46.9354870" lon="7.4454600"/>
   <trkpt lat="46.9354600" lon="7.4454780"/>
   <trkpt lat="46.9354320" lon="7.4454970"/>
   <trkpt lat="46.9354040" lon="7.4455150"/>
   <trkpt lat="46.9353750" lon="7.4455340"/>
   <trkpt lat="46.9353470" lon="7.4455490"/>
   <trkpt lat="46.9353220" lon="7.4455610"/>
   <trkpt lat="46.9352940" lon="7.4455760"/>
   <trkpt lat="46.9352640" lon="7.4455910"/>
   <trkpt lat="46.9352370" lon="7.4456090"/>
   <trkpt lat="46.9352100" lon="7.4456360"/>
   <trkpt lat="46.9351900" lon="7.4456670"/>
   <trkpt lat="46.9351780" lon="7.4457010"/>
   <trkpt lat="46.9351750" lon="7.4457390"/>
   <trkpt lat="46.9351800" lon="7.4457690"/>
   <trkpt lat="46.9351980" lon="7.4457960"/>
   <trkpt lat="46.9352230" lon="7.4458160"/>
   <trkpt lat="46.9352490" lon="7.4458260"/>
   <trkpt lat="46.9352790" lon="7.4458380"/>
   <trkpt lat="46.9353090" lon="7.4458450"/>
   <trkpt lat="46.9353400" lon="7.4458540"/>
   <trkpt lat="46.9353720" lon="7.4458630"/>
   <trkpt lat="46.9354010" lon="7.4458670"/>
   <trkpt lat="46.9354280" lon="7.4458720"/>
   <trkpt lat="46.9354610" lon="7.4458770"/>
   <trkpt lat="46.9354820" lon="7.4458800"/>
   <trkpt lat="46.9355090" lon="7.4458950"/>
   <trkpt lat="46.9355410" lon="7.4459210"/>
   <trkpt lat="46.9355660" lon="7.4459380"/>
   <trkpt lat="46.9355920" lon="7.4459630"/>
   <trkpt lat="46.9356170" lon="7.4460030"/>
   <trkpt lat="46.9356320" lon="7.4460340"/>
   <trkpt lat="46.9356510" lon="7.4460670"/>
   <trkpt lat="46.9356700" lon="7.4461030"/>
   <trkpt lat="46.9356860" lon="7.4461360"/>
   <trkpt lat="46.9357020" lon="7.4461690"/>
   <trkpt lat="46.9357180" lon="7.4462050"/>
   <trkpt lat="46.9357360" lon="7.4462350"/>
   <trkpt lat="46.9357550" lon="7.4462640"/>
   <trkpt lat="46.9357740" lon="7.4462950"/>
   <trkpt lat="46.9357940" lon="7.4463190"/>
   <trkpt lat="46.9358130" lon="7.4463530"/>
   <trkpt lat="46.9358300" lon="7.4463860"/>
   <trkpt lat="46.9358450" lon="7.4464100"/>
   <trkpt lat="46.9358620" lon="7.4464440"/>
   <trkpt lat="46.9358760" lon="7.4464700"/>
   <trkpt lat="46.9358910" lon="7.4464960"/>
   <trkpt lat="46.9359110" lon="7.4465320"/>
   <trkpt lat="46.9359270" lon="7.4465610"/>
   <trkpt lat="46.9359450" lon="7.4465920"/>
   <trkpt lat="46.9359650" lon="7.4466240"/>
   <trkpt lat="46.9359810" lon="7.4466520"/>
   <trkpt lat="46.9360000" lon="7.4466840"/>
   <trkpt lat="46.9360190" lon="7.4467170"/>
   <trkpt lat="46.9360340" lon="7.4467460"/>
   <trkpt lat="46.9360530" lon="7.4467780"/>
   <trkpt lat="46.9360720" lon="7.4468130"/>
   <trkpt lat="46.9360890" lon="7.4468400"/>
   <trkpt lat="46.9361090" lon="7.4468760"/>
   <trkpt lat="46.9361240" lon="7.4469040"/>
   <trkpt lat="46.9361440" lon="7.4469350"/>
   <trkpt lat="46.9361600" lon="7.4469760"/>
   <trkpt lat="46.9361740" lon="7.4470060"/>
   <trkpt lat="46.9361940" lon="7.4470400"/>
   <trkpt lat="46.9362140" lon="7.4470790"/>
   <trkpt lat="46.9362280" lon="7.4471030"/>
   <trkpt lat="46.9362460" lon="7.4471370"/>
   <trkpt lat="46.9362620" lon="7.4471660"/>
   <trkpt lat="46.9362790" lon="7.4471900"/>
   <trkpt lat="46.9362990" lon="7.4472220"/>
   <trkpt lat="46.9363180" lon="7.4472480"/>
   <trkpt lat="46.9363370" lon="7.4472780"/>
   <trkpt lat="46.9363550" lon="7.4473070"/>
   <trkpt lat="46.9363740" lon="7.4473380"/>
   <trkpt lat="46.9363910" lon="7.4473710"/>
   <trkpt lat="46.9364070" lon="7.4474050"/>
   <trkpt lat="46.9364230" lon="7.4474290"/>
   <trkpt lat="46.9364480" lon="7.4474610"/>
   <trkpt lat="46.9364650" lon="7.4474870"/>
   <trkpt lat="46.9364860" lon="7.4475160"/>
   <trkpt lat="46.9365060" lon="7.4475540"/>
   <trkpt lat="46.9365230" lon="7.4475810"/>
   <trkpt lat="46.9365450" lon="7.4476130"/>
   <trkpt lat="46.9365670" lon="7.4476480"/>
   <trkpt lat="46.9365840" lon="7.4476760"/>
   <trkpt lat="46.9366020" lon="7.4477070"/>
   <trkpt lat="46.9366190" lon="7.4477360"/>
   <trkpt lat="46.9366400" lon="7.4477670"/>
   <trkpt lat="46.9366590" lon="7.4478070"/>
   <trkpt lat="46.9366750" lon="7.4478360"/>
   <trkpt lat="46.9366930" lon="7.4478650"/>
   <trkpt lat="46.9367130" lon="7.4478970"/>
   <trkpt lat="46.9367320" lon="7.4479230"/>
   <trkpt lat="46.9367530" lon="7.4479520"/>
   <trkpt lat="46.9367730" lon="7.4479810"/>
   <trkpt lat="46.9367920" lon="7.4480060"/>
   <trkpt lat="46.9368110" lon="7.4480340"/>
   <trkpt lat="46.9368300" lon="7.4480650"/>
   <trkpt lat="46.9368490" lon="7.4480960"/>
   <trkpt lat="46.9368690" lon="7.4481280"/>
   <trkpt lat="46.9368860" lon="7.4481530"/>
   <trkpt lat="46.9369030" lon="7.4481820"/>
   <trkpt lat="46.9369210" lon="7.4482140"/>
   <trkpt lat="46.9369370" lon="7.4482430"/>
   <trkpt lat="46.9369560" lon="7.4482770"/>
   <trkpt lat="46.9369730" lon="7.4483130"/>
   <trkpt lat="46.9369880" lon="7.4483440"/>
   <trkpt lat="46.9370040" lon="7.4483760"/>
   <trkpt lat="46.9370200" lon="7.4484120"/>
   <trkpt lat="46.9370360" lon="7.4484420"/>
   <trkpt lat="46.9370500" lon="7.4484720"/>
   <trkpt lat="46.9370650" lon="7.4485080"/>
   <trkpt lat="46.9370840" lon="7.4485430"/>
   <trkpt lat="46.9371040" lon="7.4485830"/>
   <trkpt lat="46.9371240" lon="7.4486170"/>
   <trkpt lat="46.9371450" lon="7.4486470"/>
   <trkpt lat="46.9371670" lon="7.4486770"/>
   <trkpt lat="46.9371850" lon="7.4487040"/>
   <trkpt lat="46.9372010" lon="7.4487270"/>
   <trkpt lat="46.9372220" lon="7.4487580"/>
   <trkpt lat="46.9372410" lon="7.4487870"/>
   <trkpt lat="46.9372620" lon="7.4488200"/>
   <trkpt lat="46.9372800" lon="7.4488500"/>
   <trkpt lat="46.9372960" lon="7.4488760"/>
   <trkpt lat="46.9373110" lon="7.4489080"/>
   <trkpt lat="46.9373270" lon="7.4489370"/>
   <trkpt lat="46.9373460" lon="7.4489680"/>
   <trkpt lat="46.9373680" lon="7.4490040"/>
   <trkpt lat="46.9373870" lon="7.4490320"/>
   <trkpt lat="46.9374060" lon="7.4490600"/>
   <trkpt lat="46.9374260" lon="7.4490910"/>
   <trkpt lat="46.9374450" lon="7.4491150"/>
   <trkpt lat="46.9374620" lon="7.4491450"/>
   <trkpt lat="46.9374780" lon="7.4491770"/>
   <trkpt lat="46.9374940" lon="7.4492020"/>
   <trkpt lat="46.9375100" lon="7.4492300"/>
   <trkpt lat="46.9375290" lon="7.4492620"/>
   <trkpt lat="46.9375480" lon="7.4492950"/>
   <trkpt lat="46.9375690" lon="7.4493310"/>
   <trkpt lat="46.9375860" lon="7.4493590"/>
   <trkpt lat="46.9376040" lon="7.4493840"/>
   <trkpt lat="46.9376250" lon="7.4494150"/>
   <trkpt lat="46.9376450" lon="7.4494440"/>
   <trkpt lat="46.9376640" lon="7.4494740"/>
   <trkpt lat="46.9376820" lon="7.4495000"/>
   <trkpt lat="46.9377010" lon="7.4495270"/>
   <trkpt lat="46.9377190" lon="7.4495580"/>
   <trkpt lat="46.9377370" lon="7.4495910"/>
   <trkpt lat="46.9377560" lon="7.4496190"/>
   <trkpt lat="46.9377730" lon="7.4496500"/>
   <trkpt lat="46.9377900" lon="7.4496790"/>
   <trkpt lat="46.9378090" lon="7.4497100"/>
   <trkpt lat="46.9378270" lon="7.4497420"/>
   <trkpt lat="46.9378440" lon="7.4497690"/>
   <trkpt lat="46.9378620" lon="7.4498010"/>
   <trkpt lat="46.9378780" lon="7.4498340"/>
   <trkpt lat="46.9378920" lon="7.4498600"/>
   <trkpt lat="46.9379100" lon="7.4498890"/>
   <trkpt lat="46.9379290" lon="7.4499220"/>
   <trkpt lat="46.9379450" lon="7.4499470"/>
   <trkpt lat="46.9379660" lon="7.4499780"/>
   <trkpt lat="46.9379840" lon="7.4500060"/>
   <trkpt lat="46.9380020" lon="7.4500350"/>
   <trkpt lat="46.9380220" lon="7.4500680"/>
   <trkpt lat="46.9380390" lon="7.4500970"/>
   <trkpt lat="46.9380590" lon="7.4501280"/>
   <trkpt lat="46.9380790" lon="7.4501600"/>
   <trkpt lat="46.9380950" lon="7.4501850"/>
   <trkpt lat="46.9381150" lon="7.4502150"/>
   <trkpt lat="46.9381360" lon="7.4502480"/>
   <trkpt lat="46.9381530" lon="7.4502750"/>
   <trkpt lat="46.9381710" lon="7.4503080"/>
   <trkpt lat="46.9381850" lon="7.4503410"/>
   <trkpt lat="46.9381900" lon="7.4503710"/>
   <trkpt lat="46.9381880" lon="7.4504040"/>
   <trkpt lat="46.9381800" lon="7.4504390"/>
   <trkpt lat="46.9381510" lon="7.4504740"/>
   <trkpt lat="46.9381300" lon="7.4505070"/>
   <trkpt lat="46.9380980" lon="7.4505350"/>
   <trkpt lat="46.9380720" lon="7.4505590"/>
   <trkpt lat="46.9380400" lon="7.4505770"/>
   <trkpt lat="46.9380090" lon="7.4505910"/>
   <trkpt lat="46.9379840" lon="7.4506050"/>
   <trkpt lat="46.9379540" lon="7.4506180"/>
   <trkpt lat="46.9379250" lon="7.4506310"/>
   <trkpt lat="46.9378980" lon="7.4506450"/>
   <trkpt lat="46.9378740" lon="7.4506580"/>
   <trkpt lat="46.9378500" lon="7.4506680"/>
   <trkpt lat="46.9378220" lon="7.4506790"/>
   <trkpt lat="46.9377940" lon="7.4506850"/>
   <trkpt lat="46.9377670" lon="7.4506910"/>
   <trkpt lat="46.9377390" lon="7.4506970"/>
   <trkpt lat="46.9377070" lon="7.4507010"/>
   <trkpt lat="46.9376840" lon="7.4507080"/>
   <trkpt lat="46.9376550" lon="7.4507130"/>
   <trkpt lat="46.9376290" lon="7.4507210"/>
   <trkpt lat="46.9376050" lon="7.4507290"/>
   <trkpt lat="46.9375770" lon="7.4507390"/>
   <trkpt lat="46.9375520" lon="7.4507510"/>
   <trkpt lat="46.9375270" lon="7.4507630"/>
   <trkpt lat="46.9375010" lon="7.4507680"/>
   <trkpt lat="46.9374740" lon="7.4507750"/>
   <trkpt lat="46.9374460" lon="7.4507850"/>
   <trkpt lat="46.9374180" lon="7.4507960"/>
   <trkpt lat="46.9373930" lon="7.4508020"/>
   <trkpt lat="46.9373660" lon="7.4508120"/>
   <trkpt lat="46.9373350" lon="7.4508170"/>
   <trkpt lat="46.9373080" lon="7.4508210"/>
   <trkpt lat="46.9372780" lon="7.4508320"/>
   <trkpt lat="46.9372460" lon="7.4508420"/>
   <trkpt lat="46.9372180" lon="7.4508530"/>
   <trkpt lat="46.9371910" lon="7.4508650"/>
   <trkpt lat="46.9371650" lon="7.4508720"/>
   <trkpt lat="46.9371380" lon="7.4508820"/>
   <trkpt lat="46.9371080" lon="7.4508890"/>
   <trkpt lat="46.9370830" lon="7.4508920"/>
   <trkpt lat="46.9370570" lon="7.4508950"/>
   <trkpt lat="46.9370280" lon="7.4508930"/>
   <trkpt lat="46.9370040" lon="7.4508910"/>
   <trkpt lat="46.9369750" lon="7.4508950"/>
   <trkpt lat="46.9369450" lon="7.4509090"/>
   <trkpt lat="46.9369230" lon="7.4509250"/>
   <trkpt lat="46.9368990" lon="7.4509470"/>
   <trkpt lat="46.9368690" lon="7.4509650"/>
   <trkpt lat="46.9368480" lon="7.4509830"/>
   <trkpt lat="46.9368220" lon="7.4510050"/>
   <trkpt lat="46.9367960" lon="7.4510290"/>
   <trkpt lat="46.9367730" lon="7.4510490"/>
   <trkpt lat="46.9367440" lon="7.4510750"/>
   <trkpt lat="46.9367200" lon="7.4510980"/>
   <trkpt lat="46.9366960" lon="7.4511240"/>
   <trkpt lat="46.9366740" lon="7.4511460"/>
   <trkpt lat="46.9366530" lon="7.4511650"/>
   <trkpt lat="46.9366330" lon="7.4511860"/>
   <trkpt lat="46.9366330" lon="7.4511890"/>
   <trkpt lat="46.9366150" lon="7.4512140"/>
   <trkpt lat="46.9366120" lon="7.4512080"/>
   <trkpt lat="46.9365950" lon="7.4512290"/>
   <trkpt lat="46.9365770" lon="7.4512570"/>
   <trkpt lat="46.9365580" lon="7.4513450"/>
   <trkpt lat="46.9365580" lon="7.4513640"/>
   <trkpt lat="46.9365680" lon="7.4513980"/>
   <trkpt lat="46.9365830" lon="7.4514250"/>
   <trkpt lat="46.9365990" lon="7.4514480"/>
   <trkpt lat="46.9366210" lon="7.4514680"/>
   <trkpt lat="46.9366580" lon="7.4514890"/>
   <trkpt lat="46.9366920" lon="7.4515180"/>
   <trkpt lat="46.9367320" lon="7.4515520"/>
   <trkpt lat="46.9367470" lon="7.4515650"/>
   <trkpt lat="46.9367730" lon="7.4515880"/>
   <trkpt lat="46.9368110" lon="7.4516170"/>
   <trkpt lat="46.9368250" lon="7.4516290"/>
   <trkpt lat="46.9368530" lon="7.4516480"/>
   <trkpt lat="46.9368750" lon="7.4516650"/>
   <trkpt lat="46.9369010" lon="7.4516870"/>
   <trkpt lat="46.9369280" lon="7.4517100"/>
   <trkpt lat="46.9369510" lon="7.4517340"/>
   <trkpt lat="46.9369780" lon="7.4517580"/>
   <trkpt lat="46.9370020" lon="7.4517740"/>
   <trkpt lat="46.9370280" lon="7.4517970"/>
   <trkpt lat="46.9370510" lon="7.4518190"/>
   <trkpt lat="46.9370760" lon="7.4518440"/>
   <trkpt lat="46.9370990" lon="7.4518740"/>
   <trkpt lat="46.9371200" lon="7.4518960"/>
   <trkpt lat="46.9371440" lon="7.4519230"/>
   <trkpt lat="46.9371710" lon="7.4519540"/>
   <trkpt lat="46.9371960" lon="7.4519820"/>
   <trkpt lat="46.9372190" lon="7.4520130"/>
   <trkpt lat="46.9372350" lon="7.4520370"/>
   <trkpt lat="46.9372570" lon="7.4520700"/>
   <trkpt lat="46.9372790" lon="7.4521010"/>
   <trkpt lat="46.9372980" lon="7.4521210"/>
   <trkpt lat="46.9373210" lon="7.4521520"/>
   <trkpt lat="46.9373440" lon="7.4521810"/>
   <trkpt lat="46.9373660" lon="7.4522070"/>
   <trkpt lat="46.9373850" lon="7.4522390"/>
   <trkpt lat="46.9374050" lon="7.4522670"/>
   <trkpt lat="46.9374270" lon="7.4523030"/>
   <trkpt lat="46.9374450" lon="7.4523410"/>
   <trkpt lat="46.9374640" lon="7.4523720"/>
   <trkpt lat="46.9374870" lon="7.4524140"/>
   <trkpt lat="46.9375080" lon="7.4524480"/>
   <trkpt lat="46.9375330" lon="7.4524810"/>
   <trkpt lat="46.9375530" lon="7.4525120"/>
   <trkpt lat="46.9375720" lon="7.4525400"/>
   <trkpt lat="46.9375920" lon="7.4525760"/>
   <trkpt lat="46.9376100" lon="7.4526140"/>
   <trkpt lat="46.9376280" lon="7.4526420"/>
   <trkpt lat="46.9376480" lon="7.4526750"/>
   <trkpt lat="46.9376680" lon="7.4527020"/>
   <trkpt lat="46.9376900" lon="7.4527280"/>
   <trkpt lat="46.9377140" lon="7.4527590"/>
   <trkpt lat="46.9377370" lon="7.4527870"/>
   <trkpt lat="46.9377580" lon="7.4528150"/>
   <trkpt lat="46.9377780" lon="7.4528460"/>
   <trkpt lat="46.9378000" lon="7.4528760"/>
   <trkpt lat="46.9378180" lon="7.4529030"/>
   <trkpt lat="46.9378410" lon="7.4529280"/>
   <trkpt lat="46.9378650" lon="7.4529520"/>
   <trkpt lat="46.9378930" lon="7.4529790"/>
   <trkpt lat="46.9379180" lon="7.4530070"/>
   <trkpt lat="46.9379460" lon="7.4530340"/>
   <trkpt lat="46.9379700" lon="7.4530520"/>
   <trkpt lat="46.9379940" lon="7.4530690"/>
   <trkpt lat="46.9380210" lon="7.4530890"/>
   <trkpt lat="46.9380470" lon="7.4531070"/>
   <trkpt lat="46.9380720" lon="7.4531230"/>
   <trkpt lat="46.9381000" lon="7.4531410"/>
   <trkpt lat="46.9381270" lon="7.4531630"/>
   <trkpt lat="46.9381530" lon="7.4531870"/>
   <trkpt lat="46.9381810" lon="7.4532130"/>
   <trkpt lat="46.9382040" lon="7.4532290"/>
   <trkpt lat="46.9382320" lon="7.4532480"/>
   <trkpt lat="46.9382590" lon="7.4532700"/>
   <trkpt lat="46.9382900" lon="7.4532920"/>
   <trkpt lat="46.9383190" lon="7.4533140"/>
   <trkpt lat="46.9383410" lon="7.4533320"/>
   <trkpt lat="46.9383660" lon="7.4533540"/>
   <trkpt lat="46.9383910" lon="7.4533810"/>
   <trkpt lat="46.9384080" lon="7.4534000"/>
   <trkpt lat="46.9384300" lon="7.4534260"/>
   <trkpt lat="46.9384530" lon="7.4534500"/>
   <trkpt lat="46.9384750" lon="7.4534670"/>
   <trkpt lat="46.9384970" lon="7.4534870"/>
   <trkpt lat="46.9385210" lon="7.4535110"/>
   <trkpt lat="46.9385430" lon="7.4535380"/>
   <trkpt lat="46.9385650" lon="7.4535720"/>
   <trkpt lat="46.9385830" lon="7.4535950"/>
   <trkpt lat="46.9386030" lon="7.4536180"/>
   <trkpt lat="46.9386250" lon="7.4536450"/>
   <trkpt lat="46.9386450" lon="7.4536690"/>
   <trkpt lat="46.9386670" lon="7.4536980"/>
   <trkpt lat="46.9386900" lon="7.4537260"/>
   <trkpt lat="46.9387150" lon="7.4537500"/>
   <trkpt lat="46.9387380" lon="7.4537770"/>
   <trkpt lat="46.9387600" lon="7.4537980"/>
   <trkpt lat="46.9387820" lon="7.4538210"/>
   <trkpt lat="46.9388040" lon="7.4538480"/>
   <trkpt lat="46.9388230" lon="7.4538750"/>
   <trkpt lat="46.9388420" lon="7.4539060"/>
   <trkpt lat="46.9388560" lon="7.4539400"/>
   <trkpt lat="46.9388680" lon="7.4539750"/>
   <trkpt lat="46.9388760" lon="7.4540160"/>
   <trkpt lat="46.9388740" lon="7.4540580"/>
   <trkpt lat="46.9388740" lon="7.4541010"/>
   <trkpt lat="46.9388680" lon="7.4541400"/>
   <trkpt lat="46.9388590" lon="7.4541730"/>
   <trkpt lat="46.9388490" lon="7.4542080"/>
   <trkpt lat="46.9388370" lon="7.4542390"/>
   <trkpt lat="46.9388240" lon="7.4542700"/>
   <trkpt lat="46.9388070" lon="7.4543070"/>
   <trkpt lat="46.9387910" lon="7.4543430"/>
   <trkpt lat="46.9387820" lon="7.4543800"/>
   <trkpt lat="46.9387770" lon="7.4544180"/>
   <trkpt lat="46.9387720" lon="7.4544590"/>
   <trkpt lat="46.9387630" lon="7.4544990"/>
   <trkpt lat="46.9387500" lon="7.4545430"/>
   <trkpt lat="46.9387410" lon="7.4545860"/>
   <trkpt lat="46.9387310" lon="7.4546270"/>
   <trkpt lat="46.9387180" lon="7.4546680"/>
   <trkpt lat="46.9387080" lon="7.4547080"/>
   <trkpt lat="46.9386970" lon="7.4547490"/>
   <trkpt lat="46.9386910" lon="7.4547840"/>
   <trkpt lat="46.9386830" lon="7.4548250"/>
   <trkpt lat="46.9386700" lon="7.4548700"/>
   <trkpt lat="46.9386610" lon="7.4549100"/>
   <trkpt lat="46.9386500" lon="7.4549510"/>
   <trkpt lat="46.9386330" lon="7.4549910"/>
   <trkpt lat="46.9386150" lon="7.4550240"/>
   <trkpt lat="46.9385970" lon="7.4550600"/>
   <trkpt lat="46.9385740" lon="7.4550930"/>
   <trkpt lat="46.9385580" lon="7.4551230"/>
   <trkpt lat="46.9385440" lon="7.4551560"/>
   <trkpt lat="46.9385280" lon="7.4551860"/>
   <trkpt lat="46.9385130" lon="7.4552130"/>
   <trkpt lat="46.9384960" lon="7.4552380"/>
   <trkpt lat="46.9384730" lon="7.4552640"/>
   <trkpt lat="46.9384520" lon="7.4552900"/>
   <trkpt lat="46.9384260" lon="7.4553170"/>
   <trkpt lat="46.9384060" lon="7.4553400"/>
   <trkpt lat="46.9383780" lon="7.4553720"/>
   <trkpt lat="46.9383440" lon="7.4554130"/>
   <trkpt lat="46.9383150" lon="7.4554440"/>
   <trkpt lat="46.9382870" lon="7.4554810"/>
   <trkpt lat="46.9382650" lon="7.4555120"/>
   <trkpt lat="46.9382440" lon="7.4555450"/>
   <trkpt lat="46.9382160" lon="7.4555870"/>
   <trkpt lat="46.9381960" lon="7.4556220"/>
   <trkpt lat="46.9381750" lon="7.4556560"/>
   <trkpt lat="46.9381520" lon="7.4556860"/>
   <trkpt lat="46.9381270" lon="7.4557150"/>
   <trkpt lat="46.9381000" lon="7.4557470"/>
   <trkpt lat="46.9380800" lon="7.4557730"/>
   <trkpt lat="46.9380590" lon="7.4558090"/>
   <trkpt lat="46.9380360" lon="7.4558370"/>
   <trkpt lat="46.9380140" lon="7.4558650"/>
   <trkpt lat="46.9379900" lon="7.4558890"/>
   <trkpt lat="46.9379650" lon="7.4559140"/>
   <trkpt lat="46.9379360" lon="7.4559370"/>
   <trkpt lat="46.9379080" lon="7.4559600"/>
   <trkpt lat="46.9378870" lon="7.4559880"/>
   <trkpt lat="46.9378620" lon="7.4560180"/>
   <trkpt lat="46.9378380" lon="7.4560440"/>
   <trkpt lat="46.9378170" lon="7.4560710"/>
   <trkpt lat="46.9377950" lon="7.4561030"/>
   <trkpt lat="46.9377730" lon="7.4561370"/>
   <trkpt lat="46.9377540" lon="7.4561780"/>
   <trkpt lat="46.9377320" lon="7.4562130"/>
   <trkpt lat="46.9377130" lon="7.4562500"/>
   <trkpt lat="46.9376920" lon="7.4562860"/>
   <trkpt lat="46.9376750" lon="7.4563190"/>
   <trkpt lat="46.9376600" lon="7.4563570"/>
   <trkpt lat="46.9376430" lon="7.4563960"/>
   <trkpt lat="46.9376290" lon="7.4564320"/>
   <trkpt lat="46.9376150" lon="7.4564720"/>
   <trkpt lat="46.9376060" lon="7.4565090"/>
   <trkpt lat="46.9375990" lon="7.4565510"/>
   <trkpt lat="46.9375920" lon="7.4565990"/>
   <trkpt lat="46.9375870" lon="7.4566450"/>
   <trkpt lat="46.9375840" lon="7.4566920"/>
   <trkpt lat="46.9375780" lon="7.4567380"/>
   <trkpt lat="46.9375750" lon="7.4567850"/>
   <trkpt lat="46.9375730" lon="7.4568300"/>
   <trkpt lat="46.9375720" lon="7.4568690"/>
   <trkpt lat="46.9375690" lon="7.4569140"/>
   <trkpt lat="46.9375660" lon="7.4569550"/>
   <trkpt lat="46.9375610" lon="7.4569950"/>
   <trkpt lat="46.9375620" lon="7.4570410"/>
   <trkpt lat="46.9375600" lon="7.4570830"/>
   <trkpt lat="46.9375560" lon="7.4571220"/>
   <trkpt lat="46.9375540" lon="7.4571660"/>
   <trkpt lat="46.9375500" lon="7.4572130"/>
   <trkpt lat="46.9375510" lon="7.4572560"/>
   <trkpt lat="46.9375510" lon="7.4573050"/>
   <trkpt lat="46.9375500" lon="7.4573430"/>
   <trkpt lat="46.9375480" lon="7.4573820"/>
   <trkpt lat="46.9375440" lon="7.4574180"/>
   <trkpt lat="46.9375390" lon="7.4574600"/>
   <trkpt lat="46.9375360" lon="7.4574960"/>
   <trkpt lat="46.9375350" lon="7.4575340"/>
   <trkpt lat="46.9375340" lon="7.4575840"/>
   <trkpt lat="46.9375340" lon="7.4576330"/>
   <trkpt lat="46.9375330" lon="7.4576800"/>
   <trkpt lat="46.9375310" lon="7.4577280"/>
   <trkpt lat="46.9375270" lon="7.4577800"/>
   <trkpt lat="46.9375250" lon="7.4578240"/>
   <trkpt lat="46.9375190" lon="7.4578700"/>
   <trkpt lat="46.9375160" lon="7.4579160"/>
   <trkpt lat="46.9375120" lon="7.4579590"/>
   <trkpt lat="46.9375080" lon="7.4580000"/>
   <trkpt lat="46.9375060" lon="7.4580400"/>
   <trkpt lat="46.9375050" lon="7.4580830"/>
   <trkpt lat="46.9375030" lon="7.4581270"/>
   <trkpt lat="46.9375030" lon="7.4581690"/>
   <trkpt lat="46.9374990" lon="7.4582160"/>
   <trkpt lat="46.9374980" lon="7.4582570"/>
   <trkpt lat="46.9374960" lon="7.4583010"/>
   <trkpt lat="46.9374950" lon="7.4583460"/>
   <trkpt lat="46.9374950" lon="7.4583830"/>
   <trkpt lat="46.9374940" lon="7.4584280"/>
   <trkpt lat="46.9374920" lon="7.4584650"/>
   <trkpt lat="46.9374890" lon="7.4585020"/>
   <trkpt lat="46.9374840" lon="7.4585400"/>
   <trkpt lat="46.9374810" lon="7.4585770"/>
   <trkpt lat="46.9374780" lon="7.4586170"/>
   <trkpt lat="46.9374750" lon="7.4586620"/>
   <trkpt lat="46.9374710" lon="7.4587040"/>
   <trkpt lat="46.9374650" lon="7.4587370"/>
   <trkpt lat="46.9374600" lon="7.4587720"/>
   <trkpt lat="46.9374580" lon="7.4588160"/>
   <trkpt lat="46.9374550" lon="7.4588590"/>
   <trkpt lat="46.9374530" lon="7.4588950"/>
   <trkpt lat="46.9374490" lon="7.4589350"/>
   <trkpt lat="46.9374450" lon="7.4589730"/>
   <trkpt lat="46.9374430" lon="7.4590110"/>
   <trkpt lat="46.9374370" lon="7.4590510"/>
   <trkpt lat="46.9374340" lon="7.4590840"/>
   <trkpt lat="46.9374270" lon="7.4591180"/>
   <trkpt lat="46.9374220" lon="7.4591590"/>
   <trkpt lat="46.9374180" lon="7.4592010"/>
   <trkpt lat="46.9374110" lon="7.4592450"/>
   <trkpt lat="46.9374020" lon="7.4592840"/>
   <trkpt lat="46.9373980" lon="7.4593200"/>
   <trkpt lat="46.9373940" lon="7.4593560"/>
   <trkpt lat="46.9373960" lon="7.4593900"/>
   <trkpt lat="46.9373900" lon="7.4594290"/>
   <trkpt lat="46.9373840" lon="7.4594740"/>
   <trkpt lat="46.9373800" lon="7.4595130"/>
   <trkpt lat="46.9373800" lon="7.4595560"/>
   <trkpt lat="46.9373750" lon="7.4595950"/>
   <trkpt lat="46.9373700" lon="7.4596300"/>
   <trkpt lat="46.9373650" lon="7.4596680"/>
   <trkpt lat="46.9373620" lon="7.4597090"/>
   <trkpt lat="46.9373620" lon="7.4597460"/>
   <trkpt lat="46.9373600" lon="7.4597840"/>
   <trkpt lat="46.9373570" lon="7.4598210"/>
   <trkpt lat="46.9373570" lon="7.4598570"/>
   <trkpt lat="46.9373590" lon="7.4599030"/>
   <trkpt lat="46.9373620" lon="7.4599380"/>
   <trkpt lat="46.9373660" lon="7.4599820"/>
   <trkpt lat="46.9373680" lon="7.4600220"/>
   <trkpt lat="46.9373650" lon="7.4600600"/>
   <trkpt lat="46.9373630" lon="7.4600970"/>
   <trkpt lat="46.9373630" lon="7.4601380"/>
   <trkpt lat="46.9373620" lon="7.4601780"/>
   <trkpt lat="46.9373630" lon="7.4602250"/>
   <trkpt lat="46.9373640" lon="7.4602570"/>
   <trkpt lat="46.9373630" lon="7.4602970"/>
   <trkpt lat="46.9373590" lon="7.4603470"/>
   <trkpt lat="46.9373560" lon="7.4603880"/>
   <trkpt lat="46.9373510" lon="7.4604260"/>
   <trkpt lat="46.9373480" lon="7.4604590"/>
   <trkpt lat="46.9373480" lon="7.4604910"/>
   <trkpt lat="46.9373500" lon="7.4605240"/>
   <trkpt lat="46.9373520" lon="7.4605590"/>
   <trkpt lat="46.9373570" lon="7.4605960"/>
   <trkpt lat="46.9373610" lon="7.4606360"/>
   <trkpt lat="46.9373650" lon="7.4606790"/>
   <trkpt lat="46.9373710" lon="7.4607270"/>
   <trkpt lat="46.9373810" lon="7.4607680"/>
   <trkpt lat="46.9373980" lon="7.4608010"/>
   <trkpt lat="46.9374220" lon="7.4608290"/>
   <trkpt lat="46.9374460" lon="7.4608380"/>
   <trkpt lat="46.9374700" lon="7.4608420"/>
   <trkpt lat="46.9374910" lon="7.4608380"/>
   <trkpt lat="46.9375140" lon="7.4608280"/>
   <trkpt lat="46.9375380" lon="7.4608180"/>
   <trkpt lat="46.9375660" lon="7.4608080"/>
   <trkpt lat="46.9375900" lon="7.4607980"/>
   <trkpt lat="46.9376160" lon="7.4607870"/>
   <trkpt lat="46.9376400" lon="7.4607770"/>
   <trkpt lat="46.9376630" lon="7.4607660"/>
   <trkpt lat="46.9376960" lon="7.4607460"/>
   <trkpt lat="46.9377200" lon="7.4607250"/>
   <trkpt lat="46.9377430" lon="7.4607070"/>
   <trkpt lat="46.9377670" lon="7.4606900"/>
   <trkpt lat="46.9377930" lon="7.4606750"/>
   <trkpt lat="46.9378180" lon="7.4606550"/>
   <trkpt lat="46.9378440" lon="7.4606400"/>
   <trkpt lat="46.9378690" lon="7.4606220"/>
   <trkpt lat="46.9378920" lon="7.4606120"/>
   <trkpt lat="46.9379160" lon="7.4606000"/>
   <trkpt lat="46.9379450" lon="7.4605850"/>
   <trkpt lat="46.9379810" lon="7.4605780"/>
   <trkpt lat="46.9380080" lon="7.4605720"/>
   <trkpt lat="46.9380310" lon="7.4605600"/>
   <trkpt lat="46.9380570" lon="7.4605450"/>
   <trkpt lat="46.9380800" lon="7.4605280"/>
   <trkpt lat="46.9381030" lon="7.4605050"/>
   <trkpt lat="46.9381270" lon="7.4604860"/>
   <trkpt lat="46.9381480" lon="7.4604670"/>
   <trkpt lat="46.9381660" lon="7.4604450"/>
   <trkpt lat="46.9381860" lon="7.4604260"/>
   <trkpt lat="46.9382050" lon="7.4604040"/>
   <trkpt lat="46.9382230" lon="7.4603720"/>
   <trkpt lat="46.9382410" lon="7.4603390"/>
   <trkpt lat="46.9382580" lon="7.4603090"/>
   <trkpt lat="46.9382790" lon="7.4602740"/>
   <trkpt lat="46.9383000" lon="7.4602440"/>
   <trkpt lat="46.9383170" lon="7.4602150"/>
   <trkpt lat="46.9383340" lon="7.4601890"/>
   <trkpt lat="46.9383480" lon="7.4601660"/>
   <trkpt lat="46.9383620" lon="7.4601400"/>
   <trkpt lat="46.9383790" lon="7.4601150"/>
   <trkpt lat="46.9383970" lon="7.4600920"/>
   <trkpt lat="46.9384120" lon="7.4600650"/>
   <trkpt lat="46.9384300" lon="7.4600380"/>
   <trkpt lat="46.9384450" lon="7.4600130"/>
   <trkpt lat="46.9384640" lon="7.4599850"/>
   <trkpt lat="46.9384840" lon="7.4599620"/>
   <trkpt lat="46.9385050" lon="7.4599400"/>
   <trkpt lat="46.9385260" lon="7.4599140"/>
   <trkpt lat="46.9385470" lon="7.4598860"/>
   <trkpt lat="46.9385660" lon="7.4598590"/>
   <trkpt lat="46.9385870" lon="7.4598340"/>
   <trkpt lat="46.9386070" lon="7.4598150"/>
   <trkpt lat="46.9386290" lon="7.4597890"/>
   <trkpt lat="46.9386540" lon="7.4597760"/>
   <trkpt lat="46.9386770" lon="7.4597600"/>
   <trkpt lat="46.9387010" lon="7.4597410"/>
   <trkpt lat="46.9387250" lon="7.4597200"/>
   <trkpt lat="46.9387490" lon="7.4596960"/>
   <trkpt lat="46.9387750" lon="7.4596720"/>
   <trkpt lat="46.9387950" lon="7.4596530"/>
   <trkpt lat="46.9388190" lon="7.4596310"/>
   <trkpt lat="46.9388410" lon="7.4596140"/>
   <trkpt lat="46.9388630" lon="7.4595970"/>
   <trkpt lat="46.9388890" lon="7.4595830"/>
   <trkpt lat="46.9389090" lon="7.4595620"/>
   <trkpt lat="46.9389310" lon="7.4595430"/>
   <trkpt lat="46.9389540" lon="7.4595190"/>
   <trkpt lat="46.9389790" lon="7.4594980"/>
   <trkpt lat="46.9390050" lon="7.4594800"/>
   <trkpt lat="46.9390370" lon="7.4594580"/>
   <trkpt lat="46.9390620" lon="7.4594340"/>
   <trkpt lat="46.9390860" lon="7.4594090"/>
   <trkpt lat="46.9391080" lon="7.4593820"/>
   <trkpt lat="46.9391310" lon="7.4593560"/>
   <trkpt lat="46.9391590" lon="7.4593310"/>
   <trkpt lat="46.9391830" lon="7.4593120"/>
   <trkpt lat="46.9392070" lon="7.4592910"/>
   <trkpt lat="46.9392310" lon="7.4592750"/>
   <trkpt lat="46.9392560" lon="7.4592580"/>
   <trkpt lat="46.9392840" lon="7.4592330"/>
   <trkpt lat="46.9393100" lon="7.4592140"/>
   <trkpt lat="46.9393360" lon="7.4591980"/>
   <trkpt lat="46.9393660" lon="7.4591850"/>
   <trkpt lat="46.9393920" lon="7.4591690"/>
   <trkpt lat="46.9394160" lon="7.4591510"/>
   <trkpt lat="46.9394410" lon="7.4591340"/>
   <trkpt lat="46.9394660" lon="7.4591170"/>
   <trkpt lat="46.9394960" lon="7.4590980"/>
   <trkpt lat="46.9395260" lon="7.4590780"/>
   <trkpt lat="46.9395530" lon="7.4590560"/>
   <trkpt lat="46.9395830" lon="7.4590320"/>
   <trkpt lat="46.9396070" lon="7.4590120"/>
   <trkpt lat="46.9396330" lon="7.4589870"/>
   <trkpt lat="46.9396600" lon="7.4589600"/>
   <trkpt lat="46.9396820" lon="7.4589360"/>
   <trkpt lat="46.9397070" lon="7.4589150"/>
   <trkpt lat="46.9397390" lon="7.4588990"/>
   <trkpt lat="46.9397650" lon="7.4588840"/>
   <trkpt lat="46.9397910" lon="7.4588700"/>
   <trkpt lat="46.9398130" lon="7.4588540"/>
   <trkpt lat="46.9398400" lon="7.4588380"/>
   <trkpt lat="46.9398700" lon="7.4588240"/>
   <trkpt lat="46.9398950" lon="7.4588080"/>
   <trkpt lat="46.9399210" lon="7.4587890"/>
   <trkpt lat="46.9399530" lon="7.4587680"/>
   <trkpt lat="46.9399830" lon="7.4587450"/>
   <trkpt lat="46.9400100" lon="7.4587230"/>
   <trkpt lat="46.9400330" lon="7.4587060"/>
   <trkpt lat="46.9400590" lon="7.4586890"/>
   <trkpt lat="46.9400870" lon="7.4586670"/>
   <trkpt lat="46.9401100" lon="7.4586380"/>
   <trkpt lat="46.9401340" lon="7.4586070"/>
   <trkpt lat="46.9401560" lon="7.4585780"/>
   <trkpt lat="46.9401790" lon="7.4585450"/>
   <trkpt lat="46.9402020" lon="7.4585110"/>
   <trkpt lat="46.9402250" lon="7.4584790"/>
   <trkpt lat="46.9402480" lon="7.4584420"/>
   <trkpt lat="46.9402700" lon="7.4584050"/>
   <trkpt lat="46.9402890" lon="7.4583690"/>
   <trkpt lat="46.9403070" lon="7.4583370"/>
   <trkpt lat="46.9403250" lon="7.4583070"/>
   <trkpt lat="46.9403390" lon="7.4582690"/>
   <trkpt lat="46.9403560" lon="7.4582230"/>
   <trkpt lat="46.9403700" lon="7.4581810"/>
   <trkpt lat="46.9403840" lon="7.4581280"/>
   <trkpt lat="46.9403950" lon="7.4580840"/>
   <trkpt lat="46.9404040" lon="7.4580400"/>
   <trkpt lat="46.9404100" lon="7.4579930"/>
   <trkpt lat="46.9404110" lon="7.4579530"/>
   <trkpt lat="46.9404100" lon="7.4579060"/>
   <trkpt lat="46.9404110" lon="7.4578600"/>
   <trkpt lat="46.9404080" lon="7.4578190"/>
   <trkpt lat="46.9404050" lon="7.4577650"/>
   <trkpt lat="46.9404010" lon="7.4577160"/>
   <trkpt lat="46.9403970" lon="7.4576630"/>
   <trkpt lat="46.9403940" lon="7.4576150"/>
   <trkpt lat="46.9403890" lon="7.4575680"/>
   <trkpt lat="46.9403860" lon="7.4575190"/>
   <trkpt lat="46.9403850" lon="7.4574790"/>
   <trkpt lat="46.9403850" lon="7.4574270"/>
   <trkpt lat="46.9403830" lon="7.4573780"/>
   <trkpt lat="46.9403800" lon="7.4573340"/>
   <trkpt lat="46.9403790" lon="7.4572860"/>
   <trkpt lat="46.9403770" lon="7.4572380"/>
   <trkpt lat="46.9403740" lon="7.4571830"/>
   <trkpt lat="46.9403720" lon="7.4571290"/>
   <trkpt lat="46.9403690" lon="7.4570840"/>
   <trkpt lat="46.9403670" lon="7.4570380"/>
   <trkpt lat="46.9403630" lon="7.4569940"/>
   <trkpt lat="46.9403610" lon="7.4569450"/>
   <trkpt lat="46.9403570" lon="7.4568970"/>
   <trkpt lat="46.9403550" lon="7.4568530"/>
   <trkpt lat="46.9403550" lon="7.4568040"/>
   <trkpt lat="46.9403560" lon="7.4567610"/>
   <trkpt lat="46.9403550" lon="7.4567160"/>
   <trkpt lat="46.9403520" lon="7.4566690"/>
   <trkpt lat="46.9403470" lon="7.4566170"/>
   <trkpt lat="46.9403430" lon="7.4565650"/>
   <trkpt lat="46.9403410" lon="7.4565140"/>
   <trkpt lat="46.9403360" lon="7.4564670"/>
   <trkpt lat="46.9403290" lon="7.4564140"/>
   <trkpt lat="46.9403260" lon="7.4563640"/>
   <trkpt lat="46.9403250" lon="7.4563120"/>
   <trkpt lat="46.9403270" lon="7.4562640"/>
   <trkpt lat="46.9403250" lon="7.4562170"/>
   <trkpt lat="46.9403220" lon="7.4561660"/>
   <trkpt lat="46.9403200" lon="7.4561240"/>
   <trkpt lat="46.9403190" lon="7.4560740"/>
   <trkpt lat="46.9403170" lon="7.4560200"/>
   <trkpt lat="46.9403130" lon="7.4559730"/>
   <trkpt lat="46.9403110" lon="7.4559230"/>
   <trkpt lat="46.9403080" lon="7.4558780"/>
   <trkpt lat="46.9403050" lon="7.4558310"/>
   <trkpt lat="46.9403040" lon="7.4557820"/>
   <trkpt lat="46.9403030" lon="7.4557400"/>
   <trkpt lat="46.9402990" lon="7.4556920"/>
   <trkpt lat="46.9403000" lon="7.4556480"/>
   <trkpt lat="46.9403000" lon="7.4556070"/>
   <trkpt lat="46.9403000" lon="7.4555590"/>
   <trkpt lat="46.9402990" lon="7.4555110"/>
   <trkpt lat="46.9402980" lon="7.4554530"/>
   <trkpt lat="46.9402990" lon="7.4554000"/>
   <trkpt lat="46.9402970" lon="7.4553490"/>
   <trkpt lat="46.9402940" lon="7.4552960"/>
   <trkpt lat="46.9402910" lon="7.4552490"/>
   <trkpt lat="46.9402890" lon="7.4551990"/>
   <trkpt lat="46.9402880" lon="7.4551470"/>
   <trkpt lat="46.9402850" lon="7.4550920"/>
   <trkpt lat="46.9402800" lon="7.4550390"/>
   <trkpt lat="46.9402770" lon="7.4549900"/>
   <trkpt lat="46.9402730" lon="7.4549400"/>
   <trkpt lat="46.9402690" lon="7.4548900"/>
   <trkpt lat="46.9402640" lon="7.4548420"/>
   <trkpt lat="46.9402600" lon="7.4547920"/>
   <trkpt lat="46.9402580" lon="7.4547460"/>
   <trkpt lat="46.9402570" lon="7.4546980"/>
   <trkpt lat="46.9402580" lon="7.4546540"/>
   <trkpt lat="46.9402570" lon="7.4546050"/>
   <trkpt lat="46.9402580" lon="7.4545520"/>
   <trkpt lat="46.9402590" lon="7.4545100"/>
   <trkpt lat="46.9402590" lon="7.4544620"/>
   <trkpt lat="46.9402600" lon="7.4544140"/>
   <trkpt lat="46.9402590" lon="7.4543700"/>
   <trkpt lat="46.9402570" lon="7.4543200"/>
   <trkpt lat="46.9402540" lon="7.4542720"/>
   <trkpt lat="46.9402510" lon="7.4542250"/>
   <trkpt lat="46.9402490" lon="7.4541770"/>
   <trkpt lat="46.9402470" lon="7.4541230"/>
   <trkpt lat="46.9402410" lon="7.4540650"/>
   <trkpt lat="46.9402370" lon="7.4540200"/>
   <trkpt lat="46.9402300" lon="7.4539660"/>
   <trkpt lat="46.9402300" lon="7.4539110"/>
   <trkpt lat="46.9402290" lon="7.4538600"/>
   <trkpt lat="46.9402320" lon="7.4538120"/>
   <trkpt lat="46.9402310" lon="7.4537630"/>
   <trkpt lat="46.9402270" lon="7.4537180"/>
   <trkpt lat="46.9402250" lon="7.4536690"/>
   <trkpt lat="46.9402250" lon="7.4536210"/>
   <trkpt lat="46.9402250" lon="7.4535750"/>
   <trkpt lat="46.9402240" lon="7.4535330"/>
   <trkpt lat="46.9402230" lon="7.4534850"/>
   <trkpt lat="46.9402250" lon="7.4534340"/>
   <trkpt lat="46.9402250" lon="7.4533890"/>
   <trkpt lat="46.9402210" lon="7.4533350"/>
   <trkpt lat="46.9402150" lon="7.4532920"/>
   <trkpt lat="46.9402020" lon="7.4532490"/>
   <trkpt lat="46.9401840" lon="7.4532030"/>
   <trkpt lat="46.9401580" lon="7.4531640"/>
   <trkpt lat="46.9401330" lon="7.4531350"/>
   <trkpt lat="46.9401030" lon="7.4531090"/>
   <trkpt lat="46.9400690" lon="7.4530860"/>
   <trkpt lat="46.9400350" lon="7.4530700"/>
   <trkpt lat="46.9400030" lon="7.4530530"/>
   <trkpt lat="46.9399700" lon="7.4530390"/>
   <trkpt lat="46.9399360" lon="7.4530240"/>
   <trkpt lat="46.9399060" lon="7.4530070"/>
   <trkpt lat="46.9398740" lon="7.4529830"/>
   <trkpt lat="46.9398460" lon="7.4529560"/>
   <trkpt lat="46.9398180" lon="7.4529270"/>
   <trkpt lat="46.9397900" lon="7.4528920"/>
   <trkpt lat="46.9397680" lon="7.4528620"/>
   <trkpt lat="46.9397440" lon="7.4528290"/>
   <trkpt lat="46.9397230" lon="7.4527950"/>
   <trkpt lat="46.9396980" lon="7.4527610"/>
   <trkpt lat="46.9396710" lon="7.4527260"/>
   <trkpt lat="46.9396480" lon="7.4526950"/>
   <trkpt lat="46.9396220" lon="7.4526590"/>
   <trkpt lat="46.9396000" lon="7.4526250"/>
   <trkpt lat="46.9395770" lon="7.4525930"/>
   <trkpt lat="46.9395540" lon="7.4525580"/>
   <trkpt lat="46.9395290" lon="7.4525220"/>
   <trkpt lat="46.9395060" lon="7.4524880"/>
   <trkpt lat="46.9394820" lon="7.4524520"/>
   <trkpt lat="46.9394630" lon="7.4524240"/>
   <trkpt lat="46.9394410" lon="7.4523890"/>
   <trkpt lat="46.9394210" lon="7.4523530"/>
   <trkpt lat="46.9393990" lon="7.4523220"/>
   <trkpt lat="46.9393760" lon="7.4522850"/>
   <trkpt lat="46.9393550" lon="7.4522510"/>
   <trkpt lat="46.9393320" lon="7.4522170"/>
   <trkpt lat="46.9393100" lon="7.4521790"/>
   <trkpt lat="46.9392890" lon="7.4521430"/>
   <trkpt lat="46.9392650" lon="7.4521060"/>
   <trkpt lat="46.9392450" lon="7.4520700"/>
   <trkpt lat="46.9392230" lon="7.4520380"/>
   <trkpt lat="46.9392010" lon="7.4520020"/>
   <trkpt lat="46.9391820" lon="7.4519700"/>
   <trkpt lat="46.9391600" lon="7.4519350"/>
   <trkpt lat="46.9391350" lon="7.4519010"/>
   <trkpt lat="46.9391130" lon="7.4518700"/>
   <trkpt lat="46.9390910" lon="7.4518410"/>
   <trkpt lat="46.9390710" lon="7.4518110"/>
   <trkpt lat="46.9390500" lon="7.4517820"/>
   <trkpt lat="46.9390260" lon="7.4517460"/>
   <trkpt lat="46.9390040" lon="7.4517120"/>
   <trkpt lat="46.9389840" lon="7.4516810"/>
   <trkpt lat="46.9389620" lon="7.4516450"/>
   <trkpt lat="46.9389420" lon="7.4516100"/>
   <trkpt lat="46.9389210" lon="7.4515740"/>
   <trkpt lat="46.9389020" lon="7.4515350"/>
   <trkpt lat="46.9388820" lon="7.4515020"/>
   <trkpt lat="46.9388630" lon="7.4514670"/>
   <trkpt lat="46.9388450" lon="7.4514300"/>
   <trkpt lat="46.9388240" lon="7.4513970"/>
   <trkpt lat="46.9388030" lon="7.4513590"/>
   <trkpt lat="46.9387810" lon="7.4513230"/>
   <trkpt lat="46.9387590" lon="7.4512870"/>
   <trkpt lat="46.9387380" lon="7.4512480"/>
   <trkpt lat="46.9387170" lon="7.4512130"/>
   <trkpt lat="46.9386930" lon="7.4511730"/>
   <trkpt lat="46.9386740" lon="7.4511400"/>
   <trkpt lat="46.9386560" lon="7.4511070"/>
   <trkpt lat="46.9386360" lon="7.4510730"/>
   <trkpt lat="46.9386150" lon="7.4510390"/>
   <trkpt lat="46.9385950" lon="7.4510040"/>
   <trkpt lat="46.9385710" lon="7.4509650"/>
   <trkpt lat="46.9385510" lon="7.4509340"/>
   <trkpt lat="46.9385290" lon="7.4508980"/>
   <trkpt lat="46.9385090" lon="7.4508670"/>
   <trkpt lat="46.9384870" lon="7.4508330"/>
   <trkpt lat="46.9384630" lon="7.4507920"/>
   <trkpt lat="46.9384420" lon="7.4507560"/>
   <trkpt lat="46.9384180" lon="7.4507160"/>
   <trkpt lat="46.9383960" lon="7.4506780"/>
   <trkpt lat="46.9383740" lon="7.4506400"/>
   <trkpt lat="46.9383560" lon="7.4506070"/>
   <trkpt lat="46.9383400" lon="7.4505780"/>
   <trkpt lat="46.9383200" lon="7.4505410"/>
   <trkpt lat="46.9382990" lon="7.4505030"/>
   <trkpt lat="46.9382770" lon="7.4504690"/>
   <trkpt lat="46.9382560" lon="7.4504330"/>
   <trkpt lat="46.9382360" lon="7.4503990"/>
   <trkpt lat="46.9382180" lon="7.4503680"/>
   <trkpt lat="46.9381980" lon="7.4503310"/>
   <trkpt lat="46.9381780" lon="7.4502940"/>
   <trkpt lat="46.9381560" lon="7.4502530"/>
   <trkpt lat="46.9381370" lon="7.4502190"/>
   <trkpt lat="46.9381160" lon="7.4501810"/>
   <trkpt lat="46.9380950" lon="7.4501460"/>
   <trkpt lat="46.9380750" lon="7.4501100"/>
   <trkpt lat="46.9380520" lon="7.4500730"/>
   <trkpt lat="46.9380320" lon="7.4500360"/>
   <trkpt lat="46.9380100" lon="7.4500000"/>
   <trkpt lat="46.9379890" lon="7.4499640"/>
   <trkpt lat="46.9379700" lon="7.4499300"/>
   <trkpt lat="46.9379490" lon="7.4498980"/>
   <trkpt lat="46.9379310" lon="7.4498600"/>
   <trkpt lat="46.9379130" lon="7.4498250"/>
   <trkpt lat="46.9378980" lon="7.4497900"/>
   <trkpt lat="46.9378820" lon="7.4497520"/>
   <trkpt lat="46.9378640" lon="7.4497190"/>
   <trkpt lat="46.9378460" lon="7.4496840"/>
   <trkpt lat="46.9378250" lon="7.4496420"/>
   <trkpt lat="46.9378020" lon="7.4496050"/>
   <trkpt lat="46.9377780" lon="7.4495640"/>
   <trkpt lat="46.9377570" lon="7.4495320"/>
   <trkpt lat="46.9377370" lon="7.4495010"/>
   <trkpt lat="46.9377170" lon="7.4494680"/>
   <trkpt lat="46.9376970" lon="7.4494360"/>
   <trkpt lat="46.9376750" lon="7.4493990"/>
   <trkpt lat="46.9376530" lon="7.4493640"/>
   <trkpt lat="46.9376310" lon="7.4493300"/>
   <trkpt lat="46.9376060" lon="7.4492890"/>
   <trkpt lat="46.9375850" lon="7.4492540"/>
   <trkpt lat="46.9375640" lon="7.4492190"/>
   <trkpt lat="46.9375420" lon="7.4491830"/>
   <trkpt lat="46.9375210" lon="7.4491470"/>
   <trkpt lat="46.9374980" lon="7.4491100"/>
   <trkpt lat="46.9374780" lon="7.4490750"/>
   <trkpt lat="46.9374600" lon="7.4490420"/>
   <trkpt lat="46.9374380" lon="7.4490060"/>
   <trkpt lat="46.9374180" lon="7.4489720"/>
   <trkpt lat="46.9373990" lon="7.4489370"/>
   <trkpt lat="46.9373770" lon="7.4488960"/>
   <trkpt lat="46.9373550" lon="7.4488570"/>
   <trkpt lat="46.9373350" lon="7.4488180"/>
   <trkpt lat="46.9373160" lon="7.4487820"/>
   <trkpt lat="46.9372980" lon="7.4487490"/>
   <trkpt lat="46.9372770" lon="7.4487120"/>
   <trkpt lat="46.9372580" lon="7.4486800"/>
   <trkpt lat="46.9372380" lon="7.4486490"/>
   <trkpt lat="46.9372160" lon="7.4486150"/>
   <trkpt lat="46.9371950" lon="7.4485830"/>
   <trkpt lat="46.9371720" lon="7.4485500"/>
   <trkpt lat="46.9371480" lon="7.4485210"/>
   <trkpt lat="46.9371280" lon="7.4484890"/>
   <trkpt lat="46.9371050" lon="7.4484560"/>
   <trkpt lat="46.9370860" lon="7.4484230"/>
   <trkpt lat="46.9370650" lon="7.4483900"/>
   <trkpt lat="46.9370450" lon="7.4483540"/>
   <trkpt lat="46.9370260" lon="7.4483200"/>
   <trkpt lat="46.9370060" lon="7.4482880"/>
   <trkpt lat="46.9369860" lon="7.4482550"/>
   <trkpt lat="46.9369680" lon="7.4482230"/>
   <trkpt lat="46.9369480" lon="7.4481900"/>
   <trkpt lat="46.9369260" lon="7.4481550"/>
   <trkpt lat="46.9369060" lon="7.4481230"/>
   <trkpt lat="46.9368840" lon="7.4480870"/>
   <trkpt lat="46.9368650" lon="7.4480540"/>
   <trkpt lat="46.9368450" lon="7.4480220"/>
   <trkpt lat="46.9368220" lon="7.4479870"/>
   <trkpt lat="46.9368010" lon="7.4479510"/>
   <trkpt lat="46.9367770" lon="7.4479160"/>
   <trkpt lat="46.9367620" lon="7.4478740"/>
   <trkpt lat="46.9367410" lon="7.4478370"/>
   <trkpt lat="46.9367190" lon="7.4477990"/>
   <trkpt lat="46.9367000" lon="7.4477670"/>
   <trkpt lat="46.9366800" lon="7.4477330"/>
   <trkpt lat="46.9366620" lon="7.4476930"/>
   <trkpt lat="46.9366470" lon="7.4476550"/>
   <trkpt lat="46.9366400" lon="7.4476100"/>
   <trkpt lat="46.9366440" lon="7.4475600"/>
   <trkpt lat="46.9366600" lon="7.4475270"/>
   <trkpt lat="46.9366820" lon="7.4474880"/>
   <trkpt lat="46.9367060" lon="7.4474580"/>
   <trkpt lat="46.9367340" lon="7.4474330"/>
   <trkpt lat="46.9367670" lon="7.4474160"/>
   <trkpt lat="46.9367990" lon="7.4474050"/>
   <trkpt lat="46.9368280" lon="7.4473970"/>
   <trkpt lat="46.9368580" lon="7.4473960"/>
   <trkpt lat="46.9368910" lon="7.4473920"/>
   <trkpt lat="46.9369250" lon="7.4473910"/>
   <trkpt lat="46.9369590" lon="7.4474010"/>
   <trkpt lat="46.9369850" lon="7.4474040"/>
   <trkpt lat="46.9370150" lon="7.4474050"/>
   <trkpt lat="46.9370460" lon="7.4474090"/>
   <trkpt lat="46.9370770" lon="7.4474100"/>
   <trkpt lat="46.9371020" lon="7.4474070"/>
   <trkpt lat="46.9371240" lon="7.4474000"/>
   <trkpt lat="46.9371520" lon="7.4474000"/>
   <trkpt lat="46.9371800" lon="7.4474020"/>
   <trkpt lat="46.9372080" lon="7.4473940"/>
   <trkpt lat="46.9372490" lon="7.4473940"/>
   <trkpt lat="46.9372800" lon="7.4473930"/>
   <trkpt lat="46.9373030" lon="7.4473890"/>
   <trkpt lat="46.9373380" lon="7.4473920"/>
   <trkpt lat="46.9373740" lon="7.4474000"/>
   <trkpt lat="46.9374090" lon="7.4474020"/>
   <trkpt lat="46.9374400" lon="7.4474040"/>
   <trkpt lat="46.9374650" lon="7.4474030"/>
   <trkpt lat="46.9374980" lon="7.4474110"/>
   <trkpt lat="46.9375240" lon="7.4474180"/>
   <trkpt lat="46.9375570" lon="7.4474230"/>
   <trkpt lat="46.9375850" lon="7.4474210"/>
   <trkpt lat="46.9376170" lon="7.4474150"/>
   <trkpt lat="46.9376460" lon="7.4474110"/>
   <trkpt lat="46.9376730" lon="7.4474090"/>
   <trkpt lat="46.9377040" lon="7.4474160"/>
   <trkpt lat="46.9377280" lon="7.4474160"/>
   <trkpt lat="46.9377540" lon="7.4474180"/>
   <trkpt lat="46.9377830" lon="7.4474230"/>
   <trkpt lat="46.9378110" lon="7.4474250"/>
   <trkpt lat="46.9378380" lon="7.4474260"/>
   <trkpt lat="46.9378640" lon="7.4474260"/>
   <trkpt lat="46.9378890" lon="7.4474250"/>
   <trkpt lat="46.9379120" lon="7.4474220"/>
   <trkpt lat="46.9379290" lon="7.4474210"/>
   <trkpt lat="46.9379460" lon="7.4474180"/>
   <trkpt lat="46.9379630" lon="7.4474160"/>
   <trkpt lat="46.9379840" lon="7.4474160"/>
   <trkpt lat="46.9380050" lon="7.4474190"/>
   <trkpt lat="46.9380330" lon="7.4474190"/>
   <trkpt lat="46.9380620" lon="7.4474220"/>
   <trkpt lat="46.9380900" lon="7.4474240"/>
   <trkpt lat="46.9381210" lon="7.4474270"/>
   <trkpt lat="46.9381500" lon="7.4474300"/>
   <trkpt lat="46.9381780" lon="7.4474300"/>
   <trkpt lat="46.9382090" lon="7.4474330"/>
   <trkpt lat="46.9382330" lon="7.4474320"/>
   <trkpt lat="46.9382630" lon="7.4474300"/>
   <trkpt lat="46.9382920" lon="7.4474370"/>
   <trkpt lat="46.9383160" lon="7.4474390"/>
   <trkpt lat="46.9383410" lon="7.4474420"/>
   <trkpt lat="46.9383670" lon="7.4474430"/>
   <trkpt lat="46.9383960" lon="7.4474450"/>
   <trkpt lat="46.9384230" lon="7.4474460"/>
   <trkpt lat="46.9384490" lon="7.4474410"/>
   <trkpt lat="46.9384750" lon="7.4474380"/>
   <trkpt lat="46.9385070" lon="7.4474350"/>
   <trkpt lat="46.9385360" lon="7.4474360"/>
   <trkpt lat="46.9385720" lon="7.4474370"/>
   <trkpt lat="46.9386030" lon="7.4474380"/>
   <trkpt lat="46.9386360" lon="7.4474380"/>
   <trkpt lat="46.9386690" lon="7.4474430"/>
   <trkpt lat="46.9386960" lon="7.4474450"/>
   <trkpt lat="46.9387250" lon="7.4474500"/>
   <trkpt lat="46.9387520" lon="7.4474530"/>
   <trkpt lat="46.9387840" lon="7.4474580"/>
   <trkpt lat="46.9388190" lon="7.4474630"/>
   <trkpt lat="46.9388510" lon="7.4474620"/>
   <trkpt lat="46.9388900" lon="7.4474610"/>
   <trkpt lat="46.9389230" lon="7.4474610"/>
   <trkpt lat="46.9389600" lon="7.4474600"/>
   <trkpt lat="46.9389920" lon="7.4474670"/>
   <trkpt lat="46.9390220" lon="7.4474730"/>
   <trkpt lat="46.9390550" lon="7.4474740"/>
   <trkpt lat="46.9390860" lon="7.4474750"/>
   <trkpt lat="46.9391130" lon="7.4474760"/>
   <trkpt lat="46.9391430" lon="7.4474780"/>
   <trkpt lat="46.9391720" lon="7.4474800"/>
   <trkpt lat="46.9392070" lon="7.4474790"/>
   <trkpt lat="46.9392390" lon="7.4474870"/>
   <trkpt lat="46.9392700" lon="7.4474900"/>
   <trkpt lat="46.9392980" lon="7.4474910"/>
   <trkpt lat="46.9393270" lon="7.4474860"/>
   <trkpt lat="46.9393590" lon="7.4474830"/>
   <trkpt lat="46.9393900" lon="7.4474780"/>
   <trkpt lat="46.9394160" lon="7.4474710"/>
   <trkpt lat="46.9394480" lon="7.4474630"/>
   <trkpt lat="46.9394750" lon="7.4474550"/>
   <trkpt lat="46.9395080" lon="7.4474500"/>
   <trkpt lat="46.9395410" lon="7.4474470"/>
   <trkpt lat="46.9395720" lon="7.4474430"/>
   <trkpt lat="46.9396070" lon="7.4474400"/>
   <trkpt lat="46.9396380" lon="7.4474370"/>
   <trkpt lat="46.9396710" lon="7.4474310"/>
   <trkpt lat="46.9397050" lon="7.4474240"/>
   <trkpt lat="46.9397340" lon="7.4474170"/>
   <trkpt lat="46.9397690" lon="7.4474160"/>
   <trkpt lat="46.9398010" lon="7.4474090"/>
   <trkpt lat="46.9398360" lon="7.4474030"/>
   <trkpt lat="46.9398700" lon="7.4474040"/>
   <trkpt lat="46.9398970" lon="7.4473940"/>
   <trkpt lat="46.9399210" lon="7.4473650"/>
   <trkpt lat="46.9399400" lon="7.4473380"/>
   <trkpt lat="46.9399560" lon="7.4473080"/>
   <trkpt lat="46.9399650" lon="7.4472700"/>
   <trkpt lat="46.9399700" lon="7.4472300"/>
   <trkpt lat="46.9399700" lon="7.4471810"/>
   <trkpt lat="46.9399740" lon="7.4471320"/>
   <trkpt lat="46.9399770" lon="7.4470890"/>
   <trkpt lat="46.9399740" lon="7.4470380"/>
   <trkpt lat="46.9399710" lon="7.4469930"/>
   <trkpt lat="46.9399660" lon="7.4469430"/>
   <trkpt lat="46.9399610" lon="7.4468990"/>
   <trkpt lat="46.9399560" lon="7.4468530"/>
   <trkpt lat="46.9399550" lon="7.4468040"/>
   <trkpt lat="46.9399520" lon="7.4467570"/>
   <trkpt lat="46.9399480" lon="7.4467080"/>
   <trkpt lat="46.9399430" lon="7.4466590"/>
   <trkpt lat="46.9399380" lon="7.4466130"/>
   <trkpt lat="46.9399330" lon="7.4465690"/>
   <trkpt lat="46.9399290" lon="7.4465220"/>
   <trkpt lat="46.9399250" lon="7.4464760"/>
   <trkpt lat="46.9399220" lon="7.4464320"/>
   <trkpt lat="46.9399200" lon="7.4463890"/>
   <trkpt lat="46.9399170" lon="7.4463420"/>
   <trkpt lat="46.9399130" lon="7.4462960"/>
   <trkpt lat="46.9399100" lon="7.4462480"/>
   <trkpt lat="46.9399060" lon="7.4462010"/>
   <trkpt lat="46.9399020" lon="7.4461570"/>
   <trkpt lat="46.9398950" lon="7.4461070"/>
   <trkpt lat="46.9398930" lon="7.4460640"/>
   <trkpt lat="46.9398870" lon="7.4460210"/>
   <trkpt lat="46.9398830" lon="7.4459710"/>
   <trkpt lat="46.9398790" lon="7.4459300"/>
   <trkpt lat="46.9398770" lon="7.4458860"/>
   <trkpt lat="46.9398760" lon="7.4458440"/>
   <trkpt lat="46.9398770" lon="7.4458010"/>
   <trkpt lat="46.9398790" lon="7.4457570"/>
   <trkpt lat="46.9398790" lon="7.4457130"/>
   <trkpt lat="46.9398770" lon="7.4456670"/>
   <trkpt lat="46.9398750" lon="7.4456190"/>
   <trkpt lat="46.9398720" lon="7.4455780"/>
   <trkpt lat="46.9398710" lon="7.4455330"/>
   <trkpt lat="46.9398690" lon="7.4454910"/>
   <trkpt lat="46.9398660" lon="7.4454460"/>
   <trkpt lat="46.9398660" lon="7.4453950"/>
   <trkpt lat="46.9398640" lon="7.4453480"/>
   <trkpt lat="46.9398610" lon="7.4452980"/>
   <trkpt lat="46.9398600" lon="7.4452480"/>
   <trkpt lat="46.9398580" lon="7.4452060"/>
   <trkpt lat="46.9398590" lon="7.4451600"/>
   <trkpt lat="46.9398580" lon="7.4451170"/>
   <trkpt lat="46.9398540" lon="7.4450690"/>
   <trkpt lat="46.9398530" lon="7.4450230"/>
   <trkpt lat="46.9398480" lon="7.4449810"/>
   <trkpt lat="46.9398460" lon="7.4449340"/>
   <trkpt lat="46.9398430" lon="7.4448870"/>
   <trkpt lat="46.9398400" lon="7.4448430"/>
   <trkpt lat="46.9398350" lon="7.4447940"/>
   <trkpt lat="46.9398310" lon="7.4447470"/>
   <trkpt lat="46.9398260" lon="7.4447000"/>
   <trkpt lat="46.9398240" lon="7.4446510"/>
   <trkpt lat="46.9398220" lon="7.4446060"/>
   <trkpt lat="46.9398190" lon="7.4445560"/>
   <trkpt lat="46.9398190" lon="7.4445120"/>
   <trkpt lat="46.9398170" lon="7.4444680"/>
   <trkpt lat="46.9398190" lon="7.4444230"/>
   <trkpt lat="46.9398170" lon="7.4443800"/>
   <trkpt lat="46.9398140" lon="7.4443330"/>
   <trkpt lat="46.9398130" lon="7.4442900"/>
   <trkpt lat="46.9398120" lon="7.4442460"/>
   <trkpt lat="46.9398100" lon="7.4441980"/>
   <trkpt lat="46.9398090" lon="7.4441580"/>
   <trkpt lat="46.9398080" lon="7.4441090"/>
   <trkpt lat="46.9398070" lon="7.4440640"/>
   <trkpt lat="46.9398040" lon="7.4440250"/>
   <trkpt lat="46.9398010" lon="7.4439810"/>
   <trkpt lat="46.9398010" lon="7.4439400"/>
   <trkpt lat="46.9397970" lon="7.4438990"/>
   <trkpt lat="46.9397970" lon="7.4438500"/>
   <trkpt lat="46.9397950" lon="7.4438080"/>
   <trkpt lat="46.9397920" lon="7.4437640"/>
   <trkpt lat="46.9397910" lon="7.4437180"/>
   <trkpt lat="46.9397880" lon="7.4436750"/>
   <trkpt lat="46.9397860" lon="7.4436290"/>
   <trkpt lat="46.9397820" lon="7.4435870"/>
   <trkpt lat="46.9397800" lon="7.4435420"/>
   <trkpt lat="46.9397780" lon="7.4434980"/>
   <trkpt lat="46.9397770" lon="7.4434570"/>
   <trkpt lat="46.9397750" lon="7.4434110"/>
   <trkpt lat="46.9397750" lon="7.4433630"/>
   <trkpt lat="46.9397740" lon="7.4433200"/>
   <trkpt lat="46.9397750" lon="7.4432740"/>
   <trkpt lat="46.9397700" lon="7.4432310"/>
   <trkpt lat="46.9397680" lon="7.4431840"/>
   <trkpt lat="46.9397690" lon="7.4431370"/>
   <trkpt lat="46.9397700" lon="7.4430930"/>
   <trkpt lat="46.9397700" lon="7.4430430"/>
   <trkpt lat="46.9397680" lon="7.4430000"/>
   <trkpt lat="46.9397680" lon="7.4429520"/>
   <trkpt lat="46.9397660" lon="7.4429080"/>
   <trkpt lat="46.9397650" lon="7.4428630"/>
   <trkpt lat="46.9397640" lon="7.4428170"/>
   <trkpt lat="46.9397630" lon="7.4427750"/>
   <trkpt lat="46.9397620" lon="7.4427260"/>
   <trkpt lat="46.9397600" lon="7.4426830"/>
   <trkpt lat="46.9397580" lon="7.4426380"/>
   <trkpt lat="46.9397550" lon="7.4425920"/>
   <trkpt lat="46.9397510" lon="7.4425500"/>
   <trkpt lat="46.9397510" lon="7.4425020"/>
   <trkpt lat="46.9397510" lon="7.4424550"/>
   <trkpt lat="46.9397460" lon="7.4424080"/>
   <trkpt lat="46.9397440" lon="7.4423560"/>
   <trkpt lat="46.9397410" lon="7.4423110"/>
   <trkpt lat="46.9397390" lon="7.4422620"/>
   <trkpt lat="46.9397390" lon="7.4422180"/>
   <trkpt lat="46.9397390" lon="7.4421730"/>
   <trkpt lat="46.9397380" lon="7.4421250"/>
   <trkpt lat="46.9397350" lon="7.4420820"/>
   <trkpt lat="46.9397320" lon="7.4420370"/>
   <trkpt lat="46.9397300" lon="7.4419930"/>
   <trkpt lat="46.9397290" lon="7.4419500"/>
   <trkpt lat="46.9397290" lon="7.4419040"/>
   <trkpt lat="46.9397270" lon="7.4418630"/>
   <trkpt lat="46.9397260" lon="7.4418210"/>
   <trkpt lat="46.9397290" lon="7.4417770"/>
   <trkpt lat="46.9397290" lon="7.4417360"/>
   <trkpt lat="46.9397300" lon="7.4416850"/>
   <trkpt lat="46.9397320" lon="7.4416390"/>
   <trkpt lat="46.9397300" lon="7.4415950"/>
   <trkpt lat="46.9397300" lon="7.4415460"/>
   <trkpt lat="46.9397290" lon="7.4415040"/>
   <trkpt lat="46.9397270" lon="7.4414570"/>
   <trkpt lat="46.9397270" lon="7.4414100"/>
   <trkpt lat="46.9397270" lon="7.4413690"/>
   <trkpt lat="46.9397270" lon="7.4413260"/>
   <trkpt lat="46.9397260" lon="7.4412850"/>
   <trkpt lat="46.9397220" lon="7.4412430"/>
   <trkpt lat="46.9397190" lon="7.4411980"/>
   <trkpt lat="46.9397150" lon="7.4411580"/>
   <trkpt lat="46.9397110" lon="7.4411130"/>
   <trkpt lat="46.9397080" lon="7.4410710"/>
   <trkpt lat="46.9397020" lon="7.4410290"/>
   <trkpt lat="46.9396950" lon="7.4409820"/>
   <trkpt lat="46.9396890" lon="7.4409360"/>
   <trkpt lat="46.9396850" lon="7.4408900"/>
   <trkpt lat="46.9396810" lon="7.4408440"/>
   <trkpt lat="46.9396750" lon="7.4407980"/>
   <trkpt lat="46.9396720" lon="7.4407550"/>
   <trkpt lat="46.9396680" lon="7.4407080"/>
   <trkpt lat="46.9396680" lon="7.4406640"/>
   <trkpt lat="46.9396650" lon="7.4406140"/>
   <trkpt lat="46.9396660" lon="7.4405680"/>
   <trkpt lat="46.9396680" lon="7.4405250"/>
   <trkpt lat="46.9396660" lon="7.4404820"/>
   <trkpt lat="46.9396680" lon="7.4404370"/>
   <trkpt lat="46.9396710" lon="7.4403880"/>
   <trkpt lat="46.9396720" lon="7.4403460"/>
   <trkpt lat="46.9396710" lon="7.4402980"/>
   <trkpt lat="46.9396680" lon="7.4402540"/>
   <trkpt lat="46.9396660" lon="7.4402150"/>
   <trkpt lat="46.9396680" lon="7.4401740"/>
   <trkpt lat="46.9396660" lon="7.4401380"/>
   <trkpt lat="46.9396610" lon="7.4400980"/>
   <trkpt lat="46.9396450" lon="7.4400680"/>
   <trkpt lat="46.9396300" lon="7.4400400"/>
   <trkpt lat="46.9396050" lon="7.4400220"/>
   <trkpt lat="46.9395780" lon="7.4400130"/>
   <trkpt lat="46.9395470" lon="7.4400090"/>
   <trkpt lat="46.9395060" lon="7.4400150"/>
   <trkpt lat="46.9394670" lon="7.4400220"/>
   <trkpt lat="46.9394310" lon="7.4400280"/>
   <trkpt lat="46.9393950" lon="7.4400380"/>
   <trkpt lat="46.9393660" lon="7.4400450"/>
   <trkpt lat="46.9393360" lon="7.4400510"/>
   <trkpt lat="46.9393100" lon="7.4400600"/>
   <trkpt lat="46.9392820" lon="7.4400660"/>
   <trkpt lat="46.9392510" lon="7.4400670"/>
   <trkpt lat="46.9392250" lon="7.4400670"/>
   <trkpt lat="46.9391940" lon="7.4400680"/>
   <trkpt lat="46.9391610" lon="7.4400700"/>
   <trkpt lat="46.9391330" lon="7.4400710"/>
   <trkpt lat="46.9391060" lon="7.4400690"/>
   <trkpt lat="46.9390770" lon="7.4400680"/>
   <trkpt lat="46.9390500" lon="7.4400680"/>
   <trkpt lat="46.9390200" lon="7.4400700"/>
   <trkpt lat="46.9389920" lon="7.4400700"/>
   <trkpt lat="46.9389590" lon="7.4400700"/>
   <trkpt lat="46.9389240" lon="7.4400690"/>
   <trkpt lat="46.9388930" lon="7.4400690"/>
   <trkpt lat="46.9388610" lon="7.4400740"/>
   <trkpt lat="46.9388330" lon="7.4400790"/>
   <trkpt lat="46.9388040" lon="7.4400870"/>
   <trkpt lat="46.9387750" lon="7.4400950"/>
   <trkpt lat="46.9387450" lon="7.4400990"/>
   <trkpt lat="46.9387220" lon="7.4401030"/>
   <trkpt lat="46.9386950" lon="7.4401000"/>
   <trkpt lat="46.9386670" lon="7.4400970"/>
   <trkpt lat="46.9386370" lon="7.4400940"/>
   <trkpt lat="46.9386060" lon="7.4400900"/>
   <trkpt lat="46.9385820" lon="7.4400850"/>
   <trkpt lat="46.9385540" lon="7.4400850"/>
   <trkpt lat="46.9385230" lon="7.4400880"/>
   <trkpt lat="46.9384920" lon="7.4400950"/>
   <trkpt lat="46.9384580" lon="7.4400980"/>
   <trkpt lat="46.9384290" lon="7.4401030"/>
   <trkpt lat="46.9384030" lon="7.4401060"/>
   <trkpt lat="46.9383720" lon="7.4401050"/>
   <trkpt lat="46.9383440" lon="7.4401020"/>
   <trkpt lat="46.9383150" lon="7.4400990"/>
   <trkpt lat="46.9382810" lon="7.4401010"/>
   <trkpt lat="46.9382520" lon="7.4401030"/>
   <trkpt lat="46.9382210" lon="7.4401040"/>
   <trkpt lat="46.9381910" lon="7.4401040"/>
   <trkpt lat="46.9381570" lon="7.4401020"/>
   <trkpt lat="46.9381200" lon="7.4400910"/>
   <trkpt lat="46.9380930" lon="7.4400840"/>
   <trkpt lat="46.9380620" lon="7.4400750"/>
   <trkpt lat="46.9380330" lon="7.4400730"/>
   <trkpt lat="46.9380040" lon="7.4400740"/>
   <trkpt lat="46.9379690" lon="7.4400680"/>
   <trkpt lat="46.9379420" lon="7.4400530"/>
   <trkpt lat="46.9379100" lon="7.4400390"/>
   <trkpt lat="46.9378750" lon="7.4400190"/>
   <trkpt lat="46.9378490" lon="7.4400050"/>
   <trkpt lat="46.9378230" lon="7.4399870"/>
   <trkpt lat="46.9377980" lon="7.4399740"/>
   <trkpt lat="46.9377730" lon="7.4399690"/>
   <trkpt lat="46.9377430" lon="7.4399670"/>
   <trkpt lat="46.9377140" lon="7.4399710"/>
   <trkpt lat="46.9376860" lon="7.4399860"/>
   <trkpt lat="46.9376540" lon="7.4400120"/>
   <trkpt lat="46.9376270" lon="7.4400390"/>
   <trkpt lat="46.9375960" lon="7.4400650"/>
   <trkpt lat="46.9375710" lon="7.4400870"/>
   <trkpt lat="46.9375440" lon="7.4401070"/>
   <trkpt lat="46.9375120" lon="7.4401330"/>
   <trkpt lat="46.9374830" lon="7.4401550"/>
   <trkpt lat="46.9374580" lon="7.4401830"/>
   <trkpt lat="46.9374300" lon="7.4402090"/>
   <trkpt lat="46.9374070" lon="7.4402310"/>
   <trkpt lat="46.9373780" lon="7.4402550"/>
   <trkpt lat="46.9373500" lon="7.4402810"/>
   <trkpt lat="46.9373250" lon="7.4403060"/>
   <trkpt lat="46.9372950" lon="7.4403340"/>
   <trkpt lat="46.9372710" lon="7.4403560"/>
   <trkpt lat="46.9372450" lon="7.4403790"/>
   <trkpt lat="46.9372180" lon="7.4404070"/>
   <trkpt lat="46.9371930" lon="7.4404360"/>
   <trkpt lat="46.9371700" lon="7.4404600"/>
   <trkpt lat="46.9371480" lon="7.4404820"/>
   <trkpt lat="46.9371230" lon="7.4405030"/>
   <trkpt lat="46.9370970" lon="7.4405250"/>
   <trkpt lat="46.9370720" lon="7.4405420"/>
   <trkpt lat="46.9370460" lon="7.4405650"/>
   <trkpt lat="46.9370130" lon="7.4405890"/>
   <trkpt lat="46.9369860" lon="7.4406130"/>
   <trkpt lat="46.9369550" lon="7.4406410"/>
   <trkpt lat="46.9369250" lon="7.4406640"/>
   <trkpt lat="46.9368980" lon="7.4406960"/>
   <trkpt lat="46.9368690" lon="7.4407260"/>
   <trkpt lat="46.9368470" lon="7.4407490"/>
   <trkpt lat="46.9368260" lon="7.4407770"/>
   <trkpt lat="46.9368020" lon="7.4407990"/>
   <trkpt lat="46.9367800" lon="7.4408200"/>
   <trkpt lat="46.9367530" lon="7.4408500"/>
   <trkpt lat="46.9367270" lon="7.4408810"/>
   <trkpt lat="46.9367030" lon="7.4409100"/>
   <trkpt lat="46.9366790" lon="7.4409440"/>
   <trkpt lat="46.9366590" lon="7.4409730"/>
   <trkpt lat="46.9366390" lon="7.4410060"/>
   <trkpt lat="46.9366160" lon="7.4410340"/>
   <trkpt lat="46.9366020" lon="7.4410630"/>
   <trkpt lat="46.9365790" lon="7.4410850"/>
   <trkpt lat="46.9365590" lon="7.4411090"/>
   <trkpt lat="46.9365360" lon="7.4411320"/>
   <trkpt lat="46.9365120" lon="7.4411560"/>
   <trkpt lat="46.9364910" lon="7.4411720"/>
   <trkpt lat="46.9364710" lon="7.4411880"/>
   <trkpt lat="46.9364450" lon="7.4412140"/>
   <trkpt lat="46.9364240" lon="7.4412330"/>
   <trkpt lat="46.9363980" lon="7.4412530"/>
   <trkpt lat="46.9363690" lon="7.4412820"/>
   <trkpt lat="46.9363450" lon="7.4413100"/>
   <trkpt lat="46.9363190" lon="7.4413380"/>
   <trkpt lat="46.9362860" lon="7.4413600"/>
   <trkpt lat="46.9362580" lon="7.4413730"/>
   <trkpt lat="46.9362310" lon="7.4413700"/>
   <trkpt lat="46.9362110" lon="7.4413540"/>
   <trkpt lat="46.9361890" lon="7.4413250"/>
   <trkpt lat="46.9361680" lon="7.4412860"/>
   <trkpt lat="46.9361490" lon="7.4412560"/>
   <trkpt lat="46.9361300" lon="7.4412230"/>
   <trkpt lat="46.9361120" lon="7.4411840"/>
   <trkpt lat="46.9360920" lon="7.4411530"/>
   <trkpt lat="46.9360690" lon="7.4411130"/>
   <trkpt lat="46.9360520" lon="7.4410810"/>
   <trkpt lat="46.9360350" lon="7.4410470"/>
   <trkpt lat="46.9360160" lon="7.4410060"/>
   <trkpt lat="46.9360020" lon="7.4409750"/>
   <trkpt lat="46.9359880" lon="7.4409430"/>
   <trkpt lat="46.9359740" lon="7.4409010"/>
   <trkpt lat="46.9359600" lon="7.4408590"/>
   <trkpt lat="46.9359480" lon="7.4408140"/>
   <trkpt lat="46.9359380" lon="7.4407710"/>
   <trkpt lat="46.9359260" lon="7.4407370"/>
   <trkpt lat="46.9359120" lon="7.4407000"/>
   <trkpt lat="46.9358990" lon="7.4406650"/>
   <trkpt lat="46.9358800" lon="7.4406300"/>
   <trkpt lat="46.9358610" lon="7.4405980"/>
   <trkpt lat="46.9358430" lon="7.4405690"/>
   <trkpt lat="46.9358280" lon="7.4405300"/>
   <trkpt lat="46.9358150" lon="7.4404920"/>
   <trkpt lat="46.9358030" lon="7.4404590"/>
   <trkpt lat="46.9357960" lon="7.4404220"/>
   <trkpt lat="46.9358010" lon="7.4403820"/>
   <trkpt lat="46.9358140" lon="7.4403420"/>
   <trkpt lat="46.9358400" lon="7.4403090"/>
   <trkpt lat="46.9358630" lon="7.4402810"/>
   <trkpt lat="46.9358890" lon="7.4402550"/>
   <trkpt lat="46.9359120" lon="7.4402270"/>
   <trkpt lat="46.9359310" lon="7.4402000"/>
   <trkpt lat="46.9359560" lon="7.4401750"/>
   <trkpt lat="46.9359810" lon="7.4401520"/>
   <trkpt lat="46.9360050" lon="7.4401320"/>
   <trkpt lat="46.9360370" lon="7.4401070"/>
   <trkpt lat="46.9360400" lon="7.4401200"/>
   <trkpt lat="46.9360640" lon="7.4401080"/>
   <trkpt lat="46.9360620" lon="7.4400920"/>
   <trkpt lat="46.9360900" lon="7.4400720"/>
   <trkpt lat="46.9361420" lon="7.4400100"/>
   <trkpt lat="46.9361720" lon="7.4399820"/>
   <trkpt lat="46.9362000" lon="7.4399570"/>
   <trkpt lat="46.9362290" lon="7.4399380"/>
   <trkpt lat="46.9362580" lon="7.4399210"/>
   <trkpt lat="46.9362860" lon="7.4399070"/>
   <trkpt lat="46.9363170" lon="7.4398880"/>
   <trkpt lat="46.9363430" lon="7.4398740"/>
   <trkpt lat="46.9363660" lon="7.4398550"/>
   <trkpt lat="46.9363910" lon="7.4398340"/>
   <trkpt lat="46.9364150" lon="7.4398150"/>
   <trkpt lat="46.9364350" lon="7.4397990"/>
   <trkpt lat="46.9364620" lon="7.4397800"/>
   <trkpt lat="46.9364890" lon="7.4397650"/>
   <trkpt lat="46.9365140" lon="7.4397470"/>
   <trkpt lat="46.9365400" lon="7.4397240"/>
   <trkpt lat="46.9365640" lon="7.4397060"/>
   <trkpt lat="46.9365890" lon="7.4396870"/>
   <trkpt lat="46.9366160" lon="7.4396730"/>
   <trkpt lat="46.9366390" lon="7.4396550"/>
   <trkpt lat="46.9366660" lon="7.4396300"/>
   <trkpt lat="46.9366910" lon="7.4396090"/>
   <trkpt lat="46.9367180" lon="7.4395900"/>
   <trkpt lat="46.9367510" lon="7.4395640"/>
   <trkpt lat="46.9367800" lon="7.4395370"/>
   <trkpt lat="46.9368090" lon="7.4395140"/>
   <trkpt lat="46.9368410" lon="7.4394980"/>
   <trkpt lat="46.9368750" lon="7.4394890"/>
   <trkpt lat="46.9369060" lon="7.4394790"/>
   <trkpt lat="46.9369380" lon="7.4394660"/>
   <trkpt lat="46.9369650" lon="7.4394500"/>
   <trkpt lat="46.9369970" lon="7.4394310"/>
   <trkpt lat="46.9370260" lon="7.4394130"/>
   <trkpt lat="46.9370520" lon="7.4393930"/>
   <trkpt lat="46.9370840" lon="7.4393700"/>
   <trkpt lat="46.9371100" lon="7.4393470"/>
   <trkpt lat="46.9371340" lon="7.4393250"/>
   <trkpt lat="46.9371580" lon="7.4393020"/>
   <trkpt lat="46.9371820" lon="7.4392760"/>
   <trkpt lat="46.9372100" lon="7.4392570"/>
   <trkpt lat="46.9372330" lon="7.4392430"/>
   <trkpt lat="46.9372580" lon="7.4392270"/>
   <trkpt lat="46.9372890" lon="7.4392060"/>
   <trkpt lat="46.9373140" lon="7.4391870"/>
   <trkpt lat="46.9373450" lon="7.4391700"/>
   <trkpt lat="46.9373700" lon="7.4391490"/>
   <trkpt lat="46.9373930" lon="7.4391270"/>
   <trkpt lat="46.9374190" lon="7.4391010"/>
   <trkpt lat="46.9374430" lon="7.4390770"/>
   <trkpt lat="46.9374740" lon="7.4390500"/>
   <trkpt lat="46.9375040" lon="7.4390230"/>
   <trkpt lat="46.9375310" lon="7.4389990"/>
   <trkpt lat="46.9375620" lon="7.4389720"/>
   <trkpt lat="46.9375890" lon="7.4389450"/>
   <trkpt lat="46.9376170" lon="7.4389170"/>
   <trkpt lat="46.9376460" lon="7.4388880"/>
   <trkpt lat="46.9376720" lon="7.4388670"/>
   <trkpt lat="46.9377020" lon="7.4388390"/>
   <trkpt lat="46.9377290" lon="7.4388150"/>
   <trkpt lat="46.9377570" lon="7.4387880"/>
   <trkpt lat="46.9377850" lon="7.4387620"/>
   <trkpt lat="46.9378090" lon="7.4387360"/>
   <trkpt lat="46.9378350" lon="7.4387060"/>
   <trkpt lat="46.9378570" lon="7.4386780"/>
   <trkpt lat="46.9378790" lon="7.4386450"/>
   <trkpt lat="46.9379020" lon="7.4386150"/>
   <trkpt lat="46.9379200" lon="7.4385870"/>
   <trkpt lat="46.9379430" lon="7.4385580"/>
   <trkpt lat="46.9379630" lon="7.4385260"/>
   <trkpt lat="46.9379950" lon="7.4384810"/>
   <trkpt lat="46.9380060" lon="7.4384670"/>
   <trkpt lat="46.9380290" lon="7.4384430"/>
   <trkpt lat="46.9380500" lon="7.4384140"/>
   <trkpt lat="46.9380740" lon="7.4383850"/>
   <trkpt lat="46.9380920" lon="7.4383580"/>
   <trkpt lat="46.9381120" lon="7.4383290"/>
   <trkpt lat="46.9381350" lon="7.4383030"/>
   <trkpt lat="46.9381570" lon="7.4382810"/>
   <trkpt lat="46.9381860" lon="7.4382610"/>
   <trkpt lat="46.9382130" lon="7.4382430"/>
   <trkpt lat="46.9382340" lon="7.4382170"/>
   <trkpt lat="46.9382600" lon="7.4381940"/>
   <trkpt lat="46.9382820" lon="7.4381720"/>
   <trkpt lat="46.9383040" lon="7.4381480"/>
   <trkpt lat="46.9383280" lon="7.4381270"/>
   <trkpt lat="46.9383510" lon="7.4381060"/>
   <trkpt lat="46.9383770" lon="7.4380840"/>
   <trkpt lat="46.9384030" lon="7.4380640"/>
   <trkpt lat="46.9384260" lon="7.4380390"/>
   <trkpt lat="46.9384530" lon="7.4380160"/>
   <trkpt lat="46.9384790" lon="7.4379950"/>
   <trkpt lat="46.9385020" lon="7.4379720"/>
   <trkpt lat="46.9385280" lon="7.4379520"/>
   <trkpt lat="46.9385480" lon="7.4379280"/>
   <trkpt lat="46.9385700" lon="7.4379050"/>
   <trkpt lat="46.9385940" lon="7.4378820"/>
   <trkpt lat="46.9386150" lon="7.4378600"/>
   <trkpt lat="46.9386350" lon="7.4378330"/>
   <trkpt lat="46.9386590" lon="7.4378070"/>
   <trkpt lat="46.9386840" lon="7.4377910"/>
   <trkpt lat="46.9387090" lon="7.4377740"/>
   <trkpt lat="46.9387320" lon="7.4377530"/>
   <trkpt lat="46.9387550" lon="7.4377320"/>
   <trkpt lat="46.9387800" lon="7.4377060"/>
   <trkpt lat="46.9388020" lon="7.4376720"/>
   <trkpt lat="46.9388220" lon="7.4376430"/>
   <trkpt lat="46.9388490" lon="7.4376150"/>
   <trkpt lat="46.9388610" lon="7.4375730"/>
   <trkpt lat="46.9388860" lon="7.4375510"/>
   <trkpt lat="46.9389120" lon="7.4375250"/>
   <trkpt lat="46.9389370" lon="7.4375000"/>
   <trkpt lat="46.9389650" lon="7.4374750"/>
   <trkpt lat="46.9389920" lon="7.4374530"/>
   <trkpt lat="46.9390200" lon="7.4374400"/>
   <trkpt lat="46.9390480" lon="7.4374270"/>
   <trkpt lat="46.9390760" lon="7.4374160"/>
   <trkpt lat="46.9391010" lon="7.4374060"/>
   <trkpt lat="46.9391290" lon="7.4373900"/>
   <trkpt lat="46.9391540" lon="7.4373760"/>
   <trkpt lat="46.9391810" lon="7.4373600"/>
   <trkpt lat="46.9392090" lon="7.4373430"/>
   <trkpt lat="46.9392330" lon="7.4373250"/>
   <trkpt lat="46.9392560" lon="7.4373040"/>
   <trkpt lat="46.9392810" lon="7.4372820"/>
   <trkpt lat="46.9393040" lon="7.4372650"/>
   <trkpt lat="46.9393280" lon="7.4372470"/>
   <trkpt lat="46.9393540" lon="7.4372330"/>
   <trkpt lat="46.9393780" lon="7.4372160"/>
   <trkpt lat="46.9393990" lon="7.4372030"/>
   <trkpt lat="46.9394210" lon="7.4371830"/>
   <trkpt lat="46.9394510" lon="7.4371560"/>
   <trkpt lat="46.9394870" lon="7.4371230"/>
   <trkpt lat="46.9395140" lon="7.4370980"/>
   <trkpt lat="46.9395430" lon="7.4370660"/>
   <trkpt lat="46.9395720" lon="7.4370340"/>
   <trkpt lat="46.9395930" lon="7.4370000"/>
   <trkpt lat="46.9396140" lon="7.4369600"/>
   <trkpt lat="46.9396290" lon="7.4369240"/>
   <trkpt lat="46.9396420" lon="7.4368860"/>
   <trkpt lat="46.9396560" lon="7.4368450"/>
   <trkpt lat="46.9396670" lon="7.4368090"/>
   <trkpt lat="46.9396790" lon="7.4367670"/>
   <trkpt lat="46.9396920" lon="7.4367220"/>
   <trkpt lat="46.9396980" lon="7.4366790"/>
   <trkpt lat="46.9397000" lon="7.4366280"/>
   <trkpt lat="46.9397060" lon="7.4365790"/>
   <trkpt lat="46.9397100" lon="7.4365370"/>
   <trkpt lat="46.9397150" lon="7.4364900"/>
   <trkpt lat="46.9397220" lon="7.4364520"/>
   <trkpt lat="46.9397250" lon="7.4364210"/>
   <trkpt lat="46.9397290" lon="7.4363860"/>
   <trkpt lat="46.9397340" lon="7.4363520"/>
   <trkpt lat="46.9397370" lon="7.4363120"/>
   <trkpt lat="46.9397450" lon="7.4362700"/>
   <trkpt lat="46.9397550" lon="7.4362320"/>
   <trkpt lat="46.9397650" lon="7.4361890"/>
   <trkpt lat="46.9397810" lon="7.4361390"/>
   <trkpt lat="46.9397930" lon="7.4361000"/>
   <trkpt lat="46.9398070" lon="7.4360550"/>
   <trkpt lat="46.9398230" lon="7.4360180"/>
   <trkpt lat="46.9398490" lon="7.4359830"/>
   <trkpt lat="46.9398810" lon="7.4359440"/>
   <trkpt lat="46.9399100" lon="7.4359180"/>
   <trkpt lat="46.9399390" lon="7.4358900"/>
   <trkpt lat="46.9399700" lon="7.4358770"/>
   <trkpt lat="46.9400030" lon="7.4358720"/>
   <trkpt lat="46.9400400" lon="7.4358670"/>
   <trkpt lat="46.9400730" lon="7.4358700"/>
   <trkpt lat="46.9401070" lon="7.4358730"/>
   <trkpt lat="46.9401450" lon="7.4358770"/>
   <trkpt lat="46.9401790" lon="7.4358830"/>
   <trkpt lat="46.9402130" lon="7.4358910"/>
   <trkpt lat="46.9402490" lon="7.4358980"/>
   <trkpt lat="46.9402800" lon="7.4358970"/>
   <trkpt lat="46.9403080" lon="7.4358950"/>
   <trkpt lat="46.9403440" lon="7.4358880"/>
   <trkpt lat="46.9403750" lon="7.4358800"/>
   <trkpt lat="46.9404060" lon="7.4358740"/>
   <trkpt lat="46.9404320" lon="7.4358660"/>
   <trkpt lat="46.9404590" lon="7.4358530"/>
   <trkpt lat="46.9404910" lon="7.4358420"/>
   <trkpt lat="46.9405210" lon="7.4358320"/>
   <trkpt lat="46.9405470" lon="7.4358150"/>
   <trkpt lat="46.9405730" lon="7.4358010"/>
   <trkpt lat="46.9405960" lon="7.4357900"/>
   <trkpt lat="46.9406210" lon="7.4357810"/>
   <trkpt lat="46.9406430" lon="7.4357720"/>
   <trkpt lat="46.9406640" lon="7.4357610"/>
   <trkpt lat="46.9406900" lon="7.4357570"/>
   <trkpt lat="46.9407200" lon="7.4357550"/>
   <trkpt lat="46.9407520" lon="7.4357570"/>
   <trkpt lat="46.9407870" lon="7.4357740"/>
   <trkpt lat="46.9408200" lon="7.4357930"/>
   <trkpt lat="46.9408540" lon="7.4358260"/>
   <trkpt lat="46.9408860" lon="7.4358630"/>
   <trkpt lat="46.9409170" lon="7.4358960"/>
   <trkpt lat="46.9409450" lon="7.4359320"/>
   <trkpt lat="46.9409730" lon="7.4359630"/>
   <trkpt lat="46.9410000" lon="7.4359960"/>
   <trkpt lat="46.9410210" lon="7.4360390"/>
   <trkpt lat="46.9410370" lon="7.4360800"/>
   <trkpt lat="46.9410520" lon="7.4361210"/>
   <trkpt lat="46.9410670" lon="7.4361550"/>
   <trkpt lat="46.9410800" lon="7.4361920"/>
   <trkpt lat="46.9410990" lon="7.4362360"/>
   <trkpt lat="46.9411170" lon="7.4362800"/>
   <trkpt lat="46.9411370" lon="7.4363260"/>
   <trkpt lat="46.9411540" lon="7.4363670"/>
   <trkpt lat="46.9411690" lon="7.4364010"/>
   <trkpt lat="46.9411860" lon="7.4364360"/>
   <trkpt lat="46.9411990" lon="7.4364740"/>
   <trkpt lat="46.9412090" lon="7.4365060"/>
   <trkpt lat="46.9412230" lon="7.4365470"/>
   <trkpt lat="46.9412350" lon="7.4365770"/>
   <trkpt lat="46.9412500" lon="7.4366230"/>
   <trkpt lat="46.9412680" lon="7.4366630"/>
   <trkpt lat="46.9412850" lon="7.4366950"/>
   <trkpt lat="46.9413010" lon="7.4367270"/>
   <trkpt lat="46.9413190" lon="7.4367640"/>
   <trkpt lat="46.9413400" lon="7.4367980"/>
   <trkpt lat="46.9413590" lon="7.4368360"/>
   <trkpt lat="46.9413780" lon="7.4368720"/>
   <trkpt lat="46.9413950" lon="7.4368980"/>
   <trkpt lat="46.9414180" lon="7.4369340"/>
   <trkpt lat="46.9414390" lon="7.4369580"/>
   <trkpt lat="46.9414590" lon="7.4369880"/>
   <trkpt lat="46.9414790" lon="7.4370230"/>
   <trkpt lat="46.9414980" lon="7.4370530"/>
   <trkpt lat="46.9415240" lon="7.4370910"/>
   <trkpt lat="46.9415480" lon="7.4371280"/>
   <trkpt lat="46.9415700" lon="7.4371600"/>
   <trkpt lat="46.9415940" lon="7.4371960"/>
   <trkpt lat="46.9416150" lon="7.4372300"/>
   <trkpt lat="46.9416330" lon="7.4372610"/>
   <trkpt lat="46.9416540" lon="7.4372950"/>
   <trkpt lat="46.9416720" lon="7.4373200"/>
   <trkpt lat="46.9416910" lon="7.4373440"/>
   <trkpt lat="46.9417120" lon="7.4373700"/>
   <trkpt lat="46.9417300" lon="7.4373900"/>
   <trkpt lat="46.9417560" lon="7.4374130"/>
   <trkpt lat="46.9417800" lon="7.4374290"/>
   <trkpt lat="46.9418010" lon="7.4374500"/>
   <trkpt lat="46.9418250" lon="7.4374740"/>
   <trkpt lat="46.9418490" lon="7.4374940"/>
   <trkpt lat="46.9418680" lon="7.4375100"/>
   <trkpt lat="46.9418910" lon="7.4375340"/>
   <trkpt lat="46.9419140" lon="7.4375540"/>
   <trkpt lat="46.9419360" lon="7.4375730"/>
   <trkpt lat="46.9419580" lon="7.4375920"/>
   <trkpt lat="46.9419810" lon="7.4376060"/>
   <trkpt lat="46.9420040" lon="7.4376280"/>
   <trkpt lat="46.9420310" lon="7.4376540"/>
   <trkpt lat="46.9420540" lon="7.4376660"/>
   <trkpt lat="46.9420770" lon="7.4376750"/>
   <trkpt lat="46.9421040" lon="7.4376820"/>
   <trkpt lat="46.9421260" lon="7.4376830"/>
   <trkpt lat="46.9421500" lon="7.4376780"/>
   <trkpt lat="46.9421750" lon="7.4376720"/>
   <trkpt lat="46.9422000" lon="7.4376640"/>
   <trkpt lat="46.9422260" lon="7.4376630"/>
   <trkpt lat="46.9422520" lon="7.4376560"/>
   <trkpt lat="46.9422770" lon="7.4376380"/>
   <trkpt lat="46.9423040" lon="7.4376160"/>
   <trkpt lat="46.9423400" lon="7.4375800"/>
   <trkpt lat="46.9423650" lon="7.4375680"/>
   <trkpt lat="46.9423880" lon="7.4375570"/>
   <trkpt lat="46.9424110" lon="7.4375470"/>
   <trkpt lat="46.9424340" lon="7.4375400"/>
   <trkpt lat="46.9424600" lon="7.4375380"/>
   <trkpt lat="46.9424900" lon="7.4375430"/>
   <trkpt lat="46.9425200" lon="7.4375440"/>
   <trkpt lat="46.9425500" lon="7.4375410"/>
   <trkpt lat="46.9425790" lon="7.4375460"/>
   <trkpt lat="46.9426070" lon="7.4375460"/>
   <trkpt lat="46.9426340" lon="7.4375480"/>
   <trkpt lat="46.9426640" lon="7.4375510"/>
   <trkpt lat="46.9426920" lon="7.4375510"/>
   <trkpt lat="46.9427240" lon="7.4375520"/>
   <trkpt lat="46.9427510" lon="7.4375510"/>
   <trkpt lat="46.9427790" lon="7.4375510"/>
   <trkpt lat="46.9428070" lon="7.4375500"/>
   <trkpt lat="46.9428220" lon="7.4375430"/>
   <trkpt lat="46.9428450" lon="7.4375430"/>
   <trkpt lat="46.9428690" lon="7.4375410"/>
   <trkpt lat="46.9428960" lon="7.4375350"/>
   <trkpt lat="46.9429240" lon="7.4375320"/>
   <trkpt lat="46.9429510" lon="7.4375320"/>
   <trkpt lat="46.9429830" lon="7.4375300"/>
   <trkpt lat="46.9430170" lon="7.4375300"/>
   <trkpt lat="46.9430480" lon="7.4375360"/>
   <trkpt lat="46.9430800" lon="7.4375410"/>
   <trkpt lat="46.9431060" lon="7.4375480"/>
   <trkpt lat="46.9431210" lon="7.4375510"/>
   <trkpt lat="46.9431450" lon="7.4375560"/>
   <trkpt lat="46.9431690" lon="7.4375640"/>
   <trkpt lat="46.9431950" lon="7.4375720"/>
   <trkpt lat="46.9432160" lon="7.4375810"/>
   <trkpt lat="46.9432460" lon="7.4375940"/>
   <trkpt lat="46.9432700" lon="7.4375980"/>
   <trkpt lat="46.9432980" lon="7.4376070"/>
   <trkpt lat="46.9433270" lon="7.4376230"/>
   <trkpt lat="46.9433510" lon="7.4376320"/>
   <trkpt lat="46.9433780" lon="7.4376430"/>
   <trkpt lat="46.9434070" lon="7.4376580"/>
   <trkpt lat="46.9434320" lon="7.4376670"/>
   <trkpt lat="46.9434580" lon="7.4376790"/>
   <trkpt lat="46.9434790" lon="7.4376880"/>
   <trkpt lat="46.9434950" lon="7.4376960"/>
   <trkpt lat="46.9435160" lon="7.4377090"/>
   <trkpt lat="46.9435420" lon="7.4377290"/>
   <trkpt lat="46.9435700" lon="7.4377560"/>
   <trkpt lat="46.9435970" lon="7.4377780"/>
   <trkpt lat="46.9436240" lon="7.4377940"/>
   <trkpt lat="46.9436500" lon="7.4378100"/>
   <trkpt lat="46.9436760" lon="7.4378330"/>
   <trkpt lat="46.9437000" lon="7.4378520"/>
   <trkpt lat="46.9437280" lon="7.4378710"/>
   <trkpt lat="46.9437540" lon="7.4378890"/>
   <trkpt lat="46.9437750" lon="7.4379020"/>
   <trkpt lat="46.9438040" lon="7.4379160"/>
   <trkpt lat="46.9438250" lon="7.4379190"/>
   <trkpt lat="46.9438570" lon="7.4379140"/>
   <trkpt lat="46.9438890" lon="7.4379200"/>
   <trkpt lat="46.9439220" lon="7.4379220"/>
   <trkpt lat="46.9439500" lon="7.4379260"/>
   <trkpt lat="46.9439840" lon="7.4379380"/>
   <trkpt lat="46.9440080" lon="7.4379420"/>
   <trkpt lat="46.9440330" lon="7.4379560"/>
   <trkpt lat="46.9440640" lon="7.4379760"/>
   <trkpt lat="46.9440890" lon="7.4379880"/>
   <trkpt lat="46.9441170" lon="7.4380030"/>
   <trkpt lat="46.9441430" lon="7.4380190"/>
   <trkpt lat="46.9441660" lon="7.4380340"/>
   <trkpt lat="46.9441930" lon="7.4380500"/>
   <trkpt lat="46.9442190" lon="7.4380620"/>
   <trkpt lat="46.9442420" lon="7.4380730"/>
   <trkpt lat="46.9442720" lon="7.4380890"/>
   <trkpt lat="46.9442980" lon="7.4380990"/>
   <trkpt lat="46.9443280" lon="7.4381130"/>
   <trkpt lat="46.9443550" lon="7.4381260"/>
   <trkpt lat="46.9443780" lon="7.4381390"/>
   <trkpt lat="46.9444060" lon="7.4381540"/>
   <trkpt lat="46.9444310" lon="7.4381690"/>
   <trkpt lat="46.9444570" lon="7.4381810"/>
   <trkpt lat="46.9444880" lon="7.4382010"/>
   <trkpt lat="46.9445120" lon="7.4382150"/>
   <trkpt lat="46.9445410" lon="7.4382260"/>
   <trkpt lat="46.9445700" lon="7.4382400"/>
   <trkpt lat="46.9445970" lon="7.4382470"/>
   <trkpt lat="46.9446310" lon="7.4382590"/>
   <trkpt lat="46.9446580" lon="7.4382630"/>
   <trkpt lat="46.9446940" lon="7.4382680"/>
   <trkpt lat="46.9447310" lon="7.4382700"/>
   <trkpt lat="46.9447530" lon="7.4382670"/>
   <trkpt lat="46.9447850" lon="7.4382790"/>
   <trkpt lat="46.9448080" lon="7.4382880"/>
   <trkpt lat="46.9448330" lon="7.4383010"/>
   <trkpt lat="46.9448670" lon="7.4383240"/>
   <trkpt lat="46.9448900" lon="7.4383370"/>
   <trkpt lat="46.9449230" lon="7.4383530"/>
   <trkpt lat="46.9449500" lon="7.4383740"/>
   <trkpt lat="46.9449790" lon="7.4383900"/>
   <trkpt lat="46.9450060" lon="7.4384110"/>
   <trkpt lat="46.9450330" lon="7.4384330"/>
   <trkpt lat="46.9450560" lon="7.4384490"/>
   <trkpt lat="46.9450860" lon="7.4384670"/>
   <trkpt lat="46.9451110" lon="7.4384880"/>
   <trkpt lat="46.9451340" lon="7.4385110"/>
   <trkpt lat="46.9451600" lon="7.4385390"/>
   <trkpt lat="46.9451860" lon="7.4385610"/>
   <trkpt lat="46.9452130" lon="7.4385940"/>
   <trkpt lat="46.9452420" lon="7.4386240"/>
   <trkpt lat="46.9452620" lon="7.4386490"/>
   <trkpt lat="46.9452860" lon="7.4386750"/>
   <trkpt lat="46.9453100" lon="7.4387030"/>
   <trkpt lat="46.9453390" lon="7.4387320"/>
   <trkpt lat="46.9453680" lon="7.4387650"/>
   <trkpt lat="46.9453870" lon="7.4387940"/>
   <trkpt lat="46.9454030" lon="7.4388200"/>
   <trkpt lat="46.9454140" lon="7.4388650"/>
   <trkpt lat="46.9454260" lon="7.4388970"/>
   <trkpt lat="46.9454440" lon="7.4389260"/>
   <trkpt lat="46.9454570" lon="7.4389620"/>
   <trkpt lat="46.9454750" lon="7.4389860"/>
   <trkpt lat="46.9454960" lon="7.4390150"/>
   <trkpt lat="46.9455170" lon="7.4390390"/>
   <trkpt lat="46.9455340" lon="7.4390650"/>
   <trkpt lat="46.9455520" lon="7.4390910"/>
   <trkpt lat="46.9455630" lon="7.4391190"/>
   <trkpt lat="46.9455760" lon="7.4391520"/>
   <trkpt lat="46.9455900" lon="7.4391900"/>
   <trkpt lat="46.9456030" lon="7.4392200"/>
   <trkpt lat="46.9456160" lon="7.4392460"/>
   <trkpt lat="46.9456380" lon="7.4392730"/>
   <trkpt lat="46.9456550" lon="7.4392910"/>
   <trkpt lat="46.9456680" lon="7.4393080"/>
   <trkpt lat="46.9456860" lon="7.4393180"/>
   <trkpt lat="46.9457040" lon="7.4393140"/>
   <trkpt lat="46.9457250" lon="7.4393110"/>
   <trkpt lat="46.9457500" lon="7.4393110"/>
   <trkpt lat="46.9457710" lon="7.4392980"/>
   <trkpt lat="46.9457990" lon="7.4392880"/>
   <trkpt lat="46.9458260" lon="7.4392790"/>
   <trkpt lat="46.9458490" lon="7.4392640"/>
   <trkpt lat="46.9458720" lon="7.4392580"/>
   <trkpt lat="46.9458930" lon="7.4392570"/>
   <trkpt lat="46.9459180" lon="7.4392510"/>
   <trkpt lat="46.9459480" lon="7.4392390"/>
   <trkpt lat="46.9459800" lon="7.4392400"/>
   <trkpt lat="46.9460130" lon="7.4392540"/>
   <trkpt lat="46.9460480" lon="7.4392830"/>
   <trkpt lat="46.9460750" lon="7.4393130"/>
   <trkpt lat="46.9460980" lon="7.4393540"/>
   <trkpt lat="46.9461140" lon="7.4393930"/>
   <trkpt lat="46.9461240" lon="7.4394280"/>
   <trkpt lat="46.9461360" lon="7.4394670"/>
   <trkpt lat="46.9461440" lon="7.4395040"/>
   <trkpt lat="46.9461530" lon="7.4395440"/>
   <trkpt lat="46.9461600" lon="7.4395870"/>
   <trkpt lat="46.9461660" lon="7.4396210"/>
   <trkpt lat="46.9461740" lon="7.4396630"/>
   <trkpt lat="46.9461850" lon="7.4397050"/>
   <trkpt lat="46.9461940" lon="7.4397480"/>
   <trkpt lat="46.9462030" lon="7.4397930"/>
   <trkpt lat="46.9462130" lon="7.4398320"/>
   <trkpt lat="46.9462210" lon="7.4398820"/>
   <trkpt lat="46.9462300" lon="7.4399280"/>
   <trkpt lat="46.9462380" lon="7.4399720"/>
   <trkpt lat="46.9462450" lon="7.4400170"/>
   <trkpt lat="46.9462530" lon="7.4400560"/>
   <trkpt lat="46.9462600" lon="7.4401020"/>
   <trkpt lat="46.9462700" lon="7.4401450"/>
   <trkpt lat="46.9462790" lon="7.4401840"/>
   <trkpt lat="46.9462870" lon="7.4402290"/>
   <trkpt lat="46.9462930" lon="7.4402670"/>
   <trkpt lat="46.9462990" lon="7.4403070"/>
   <trkpt lat="46.9463050" lon="7.4403540"/>
   <trkpt lat="46.9463110" lon="7.4403930"/>
   <trkpt lat="46.9463150" lon="7.4404370"/>
   <trkpt lat="46.9463190" lon="7.4404870"/>
   <trkpt lat="46.9463250" lon="7.4405330"/>
   <trkpt lat="46.9463310" lon="7.4405750"/>
   <trkpt lat="46.9463380" lon="7.4406100"/>
   <trkpt lat="46.9463460" lon="7.4406470"/>
   <trkpt lat="46.9463560" lon="7.4406850"/>
   <trkpt lat="46.9463590" lon="7.4407250"/>
   <trkpt lat="46.9463670" lon="7.4407660"/>
   <trkpt lat="46.9463760" lon="7.4408080"/>
   <trkpt lat="46.9463820" lon="7.4408470"/>
   <trkpt lat="46.9463930" lon="7.4408890"/>
   <trkpt lat="46.9464060" lon="7.4409240"/>
   <trkpt lat="46.9464170" lon="7.4409650"/>
   <trkpt lat="46.9464230" lon="7.4410080"/>
   <trkpt lat="46.9464260" lon="7.4410490"/>
   <trkpt lat="46.9464290" lon="7.4410960"/>
   <trkpt lat="46.9464340" lon="7.4411430"/>
   <trkpt lat="46.9464400" lon="7.4411870"/>
   <trkpt lat="46.9464450" lon="7.4412310"/>
   <trkpt lat="46.9464520" lon="7.4412700"/>
   <trkpt lat="46.9464610" lon="7.4413160"/>
   <trkpt lat="46.9464690" lon="7.4413570"/>
   <trkpt lat="46.9464790" lon="7.4413960"/>
   <trkpt lat="46.9464870" lon="7.4414440"/>
   <trkpt lat="46.9464960" lon="7.4414780"/>
   <trkpt lat="46.9465070" lon="7.4415190"/>
   <trkpt lat="46.9465160" lon="7.4415660"/>
   <trkpt lat="46.9465230" lon="7.4416100"/>
   <trkpt lat="46.9465310" lon="7.4416520"/>
   <trkpt lat="46.9465370" lon="7.4417000"/>
   <trkpt lat="46.9465460" lon="7.4417430"/>
   <trkpt lat="46.9465530" lon="7.4417900"/>
   <trkpt lat="46.9465560" lon="7.4418340"/>
   <trkpt lat="46.9465600" lon="7.4418780"/>
   <trkpt lat="46.9465620" lon="7.4419220"/>
   <trkpt lat="46.9465680" lon="7.4419600"/>
   <trkpt lat="46.9465760" lon="7.4420050"/>
   <trkpt lat="46.9465840" lon="7.4420460"/>
   <trkpt lat="46.9465930" lon="7.4420870"/>
   <trkpt lat="46.9466050" lon="7.4421320"/>
   <trkpt lat="46.9466170" lon="7.4421650"/>
   <trkpt lat="46.9466280" lon="7.4422040"/>
   <trkpt lat="46.9466380" lon="7.4422480"/>
   <trkpt lat="46.9466460" lon="7.4422870"/>
   <trkpt lat="46.9466520" lon="7.4423270"/>
   <trkpt lat="46.9466610" lon="7.4423670"/>
   <trkpt lat="46.9466720" lon="7.4424100"/>
   <trkpt lat="46.9466760" lon="7.4424490"/>
   <trkpt lat="46.9466850" lon="7.4424880"/>
   <trkpt lat="46.9466970" lon="7.4425270"/>
   <trkpt lat="46.9467070" lon="7.4425710"/>
   <trkpt lat="46.9467160" lon="7.4426080"/>
   <trkpt lat="46.9467300" lon="7.4426540"/>
   <trkpt lat="46.9467400" lon="7.4426940"/>
   <trkpt lat="46.9467510" lon="7.4427270"/>
   <trkpt lat="46.9467630" lon="7.4427610"/>
   <trkpt lat="46.9467760" lon="7.4428020"/>
   <trkpt lat="46.9467870" lon="7.4428430"/>
   <trkpt lat="46.9467960" lon="7.4428860"/>
   <trkpt lat="46.9468050" lon="7.4429220"/>
   <trkpt lat="46.9468140" lon="7.4429670"/>
   <trkpt lat="46.9468230" lon="7.4430120"/>
   <trkpt lat="46.9468330" lon="7.4430570"/>
   <trkpt lat="46.9468460" lon="7.4431150"/>
   <trkpt lat="46.9468550" lon="7.4431600"/>
   <trkpt lat="46.9468660" lon="7.4432130"/>
   <trkpt lat="46.9468750" lon="7.4432550"/>
   <trkpt lat="46.9468830" lon="7.4432970"/>
   <trkpt lat="46.9468880" lon="7.4433390"/>
   <trkpt lat="46.9468960" lon="7.4433800"/>
   <trkpt lat="46.9469010" lon="7.4434180"/>
   <trkpt lat="46.9469120" lon="7.4434610"/>
   <trkpt lat="46.9469180" lon="7.4434980"/>
   <trkpt lat="46.9469240" lon="7.4435400"/>
   <trkpt lat="46.9469300" lon="7.4435810"/>
   <trkpt lat="46.9469370" lon="7.4436190"/>
   <trkpt lat="46.9469500" lon="7.4436640"/>
   <trkpt lat="46.9469630" lon="7.4437020"/>
   <trkpt lat="46.9469770" lon="7.4437410"/>
   <trkpt lat="46.9469920" lon="7.4437880"/>
   <trkpt lat="46.9470020" lon="7.4438320"/>
   <trkpt lat="46.9470150" lon="7.4438780"/>
   <trkpt lat="46.9470290" lon="7.4439220"/>
   <trkpt lat="46.9470400" lon="7.4439610"/>
   <trkpt lat="46.9470560" lon="7.4440080"/>
   <trkpt lat="46.9470680" lon="7.4440490"/>
   <trkpt lat="46.9470850" lon="7.4440940"/>
   <trkpt lat="46.9471010" lon="7.4441440"/>
   <trkpt lat="46.9471180" lon="7.4441860"/>
   <trkpt lat="46.9471370" lon="7.4442310"/>
   <trkpt lat="46.9471540" lon="7.4442700"/>
   <trkpt lat="46.9471730" lon="7.4443070"/>
   <trkpt lat="46.9471930" lon="7.4443440"/>
   <trkpt lat="46.9472090" lon="7.4443800"/>
   <trkpt lat="46.9472270" lon="7.4444230"/>
   <trkpt lat="46.9472440" lon="7.4444630"/>
   <trkpt lat="46.9472580" lon="7.4445070"/>
   <trkpt lat="46.9472790" lon="7.4445360"/>
   <trkpt lat="46.9472930" lon="7.4445720"/>
   <trkpt lat="46.9473040" lon="7.4446200"/>
   <trkpt lat="46.9473220" lon="7.4446660"/>
   <trkpt lat="46.9473320" lon="7.4447110"/>
   <trkpt lat="46.9473370" lon="7.4447570"/>
   <trkpt lat="46.9473380" lon="7.4448020"/>
   <trkpt lat="46.9473360" lon="7.4448490"/>
   <trkpt lat="46.9473310" lon="7.4448910"/>
   <trkpt lat="46.9473290" lon="7.4449350"/>
   <trkpt lat="46.9473260" lon="7.4449790"/>
   <trkpt lat="46.9473240" lon="7.4450240"/>
   <trkpt lat="46.9473190" lon="7.4450720"/>
   <trkpt lat="46.9473200" lon="7.4451190"/>
   <trkpt lat="46.9473210" lon="7.4451620"/>
   <trkpt lat="46.9473190" lon="7.4452080"/>
   <trkpt lat="46.9473190" lon="7.4452480"/>
   <trkpt lat="46.9473150" lon="7.4452970"/>
   <trkpt lat="46.9473120" lon="7.4453440"/>
   <trkpt lat="46.9473090" lon="7.4453970"/>
   <trkpt lat="46.9473070" lon="7.4454500"/>
   <trkpt lat="46.9473030" lon="7.4454980"/>
   <trkpt lat="46.9473010" lon="7.4455550"/>
   <trkpt lat="46.9472980" lon="7.4456090"/>
   <trkpt lat="46.9472920" lon="7.4456610"/>
   <trkpt lat="46.9472850" lon="7.4457120"/>
   <trkpt lat="46.9472830" lon="7.4457550"/>
   <trkpt lat="46.9472800" lon="7.4458040"/>
   <trkpt lat="46.9472770" lon="7.4458530"/>
   <trkpt lat="46.9472780" lon="7.4459010"/>
   <trkpt lat="46.9472770" lon="7.4459500"/>
   <trkpt lat="46.9472740" lon="7.4459930"/>
   <trkpt lat="46.9472730" lon="7.4460420"/>
   <trkpt lat="46.9472740" lon="7.4460880"/>
   <trkpt lat="46.9472760" lon="7.4461330"/>
   <trkpt lat="46.9472820" lon="7.4461770"/>
   <trkpt lat="46.9472880" lon="7.4462190"/>
   <trkpt lat="46.9472970" lon="7.4462660"/>
   <trkpt lat="46.9473020" lon="7.4463150"/>
   <trkpt lat="46.9473050" lon="7.4463580"/>
   <trkpt lat="46.9473100" lon="7.4464080"/>
   <trkpt lat="46.9473180" lon="7.4464540"/>
   <trkpt lat="46.9473230" lon="7.4464950"/>
   <trkpt lat="46.9473250" lon="7.4465400"/>
   <trkpt lat="46.9473260" lon="7.4465830"/>
   <trkpt lat="46.9473280" lon="7.4466340"/>
   <trkpt lat="46.9473290" lon="7.4466780"/>
   <trkpt lat="46.9473340" lon="7.4467260"/>
   <trkpt lat="46.9473360" lon="7.4467740"/>
   <trkpt lat="46.9473400" lon="7.4468150"/>
   <trkpt lat="46.9473420" lon="7.4468640"/>
   <trkpt lat="46.9473440" lon="7.4469090"/>
   <trkpt lat="46.9473460" lon="7.4469510"/>
   <trkpt lat="46.9473510" lon="7.4469960"/>
   <trkpt lat="46.9473580" lon="7.4470440"/>
   <trkpt lat="46.9473610" lon="7.4470910"/>
   <trkpt lat="46.9473610" lon="7.4471490"/>
   <trkpt lat="46.9473590" lon="7.4471960"/>
   <trkpt lat="46.9473530" lon="7.4472490"/>
   <trkpt lat="46.9473460" lon="7.4472970"/>
   <trkpt lat="46.9473430" lon="7.4473450"/>
   <trkpt lat="46.9473330" lon="7.4474100"/>
   <trkpt lat="46.9473290" lon="7.4474530"/>
   <trkpt lat="46.9473160" lon="7.4475000"/>
   <trkpt lat="46.9473040" lon="7.4475440"/>
   <trkpt lat="46.9472950" lon="7.4475860"/>
   <trkpt lat="46.9472870" lon="7.4476390"/>
   <trkpt lat="46.9472860" lon="7.4476820"/>
   <trkpt lat="46.9472810" lon="7.4477270"/>
   <trkpt lat="46.9472780" lon="7.4477720"/>
   <trkpt lat="46.9472720" lon="7.4478160"/>
   <trkpt lat="46.9472640" lon="7.4478580"/>
   <trkpt lat="46.9472530" lon="7.4479000"/>
   <trkpt lat="46.9472390" lon="7.4479470"/>
   <trkpt lat="46.9472200" lon="7.4479920"/>
   <trkpt lat="46.9472080" lon="7.4480240"/>
   <trkpt lat="46.9471870" lon="7.4480650"/>
   <trkpt lat="46.9471690" lon="7.4481060"/>
   <trkpt lat="46.9471510" lon="7.4481510"/>
   <trkpt lat="46.9471380" lon="7.4481960"/>
   <trkpt lat="46.9471230" lon="7.4482410"/>
   <trkpt lat="46.9471090" lon="7.4482890"/>
   <trkpt lat="46.9470990" lon="7.4483350"/>
   <trkpt lat="46.9470900" lon="7.4483800"/>
   <trkpt lat="46.9470840" lon="7.4484270"/>
   <trkpt lat="46.9470810" lon="7.4484710"/>
   <trkpt lat="46.9470790" lon="7.4485140"/>
   <trkpt lat="46.9470800" lon="7.4485580"/>
   <trkpt lat="46.9470800" lon="7.4486020"/>
   <trkpt lat="46.9470830" lon="7.4486330"/>
   <trkpt lat="46.9470810" lon="7.4486770"/>
   <trkpt lat="46.9470810" lon="7.4487180"/>
   <trkpt lat="46.9470760" lon="7.4487610"/>
   <trkpt lat="46.9470720" lon="7.4488040"/>
   <trkpt lat="46.9470710" lon="7.4488450"/>
   <trkpt lat="46.9470680" lon="7.4488930"/>
   <trkpt lat="46.9470700" lon="7.4489350"/>
   <trkpt lat="46.9470750" lon="7.4489780"/>
   <trkpt lat="46.9470760" lon="7.4490270"/>
   <trkpt lat="46.9470810" lon="7.4490710"/>
   <trkpt lat="46.9470860" lon="7.4491160"/>
   <trkpt lat="46.9470920" lon="7.4491610"/>
   <trkpt lat="46.9470940" lon="7.4492060"/>
   <trkpt lat="46.9470920" lon="7.4492530"/>
   <trkpt lat="46.9470880" lon="7.4492990"/>
   <trkpt lat="46.9470870" lon="7.4493440"/>
   <trkpt lat="46.9470870" lon="7.4493910"/>
   <trkpt lat="46.9470850" lon="7.4494330"/>
   <trkpt lat="46.9470860" lon="7.4494740"/>
   <trkpt lat="46.9470840" lon="7.4495190"/>
   <trkpt lat="46.9470850" lon="7.4495580"/>
   <trkpt lat="46.9470860" lon="7.4496030"/>
   <trkpt lat="46.9470860" lon="7.4496460"/>
   <trkpt lat="46.9470870" lon="7.4496830"/>
   <trkpt lat="46.9470870" lon="7.4497280"/>
   <trkpt lat="46.9470900" lon="7.4497720"/>
   <trkpt lat="46.9470970" lon="7.4498150"/>
   <trkpt lat="46.9471060" lon="7.4498600"/>
   <trkpt lat="46.9471130" lon="7.4499030"/>
   <trkpt lat="46.9471160" lon="7.4499450"/>
   <trkpt lat="46.9471170" lon="7.4499870"/>
   <trkpt lat="46.9471150" lon="7.4500280"/>
   <trkpt lat="46.9471160" lon="7.4500720"/>
   <trkpt lat="46.9471190" lon="7.4501150"/>
   <trkpt lat="46.9471170" lon="7.4501610"/>
   <trkpt lat="46.9471110" lon="7.4502070"/>
   <trkpt lat="46.9471040" lon="7.4502520"/>
   <trkpt lat="46.9470990" lon="7.4502990"/>
   <trkpt lat="46.9470920" lon="7.4503400"/>
   <trkpt lat="46.9470900" lon="7.4503810"/>
   <trkpt lat="46.9470890" lon="7.4504260"/>
   <trkpt lat="46.9470870" lon="7.4504720"/>
   <trkpt lat="46.9470800" lon="7.4505140"/>
   <trkpt lat="46.9470810" lon="7.4505640"/>
   <trkpt lat="46.9470840" lon="7.4506050"/>
   <trkpt lat="46.9470940" lon="7.4506440"/>
   <trkpt lat="46.9471140" lon="7.4506810"/>
   <trkpt lat="46.9471280" lon="7.4507070"/>
   <trkpt lat="46.9471470" lon="7.4507220"/>
   <trkpt lat="46.9471670" lon="7.4507350"/>
   <trkpt lat="46.9471930" lon="7.4507330"/>
   <trkpt lat="46.9472220" lon="7.4507310"/>
   <trkpt lat="46.9472510" lon="7.4507320"/>
   <trkpt lat="46.9472890" lon="7.4507060"/>
   <trkpt lat="46.9473250" lon="7.4507010"/>
   <trkpt lat="46.9473550" lon="7.4506990"/>
   <trkpt lat="46.9473950" lon="7.4506860"/>
   <trkpt lat="46.9474220" lon="7.4506630"/>
   <trkpt lat="46.9474390" lon="7.4506340"/>
   <trkpt lat="46.9474520" lon="7.4505950"/>
   <trkpt lat="46.9474630" lon="7.4505610"/>
   <trkpt lat="46.9474680" lon="7.4505130"/>
   <trkpt lat="46.9474730" lon="7.4504700"/>
   <trkpt lat="46.9474760" lon="7.4504270"/>
   <trkpt lat="46.9474770" lon="7.4503700"/>
   <trkpt lat="46.9474830" lon="7.4503210"/>
   <trkpt lat="46.9474870" lon="7.4502780"/>
   <trkpt lat="46.9474910" lon="7.4502330"/>
   <trkpt lat="46.9474950" lon="7.4501950"/>
   <trkpt lat="46.9474930" lon="7.4501540"/>
   <trkpt lat="46.9474900" lon="7.4501120"/>
   <trkpt lat="46.9474880" lon="7.4500730"/>
   <trkpt lat="46.9474860" lon="7.4500280"/>
   <trkpt lat="46.9474830" lon="7.4499890"/>
   <trkpt lat="46.9474830" lon="7.4499550"/>
   <trkpt lat="46.9474790" lon="7.4499130"/>
   <trkpt lat="46.9474750" lon="7.4498710"/>
   <trkpt lat="46.9474700" lon="7.4498310"/>
   <trkpt lat="46.9474660" lon="7.4497880"/>
   <trkpt lat="46.9474670" lon="7.4497400"/>
   <trkpt lat="46.9474680" lon="7.4496980"/>
   <trkpt lat="46.9474640" lon="7.4496530"/>
   <trkpt lat="46.9474640" lon="7.4496160"/>
   <trkpt lat="46.9474640" lon="7.4495730"/>
   <trkpt lat="46.9474610" lon="7.4495290"/>
   <trkpt lat="46.9474580" lon="7.4494930"/>
   <trkpt lat="46.9474580" lon="7.4494530"/>
   <trkpt lat="46.9474620" lon="7.4494140"/>
   <trkpt lat="46.9474620" lon="7.4493750"/>
   <trkpt lat="46.9474560" lon="7.4493370"/>
   <trkpt lat="46.9474520" lon="7.4493040"/>
   <trkpt lat="46.9474510" lon="7.4492620"/>
   <trkpt lat="46.9474520" lon="7.4492180"/>
   <trkpt lat="46.9474480" lon="7.4491830"/>
   <trkpt lat="46.9474430" lon="7.4491440"/>
   <trkpt lat="46.9474450" lon="7.4491080"/>
   <trkpt lat="46.9474460" lon="7.4490630"/>
   <trkpt lat="46.9474500" lon="7.4490150"/>
   <trkpt lat="46.9474540" lon="7.4489710"/>
   <trkpt lat="46.9474600" lon="7.4489310"/>
   <trkpt lat="46.9474640" lon="7.4488860"/>
   <trkpt lat="46.9474700" lon="7.4488460"/>
   <trkpt lat="46.9474730" lon="7.4488050"/>
   <trkpt lat="46.9474750" lon="7.4487640"/>
   <trkpt lat="46.9474790" lon="7.4487240"/>
   <trkpt lat="46.9474830" lon="7.4486810"/>
   <trkpt lat="46.9474820" lon="7.4486450"/>
   <trkpt lat="46.9474820" lon="7.4486080"/>
   <trkpt lat="46.9474810" lon="7.4485660"/>
   <trkpt lat="46.9474810" lon="7.4485260"/>
   <trkpt lat="46.9474760" lon="7.4484860"/>
   <trkpt lat="46.9474680" lon="7.4484460"/>
   <trkpt lat="46.9474630" lon="7.4484060"/>
   <trkpt lat="46.9474600" lon="7.4483680"/>
   <trkpt lat="46.9474610" lon="7.4483250"/>
   <trkpt lat="46.9474580" lon="7.4482880"/>
   <trkpt lat="46.9474560" lon="7.4482500"/>
   <trkpt lat="46.9474620" lon="7.4482140"/>
   <trkpt lat="46.9474720" lon="7.4481820"/>
   <trkpt lat="46.9474960" lon="7.4481570"/>
   <trkpt lat="46.9475210" lon="7.4481340"/>
   <trkpt lat="46.9475510" lon="7.4481190"/>
   <trkpt lat="46.9475800" lon="7.4481110"/>
   <trkpt lat="46.9476060" lon="7.4481040"/>
   <trkpt lat="46.9476320" lon="7.4481020"/>
   <trkpt lat="46.9476580" lon="7.4481050"/>
   <trkpt lat="46.9476870" lon="7.4481100"/>
   <trkpt lat="46.9477190" lon="7.4481160"/>
   <trkpt lat="46.9477500" lon="7.4481180"/>
   <trkpt lat="46.9477800" lon="7.4481160"/>
   <trkpt lat="46.9478090" lon="7.4481150"/>
   <trkpt lat="46.9478380" lon="7.4481160"/>
   <trkpt lat="46.9478690" lon="7.4481340"/>
   <trkpt lat="46.9478950" lon="7.4481500"/>
   <trkpt lat="46.9479230" lon="7.4481730"/>
   <trkpt lat="46.9479430" lon="7.4482200"/>
   <trkpt lat="46.9479560" lon="7.4482670"/>
   <trkpt lat="46.9479670" lon="7.4483120"/>
   <trkpt lat="46.9479730" lon="7.4483630"/>
   <trkpt lat="46.9479740" lon="7.4484070"/>
   <trkpt lat="46.9479730" lon="7.4484510"/>
   <trkpt lat="46.9479720" lon="7.4484950"/>
   <trkpt lat="46.9479720" lon="7.4485320"/>
   <trkpt lat="46.9479690" lon="7.4485770"/>
   <trkpt lat="46.9479680" lon="7.4486220"/>
   <trkpt lat="46.9479640" lon="7.4486630"/>
   <trkpt lat="46.9479590" lon="7.4487050"/>
   <trkpt lat="46.9479530" lon="7.4487480"/>
   <trkpt lat="46.9479550" lon="7.4487950"/>
   <trkpt lat="46.9479590" lon="7.4488380"/>
   <trkpt lat="46.9479600" lon="7.4488770"/>
   <trkpt lat="46.9479620" lon="7.4489210"/>
   <trkpt lat="46.9479620" lon="7.4489660"/>
   <trkpt lat="46.9479630" lon="7.4490040"/>
   <trkpt lat="46.9479630" lon="7.4490510"/>
   <trkpt lat="46.9479660" lon="7.4490950"/>
   <trkpt lat="46.9479720" lon="7.4491400"/>
   <trkpt lat="46.9479720" lon="7.4491860"/>
   <trkpt lat="46.9479680" lon="7.4492270"/>
   <trkpt lat="46.9479670" lon="7.4492690"/>
   <trkpt lat="46.9479710" lon="7.4493170"/>
   <trkpt lat="46.9479760" lon="7.4493580"/>
   <trkpt lat="46.9479790" lon="7.4493990"/>
   <trkpt lat="46.9479790" lon="7.4494400"/>
   <trkpt lat="46.9479810" lon="7.4494760"/>
   <trkpt lat="46.9479780" lon="7.4495200"/>
   <trkpt lat="46.9479710" lon="7.4495650"/>
   <trkpt lat="46.9479670" lon="7.4496100"/>
   <trkpt lat="46.9479630" lon="7.4496560"/>
   <trkpt lat="46.9479560" lon="7.4496900"/>
   <trkpt lat="46.9479480" lon="7.4497250"/>
   <trkpt lat="46.9479460" lon="7.4497650"/>
   <trkpt lat="46.9479470" lon="7.4498030"/>
   <trkpt lat="46.9479440" lon="7.4498460"/>
   <trkpt lat="46.9479460" lon="7.4498850"/>
   <trkpt lat="46.9479450" lon="7.4499330"/>
   <trkpt lat="46.9479460" lon="7.4499800"/>
   <trkpt lat="46.9479450" lon="7.4500290"/>
   <trkpt lat="46.9479410" lon="7.4500850"/>
   <trkpt lat="46.9479400" lon="7.4501320"/>
   <trkpt lat="46.9479390" lon="7.4501760"/>
   <trkpt lat="46.9479410" lon="7.4502280"/>
   <trkpt lat="46.9479420" lon="7.4502740"/>
   <trkpt lat="46.9479420" lon="7.4503250"/>
   <trkpt lat="46.9479400" lon="7.4503710"/>
   <trkpt lat="46.9479380" lon="7.4504150"/>
   <trkpt lat="46.9479340" lon="7.4504590"/>
   <trkpt lat="46.9479340" lon="7.4504940"/>
   <trkpt lat="46.9479340" lon="7.4505350"/>
   <trkpt lat="46.9479360" lon="7.4505780"/>
   <trkpt lat="46.9479400" lon="7.4506200"/>
   <trkpt lat="46.9479360" lon="7.4506650"/>
   <trkpt lat="46.9479330" lon="7.4507140"/>
   <trkpt lat="46.9479330" lon="7.4507610"/>
   <trkpt lat="46.9479320" lon="7.4508130"/>
   <trkpt lat="46.9479350" lon="7.4508590"/>
   <trkpt lat="46.9479380" lon="7.4509050"/>
   <trkpt lat="46.9479370" lon="7.4509480"/>
   <trkpt lat="46.9479390" lon="7.4509890"/>
   <trkpt lat="46.9479380" lon="7.4510340"/>
   <trkpt lat="46.9479350" lon="7.4510710"/>
   <trkpt lat="46.9479340" lon="7.4511100"/>
   <trkpt lat="46.9479350" lon="7.4511560"/>
   <trkpt lat="46.9479390" lon="7.4511960"/>
   <trkpt lat="46.9479380" lon="7.4512390"/>
   <trkpt lat="46.9479380" lon="7.4512810"/>
   <trkpt lat="46.9479380" lon="7.4513190"/>
   <trkpt lat="46.9479350" lon="7.4513670"/>
   <trkpt lat="46.9479340" lon="7.4514130"/>
   <trkpt lat="46.9479350" lon="7.4514570"/>
   <trkpt lat="46.9479360" lon="7.4515000"/>
   <trkpt lat="46.9479390" lon="7.4515380"/>
   <trkpt lat="46.9479400" lon="7.4515790"/>
   <trkpt lat="46.9479420" lon="7.4516220"/>
   <trkpt lat="46.9479440" lon="7.4516620"/>
   <trkpt lat="46.9479490" lon="7.4517030"/>
   <trkpt lat="46.9479520" lon="7.4517430"/>
   <trkpt lat="46.9479540" lon="7.4517840"/>
   <trkpt lat="46.9479550" lon="7.4518320"/>
   <trkpt lat="46.9479600" lon="7.4518780"/>
   <trkpt lat="46.9479610" lon="7.4519270"/>
   <trkpt lat="46.9479600" lon="7.4519660"/>
   <trkpt lat="46.9479630" lon="7.4520090"/>
   <trkpt lat="46.9479660" lon="7.4520520"/>
   <trkpt lat="46.9479700" lon="7.4520930"/>
   <trkpt lat="46.9479740" lon="7.4521420"/>
   <trkpt lat="46.9479790" lon="7.4521920"/>
   <trkpt lat="46.9479850" lon="7.4522360"/>
   <trkpt lat="46.9479890" lon="7.4522860"/>
   <trkpt lat="46.9479910" lon="7.4523290"/>
   <trkpt lat="46.9479960" lon="7.4523770"/>
   <trkpt lat="46.9480030" lon="7.4524230"/>
   <trkpt lat="46.9480120" lon="7.4524650"/>
   <trkpt lat="46.9480160" lon="7.4525150"/>
   <trkpt lat="46.9480200" lon="7.4525610"/>
   <trkpt lat="46.9480210" lon="7.4526150"/>
   <trkpt lat="46.9480270" lon="7.4526620"/>
   <trkpt lat="46.9480310" lon="7.4527100"/>
   <trkpt lat="46.9480360" lon="7.4527590"/>
   <trkpt lat="46.9480420" lon="7.4528030"/>
   <trkpt lat="46.9480490" lon="7.4528500"/>
   <trkpt lat="46.9480510" lon="7.4528970"/>
   <trkpt lat="46.9480570" lon="7.4529450"/>
   <trkpt lat="46.9480630" lon="7.4529960"/>
   <trkpt lat="46.9480690" lon="7.4530420"/>
   <trkpt lat="46.9480720" lon="7.4530930"/>
   <trkpt lat="46.9480780" lon="7.4531380"/>
   <trkpt lat="46.9480840" lon="7.4531820"/>
   <trkpt lat="46.9480910" lon="7.4532250"/>
   <trkpt lat="46.9480960" lon="7.4532660"/>
   <trkpt lat="46.9481010" lon="7.4533160"/>
   <trkpt lat="46.9481100" lon="7.4533620"/>
   <trkpt lat="46.9481180" lon="7.4534100"/>
   <trkpt lat="46.9481280" lon="7.4534600"/>
   <trkpt lat="46.9481380" lon="7.4535090"/>
   <trkpt lat="46.9481530" lon="7.4535600"/>
   <trkpt lat="46.9481670" lon="7.4536070"/>
   <trkpt lat="46.9481810" lon="7.4536510"/>
   <trkpt lat="46.9481920" lon="7.4537020"/>
   <trkpt lat="46.9481990" lon="7.4537450"/>
   <trkpt lat="46.9482090" lon="7.4537890"/>
   <trkpt lat="46.9482200" lon="7.4538340"/>
   <trkpt lat="46.9482320" lon="7.4538720"/>
   <trkpt lat="46.9482450" lon="7.4539200"/>
   <trkpt lat="46.9482560" lon="7.4539610"/>
   <trkpt lat="46.9482660" lon="7.4540040"/>
   <trkpt lat="46.9482750" lon="7.4540450"/>
   <trkpt lat="46.9482870" lon="7.4540820"/>
   <trkpt lat="46.9482970" lon="7.4541220"/>
   <trkpt lat="46.9483110" lon="7.4541650"/>
   <trkpt lat="46.9483180" lon="7.4542120"/>
   <trkpt lat="46.9483240" lon="7.4542570"/>
   <trkpt lat="46.9483290" lon="7.4542990"/>
   <trkpt lat="46.9483360" lon="7.4543420"/>
   <trkpt lat="46.9483440" lon="7.4543920"/>
   <trkpt lat="46.9483510" lon="7.4544400"/>
   <trkpt lat="46.9483580" lon="7.4544910"/>
   <trkpt lat="46.9483660" lon="7.4545350"/>
   <trkpt lat="46.9483790" lon="7.4545760"/>
   <trkpt lat="46.9483920" lon="7.4546210"/>
   <trkpt lat="46.9484060" lon="7.4546630"/>
   <trkpt lat="46.9484220" lon="7.4547060"/>
   <trkpt lat="46.9484360" lon="7.4547490"/>
   <trkpt lat="46.9484480" lon="7.4547870"/>
   <trkpt lat="46.9484650" lon="7.4548280"/>
   <trkpt lat="46.9484810" lon="7.4548650"/>
   <trkpt lat="46.9484960" lon="7.4549090"/>
   <trkpt lat="46.9485130" lon="7.4549550"/>
   <trkpt lat="46.9485300" lon="7.4549940"/>
   <trkpt lat="46.9485450" lon="7.4550450"/>
   <trkpt lat="46.9485600" lon="7.4550870"/>
   <trkpt lat="46.9485740" lon="7.4551330"/>
   <trkpt lat="46.9485830" lon="7.4551840"/>
   <trkpt lat="46.9485880" lon="7.4552280"/>
   <trkpt lat="46.9485980" lon="7.4552740"/>
   <trkpt lat="46.9486100" lon="7.4553200"/>
   <trkpt lat="46.9486200" lon="7.4553650"/>
   <trkpt lat="46.9486290" lon="7.4554180"/>
   <trkpt lat="46.9486360" lon="7.4554660"/>
   <trkpt lat="46.9486420" lon="7.4555260"/>
   <trkpt lat="46.9486460" lon="7.4555830"/>
   <trkpt lat="46.9486520" lon="7.4556440"/>
   <trkpt lat="46.9486530" lon="7.4556960"/>
   <trkpt lat="46.9486560" lon="7.4557500"/>
   <trkpt lat="46.9486550" lon="7.4558120"/>
   <trkpt lat="46.9486540" lon="7.4558630"/>
   <trkpt lat="46.9486490" lon="7.4559200"/>
   <trkpt lat="46.9486480" lon="7.4559690"/>
   <trkpt lat="46.9486510" lon="7.4560230"/>
   <trkpt lat="46.9486500" lon="7.4560750"/>
   <trkpt lat="46.9486500" lon="7.4561280"/>
   <trkpt lat="46.9486500" lon="7.4561810"/>
   <trkpt lat="46.9486510" lon="7.4562330"/>
   <trkpt lat="46.9486490" lon="7.4562870"/>
   <trkpt lat="46.9486470" lon="7.4563350"/>
   <trkpt lat="46.9486450" lon="7.4563880"/>
   <trkpt lat="46.9486380" lon="7.4564360"/>
   <trkpt lat="46.9486330" lon="7.4564840"/>
   <trkpt lat="46.9486300" lon="7.4565340"/>
   <trkpt lat="46.9486240" lon="7.4565800"/>
   <trkpt lat="46.9486190" lon="7.4566350"/>
   <trkpt lat="46.9486130" lon="7.4566800"/>
   <trkpt lat="46.9486070" lon="7.4567280"/>
   <trkpt lat="46.9485990" lon="7.4567810"/>
   <trkpt lat="46.9485920" lon="7.4568310"/>
   <trkpt lat="46.9485850" lon="7.4568930"/>
   <trkpt lat="46.9485780" lon="7.4569370"/>
   <trkpt lat="46.9485740" lon="7.4569870"/>
   <trkpt lat="46.9485680" lon="7.4570310"/>
   <trkpt lat="46.9485610" lon="7.4570740"/>
   <trkpt lat="46.9485540" lon="7.4571230"/>
   <trkpt lat="46.9485480" lon="7.4571660"/>
   <trkpt lat="46.9485400" lon="7.4572110"/>
   <trkpt lat="46.9485340" lon="7.4572580"/>
   <trkpt lat="46.9485310" lon="7.4573020"/>
   <trkpt lat="46.9485290" lon="7.4573480"/>
   <trkpt lat="46.9485250" lon="7.4573930"/>
   <trkpt lat="46.9485240" lon="7.4574410"/>
   <trkpt lat="46.9485210" lon="7.4574910"/>
   <trkpt lat="46.9485190" lon="7.4575330"/>
   <trkpt lat="46.9485160" lon="7.4575790"/>
   <trkpt lat="46.9485130" lon="7.4576240"/>
   <trkpt lat="46.9485100" lon="7.4576600"/>
   <trkpt lat="46.9485050" lon="7.4577040"/>
   <trkpt lat="46.9485010" lon="7.4577400"/>
   <trkpt lat="46.9484970" lon="7.4577810"/>
   <trkpt lat="46.9484930" lon="7.4578210"/>
   <trkpt lat="46.9484890" lon="7.4578620"/>
   <trkpt lat="46.9484860" lon="7.4579040"/>
   <trkpt lat="46.9484830" lon="7.4579520"/>
   <trkpt lat="46.9484810" lon="7.4579940"/>
   <trkpt lat="46.9484800" lon="7.4580420"/>
   <trkpt lat="46.9484760" lon="7.4580880"/>
   <trkpt lat="46.9484740" lon="7.4581320"/>
   <trkpt lat="46.9484700" lon="7.4581770"/>
   <trkpt lat="46.9484660" lon="7.4582160"/>
   <trkpt lat="46.9484630" lon="7.4582610"/>
   <trkpt lat="46.9484620" lon="7.4583050"/>
   <trkpt lat="46.9484590" lon="7.4583500"/>
   <trkpt lat="46.9484570" lon="7.4583930"/>
   <trkpt lat="46.9484530" lon="7.4584330"/>
   <trkpt lat="46.9484510" lon="7.4584750"/>
   <trkpt lat="46.9484490" lon="7.4585190"/>
   <trkpt lat="46.9484460" lon="7.4585590"/>
   <trkpt lat="46.9484430" lon="7.4586020"/>
   <trkpt lat="46.9484410" lon="7.4586480"/>
   <trkpt lat="46.9484380" lon="7.4586880"/>
   <trkpt lat="46.9484340" lon="7.4587330"/>
   <trkpt lat="46.9484300" lon="7.4587780"/>
   <trkpt lat="46.9484280" lon="7.4588200"/>
   <trkpt lat="46.9484230" lon="7.4588630"/>
   <trkpt lat="46.9484180" lon="7.4589060"/>
   <trkpt lat="46.9484130" lon="7.4589480"/>
   <trkpt lat="46.9484080" lon="7.4589890"/>
   <trkpt lat="46.9484060" lon="7.4590320"/>
   <trkpt lat="46.9484030" lon="7.4590750"/>
   <trkpt lat="46.9484000" lon="7.4591190"/>
   <trkpt lat="46.9483990" lon="7.4591630"/>
   <trkpt lat="46.9483970" lon="7.4592090"/>
   <trkpt lat="46.9483950" lon="7.4592480"/>
   <trkpt lat="46.9483940" lon="7.4592930"/>
   <trkpt lat="46.9483920" lon="7.4593360"/>
   <trkpt lat="46.9483900" lon="7.4593780"/>
   <trkpt lat="46.9483840" lon="7.4594230"/>
   <trkpt lat="46.9483790" lon="7.4594670"/>
   <trkpt lat="46.9483770" lon="7.4595100"/>
   <trkpt lat="46.9483740" lon="7.4595550"/>
   <trkpt lat="46.9483690" lon="7.4595970"/>
   <trkpt lat="46.9483640" lon="7.4596420"/>
   <trkpt lat="46.9483570" lon="7.4596880"/>
   <trkpt lat="46.9483480" lon="7.4597280"/>
   <trkpt lat="46.9483390" lon="7.4597700"/>
   <trkpt lat="46.9483260" lon="7.4598110"/>
   <trkpt lat="46.9483160" lon="7.4598450"/>
   <trkpt lat="46.9483060" lon="7.4598820"/>
   <trkpt lat="46.9482990" lon="7.4599180"/>
   <trkpt lat="46.9482980" lon="7.4599590"/>
   <trkpt lat="46.9483030" lon="7.4599990"/>
   <trkpt lat="46.9483120" lon="7.4600320"/>
   <trkpt lat="46.9483260" lon="7.4600580"/>
   <trkpt lat="46.9483460" lon="7.4600840"/>
   <trkpt lat="46.9483690" lon="7.4601070"/>
   <trkpt lat="46.9483970" lon="7.4601390"/>
   <trkpt lat="46.9484210" lon="7.4601690"/>
   <trkpt lat="46.9484410" lon="7.4601990"/>
   <trkpt lat="46.9484600" lon="7.4602340"/>
   <trkpt lat="46.9484750" lon="7.4602610"/>
   <trkpt lat="46.9484930" lon="7.4602920"/>
   <trkpt lat="46.9485140" lon="7.4603250"/>
   <trkpt lat="46.9485330" lon="7.4603490"/>
   <trkpt lat="46.9485570" lon="7.4603790"/>
   <trkpt lat="46.9485810" lon="7.4604040"/>
   <trkpt lat="46.9486050" lon="7.4604250"/>
   <trkpt lat="46.9486330" lon="7.4604460"/>
   <trkpt lat="46.9486610" lon="7.4604650"/>
   <trkpt lat="46.9486900" lon="7.4604820"/>
   <trkpt lat="46.9487220" lon="7.4604950"/>
   <trkpt lat="46.9487460" lon="7.4604990"/>
   <trkpt lat="46.9487710" lon="7.4605020"/>
   <trkpt lat="46.9487980" lon="7.4605060"/>
   <trkpt lat="46.9488220" lon="7.4605080"/>
   <trkpt lat="46.9488470" lon="7.4605080"/>
   <trkpt lat="46.9488730" lon="7.4605070"/>
   <trkpt lat="46.9489020" lon="7.4605080"/>
   <trkpt lat="46.9489290" lon="7.4605030"/>
   <trkpt lat="46.9489580" lon="7.4604970"/>
   <trkpt lat="46.9489850" lon="7.4604880"/>
   <trkpt lat="46.9490080" lon="7.4604750"/>
   <trkpt lat="46.9490330" lon="7.4604630"/>
   <trkpt lat="46.9490570" lon="7.4604550"/>
   <trkpt lat="46.9490790" lon="7.4604470"/>
   <trkpt lat="46.9491000" lon="7.4604450"/>
   <trkpt lat="46.9491200" lon="7.4604390"/>
   <trkpt lat="46.9491400" lon="7.4604240"/>
   <trkpt lat="46.9491660" lon="7.4604160"/>
   <trkpt lat="46.9491940" lon="7.4604080"/>
   <trkpt lat="46.9492260" lon="7.4604030"/>
   <trkpt lat="46.9492530" lon="7.4603980"/>
   <trkpt lat="46.9492780" lon="7.4603880"/>
   <trkpt lat="46.9492970" lon="7.4603790"/>
   <trkpt lat="46.9493220" lon="7.4603670"/>
   <trkpt lat="46.9493450" lon="7.4603560"/>
   <trkpt lat="46.9493650" lon="7.4603460"/>
   <trkpt lat="46.9493860" lon="7.4603440"/>
   <trkpt lat="46.9494130" lon="7.4603390"/>
   <trkpt lat="46.9494380" lon="7.4603330"/>
   <trkpt lat="46.9494640" lon="7.4603270"/>
   <trkpt lat="46.9494870" lon="7.4603190"/>
   <trkpt lat="46.9495070" lon="7.4603090"/>
   <trkpt lat="46.9495280" lon="7.4603080"/>
   <trkpt lat="46.9495500" lon="7.4603040"/>
   <trkpt lat="46.9495710" lon="7.4602970"/>
   <trkpt lat="46.9495920" lon="7.4602900"/>
   <trkpt lat="46.9496110" lon="7.4602830"/>
   <trkpt lat="46.9496290" lon="7.4602720"/>
   <trkpt lat="46.9496530" lon="7.4602610"/>
   <trkpt lat="46.9496760" lon="7.4602520"/>
   <trkpt lat="46.9496990" lon="7.4602480"/>
   <trkpt lat="46.9497260" lon="7.4602430"/>
   <trkpt lat="46.9497520" lon="7.4602370"/>
   <trkpt lat="46.9497790" lon="7.4602340"/>
   <trkpt lat="46.9498040" lon="7.4602270"/>
   <trkpt lat="46.9498310" lon="7.4602180"/>
   <trkpt lat="46.9498570" lon="7.4602110"/>
   <trkpt lat="46.9498800" lon="7.4602040"/>
   <trkpt lat="46.9499090" lon="7.4601990"/>
   <trkpt lat="46.9499350" lon="7.4601950"/>
   <trkpt lat="46.9499590" lon="7.4601850"/>
   <trkpt lat="46.9499820" lon="7.4601790"/>
   <trkpt lat="46.9500050" lon="7.4601740"/>
   <trkpt lat="46.9500280" lon="7.4601650"/>
   <trkpt lat="46.9500570" lon="7.4601570"/>
   <trkpt lat="46.9500820" lon="7.4601460"/>
   <trkpt lat="46.9501040" lon="7.4601390"/>
   <trkpt lat="46.9501230" lon="7.4601310"/>
   <trkpt lat="46.9501480" lon="7.4601270"/>
   <trkpt lat="46.9501710" lon="7.4601190"/>
   <trkpt lat="46.9501880" lon="7.4601110"/>
   <trkpt lat="46.9502050" lon="7.4601040"/>
   <trkpt lat="46.9502250" lon="7.4600950"/>
   <trkpt lat="46.9502450" lon="7.4600870"/>
   <trkpt lat="46.9502670" lon="7.4600780"/>
   <trkpt lat="46.9502890" lon="7.4600660"/>
   <trkpt lat="46.9503130" lon="7.4600540"/>
   <trkpt lat="46.9503370" lon="7.4600420"/>
   <trkpt lat="46.9503580" lon="7.4600250"/>
   <trkpt lat="46.9503820" lon="7.4600090"/>
   <trkpt lat="46.9504070" lon="7.4599950"/>
   <trkpt lat="46.9504330" lon="7.4599780"/>
   <trkpt lat="46.9504560" lon="7.4599630"/>
   <trkpt lat="46.9504790" lon="7.4599490"/>
   <trkpt lat="46.9505000" lon="7.4599340"/>
   <trkpt lat="46.9505240" lon="7.4599170"/>
   <trkpt lat="46.9505470" lon="7.4599030"/>
   <trkpt lat="46.9505720" lon="7.4598890"/>
   <trkpt lat="46.9505970" lon="7.4598750"/>
   <trkpt lat="46.9506190" lon="7.4598620"/>
   <trkpt lat="46.9506440" lon="7.4598480"/>
   <trkpt lat="46.9506700" lon="7.4598350"/>
   <trkpt lat="46.9506930" lon="7.4598200"/>
   <trkpt lat="46.9507150" lon="7.4598050"/>
   <trkpt lat="46.9507360" lon="7.4597910"/>
   <trkpt lat="46.9507570" lon="7.4597750"/>
   <trkpt lat="46.9507780" lon="7.4597580"/>
   <trkpt lat="46.9508000" lon="7.4597420"/>
   <trkpt lat="46.9508220" lon="7.4597230"/>
   <trkpt lat="46.9508460" lon="7.4597030"/>
   <trkpt lat="46.9508700" lon="7.4596850"/>
   <trkpt lat="46.9508930" lon="7.4596630"/>
   <trkpt lat="46.9509150" lon="7.4596440"/>
   <trkpt lat="46.9509360" lon="7.4596270"/>
   <trkpt lat="46.9509580" lon="7.4596080"/>
   <trkpt lat="46.9509800" lon="7.4595890"/>
   <trkpt lat="46.9510010" lon="7.4595700"/>
   <trkpt lat="46.9510220" lon="7.4595480"/>
   <trkpt lat="46.9510440" lon="7.4595270"/>
   <trkpt lat="46.9510660" lon="7.4595060"/>
   <trkpt lat="46.9510880" lon="7.4594830"/>
   <trkpt lat="46.9511100" lon="7.4594640"/>
   <trkpt lat="46.9511290" lon="7.4594480"/>
   <trkpt lat="46.9511450" lon="7.4594230"/>
   <trkpt lat="46.9511610" lon="7.4594030"/>
   <trkpt lat="46.9511780" lon="7.4593860"/>
   <trkpt lat="46.9511970" lon="7.4593660"/>
   <trkpt lat="46.9512190" lon="7.4593480"/>
   <trkpt lat="46.9512380" lon="7.4593300"/>
   <trkpt lat="46.9512580" lon="7.4593140"/>
   <trkpt lat="46.9512780" lon="7.4593000"/>
   <trkpt lat="46.9512970" lon="7.4592840"/>
   <trkpt lat="46.9513180" lon="7.4592690"/>
   <trkpt lat="46.9513360" lon="7.4592540"/>
   <trkpt lat="46.9513560" lon="7.4592400"/>
   <trkpt lat="46.9513800" lon="7.4592250"/>
   <trkpt lat="46.9514040" lon="7.4592090"/>
   <trkpt lat="46.9514280" lon="7.4591930"/>
   <trkpt lat="46.9514510" lon="7.4591810"/>
   <trkpt lat="46.9514730" lon="7.4591680"/>
   <trkpt lat="46.9514990" lon="7.4591510"/>
   <trkpt lat="46.9515230" lon="7.4591340"/>
   <trkpt lat="46.9515430" lon="7.4591160"/>
   <trkpt lat="46.9515680" lon="7.4590980"/>
   <trkpt lat="46.9515910" lon="7.4590820"/>
   <trkpt lat="46.9516130" lon="7.4590660"/>
   <trkpt lat="46.9516360" lon="7.4590510"/>
   <trkpt lat="46.9516590" lon="7.4590350"/>
   <trkpt lat="46.9516810" lon="7.4590200"/>
   <trkpt lat="46.9517010" lon="7.4590030"/>
   <trkpt lat="46.9517210" lon="7.4589850"/>
   <trkpt lat="46.9517380" lon="7.4589690"/>
   <trkpt lat="46.9517610" lon="7.4589520"/>
   <trkpt lat="46.9517840" lon="7.4589370"/>
   <trkpt lat="46.9518060" lon="7.4589220"/>
   <trkpt lat="46.9518280" lon="7.4589090"/>
   <trkpt lat="46.9518480" lon="7.4588960"/>
   <trkpt lat="46.9518670" lon="7.4588790"/>
   <trkpt lat="46.9518870" lon="7.4588650"/>
   <trkpt lat="46.9519030" lon="7.4588580"/>
   <trkpt lat="46.9519220" lon="7.4588500"/>
   <trkpt lat="46.9519420" lon="7.4588410"/>
   <trkpt lat="46.9519650" lon="7.4588290"/>
   <trkpt lat="46.9519880" lon="7.4588210"/>
   <trkpt lat="46.9520090" lon="7.4588100"/>
   <trkpt lat="46.9520300" lon="7.4588010"/>
   <trkpt lat="46.9520520" lon="7.4587940"/>
   <trkpt lat="46.9520740" lon="7.4587880"/>
   <trkpt lat="46.9520990" lon="7.4587830"/>
   <trkpt lat="46.9521250" lon="7.4587820"/>
   <trkpt lat="46.9521510" lon="7.4587800"/>
   <trkpt lat="46.9521760" lon="7.4587790"/>
   <trkpt lat="46.9522030" lon="7.4587800"/>
   <trkpt lat="46.9522300" lon="7.4587790"/>
   <trkpt lat="46.9522610" lon="7.4587780"/>
   <trkpt lat="46.9522850" lon="7.4587780"/>
   <trkpt lat="46.9523090" lon="7.4587770"/>
   <trkpt lat="46.9523340" lon="7.4587800"/>
   <trkpt lat="46.9523400" lon="7.4587900"/>
   <trkpt lat="46.9523610" lon="7.4587910"/>
   <trkpt lat="46.9523550" lon="7.4587830"/>
   <trkpt lat="46.9523780" lon="7.4587840"/>
   <trkpt lat="46.9524320" lon="7.4587870"/>
   <trkpt lat="46.9524530" lon="7.4587850"/>
   <trkpt lat="46.9524770" lon="7.4587880"/>
   <trkpt lat="46.9525030" lon="7.4587870"/>
   <trkpt lat="46.9525280" lon="7.4587860"/>
   <trkpt lat="46.9525520" lon="7.4587880"/>
   <trkpt lat="46.9525740" lon="7.4587900"/>
   <trkpt lat="46.9525910" lon="7.4587900"/>
   <trkpt lat="46.9526070" lon="7.4587980"/>
   <trkpt lat="46.9526250" lon="7.4588090"/>
   <trkpt lat="46.9526500" lon="7.4588200"/>
   <trkpt lat="46.9526780" lon="7.4588310"/>
   <trkpt lat="46.9527010" lon="7.4588370"/>
   <trkpt lat="46.9527280" lon="7.4588490"/>
   <trkpt lat="46.9527550" lon="7.4588680"/>
   <trkpt lat="46.9527880" lon="7.4588970"/>
   <trkpt lat="46.9528010" lon="7.4589090"/>
   <trkpt lat="46.9528290" lon="7.4589340"/>
   <trkpt lat="46.9528500" lon="7.4589480"/>
   <trkpt lat="46.9528710" lon="7.4589660"/>
   <trkpt lat="46.9529080" lon="7.4589940"/>
   <trkpt lat="46.9529190" lon="7.4590010"/>
   <trkpt lat="46.9529450" lon="7.4590230"/>
   <trkpt lat="46.9529640" lon="7.4590410"/>
   <trkpt lat="46.9529880" lon="7.4590520"/>
   <trkpt lat="46.9530150" lon="7.4590700"/>
   <trkpt lat="46.9530350" lon="7.4590820"/>
   <trkpt lat="46.9530590" lon="7.4590950"/>
   <trkpt lat="46.9530860" lon="7.4591160"/>
   <trkpt lat="46.9531060" lon="7.4591320"/>
   <trkpt lat="46.9531260" lon="7.4591530"/>
   <trkpt lat="46.9531440" lon="7.4591740"/>
   <trkpt lat="46.9531610" lon="7.4591860"/>
   <trkpt lat="46.9531770" lon="7.4592120"/>
   <trkpt lat="46.9531860" lon="7.4592390"/>
   <trkpt lat="46.9531970" lon="7.4592730"/>
   <trkpt lat="46.9531960" lon="7.4593160"/>
   <trkpt lat="46.9531920" lon="7.4593530"/>
   <trkpt lat="46.9531860" lon="7.4593980"/>
   <trkpt lat="46.9531730" lon="7.4594390"/>
   <trkpt lat="46.9531600" lon="7.4594740"/>
   <trkpt lat="46.9531420" lon="7.4595160"/>
   <trkpt lat="46.9531210" lon="7.4595530"/>
   <trkpt lat="46.9531040" lon="7.4595850"/>
   <trkpt lat="46.9530830" lon="7.4596200"/>
   <trkpt lat="46.9530660" lon="7.4596560"/>
   <trkpt lat="46.9530510" lon="7.4596930"/>
   <trkpt lat="46.9530350" lon="7.4597240"/>
   <trkpt lat="46.9530190" lon="7.4597540"/>
   <trkpt lat="46.9530000" lon="7.4597880"/>
   <trkpt lat="46.9529790" lon="7.4598160"/>
   <trkpt lat="46.9529610" lon="7.4598410"/>
   <trkpt lat="46.9529400" lon="7.4598690"/>
   <trkpt lat="46.9529200" lon="7.4599000"/>
   <trkpt lat="46.9529010" lon="7.4599290"/>
   <trkpt lat="46.9528810" lon="7.4599630"/>
   <trkpt lat="46.9528630" lon="7.4599970"/>
   <trkpt lat="46.9528410" lon="7.4600330"/>
   <trkpt lat="46.9528220" lon="7.4600670"/>
   <trkpt lat="46.9528040" lon="7.4601030"/>
   <trkpt lat="46.9527830" lon="7.4601380"/>
   <trkpt lat="46.9527680" lon="7.4601700"/>
   <trkpt lat="46.9527510" lon="7.4602040"/>
   <trkpt lat="46.9527330" lon="7.4602320"/>
   <trkpt lat="46.9527160" lon="7.4602670"/>
   <trkpt lat="46.9526980" lon="7.4603050"/>
   <trkpt lat="46.9526800" lon="7.4603340"/>
   <trkpt lat="46.9526620" lon="7.4603660"/>
   <trkpt lat="46.9526420" lon="7.4603950"/>
   <trkpt lat="46.9526260" lon="7.4604260"/>
   <trkpt lat="46.9526060" lon="7.4604620"/>
   <trkpt lat="46.9525870" lon="7.4604960"/>
   <trkpt lat="46.9525680" lon="7.4605290"/>
   <trkpt lat="46.9525490" lon="7.4605630"/>
   <trkpt lat="46.9525330" lon="7.4605940"/>
   <trkpt lat="46.9525130" lon="7.4606310"/>
   <trkpt lat="46.9524930" lon="7.4606630"/>
   <trkpt lat="46.9524740" lon="7.4606930"/>
   <trkpt lat="46.9524540" lon="7.4607220"/>
   <trkpt lat="46.9524390" lon="7.4607530"/>
   <trkpt lat="46.9524210" lon="7.4607860"/>
   <trkpt lat="46.9524030" lon="7.4608140"/>
   <trkpt lat="46.9523850" lon="7.4608430"/>
   <trkpt lat="46.9523600" lon="7.4608770"/>
   <trkpt lat="46.9523410" lon="7.4609060"/>
   <trkpt lat="46.9523210" lon="7.4609380"/>
   <trkpt lat="46.9522990" lon="7.4609700"/>
   <trkpt lat="46.9522820" lon="7.4610020"/>
   <trkpt lat="46.9522630" lon="7.4610360"/>
   <trkpt lat="46.9522460" lon="7.4610680"/>
   <trkpt lat="46.9522270" lon="7.4611010"/>
   <trkpt lat="46.9522100" lon="7.4611340"/>
   <trkpt lat="46.9521960" lon="7.4611630"/>
   <trkpt lat="46.9521740" lon="7.4611970"/>
   <trkpt lat="46.9521560" lon="7.4612210"/>
   <trkpt lat="46.9521380" lon="7.4612460"/>
   <trkpt lat="46.9521160" lon="7.4612780"/>
   <trkpt lat="46.9520990" lon="7.4613070"/>
   <trkpt lat="46.9520820" lon="7.4613390"/>
   <trkpt lat="46.9520670" lon="7.4613680"/>
   <trkpt lat="46.9520490" lon="7.4613990"/>
   <trkpt lat="46.9520280" lon="7.4614290"/>
   <trkpt lat="46.9520090" lon="7.4614570"/>
   <trkpt lat="46.9519890" lon="7.4614870"/>
   <trkpt lat="46.9519690" lon="7.4615110"/>
   <trkpt lat="46.9519550" lon="7.4615370"/>
   <trkpt lat="46.9519450" lon="7.4615720"/>
   <trkpt lat="46.9519380" lon="7.4616120"/>
   <trkpt lat="46.9519390" lon="7.4616550"/>
   <trkpt lat="46.9519530" lon="7.4617030"/>
   <trkpt lat="46.9519700" lon="7.4617350"/>
   <trkpt lat="46.9519900" lon="7.4617720"/>
   <trkpt lat="46.9520110" lon="7.4618050"/>
   <trkpt lat="46.9520310" lon="7.4618420"/>
   <trkpt lat="46.9520480" lon="7.4618810"/>
   <trkpt lat="46.9520660" lon="7.4619130"/>
   <trkpt lat="46.9520800" lon="7.4619480"/>
   <trkpt lat="46.9520950" lon="7.4619850"/>
   <trkpt lat="46.9521140" lon="7.4620170"/>
   <trkpt lat="46.9521330" lon="7.4620580"/>
   <trkpt lat="46.9521520" lon="7.4620920"/>
   <trkpt lat="46.9521710" lon="7.4621250"/>
   <trkpt lat="46.9521860" lon="7.4621600"/>
   <trkpt lat="46.9522050" lon="7.4621970"/>
   <trkpt lat="46.9522250" lon="7.4622390"/>
   <trkpt lat="46.9522410" lon="7.4622750"/>
   <trkpt lat="46.9522610" lon="7.4623100"/>
   <trkpt lat="46.9522790" lon="7.4623450"/>
   <trkpt lat="46.9522960" lon="7.4623770"/>
   <trkpt lat="46.9523160" lon="7.4624180"/>
   <trkpt lat="46.9523370" lon="7.4624540"/>
   <trkpt lat="46.9523590" lon="7.4624930"/>
   <trkpt lat="46.9523760" lon="7.4625300"/>
   <trkpt lat="46.9523970" lon="7.4625650"/>
   <trkpt lat="46.9524150" lon="7.4626040"/>
   <trkpt lat="46.9524310" lon="7.4626370"/>
   <trkpt lat="46.9524510" lon="7.4626710"/>
   <trkpt lat="46.9524670" lon="7.4627090"/>
   <trkpt lat="46.9524820" lon="7.4627430"/>
   <trkpt lat="46.9524980" lon="7.4627790"/>
   <trkpt lat="46.9525150" lon="7.4628140"/>
   <trkpt lat="46.9525300" lon="7.4628540"/>
   <trkpt lat="46.9525470" lon="7.4628970"/>
   <trkpt lat="46.9525650" lon="7.4629340"/>
   <trkpt lat="46.9525840" lon="7.4629790"/>
   <trkpt lat="46.9526030" lon="7.4630180"/>
   <trkpt lat="46.9526280" lon="7.4630570"/>
   <trkpt lat="46.9526490" lon="7.4630950"/>
   <trkpt lat="46.9526720" lon="7.4631300"/>
   <trkpt lat="46.9526920" lon="7.4631660"/>
   <trkpt lat="46.9527160" lon="7.4631980"/>
   <trkpt lat="46.9527370" lon="7.4632320"/>
   <trkpt lat="46.9527620" lon="7.4632660"/>
   <trkpt lat="46.9527860" lon="7.4632960"/>
   <trkpt lat="46.9528080" lon="7.4633310"/>
   <trkpt lat="46.9528270" lon="7.4633630"/>
   <trkpt lat="46.9528520" lon="7.4633960"/>
   <trkpt lat="46.9528770" lon="7.4634270"/>
   <trkpt lat="46.9528980" lon="7.4634510"/>
   <trkpt lat="46.9529190" lon="7.4634840"/>
   <trkpt lat="46.9529370" lon="7.4635160"/>
   <trkpt lat="46.9529550" lon="7.4635430"/>
   <trkpt lat="46.9529770" lon="7.4635770"/>
   <trkpt lat="46.9530000" lon="7.4636050"/>
   <trkpt lat="46.9530270" lon="7.4636390"/>
   <trkpt lat="46.9530560" lon="7.4636750"/>
   <trkpt lat="46.9530790" lon="7.4637040"/>
   <trkpt lat="46.9531040" lon="7.4637420"/>
   <trkpt lat="46.9531300" lon="7.4637760"/>
   <trkpt lat="46.9531590" lon="7.4638120"/>
   <trkpt lat="46.9531860" lon="7.4638500"/>
   <trkpt lat="46.9532130" lon="7.4638790"/>
   <trkpt lat="46.9532390" lon="7.4639080"/>
   <trkpt lat="46.9532620" lon="7.4639350"/>
   <trkpt lat="46.9532870" lon="7.4639670"/>
   <trkpt lat="46.9533100" lon="7.4640000"/>
   <trkpt lat="46.9533350" lon="7.4640290"/>
   <trkpt lat="46.9533570" lon="7.4640610"/>
   <trkpt lat="46.9533800" lon="7.4640910"/>
   <trkpt lat="46.9534040" lon="7.4641180"/>
   <trkpt lat="46.9534290" lon="7.4641510"/>
   <trkpt lat="46.9534530" lon="7.4641780"/>
   <trkpt lat="46.9534810" lon="7.4642130"/>
   <trkpt lat="46.9535000" lon="7.4642410"/>
   <trkpt lat="46.9535210" lon="7.4642700"/>
   <trkpt lat="46.9535490" lon="7.4643050"/>
   <trkpt lat="46.9535700" lon="7.4643270"/>
   <trkpt lat="46.9535930" lon="7.4643560"/>
   <trkpt lat="46.9536190" lon="7.4643890"/>
   <trkpt lat="46.9536430" lon="7.4644190"/>
   <trkpt lat="46.9536660" lon="7.4644540"/>
   <trkpt lat="46.9536860" lon="7.4644820"/>
   <trkpt lat="46.9537110" lon="7.4645140"/>
   <trkpt lat="46.9537340" lon="7.4645470"/>
   <trkpt lat="46.9537570" lon="7.4645740"/>
   <trkpt lat="46.9537830" lon="7.4646040"/>
   <trkpt lat="46.9538070" lon="7.4646270"/>
   <trkpt lat="46.9538360" lon="7.4646540"/>
   <trkpt lat="46.9538630" lon="7.4646870"/>
   <trkpt lat="46.9538890" lon="7.4647110"/>
   <trkpt lat="46.9539150" lon="7.4647450"/>
   <trkpt lat="46.9539430" lon="7.4647760"/>
   <trkpt lat="46.9539700" lon="7.4648060"/>
   <trkpt lat="46.9539950" lon="7.4648350"/>
   <trkpt lat="46.9540200" lon="7.4648570"/>
   <trkpt lat="46.9540480" lon="7.4648850"/>
   <trkpt lat="46.9540720" lon="7.4649090"/>
   <trkpt lat="46.9540690" lon="7.4649110"/>
   <trkpt lat="46.9540950" lon="7.4649380"/>
   <trkpt lat="46.9541020" lon="7.4649340"/>
   <trkpt lat="46.9541300" lon="7.4649620"/>
   <trkpt lat="46.9541560" lon="7.4649820"/>
   <trkpt lat="46.9541870" lon="7.4650120"/>
   <trkpt lat="46.9542150" lon="7.4650380"/>
   <trkpt lat="46.9542460" lon="7.4650650"/>
   <trkpt lat="46.9542710" lon="7.4650910"/>
   <trkpt lat="46.9543140" lon="7.4651350"/>
   <trkpt lat="46.9543290" lon="7.4651510"/>
   <trkpt lat="46.9543550" lon="7.4651770"/>
   <trkpt lat="46.9543800" lon="7.4652070"/>
   <trkpt lat="46.9544050" lon="7.4652340"/>
   <trkpt lat="46.9544310" lon="7.4652660"/>
   <trkpt lat="46.9544610" lon="7.4653050"/>
   <trkpt lat="46.9544850" lon="7.4653350"/>
   <trkpt lat="46.9545140" lon="7.4653690"/>
   <trkpt lat="46.9545400" lon="7.4654000"/>
   <trkpt lat="46.9545660" lon="7.4654260"/>
   <trkpt lat="46.9545940" lon="7.4654570"/>
   <trkpt lat="46.9546210" lon="7.4654800"/>
   <trkpt lat="46.9546450" lon="7.4655080"/>
   <trkpt lat="46.9546730" lon="7.4655380"/>
   <trkpt lat="46.9547020" lon="7.4655650"/>
   <trkpt lat="46.9547360" lon="7.4656010"/>
   <trkpt lat="46.9547670" lon="7.4656300"/>
   <trkpt lat="46.9547960" lon="7.4656600"/>
   <trkpt lat="46.9548220" lon="7.4656930"/>
   <trkpt lat="46.9548440" lon="7.4657200"/>
   <trkpt lat="46.9548690" lon="7.4657460"/>
   <trkpt lat="46.9548930" lon="7.4657740"/>
   <trkpt lat="46.9549180" lon="7.4657960"/>
   <trkpt lat="46.9549470" lon="7.4658270"/>
   <trkpt lat="46.9549700" lon="7.4658530"/>
   <trkpt lat="46.9549950" lon="7.4658820"/>
   <trkpt lat="46.9550210" lon="7.4659120"/>
   <trkpt lat="46.9550490" lon="7.4659380"/>
   <trkpt lat="46.9550830" lon="7.4659750"/>
   <trkpt lat="46.9551080" lon="7.4660040"/>
   <trkpt lat="46.9551340" lon="7.4660360"/>
   <trkpt lat="46.9551570" lon="7.4660620"/>
   <trkpt lat="46.9551880" lon="7.4660880"/>
   <trkpt lat="46.9552190" lon="7.4661200"/>
   <trkpt lat="46.9552470" lon="7.4661480"/>
   <trkpt lat="46.9552790" lon="7.4661840"/>
   <trkpt lat="46.9553090" lon="7.4662140"/>
   <trkpt lat="46.9553380" lon="7.4662450"/>
   <trkpt lat="46.9553680" lon="7.4662820"/>
   <trkpt lat="46.9553960" lon="7.4663140"/>
   <trkpt lat="46.9554260" lon="7.4663490"/>
   <trkpt lat="46.9554480" lon="7.4663800"/>
   <trkpt lat="46.9554730" lon="7.4664120"/>
   <trkpt lat="46.9554950" lon="7.4664420"/>
   <trkpt lat="46.9555230" lon="7.4664780"/>
   <trkpt lat="46.9555460" lon="7.4665150"/>
   <trkpt lat="46.9555730" lon="7.4665530"/>
   <trkpt lat="46.9555950" lon="7.4665920"/>
   <trkpt lat="46.9556160" lon="7.4666260"/>
   <trkpt lat="46.9556390" lon="7.4666530"/>
   <trkpt lat="46.9556620" lon="7.4666890"/>
   <trkpt lat="46.9556860" lon="7.4667170"/>
   <trkpt lat="46.9557110" lon="7.4667530"/>
   <trkpt lat="46.9557350" lon="7.4667910"/>
   <trkpt lat="46.9557620" lon="7.4668210"/>
   <trkpt lat="46.9557880" lon="7.4668560"/>
   <trkpt lat="46.9558110" lon="7.4668820"/>
   <trkpt lat="46.9558320" lon="7.4669190"/>
   <trkpt lat="46.9558510" lon="7.4669500"/>
   <trkpt lat="46.9558700" lon="7.4669850"/>
   <trkpt lat="46.9558920" lon="7.4670220"/>
   <trkpt lat="46.9559180" lon="7.4670540"/>
   <trkpt lat="46.9559400" lon="7.4670930"/>
   <trkpt lat="46.9559630" lon="7.4671230"/>
   <trkpt lat="46.9559880" lon="7.4671540"/>
   <trkpt lat="46.9560150" lon="7.4671880"/>
   <trkpt lat="46.9560390" lon="7.4672220"/>
   <trkpt lat="46.9560640" lon="7.4672600"/>
   <trkpt lat="46.9560820" lon="7.4672850"/>
   <trkpt lat="46.9561070" lon="7.4673200"/>
   <trkpt lat="46.9561300" lon="7.4673590"/>
   <trkpt lat="46.9561550" lon="7.4673940"/>
   <trkpt lat="46.9561820" lon="7.4674380"/>
   <trkpt lat="46.9562050" lon="7.4674710"/>
   <trkpt lat="46.9562350" lon="7.4675070"/>
   <trkpt lat="46.9562640" lon="7.4675300"/>
   <trkpt lat="46.9563000" lon="7.4675440"/>
   <trkpt lat="46.9563390" lon="7.4675490"/>
   <trkpt lat="46.9563780" lon="7.4675480"/>
   <trkpt lat="46.9564200" lon="7.4675390"/>
   <trkpt lat="46.9564600" lon="7.4675220"/>
   <trkpt lat="46.9565010" lon="7.4675000"/>
   <trkpt lat="46.9565330" lon="7.4674800"/>
   <trkpt lat="46.9565670" lon="7.4674580"/>
   <trkpt lat="46.9565990" lon="7.4674390"/>
   <trkpt lat="46.9566330" lon="7.4674110"/>
   <trkpt lat="46.9566650" lon="7.4673830"/>
   <trkpt lat="46.9567000" lon="7.4673500"/>
   <trkpt lat="46.9567340" lon="7.4673230"/>
   <trkpt lat="46.9567680" lon="7.4672940"/>
   <trkpt lat="46.9567940" lon="7.4672680"/>
   <trkpt lat="46.9568250" lon="7.4672420"/>
   <trkpt lat="46.9568570" lon="7.4672210"/>
   <trkpt lat="46.9568900" lon="7.4671940"/>
   <trkpt lat="46.9569250" lon="7.4671660"/>
   <trkpt lat="46.9569570" lon="7.4671340"/>
   <trkpt lat="46.9569940" lon="7.4671010"/>
   <trkpt lat="46.9570300" lon="7.4670640"/>
   <trkpt lat="46.9570670" lon="7.4670280"/>
   <trkpt lat="46.9571000" lon="7.4669940"/>
   <trkpt lat="46.9571320" lon="7.4669590"/>
   <trkpt lat="46.9571600" lon="7.4669220"/>
   <trkpt lat="46.9571910" lon="7.4668890"/>
   <trkpt lat="46.9572170" lon="7.4668550"/>
   <trkpt lat="46.9572460" lon="7.4668190"/>
   <trkpt lat="46.9572740" lon="7.4667850"/>
   <trkpt lat="46.9573030" lon="7.4667530"/>
  </trkseg>
 </trk>
</gpx>
